txn_id,txn_ts,student_id,item_id,item_name,category,qty,unit_price,discount_pct,payment_method
T0000001,2025-07-01 19:34:14,S1238,I01,Veg Puff,Snacks,1,25.79,0,Cash
T0000002,2025-07-01 13:39:12,S1293,I04,Cold Coffee,Beverages,1,60.03,0,UPI
T0000003,2025-07-01 09:20:50,S1241,I02,Samosa,Snacks,2,15.0,15,Cash
T0000004,2025-07-01 09:29:11,S1289,I03,Masala Sandwich,Sandwiches,1,44.16,0,Cash
T0000005,2025-07-01 18:21:19,S1389,I06,Poha,Breakfast,1,29.92,0,Cash
T0000005,2025-07-01 18:21:19,S1129,I02,Samosa,Snacks,1,14.93,15,Cash
T0000006,2025-07-01 09:08:11,S1273,I06,Poha,Breakfast,1,29.37,0,UPI
T0000006,2025-07-01 09:08:11,S1268,I04,Cold Coffee,Beverages,2,60.03,10,Card
T0000007,2025-07-01 17:38:04,S1128,I04,Cold Coffee,Beverages,1,59.8,0,Card
T0000007,2025-07-01 17:38:04,S1077,I02,Samosa,Snacks,4,15.48,0,UPI
T0000008,2025-07-01 12:16:15,S1269,I02,Samosa,Snacks,1,14.53,0,Card
T0000009,2025-07-01 14:24:59,S1115,I06,Poha,Breakfast,1,30.25,0,Cash
T0000009,2025-07-01 14:24:59,S1267,I04,Cold Coffee,Beverages,1,59.85,0,Card
T0000010,2025-07-01 09:01:43,S1398,I01,Veg Puff,Snacks,1,24.5,0,UPI
T0000011,2025-07-01 09:54:49,S1322,I01,Veg Puff,Snacks,1,25.76,0,UPI
T0000011,2025-07-01 09:54:49,S1012,I02,Samosa,Snacks,1,14.13,5,Card
T0000012,2025-07-01 08:01:06,S1296,I02,Samosa,Snacks,1,16.32,0,UPI
T0000013,2025-07-01 12:23:44,S1008,I02,Samosa,Snacks,1,14.49,0,Card
T0000014,2025-07-01 12:40:51,S1277,I02,Samosa,Snacks,2,15.36,0,Cash
T0000015,2025-07-01 12:08:20,S1378,I01,Veg Puff,Snacks,1,24.06,0,Cash
T0000015,2025-07-01 12:08:20,S1082,I06,Poha,Breakfast,1,30.26,0,UPI
T0000016,2025-07-01 19:49:59,S1066,I04,Cold Coffee,Beverages,2,60.08,0,Card
T0000016,2025-07-01 19:49:59,S1132,I02,Samosa,Snacks,1,14.01,5,Card
T0000017,2025-07-01 14:26:48,S1005,I04,Cold Coffee,Beverages,3,60.72,0,Cash
T0000018,2025-07-01 14:25:12,S1225,I04,Cold Coffee,Beverages,1,58.86,0,UPI
T0000019,2025-07-01 19:32:31,S1114,I05,Cutting Chai,Beverages,1,9.88,0,UPI
T0000019,2025-07-01 19:32:31,S1352,I01,Veg Puff,Snacks,1,24.31,0,UPI
T0000020,2025-07-01 09:50:45,S1280,I04,Cold Coffee,Beverages,4,59.72,0,Card
T0000020,2025-07-01 09:50:45,S1246,I01,Veg Puff,Snacks,2,24.69,0,UPI
T0000021,2025-07-01 09:57:26,S1008,I05,Cutting Chai,Beverages,3,10.75,0,Card
T0000021,2025-07-01 09:57:26,S1325,I01,Veg Puff,Snacks,2,24.51,0,UPI
T0000022,2025-07-01 13:16:53,S1372,I03,Masala Sandwich,Sandwiches,2,44.55,0,Cash
T0000023,2025-07-01 08:59:25,S1338,I05,Cutting Chai,Beverages,2,9.72,0,Cash
T0000023,2025-07-01 08:59:25,S1211,I03,Masala Sandwich,Sandwiches,3,44.24,0,UPI
T0000024,2025-07-01 08:16:38,S1265,I02,Samosa,Snacks,1,14.95,0,Cash
T0000025,2025-07-01 13:23:04,S1077,I06,Poha,Breakfast,1,29.23,0,Cash
T0000026,2025-07-01 14:46:55,S1367,I04,Cold Coffee,Beverages,2,59.39,0,Cash
T0000027,2025-07-01 18:13:38,S1077,I05,Cutting Chai,Beverages,2,9.87,0,Cash
T0000028,2025-07-01 12:07:27,S1141,I01,Veg Puff,Snacks,1,24.88,0,UPI
T0000029,2025-07-01 12:40:09,S1386,I02,Samosa,Snacks,3,15.55,0,UPI
T0000029,2025-07-01 12:40:09,S1307,I06,Poha,Breakfast,5,30.49,0,Cash
T0000030,2025-07-01 14:22:30,S1302,I03,Masala Sandwich,Sandwiches,3,44.91,15,UPI
T0000031,2025-07-01 08:18:58,S1022,I01,Veg Puff,Snacks,3,25.05,0,Cash
T0000031,2025-07-01 08:18:58,S1378,I03,Masala Sandwich,Sandwiches,1,44.49,0,Card
T0000032,2025-07-01 08:07:18,S1399,I05,Cutting Chai,Beverages,1,10.05,0,Cash
T0000033,2025-07-01 09:45:49,S1196,I04,Cold Coffee,Beverages,2,59.97,0,Cash
T0000034,2025-07-01 13:43:10,S1184,I05,Cutting Chai,Beverages,2,9.37,0,UPI
T0000035,2025-07-01 08:26:22,S1380,I02,Samosa,Snacks,1,14.46,0,Card
T0000036,2025-07-01 13:12:21,S1022,I06,Poha,Breakfast,1,29.32,0,UPI
T0000036,2025-07-01 13:12:21,S1286,I04,Cold Coffee,Beverages,3,59.44,0,Card
T0000037,2025-07-01 08:15:17,S1316,I05,Cutting Chai,Beverages,2,9.06,5,UPI
T0000038,2025-07-01 17:14:57,S1376,I04,Cold Coffee,Beverages,4,59.36,0,Card
T0000039,2025-07-01 09:32:37,S1378,I03,Masala Sandwich,Sandwiches,1,45.85,0,UPI
T0000039,2025-07-01 09:32:37,S1383,I01,Veg Puff,Snacks,2,25.89,0,Cash
T0000040,2025-07-01 09:42:02,S1336,I05,Cutting Chai,Beverages,1,8.34,0,UPI
T0000041,2025-07-01 17:28:26,S1026,I06,Poha,Breakfast,1,31.02,0,UPI
T0000042,2025-07-01 13:28:52,S1216,I03,Masala Sandwich,Sandwiches,1,44.56,0,Cash
T0000043,2025-07-01 18:56:07,S1099,I02,Samosa,Snacks,1,15.56,0,UPI
T0000044,2025-07-01 13:25:45,S1061,I02,Samosa,Snacks,1,14.65,15,Cash
T0000045,2025-07-01 12:36:47,S1043,I06,Poha,Breakfast,1,30.28,0,UPI
T0000046,2025-07-01 09:06:42,S1014,I01,Veg Puff,Snacks,1,25.0,0,Cash
T0000047,2025-07-01 14:27:50,S1020,I03,Masala Sandwich,Sandwiches,1,44.07,0,Card
T0000047,2025-07-01 14:27:50,S1013,I06,Poha,Breakfast,1,30.94,0,Card
T0000048,2025-07-01 13:24:44,S1274,I01,Veg Puff,Snacks,1,25.78,15,Card
T0000048,2025-07-01 13:24:44,S1048,I02,Samosa,Snacks,1,15.28,0,Cash
T0000049,2025-07-01 19:41:22,S1023,I02,Samosa,Snacks,1,14.42,0,Card
T0000050,2025-07-01 13:39:02,S1320,I06,Poha,Breakfast,1,29.69,10,Cash
T0000051,2025-07-01 12:04:33,S1366,I06,Poha,Breakfast,1,29.48,0,Cash
T0000052,2025-07-01 08:57:47,S1293,I01,Veg Puff,Snacks,3,23.91,15,Card
T0000053,2025-07-01 13:44:12,S1129,I04,Cold Coffee,Beverages,2,60.98,5,UPI
T0000054,2025-07-01 08:57:39,S1349,I06,Poha,Breakfast,1,30.2,5,Card
T0000055,2025-07-01 08:12:06,S1108,I05,Cutting Chai,Beverages,1,10.08,0,Card
T0000056,2025-07-01 19:01:06,S1209,I02,Samosa,Snacks,3,15.36,10,Card
T0000057,2025-07-01 13:41:48,S1290,I02,Samosa,Snacks,1,15.18,0,UPI
T0000057,2025-07-01 13:41:48,S1378,I05,Cutting Chai,Beverages,2,9.87,0,Cash
T0000058,2025-07-01 18:52:52,S1281,I06,Poha,Breakfast,3,30.38,0,Card
T0000059,2025-07-01 13:30:06,S1028,I04,Cold Coffee,Beverages,1,59.28,0,UPI
T0000060,2025-07-01 14:43:52,S1394,I04,Cold Coffee,Beverages,1,61.05,0,Cash
T0000061,2025-07-01 13:32:15,S1393,I01,Veg Puff,Snacks,1,24.7,15,UPI
T0000062,2025-07-01 13:52:30,S1093,I06,Poha,Breakfast,3,30.45,0,Cash
T0000063,2025-07-01 09:45:43,S1132,I04,Cold Coffee,Beverages,1,59.68,0,UPI
T0000064,2025-07-01 13:49:04,S1305,I03,Masala Sandwich,Sandwiches,5,43.86,0,UPI
T0000065,2025-07-01 09:03:37,S1227,I04,Cold Coffee,Beverages,1,59.81,0,UPI
T0000066,2025-07-01 12:55:00,S1201,I05,Cutting Chai,Beverages,2,9.4,0,Cash
T0000067,2025-07-01 08:56:27,S1228,I02,Samosa,Snacks,2,14.59,0,Card
T0000067,2025-07-01 08:56:27,S1013,I05,Cutting Chai,Beverages,1,8.99,25,Card
T0000068,2025-07-01 19:19:12,S1362,I04,Cold Coffee,Beverages,1,59.08,0,Cash
T0000069,2025-07-01 08:10:32,S1051,I02,Samosa,Snacks,1,16.17,0,Card
T0000070,2025-07-01 13:49:15,S1299,I03,Masala Sandwich,Sandwiches,1,46.29,0,UPI
T0000070,2025-07-01 13:49:15,S1371,I05,Cutting Chai,Beverages,1,10.33,0,Card
T0000071,2025-07-01 08:37:56,S1098,I06,Poha,Breakfast,1,29.01,15,UPI
T0000071,2025-07-01 08:37:56,S1228,I01,Veg Puff,Snacks,1,24.98,0,Cash
T0000072,2025-07-01 19:34:26,S1320,I01,Veg Puff,Snacks,1,25.8,0,UPI
T0000073,2025-07-01 14:17:18,S1086,I06,Poha,Breakfast,2,29.21,0,UPI
T0000074,2025-07-01 08:51:35,S1282,I01,Veg Puff,Snacks,2,26.08,0,UPI
T0000075,2025-07-01 17:52:27,S1186,I06,Poha,Breakfast,1,30.16,25,Card
T0000075,2025-07-01 17:52:27,S1334,I01,Veg Puff,Snacks,2,24.8,0,Card
T0000076,2025-07-01 17:27:24,S1154,I06,Poha,Breakfast,1,28.96,0,UPI
T0000077,2025-07-01 18:24:17,S1027,I04,Cold Coffee,Beverages,3,61.18,0,UPI
T0000077,2025-07-01 18:24:17,S1340,I02,Samosa,Snacks,1,15.67,10,Card
T0000078,2025-07-01 14:17:18,S1194,I02,Samosa,Snacks,1,16.11,0,UPI
T0000079,2025-07-01 09:36:54,S1188,I02,Samosa,Snacks,1,14.19,0,Card
T0000079,2025-07-01 09:36:54,S1291,I01,Veg Puff,Snacks,2,24.48,10,UPI
T0000080,2025-07-01 08:17:49,S1194,I05,Cutting Chai,Beverages,1,9.67,0,Card
T0000080,2025-07-01 08:17:49,S1204,I06,Poha,Breakfast,5,29.67,0,UPI
T0000081,2025-07-01 19:59:12,S1310,I04,Cold Coffee,Beverages,3,60.08,5,UPI
T0000082,2025-07-01 14:15:00,S1361,I04,Cold Coffee,Beverages,1,59.87,15,Cash
T0000082,2025-07-01 14:15:00,S1131,I01,Veg Puff,Snacks,2,24.48,0,UPI
T0000083,2025-07-01 09:03:53,S1104,I06,Poha,Breakfast,4,29.78,0,Card
T0000084,2025-07-01 18:46:06,S1217,I02,Samosa,Snacks,3,13.96,0,Card
T0000085,2025-07-01 12:29:54,S1291,I02,Samosa,Snacks,1,14.67,0,Cash
T0000086,2025-07-01 12:54:52,S1349,I03,Masala Sandwich,Sandwiches,2,45.37,0,Cash
T0000087,2025-07-01 13:52:40,S1136,I06,Poha,Breakfast,1,29.75,0,UPI
T0000087,2025-07-01 13:52:40,S1344,I02,Samosa,Snacks,1,15.31,0,Card
T0000088,2025-07-01 13:13:48,S1355,I05,Cutting Chai,Beverages,1,10.76,0,Cash
T0000089,2025-07-01 08:03:03,S1257,I05,Cutting Chai,Beverages,1,9.8,0,Card
T0000090,2025-07-01 08:40:57,S1322,I03,Masala Sandwich,Sandwiches,3,44.29,0,Cash
T0000091,2025-07-01 17:04:55,S1326,I06,Poha,Breakfast,1,31.67,5,UPI
T0000091,2025-07-01 17:04:55,S1273,I04,Cold Coffee,Beverages,1,60.29,0,Card
T0000092,2025-07-01 13:39:08,S1275,I03,Masala Sandwich,Sandwiches,2,45.02,0,UPI
T0000093,2025-07-01 13:14:52,S1172,I04,Cold Coffee,Beverages,3,60.8,10,Card
T0000093,2025-07-01 13:14:52,S1200,I05,Cutting Chai,Beverages,2,10.02,0,Cash
T0000094,2025-07-01 09:44:46,S1210,I02,Samosa,Snacks,1,14.54,0,Cash
T0000095,2025-07-01 12:38:32,S1245,I01,Veg Puff,Snacks,2,26.53,0,Card
T0000095,2025-07-01 12:38:32,S1280,I05,Cutting Chai,Beverages,2,10.2,0,Cash
T0000096,2025-07-01 08:13:08,S1344,I04,Cold Coffee,Beverages,1,59.87,0,Cash
T0000097,2025-07-01 13:26:34,S1021,I03,Masala Sandwich,Sandwiches,1,45.14,0,Card
T0000098,2025-07-01 08:08:01,S1274,I05,Cutting Chai,Beverages,1,9.3,0,Card
T0000098,2025-07-01 08:08:01,S1040,I04,Cold Coffee,Beverages,1,60.56,15,Card
T0000099,2025-07-01 08:53:20,S1259,I06,Poha,Breakfast,1,29.28,0,UPI
T0000100,2025-07-01 17:51:32,S1273,I02,Samosa,Snacks,1,15.62,0,UPI
T0000101,2025-07-01 14:37:14,S1216,I03,Masala Sandwich,Sandwiches,1,45.16,0,UPI
T0000101,2025-07-01 14:37:14,S1151,I05,Cutting Chai,Beverages,1,10.16,0,UPI
T0000102,2025-07-01 14:07:10,S1158,I05,Cutting Chai,Beverages,2,9.77,0,Card
T0000103,2025-07-01 12:24:20,S1191,I06,Poha,Breakfast,2,30.21,10,Cash
T0000104,2025-07-01 19:37:38,S1135,I06,Poha,Breakfast,2,30.08,0,Card
T0000105,2025-07-01 08:11:51,S1249,I06,Poha,Breakfast,1,31.33,15,UPI
T0000106,2025-07-01 12:29:24,S1332,I03,Masala Sandwich,Sandwiches,1,44.61,0,Cash
T0000107,2025-07-01 13:53:16,S1237,I06,Poha,Breakfast,2,30.41,0,UPI
T0000108,2025-07-01 12:59:47,S1268,I05,Cutting Chai,Beverages,1,10.12,0,Cash
T0000108,2025-07-01 12:59:47,S1231,I03,Masala Sandwich,Sandwiches,1,44.34,0,Card
T0000109,2025-07-01 14:02:40,S1397,I01,Veg Puff,Snacks,1,25.52,0,Card
T0000110,2025-07-01 13:00:00,S1206,I01,Veg Puff,Snacks,2,24.34,0,UPI
T0000111,2025-07-01 19:36:12,S1166,I03,Masala Sandwich,Sandwiches,1,44.43,0,Cash
T0000112,2025-07-01 08:09:37,S1218,I05,Cutting Chai,Beverages,3,10.01,0,UPI
T0000113,2025-07-01 17:52:09,S1324,I02,Samosa,Snacks,1,13.98,0,UPI
T0000113,2025-07-01 17:52:09,S1232,I06,Poha,Breakfast,1,29.8,0,UPI
T0000114,2025-07-01 08:03:32,S1266,I02,Samosa,Snacks,1,14.46,0,Cash
T0000115,2025-07-01 13:05:56,S1205,I05,Cutting Chai,Beverages,2,9.31,0,Card
T0000116,2025-07-01 17:34:02,S1149,I02,Samosa,Snacks,2,15.21,5,UPI
T0000117,2025-07-01 08:56:50,S1176,I02,Samosa,Snacks,1,16.32,0,UPI
T0000118,2025-07-01 12:01:41,S1175,I02,Samosa,Snacks,1,15.63,15,Cash
T0000119,2025-07-01 17:50:59,S1311,I04,Cold Coffee,Beverages,1,59.88,0,UPI
T0000120,2025-07-01 08:28:52,S1371,I01,Veg Puff,Snacks,1,24.42,0,UPI
T0000121,2025-07-01 14:43:27,S1322,I03,Masala Sandwich,Sandwiches,1,44.53,0,Cash
T0000122,2025-07-01 13:07:06,S1355,I04,Cold Coffee,Beverages,1,59.07,0,Cash
T0000123,2025-07-01 13:49:25,S1054,I04,Cold Coffee,Beverages,1,59.1,0,Card
T0000124,2025-07-01 13:16:56,S1111,I06,Poha,Breakfast,1,30.52,0,Cash
T0000125,2025-07-01 09:52:49,S1046,I02,Samosa,Snacks,1,15.4,5,Cash
T0000126,2025-07-01 08:12:32,S1346,I01,Veg Puff,Snacks,2,25.02,0,UPI
T0000127,2025-07-01 14:55:07,S1191,I04,Cold Coffee,Beverages,2,60.06,0,UPI
T0000128,2025-07-01 09:18:06,S1255,I06,Poha,Breakfast,1,29.33,0,Card
T0000129,2025-07-01 08:58:12,S1283,I01,Veg Puff,Snacks,1,25.88,0,Card
T0000130,2025-07-01 18:33:12,S1212,I05,Cutting Chai,Beverages,1,10.47,0,UPI
T0000131,2025-07-01 13:41:46,S1377,I03,Masala Sandwich,Sandwiches,2,44.69,0,UPI
T0000132,2025-07-01 08:43:51,S1343,I05,Cutting Chai,Beverages,2,8.97,10,UPI
T0000132,2025-07-01 08:43:51,S1339,I01,Veg Puff,Snacks,1,25.43,0,UPI
T0000133,2025-07-01 08:36:53,S1169,I02,Samosa,Snacks,2,15.41,0,Card
T0000133,2025-07-01 08:36:53,S1379,I04,Cold Coffee,Beverages,2,59.96,0,Cash
T0000134,2025-07-01 18:38:31,S1271,I06,Poha,Breakfast,3,30.22,0,Cash
T0000135,2025-07-01 14:26:47,S1025,I03,Masala Sandwich,Sandwiches,1,44.42,0,Card
T0000135,2025-07-01 14:26:47,S1057,I02,Samosa,Snacks,1,14.76,0,Card
T0000136,2025-07-01 18:45:25,S1375,I03,Masala Sandwich,Sandwiches,2,45.08,0,UPI
T0000137,2025-07-01 14:25:48,S1383,I03,Masala Sandwich,Sandwiches,3,45.67,0,UPI
T0000138,2025-07-01 14:19:54,S1230,I02,Samosa,Snacks,3,15.15,0,Card
T0000138,2025-07-01 14:19:54,S1023,I05,Cutting Chai,Beverages,3,9.31,0,UPI
T0000139,2025-07-01 19:18:52,S1328,I02,Samosa,Snacks,3,14.86,15,Cash
T0000140,2025-07-01 14:45:52,S1330,I02,Samosa,Snacks,1,15.63,0,Cash
T0000141,2025-07-01 12:48:22,S1270,I05,Cutting Chai,Beverages,1,11.03,0,UPI
T0000141,2025-07-01 12:48:22,S1280,I06,Poha,Breakfast,2,30.34,0,UPI
T0000142,2025-07-01 14:26:25,S1345,I05,Cutting Chai,Beverages,4,10.5,15,Card
T0000143,2025-07-01 17:09:15,S1119,I04,Cold Coffee,Beverages,3,58.95,5,Cash
T0000143,2025-07-01 17:09:15,S1340,I01,Veg Puff,Snacks,3,25.32,0,Card
T0000144,2025-07-01 12:05:35,S1019,I02,Samosa,Snacks,1,15.92,0,Cash
T0000144,2025-07-01 12:05:35,S1385,I03,Masala Sandwich,Sandwiches,3,45.29,0,Cash
T0000145,2025-07-01 18:28:37,S1143,I03,Masala Sandwich,Sandwiches,2,45.17,0,UPI
T0000145,2025-07-01 18:28:37,S1112,I02,Samosa,Snacks,3,14.35,0,Card
T0000146,2025-07-01 09:00:15,S1031,I05,Cutting Chai,Beverages,1,9.51,0,UPI
T0000147,2025-07-01 12:12:01,S1295,I03,Masala Sandwich,Sandwiches,1,45.3,0,UPI
T0000148,2025-07-01 13:44:01,S1124,I04,Cold Coffee,Beverages,1,59.71,0,UPI
T0000149,2025-07-01 19:39:52,S1263,I05,Cutting Chai,Beverages,1,9.88,0,UPI
T0000150,2025-07-01 08:59:20,S1082,I02,Samosa,Snacks,1,15.17,10,UPI
T0000150,2025-07-01 08:59:20,S1268,I06,Poha,Breakfast,1,29.18,0,Cash
T0000151,2025-07-01 18:19:41,S1194,I01,Veg Puff,Snacks,2,23.66,0,UPI
T0000152,2025-07-01 13:14:34,S1090,I02,Samosa,Snacks,1,14.54,0,Cash
T0000153,2025-07-01 13:11:05,S1163,I01,Veg Puff,Snacks,2,24.32,0,Cash
T0000154,2025-07-01 14:48:22,S1052,I05,Cutting Chai,Beverages,1,10.33,0,Cash
T0000155,2025-07-01 18:10:45,S1330,I05,Cutting Chai,Beverages,4,9.8,0,UPI
T0000156,2025-07-01 08:43:32,S1067,I01,Veg Puff,Snacks,1,24.57,0,UPI
T0000156,2025-07-01 08:43:32,S1105,I03,Masala Sandwich,Sandwiches,3,45.4,15,UPI
T0000157,2025-07-01 12:37:22,S1301,I02,Samosa,Snacks,3,15.39,0,Cash
T0000157,2025-07-01 12:37:22,S1091,I04,Cold Coffee,Beverages,3,60.3,0,UPI
T0000158,2025-07-01 09:11:54,S1076,I04,Cold Coffee,Beverages,1,60.56,0,Cash
T0000159,2025-07-01 09:36:47,S1336,I01,Veg Puff,Snacks,2,24.85,0,Cash
T0000160,2025-07-01 08:55:07,S1326,I06,Poha,Breakfast,3,28.79,0,Card
T0000161,2025-07-01 19:14:24,S1276,I02,Samosa,Snacks,1,14.75,0,UPI
T0000162,2025-07-01 17:13:09,S1033,I04,Cold Coffee,Beverages,4,59.06,0,Card
T0000162,2025-07-01 17:13:09,S1093,I01,Veg Puff,Snacks,1,26.02,15,Card
T0000163,2025-07-01 08:26:03,S1278,I05,Cutting Chai,Beverages,1,10.7,0,Card
T0000164,2025-07-01 12:56:59,S1086,I01,Veg Puff,Snacks,1,24.65,0,Cash
T0000165,2025-07-01 13:14:00,S1276,I05,Cutting Chai,Beverages,2,11.06,5,Card
T0000166,2025-07-01 13:33:36,S1313,I02,Samosa,Snacks,3,15.6,15,Cash
T0000166,2025-07-01 13:33:36,S1188,I01,Veg Puff,Snacks,1,24.29,15,Cash
T0000167,2025-07-01 13:13:05,S1378,I03,Masala Sandwich,Sandwiches,3,45.22,0,UPI
T0000168,2025-07-01 09:10:59,S1272,I01,Veg Puff,Snacks,1,25.11,0,Card
T0000168,2025-07-01 09:10:59,S1179,I06,Poha,Breakfast,3,30.59,10,Card
T0000169,2025-07-01 18:44:00,S1219,I03,Masala Sandwich,Sandwiches,6,44.52,0,UPI
T0000169,2025-07-01 18:44:00,S1104,I02,Samosa,Snacks,1,13.03,0,Cash
T0000170,2025-07-01 14:34:08,S1096,I06,Poha,Breakfast,1,29.62,0,UPI
T0000171,2025-07-01 14:25:07,S1335,I01,Veg Puff,Snacks,3,25.79,0,UPI
T0000172,2025-07-01 12:11:46,S1137,I06,Poha,Breakfast,1,30.19,25,UPI
T0000172,2025-07-01 12:11:46,S1241,I01,Veg Puff,Snacks,1,25.4,0,Cash
T0000173,2025-07-01 08:41:12,S1390,I04,Cold Coffee,Beverages,1,58.34,0,Cash
T0000174,2025-07-01 09:05:17,S1017,I03,Masala Sandwich,Sandwiches,2,44.83,0,Cash
T0000175,2025-07-01 14:05:15,S1200,I03,Masala Sandwich,Sandwiches,1,45.11,0,Card
T0000176,2025-07-01 13:50:33,S1249,I02,Samosa,Snacks,1,14.95,0,Card
T0000177,2025-07-01 19:16:28,S1136,I05,Cutting Chai,Beverages,4,9.43,0,UPI
T0000177,2025-07-01 19:16:28,S1277,I04,Cold Coffee,Beverages,1,59.97,0,Cash
T0000178,2025-07-01 14:45:02,S1279,I03,Masala Sandwich,Sandwiches,2,44.9,0,Card
T0000178,2025-07-01 14:45:02,S1159,I05,Cutting Chai,Beverages,2,10.16,0,Card
T0000179,2025-07-01 08:31:42,S1145,I06,Poha,Breakfast,1,30.65,0,Cash
T0000180,2025-07-01 18:04:17,S1123,I02,Samosa,Snacks,2,14.25,0,Cash
T0000181,2025-07-01 19:17:00,S1147,I01,Veg Puff,Snacks,2,25.26,0,UPI
T0000181,2025-07-01 19:17:00,S1250,I06,Poha,Breakfast,4,29.29,10,Card
T0000182,2025-07-01 19:42:19,S1133,I06,Poha,Breakfast,1,29.96,0,Card
T0000183,2025-07-01 13:42:43,S1049,I02,Samosa,Snacks,2,15.89,0,Card
T0000184,2025-07-01 19:04:17,S1229,I02,Samosa,Snacks,5,15.68,0,UPI
T0000185,2025-07-01 08:49:23,S1306,I02,Samosa,Snacks,3,16.55,0,Card
T0000186,2025-07-01 09:59:13,S1242,I04,Cold Coffee,Beverages,1,61.42,0,Cash
T0000187,2025-07-01 08:24:02,S1399,I05,Cutting Chai,Beverages,2,10.09,0,Cash
T0000187,2025-07-01 08:24:02,S1211,I01,Veg Puff,Snacks,1,24.43,5,UPI
T0000188,2025-07-01 09:29:27,S1388,I05,Cutting Chai,Beverages,1,10.31,0,Cash
T0000188,2025-07-01 09:29:27,S1087,I04,Cold Coffee,Beverages,1,59.44,0,UPI
T0000189,2025-07-01 09:43:13,S1211,I02,Samosa,Snacks,3,15.85,5,Card
T0000189,2025-07-01 09:43:13,S1148,I03,Masala Sandwich,Sandwiches,2,46.56,5,UPI
T0000190,2025-07-01 08:28:19,S1296,I03,Masala Sandwich,Sandwiches,1,45.12,0,Cash
T0000190,2025-07-01 08:28:19,S1288,I02,Samosa,Snacks,1,14.19,0,Cash
T0000191,2025-07-02 12:23:58,S1210,I01,Veg Puff,Snacks,1,24.3,0,UPI
T0000191,2025-07-02 12:23:58,S1237,I03,Masala Sandwich,Sandwiches,1,45.01,0,Cash
T0000192,2025-07-02 08:33:57,S1049,I01,Veg Puff,Snacks,2,24.82,0,Cash
T0000193,2025-07-02 14:14:05,S1297,I03,Masala Sandwich,Sandwiches,2,44.53,0,Cash
T0000194,2025-07-02 13:08:42,S1320,I03,Masala Sandwich,Sandwiches,5,44.84,0,Card
T0000195,2025-07-02 18:52:03,S1147,I03,Masala Sandwich,Sandwiches,1,45.0,0,UPI
T0000196,2025-07-02 08:24:33,S1155,I02,Samosa,Snacks,1,15.73,0,Cash
T0000197,2025-07-02 08:19:33,S1112,I05,Cutting Chai,Beverages,2,9.73,0,Card
T0000198,2025-07-02 08:01:03,S1295,I04,Cold Coffee,Beverages,2,60.84,0,Card
T0000198,2025-07-02 08:01:03,S1131,I05,Cutting Chai,Beverages,1,9.24,0,UPI
T0000199,2025-07-02 17:43:24,S1072,I03,Masala Sandwich,Sandwiches,2,45.27,0,Card
T0000200,2025-07-02 09:25:03,S1008,I02,Samosa,Snacks,1,15.83,0,Card
T0000201,2025-07-02 08:54:40,S1129,I02,Samosa,Snacks,1,13.53,10,Card
T0000202,2025-07-02 14:46:34,S1048,I04,Cold Coffee,Beverages,1,60.94,0,Cash
T0000203,2025-07-02 19:49:12,S1217,I01,Veg Puff,Snacks,1,24.88,15,UPI
T0000204,2025-07-02 14:46:05,S1312,I04,Cold Coffee,Beverages,1,59.09,0,UPI
T0000204,2025-07-02 14:46:05,S1154,I05,Cutting Chai,Beverages,1,10.53,0,Cash
T0000205,2025-07-02 09:10:51,S1275,I03,Masala Sandwich,Sandwiches,1,45.61,0,Card
T0000205,2025-07-02 09:10:51,S1272,I01,Veg Puff,Snacks,1,24.63,10,UPI
T0000206,2025-07-02 14:19:13,S1232,I04,Cold Coffee,Beverages,3,59.41,10,Cash
T0000207,2025-07-02 09:13:26,S1355,I02,Samosa,Snacks,2,14.99,0,Cash
T0000207,2025-07-02 09:13:26,S1277,I04,Cold Coffee,Beverages,1,60.44,0,UPI
T0000208,2025-07-02 09:05:58,S1023,I03,Masala Sandwich,Sandwiches,2,45.08,0,Cash
T0000209,2025-07-02 19:39:26,S1045,I04,Cold Coffee,Beverages,1,60.12,10,Cash
T0000210,2025-07-02 14:29:07,S1357,I05,Cutting Chai,Beverages,4,10.38,0,Cash
T0000211,2025-07-02 08:59:04,S1390,I05,Cutting Chai,Beverages,1,10.09,0,Card
T0000212,2025-07-02 17:17:29,S1357,I06,Poha,Breakfast,1,30.09,0,UPI
T0000213,2025-07-02 19:08:34,S1155,I03,Masala Sandwich,Sandwiches,1,44.98,0,Cash
T0000213,2025-07-02 19:08:34,S1351,I05,Cutting Chai,Beverages,4,9.84,0,Card
T0000214,2025-07-02 18:49:48,S1112,I03,Masala Sandwich,Sandwiches,2,44.81,25,Cash
T0000215,2025-07-02 09:05:12,S1058,I06,Poha,Breakfast,2,29.4,0,Card
T0000216,2025-07-02 08:35:57,S1238,I02,Samosa,Snacks,1,14.54,0,Card
T0000217,2025-07-02 12:36:51,S1300,I02,Samosa,Snacks,1,15.1,0,UPI
T0000217,2025-07-02 12:36:51,S1161,I06,Poha,Breakfast,3,30.35,25,UPI
T0000218,2025-07-02 14:38:19,S1384,I03,Masala Sandwich,Sandwiches,2,44.01,0,UPI
T0000219,2025-07-02 18:15:27,S1251,I06,Poha,Breakfast,2,30.14,0,UPI
T0000220,2025-07-02 19:16:36,S1365,I01,Veg Puff,Snacks,2,24.99,0,Cash
T0000220,2025-07-02 19:16:36,S1232,I02,Samosa,Snacks,1,15.55,0,Card
T0000221,2025-07-02 18:11:13,S1275,I01,Veg Puff,Snacks,2,24.62,0,UPI
T0000222,2025-07-02 09:22:12,S1113,I03,Masala Sandwich,Sandwiches,3,45.32,0,Cash
T0000223,2025-07-02 14:54:12,S1294,I05,Cutting Chai,Beverages,2,10.52,10,UPI
T0000223,2025-07-02 14:54:12,S1213,I04,Cold Coffee,Beverages,2,60.24,0,Cash
T0000224,2025-07-02 09:03:43,S1015,I03,Masala Sandwich,Sandwiches,1,45.06,0,UPI
T0000225,2025-07-02 13:11:40,S1267,I03,Masala Sandwich,Sandwiches,2,44.8,0,UPI
T0000225,2025-07-02 13:11:40,S1188,I06,Poha,Breakfast,1,29.55,0,UPI
T0000226,2025-07-02 09:21:04,S1017,I06,Poha,Breakfast,1,30.24,0,Cash
T0000227,2025-07-02 09:12:10,S1350,I03,Masala Sandwich,Sandwiches,2,45.32,0,Card
T0000227,2025-07-02 09:12:10,S1287,I06,Poha,Breakfast,1,30.15,0,Cash
T0000228,2025-07-02 08:42:55,S1237,I05,Cutting Chai,Beverages,1,10.05,5,Cash
T0000229,2025-07-02 09:44:17,S1126,I03,Masala Sandwich,Sandwiches,2,45.33,0,Card
T0000230,2025-07-02 08:29:16,S1326,I06,Poha,Breakfast,3,29.56,0,Cash
T0000231,2025-07-02 12:13:10,S1031,I01,Veg Puff,Snacks,2,25.42,0,Cash
T0000232,2025-07-02 09:05:09,S1337,I05,Cutting Chai,Beverages,1,9.12,0,Cash
T0000233,2025-07-02 08:19:03,S1117,I01,Veg Puff,Snacks,1,23.65,0,UPI
T0000233,2025-07-02 08:19:03,S1043,I05,Cutting Chai,Beverages,4,9.98,0,UPI
T0000234,2025-07-02 12:44:37,S1143,I02,Samosa,Snacks,4,14.09,0,Cash
T0000235,2025-07-02 12:31:12,S1351,I04,Cold Coffee,Beverages,5,60.79,0,UPI
T0000235,2025-07-02 12:31:12,S1030,I05,Cutting Chai,Beverages,2,9.92,0,Card
T0000236,2025-07-02 14:22:08,S1287,I04,Cold Coffee,Beverages,1,60.21,0,Card
T0000237,2025-07-02 12:51:33,S1192,I02,Samosa,Snacks,1,14.48,0,Card
T0000238,2025-07-02 12:38:56,S1267,I02,Samosa,Snacks,1,16.24,5,UPI
T0000238,2025-07-02 12:38:56,S1007,I04,Cold Coffee,Beverages,1,61.34,0,Cash
T0000239,2025-07-02 13:03:23,S1138,I06,Poha,Breakfast,2,30.3,0,Card
T0000240,2025-07-02 14:12:23,S1265,I05,Cutting Chai,Beverages,2,10.92,0,UPI
T0000241,2025-07-02 09:51:37,S1157,I03,Masala Sandwich,Sandwiches,3,44.18,0,Card
T0000242,2025-07-02 08:47:28,S1319,I05,Cutting Chai,Beverages,3,11.04,0,UPI
T0000242,2025-07-02 08:47:28,S1331,I04,Cold Coffee,Beverages,1,59.59,0,UPI
T0000243,2025-07-02 12:46:08,S1020,I05,Cutting Chai,Beverages,2,9.74,0,Card
T0000244,2025-07-02 09:50:05,S1053,I04,Cold Coffee,Beverages,1,60.2,0,Card
T0000245,2025-07-02 13:42:58,S1010,I03,Masala Sandwich,Sandwiches,1,44.42,15,Cash
T0000245,2025-07-02 13:42:58,S1190,I04,Cold Coffee,Beverages,1,58.73,5,Cash
T0000246,2025-07-02 09:55:19,S1118,I04,Cold Coffee,Beverages,4,59.37,0,UPI
T0000247,2025-07-02 14:18:40,S1253,I06,Poha,Breakfast,1,29.89,5,Card
T0000248,2025-07-02 19:24:42,S1012,I04,Cold Coffee,Beverages,2,60.43,5,Card
T0000249,2025-07-02 12:07:15,S1259,I03,Masala Sandwich,Sandwiches,1,45.54,0,Card
T0000249,2025-07-02 12:07:15,S1295,I02,Samosa,Snacks,1,14.62,0,UPI
T0000250,2025-07-02 13:50:35,S1371,I04,Cold Coffee,Beverages,4,60.48,15,Cash
T0000251,2025-07-02 08:59:04,S1177,I04,Cold Coffee,Beverages,1,58.62,0,Cash
T0000252,2025-07-02 18:18:18,S1220,I02,Samosa,Snacks,2,14.23,0,UPI
T0000253,2025-07-02 12:10:18,S1181,I02,Samosa,Snacks,2,15.87,0,UPI
T0000254,2025-07-02 13:48:03,S1016,I05,Cutting Chai,Beverages,3,10.11,0,Cash
T0000255,2025-07-02 18:39:38,S1305,I06,Poha,Breakfast,3,30.24,0,Cash
T0000256,2025-07-02 14:06:17,S1075,I01,Veg Puff,Snacks,2,25.74,0,UPI
T0000256,2025-07-02 14:06:17,S1128,I04,Cold Coffee,Beverages,1,60.17,0,UPI
T0000257,2025-07-02 18:54:12,S1295,I04,Cold Coffee,Beverages,1,59.13,0,Card
T0000258,2025-07-02 14:37:23,S1029,I03,Masala Sandwich,Sandwiches,1,45.14,0,Card
T0000259,2025-07-02 17:48:45,S1263,I04,Cold Coffee,Beverages,1,59.55,0,Card
T0000260,2025-07-02 12:39:22,S1265,I02,Samosa,Snacks,1,14.15,0,UPI
T0000260,2025-07-02 12:39:22,S1394,I05,Cutting Chai,Beverages,1,9.53,0,Cash
T0000261,2025-07-02 14:06:26,S1047,I05,Cutting Chai,Beverages,2,9.46,15,Cash
T0000261,2025-07-02 14:06:26,S1315,I01,Veg Puff,Snacks,1,25.64,0,Cash
T0000262,2025-07-02 18:30:29,S1258,I02,Samosa,Snacks,2,15.23,15,Card
T0000262,2025-07-02 18:30:29,S1137,I01,Veg Puff,Snacks,2,25.35,0,Card
T0000263,2025-07-02 09:05:55,S1025,I06,Poha,Breakfast,1,29.46,0,UPI
T0000264,2025-07-02 13:12:17,S1081,I06,Poha,Breakfast,2,30.41,15,UPI
T0000265,2025-07-02 13:12:15,S1385,I03,Masala Sandwich,Sandwiches,2,44.35,0,Card
T0000266,2025-07-02 09:57:30,S1219,I06,Poha,Breakfast,2,29.24,0,Card
T0000266,2025-07-02 09:57:30,S1361,I05,Cutting Chai,Beverages,4,10.77,0,Cash
T0000267,2025-07-02 14:52:04,S1397,I01,Veg Puff,Snacks,3,25.34,0,Cash
T0000268,2025-07-02 13:11:21,S1238,I01,Veg Puff,Snacks,1,25.14,0,Card
T0000269,2025-07-02 17:25:15,S1377,I04,Cold Coffee,Beverages,1,60.15,0,Cash
T0000270,2025-07-02 13:37:25,S1254,I03,Masala Sandwich,Sandwiches,1,45.5,0,Card
T0000271,2025-07-02 13:52:21,S1331,I06,Poha,Breakfast,2,29.02,0,UPI
T0000272,2025-07-02 19:16:32,S1048,I01,Veg Puff,Snacks,1,24.61,5,Card
T0000272,2025-07-02 19:16:32,S1316,I04,Cold Coffee,Beverages,3,60.42,0,UPI
T0000273,2025-07-02 12:11:52,S1354,I04,Cold Coffee,Beverages,5,60.05,0,UPI
T0000274,2025-07-02 19:03:23,S1000,I04,Cold Coffee,Beverages,1,58.63,0,UPI
T0000275,2025-07-02 14:19:06,S1044,I02,Samosa,Snacks,1,14.87,5,Card
T0000276,2025-07-02 09:35:28,S1040,I01,Veg Puff,Snacks,1,23.63,0,Cash
T0000277,2025-07-02 09:50:53,S1027,I02,Samosa,Snacks,2,15.37,5,Cash
T0000278,2025-07-02 08:08:48,S1053,I04,Cold Coffee,Beverages,2,60.04,0,UPI
T0000279,2025-07-02 14:25:45,S1163,I02,Samosa,Snacks,1,14.13,0,UPI
T0000280,2025-07-02 09:06:32,S1256,I06,Poha,Breakfast,3,30.59,0,Card
T0000280,2025-07-02 09:06:32,S1289,I01,Veg Puff,Snacks,1,25.57,0,Card
T0000281,2025-07-02 19:58:35,S1185,I02,Samosa,Snacks,3,15.28,10,UPI
T0000281,2025-07-02 19:58:35,S1316,I04,Cold Coffee,Beverages,1,60.42,0,UPI
T0000282,2025-07-02 19:35:06,S1337,I05,Cutting Chai,Beverages,1,9.52,0,UPI
T0000283,2025-07-02 09:25:14,S1233,I04,Cold Coffee,Beverages,1,59.63,15,Card
T0000284,2025-07-02 09:12:52,S1119,I03,Masala Sandwich,Sandwiches,1,44.83,0,Cash
T0000285,2025-07-02 09:19:35,S1067,I01,Veg Puff,Snacks,1,26.06,0,UPI
T0000285,2025-07-02 09:19:35,S1282,I02,Samosa,Snacks,1,14.3,10,Cash
T0000286,2025-07-02 17:13:15,S1184,I01,Veg Puff,Snacks,2,23.96,0,UPI
T0000287,2025-07-02 09:43:19,S1288,I03,Masala Sandwich,Sandwiches,1,44.74,0,UPI
T0000288,2025-07-02 14:05:28,S1163,I03,Masala Sandwich,Sandwiches,2,44.43,10,Card
T0000288,2025-07-02 14:05:28,S1183,I04,Cold Coffee,Beverages,2,59.96,0,Card
T0000289,2025-07-02 09:29:57,S1268,I02,Samosa,Snacks,2,14.34,0,Card
T0000290,2025-07-02 08:34:58,S1194,I06,Poha,Breakfast,1,30.12,0,Cash
T0000291,2025-07-02 09:13:08,S1137,I06,Poha,Breakfast,1,29.74,0,Cash
T0000292,2025-07-02 13:35:58,S1141,I05,Cutting Chai,Beverages,2,9.76,0,Card
T0000293,2025-07-02 09:00:02,S1140,I01,Veg Puff,Snacks,2,25.07,0,UPI
T0000293,2025-07-02 09:00:02,S1136,I04,Cold Coffee,Beverages,2,59.35,0,Cash
T0000294,2025-07-02 17:45:08,S1342,I05,Cutting Chai,Beverages,3,9.94,0,Cash
T0000294,2025-07-02 17:45:08,S1186,I02,Samosa,Snacks,1,14.33,0,Cash
T0000295,2025-07-02 14:59:29,S1211,I04,Cold Coffee,Beverages,1,60.35,10,Card
T0000296,2025-07-02 09:37:36,S1088,I02,Samosa,Snacks,1,14.21,0,UPI
T0000297,2025-07-02 08:20:28,S1331,I04,Cold Coffee,Beverages,2,60.32,0,Cash
T0000298,2025-07-02 12:35:43,S1286,I03,Masala Sandwich,Sandwiches,1,45.4,5,UPI
T0000298,2025-07-02 12:35:43,S1221,I05,Cutting Chai,Beverages,2,11.2,0,UPI
T0000299,2025-07-02 12:33:00,S1196,I02,Samosa,Snacks,1,14.94,5,UPI
T0000300,2025-07-02 08:11:20,S1157,I02,Samosa,Snacks,3,15.12,0,UPI
T0000300,2025-07-02 08:11:20,S1379,I03,Masala Sandwich,Sandwiches,3,44.55,0,UPI
T0000301,2025-07-02 09:10:56,S1229,I05,Cutting Chai,Beverages,1,9.7,0,Cash
T0000302,2025-07-02 14:03:56,S1352,I05,Cutting Chai,Beverages,1,9.75,5,Cash
T0000303,2025-07-02 18:29:55,S1282,I02,Samosa,Snacks,1,14.73,25,Card
T0000303,2025-07-02 18:29:55,S1021,I05,Cutting Chai,Beverages,1,9.5,0,Cash
T0000304,2025-07-02 14:28:34,S1095,I03,Masala Sandwich,Sandwiches,1,44.52,0,Card
T0000305,2025-07-02 19:29:15,S1098,I03,Masala Sandwich,Sandwiches,2,45.33,0,Card
T0000305,2025-07-02 19:29:15,S1093,I04,Cold Coffee,Beverages,1,60.79,0,Cash
T0000306,2025-07-02 13:53:57,S1010,I03,Masala Sandwich,Sandwiches,1,44.52,0,Cash
T0000306,2025-07-02 13:53:57,S1282,I02,Samosa,Snacks,1,14.07,0,UPI
T0000307,2025-07-02 13:50:48,S1376,I01,Veg Puff,Snacks,1,25.6,0,Cash
T0000308,2025-07-02 13:42:56,S1202,I03,Masala Sandwich,Sandwiches,3,44.61,0,Card
T0000309,2025-07-02 12:12:43,S1013,I06,Poha,Breakfast,2,28.71,0,UPI
T0000310,2025-07-02 12:17:16,S1190,I03,Masala Sandwich,Sandwiches,1,45.61,0,UPI
T0000310,2025-07-02 12:17:16,S1252,I01,Veg Puff,Snacks,2,23.86,5,Card
T0000311,2025-07-02 13:35:15,S1146,I06,Poha,Breakfast,1,29.31,10,UPI
T0000312,2025-07-02 08:53:49,S1351,I01,Veg Puff,Snacks,1,25.61,0,Card
T0000312,2025-07-02 08:53:49,S1295,I05,Cutting Chai,Beverages,3,9.78,0,Card
T0000313,2025-07-02 08:25:46,S1319,I06,Poha,Breakfast,1,30.05,0,UPI
T0000313,2025-07-02 08:25:46,S1339,I02,Samosa,Snacks,1,15.02,15,Card
T0000314,2025-07-02 19:36:11,S1162,I05,Cutting Chai,Beverages,1,10.17,0,UPI
T0000314,2025-07-02 19:36:11,S1058,I03,Masala Sandwich,Sandwiches,2,44.71,0,UPI
T0000315,2025-07-02 14:11:20,S1098,I05,Cutting Chai,Beverages,2,10.12,0,UPI
T0000316,2025-07-02 17:31:14,S1164,I03,Masala Sandwich,Sandwiches,1,44.47,0,Card
T0000317,2025-07-02 17:54:48,S1240,I01,Veg Puff,Snacks,1,25.34,0,Cash
T0000318,2025-07-02 14:29:05,S1087,I01,Veg Puff,Snacks,2,25.05,0,Cash
T0000319,2025-07-02 08:44:38,S1194,I04,Cold Coffee,Beverages,1,60.06,0,UPI
T0000320,2025-07-02 13:23:16,S1071,I01,Veg Puff,Snacks,1,24.06,0,Card
T0000321,2025-07-02 12:42:49,S1222,I01,Veg Puff,Snacks,1,24.95,0,Cash
T0000322,2025-07-02 08:48:36,S1027,I04,Cold Coffee,Beverages,2,59.98,0,Cash
T0000323,2025-07-02 17:47:58,S1367,I05,Cutting Chai,Beverages,1,9.08,0,Cash
T0000324,2025-07-02 14:01:37,S1135,I06,Poha,Breakfast,3,30.41,0,Card
T0000325,2025-07-02 09:03:55,S1380,I02,Samosa,Snacks,2,14.72,0,Cash
T0000326,2025-07-02 09:34:20,S1321,I02,Samosa,Snacks,2,15.96,0,UPI
T0000326,2025-07-02 09:34:20,S1148,I01,Veg Puff,Snacks,1,26.11,0,UPI
T0000327,2025-07-02 08:55:36,S1395,I03,Masala Sandwich,Sandwiches,1,45.6,0,UPI
T0000327,2025-07-02 08:55:36,S1021,I05,Cutting Chai,Beverages,2,9.07,0,Cash
T0000328,2025-07-02 14:05:55,S1127,I04,Cold Coffee,Beverages,3,59.75,0,Card
T0000329,2025-07-02 17:05:34,S1111,I03,Masala Sandwich,Sandwiches,2,44.66,0,UPI
T0000329,2025-07-02 17:05:34,S1133,I05,Cutting Chai,Beverages,2,9.43,0,UPI
T0000330,2025-07-02 08:02:23,S1350,I01,Veg Puff,Snacks,2,25.27,0,Card
T0000330,2025-07-02 08:02:23,S1181,I02,Samosa,Snacks,1,14.91,0,Cash
T0000331,2025-07-02 09:47:53,S1044,I01,Veg Puff,Snacks,1,25.58,15,Card
T0000332,2025-07-02 13:42:08,S1117,I06,Poha,Breakfast,1,31.06,0,Card
T0000332,2025-07-02 13:42:08,S1111,I04,Cold Coffee,Beverages,4,58.77,0,UPI
T0000333,2025-07-02 14:48:20,S1391,I02,Samosa,Snacks,2,14.45,10,Cash
T0000334,2025-07-02 12:49:12,S1371,I05,Cutting Chai,Beverages,1,9.72,0,UPI
T0000335,2025-07-02 17:29:24,S1326,I03,Masala Sandwich,Sandwiches,1,45.11,0,Card
T0000336,2025-07-02 17:29:17,S1141,I05,Cutting Chai,Beverages,1,11.11,0,Cash
T0000337,2025-07-03 13:26:22,S1131,I02,Samosa,Snacks,1,15.08,0,UPI
T0000338,2025-07-03 12:47:09,S1149,I06,Poha,Breakfast,1,30.84,0,UPI
T0000339,2025-07-03 14:38:14,S1306,I03,Masala Sandwich,Sandwiches,1,44.75,0,Card
T0000339,2025-07-03 14:38:14,S1118,I01,Veg Puff,Snacks,1,25.05,25,UPI
T0000340,2025-07-03 13:26:10,S1330,I02,Samosa,Snacks,2,14.83,0,Cash
T0000340,2025-07-03 13:26:10,S1013,I01,Veg Puff,Snacks,2,23.68,0,UPI
T0000341,2025-07-03 08:56:34,S1126,I05,Cutting Chai,Beverages,4,10.55,0,Card
T0000342,2025-07-03 08:20:45,S1286,I01,Veg Puff,Snacks,2,24.76,0,Card
T0000343,2025-07-03 12:50:25,S1010,I02,Samosa,Snacks,3,14.99,0,Card
T0000344,2025-07-03 12:17:37,S1082,I05,Cutting Chai,Beverages,3,10.51,0,UPI
T0000344,2025-07-03 12:17:37,S1074,I01,Veg Puff,Snacks,1,25.26,0,Card
T0000345,2025-07-03 09:14:44,S1176,I03,Masala Sandwich,Sandwiches,2,44.79,5,Cash
T0000346,2025-07-03 18:25:31,S1025,I03,Masala Sandwich,Sandwiches,1,44.58,5,Cash
T0000346,2025-07-03 18:25:31,S1147,I06,Poha,Breakfast,3,29.99,0,Card
T0000347,2025-07-03 18:42:05,S1100,I03,Masala Sandwich,Sandwiches,5,44.69,0,Cash
T0000347,2025-07-03 18:42:05,S1012,I05,Cutting Chai,Beverages,2,9.72,0,Cash
T0000348,2025-07-03 09:22:37,S1389,I03,Masala Sandwich,Sandwiches,1,44.23,0,Cash
T0000349,2025-07-03 13:30:03,S1379,I02,Samosa,Snacks,1,15.38,0,Cash
T0000350,2025-07-03 14:58:14,S1053,I05,Cutting Chai,Beverages,3,10.17,0,UPI
T0000351,2025-07-03 08:39:08,S1316,I03,Masala Sandwich,Sandwiches,3,45.6,0,Cash
T0000351,2025-07-03 08:39:08,S1343,I04,Cold Coffee,Beverages,2,59.6,0,Card
T0000352,2025-07-03 13:20:33,S1367,I01,Veg Puff,Snacks,3,24.27,0,Cash
T0000353,2025-07-03 09:46:10,S1227,I03,Masala Sandwich,Sandwiches,1,44.35,0,Card
T0000354,2025-07-03 18:26:47,S1300,I03,Masala Sandwich,Sandwiches,1,44.48,0,Cash
T0000355,2025-07-03 08:17:10,S1143,I04,Cold Coffee,Beverages,1,59.3,0,UPI
T0000356,2025-07-03 19:41:52,S1100,I04,Cold Coffee,Beverages,3,59.47,0,Cash
T0000356,2025-07-03 19:41:52,S1308,I03,Masala Sandwich,Sandwiches,1,46.0,0,Cash
T0000357,2025-07-03 09:08:40,S1307,I05,Cutting Chai,Beverages,1,10.32,5,Cash
T0000358,2025-07-03 09:19:18,S1265,I01,Veg Puff,Snacks,1,25.43,0,Card
T0000358,2025-07-03 09:19:18,S1368,I05,Cutting Chai,Beverages,1,9.87,0,Card
T0000359,2025-07-03 09:05:31,S1172,I03,Masala Sandwich,Sandwiches,1,45.17,0,Card
T0000360,2025-07-03 17:49:50,S1399,I05,Cutting Chai,Beverages,1,9.55,0,Card
T0000361,2025-07-03 18:40:03,S1390,I06,Poha,Breakfast,2,29.99,0,Card
T0000362,2025-07-03 09:43:45,S1149,I05,Cutting Chai,Beverages,1,10.06,10,Card
T0000363,2025-07-03 12:26:10,S1048,I04,Cold Coffee,Beverages,1,59.44,0,Cash
T0000364,2025-07-03 12:26:02,S1216,I04,Cold Coffee,Beverages,3,59.87,0,UPI
T0000365,2025-07-03 14:40:47,S1319,I02,Samosa,Snacks,3,16.35,5,UPI
T0000365,2025-07-03 14:40:47,S1364,I01,Veg Puff,Snacks,1,23.71,0,Card
T0000366,2025-07-03 08:45:35,S1331,I01,Veg Puff,Snacks,4,25.34,0,Cash
T0000367,2025-07-03 18:14:53,S1085,I04,Cold Coffee,Beverages,3,59.91,5,UPI
T0000367,2025-07-03 18:14:53,S1217,I02,Samosa,Snacks,2,16.46,0,UPI
T0000368,2025-07-03 08:43:04,S1275,I06,Poha,Breakfast,1,30.02,0,UPI
T0000369,2025-07-03 19:42:50,S1302,I06,Poha,Breakfast,1,29.25,0,Cash
T0000370,2025-07-03 08:11:45,S1341,I01,Veg Puff,Snacks,5,25.13,0,UPI
T0000371,2025-07-03 14:02:55,S1074,I03,Masala Sandwich,Sandwiches,4,45.4,0,Card
T0000371,2025-07-03 14:02:55,S1243,I05,Cutting Chai,Beverages,6,10.32,10,UPI
T0000372,2025-07-03 12:22:49,S1102,I02,Samosa,Snacks,2,14.79,5,Card
T0000372,2025-07-03 12:22:49,S1187,I05,Cutting Chai,Beverages,1,9.69,0,Card
T0000373,2025-07-03 13:52:57,S1165,I03,Masala Sandwich,Sandwiches,1,44.78,0,Cash
T0000374,2025-07-03 12:30:32,S1142,I06,Poha,Breakfast,2,30.17,0,Card
T0000375,2025-07-03 12:47:12,S1063,I06,Poha,Breakfast,1,30.65,0,Cash
T0000376,2025-07-03 09:22:48,S1109,I03,Masala Sandwich,Sandwiches,1,45.24,5,Card
T0000376,2025-07-03 09:22:48,S1082,I05,Cutting Chai,Beverages,1,10.44,15,Card
T0000377,2025-07-03 08:56:56,S1324,I05,Cutting Chai,Beverages,2,10.12,0,UPI
T0000378,2025-07-03 19:37:08,S1062,I03,Masala Sandwich,Sandwiches,1,44.68,0,Card
T0000378,2025-07-03 19:37:08,S1120,I06,Poha,Breakfast,1,28.85,15,Card
T0000379,2025-07-03 08:36:20,S1144,I06,Poha,Breakfast,1,29.42,0,Cash
T0000379,2025-07-03 08:36:20,S1312,I01,Veg Puff,Snacks,1,24.3,10,Card
T0000380,2025-07-03 14:18:23,S1148,I06,Poha,Breakfast,1,30.36,5,Card
T0000380,2025-07-03 14:18:23,S1352,I04,Cold Coffee,Beverages,2,59.64,0,Cash
T0000381,2025-07-03 08:09:21,S1379,I03,Masala Sandwich,Sandwiches,1,44.13,0,Card
T0000381,2025-07-03 08:09:21,S1227,I02,Samosa,Snacks,1,14.82,15,Cash
T0000382,2025-07-03 13:11:39,S1395,I03,Masala Sandwich,Sandwiches,4,44.58,0,Card
T0000383,2025-07-03 18:15:43,S1388,I02,Samosa,Snacks,1,16.12,0,Card
T0000384,2025-07-03 14:05:19,S1132,I03,Masala Sandwich,Sandwiches,2,43.92,5,UPI
T0000385,2025-07-03 09:22:08,S1084,I05,Cutting Chai,Beverages,2,10.52,0,Cash
T0000386,2025-07-03 09:34:59,S1288,I04,Cold Coffee,Beverages,2,60.96,0,UPI
T0000386,2025-07-03 09:34:59,S1277,I01,Veg Puff,Snacks,1,24.6,0,UPI
T0000387,2025-07-03 09:43:30,S1230,I02,Samosa,Snacks,2,15.85,0,UPI
T0000388,2025-07-03 09:29:47,S1232,I02,Samosa,Snacks,1,14.4,0,UPI
T0000389,2025-07-03 09:24:40,S1212,I04,Cold Coffee,Beverages,2,59.23,0,UPI
T0000390,2025-07-03 08:00:55,S1040,I04,Cold Coffee,Beverages,2,60.75,0,Cash
T0000391,2025-07-03 19:05:40,S1082,I02,Samosa,Snacks,1,14.47,25,Cash
T0000391,2025-07-03 19:05:40,S1129,I04,Cold Coffee,Beverages,1,60.86,0,UPI
T0000392,2025-07-03 08:22:05,S1103,I04,Cold Coffee,Beverages,1,60.27,0,Cash
T0000392,2025-07-03 08:22:05,S1145,I06,Poha,Breakfast,2,30.21,0,UPI
T0000393,2025-07-03 14:14:33,S1191,I02,Samosa,Snacks,1,14.74,10,Card
T0000394,2025-07-03 08:35:56,S1270,I05,Cutting Chai,Beverages,1,10.39,0,Card
T0000395,2025-07-03 09:05:21,S1106,I02,Samosa,Snacks,2,15.97,0,Card
T0000396,2025-07-03 17:17:08,S1144,I03,Masala Sandwich,Sandwiches,4,45.67,0,Card
T0000397,2025-07-03 08:23:21,S1338,I04,Cold Coffee,Beverages,4,58.85,0,UPI
T0000398,2025-07-03 08:13:21,S1108,I01,Veg Puff,Snacks,2,25.93,0,Card
T0000398,2025-07-03 08:13:21,S1081,I05,Cutting Chai,Beverages,2,9.54,0,Card
T0000399,2025-07-03 19:12:43,S1189,I01,Veg Puff,Snacks,1,25.29,0,Card
T0000399,2025-07-03 19:12:43,S1347,I03,Masala Sandwich,Sandwiches,1,45.44,0,UPI
T0000400,2025-07-03 08:25:16,S1321,I06,Poha,Breakfast,3,29.17,15,Cash
T0000400,2025-07-03 08:25:16,S1286,I04,Cold Coffee,Beverages,3,60.12,0,UPI
T0000401,2025-07-03 09:01:46,S1048,I04,Cold Coffee,Beverages,3,60.2,0,Cash
T0000402,2025-07-03 18:46:46,S1231,I02,Samosa,Snacks,1,15.12,0,UPI
T0000403,2025-07-03 09:16:37,S1168,I01,Veg Puff,Snacks,1,24.83,10,Card
T0000404,2025-07-03 17:37:51,S1272,I05,Cutting Chai,Beverages,3,9.45,0,UPI
T0000405,2025-07-03 09:26:10,S1086,I04,Cold Coffee,Beverages,2,59.79,5,Card
T0000406,2025-07-03 13:21:52,S1194,I01,Veg Puff,Snacks,2,25.37,0,Card
T0000407,2025-07-03 08:15:20,S1154,I06,Poha,Breakfast,3,29.48,0,Card
T0000408,2025-07-03 09:13:57,S1183,I06,Poha,Breakfast,1,29.74,0,Cash
T0000409,2025-07-03 17:27:36,S1274,I02,Samosa,Snacks,2,15.25,25,Cash
T0000410,2025-07-03 17:32:50,S1373,I01,Veg Puff,Snacks,1,25.32,0,UPI
T0000411,2025-07-03 08:43:12,S1006,I06,Poha,Breakfast,1,29.27,15,Card
T0000411,2025-07-03 08:43:12,S1359,I04,Cold Coffee,Beverages,2,60.62,0,UPI
T0000412,2025-07-03 12:06:32,S1256,I05,Cutting Chai,Beverages,4,10.04,0,UPI
T0000413,2025-07-03 09:49:11,S1225,I02,Samosa,Snacks,3,15.2,0,Cash
T0000414,2025-07-03 08:19:57,S1203,I03,Masala Sandwich,Sandwiches,3,44.77,0,UPI
T0000414,2025-07-03 08:19:57,S1369,I01,Veg Puff,Snacks,1,25.77,0,Card
T0000415,2025-07-03 09:59:33,S1178,I06,Poha,Breakfast,1,29.5,0,Cash
T0000415,2025-07-03 09:59:33,S1157,I02,Samosa,Snacks,1,14.6,0,UPI
T0000416,2025-07-03 12:19:07,S1132,I04,Cold Coffee,Beverages,1,59.39,0,UPI
T0000417,2025-07-03 14:11:11,S1203,I02,Samosa,Snacks,2,16.14,0,Cash
T0000418,2025-07-03 14:14:23,S1022,I02,Samosa,Snacks,2,13.53,0,Cash
T0000419,2025-07-03 12:43:42,S1119,I04,Cold Coffee,Beverages,2,60.08,5,Card
T0000419,2025-07-03 12:43:42,S1334,I05,Cutting Chai,Beverages,4,10.16,0,Cash
T0000420,2025-07-03 12:40:48,S1324,I05,Cutting Chai,Beverages,2,9.14,0,Card
T0000421,2025-07-03 09:36:20,S1388,I01,Veg Puff,Snacks,3,24.63,5,Card
T0000422,2025-07-03 09:38:16,S1265,I01,Veg Puff,Snacks,2,24.99,0,Cash
T0000423,2025-07-03 14:23:35,S1358,I05,Cutting Chai,Beverages,1,10.54,0,Card
T0000423,2025-07-03 14:23:35,S1382,I06,Poha,Breakfast,2,28.65,0,UPI
T0000424,2025-07-03 18:28:44,S1272,I06,Poha,Breakfast,1,29.98,0,UPI
T0000424,2025-07-03 18:28:44,S1300,I04,Cold Coffee,Beverages,6,60.51,0,Card
T0000425,2025-07-03 13:35:58,S1048,I04,Cold Coffee,Beverages,2,60.34,0,UPI
T0000425,2025-07-03 13:35:58,S1086,I05,Cutting Chai,Beverages,3,10.12,0,UPI
T0000426,2025-07-03 14:04:07,S1229,I05,Cutting Chai,Beverages,1,10.3,0,UPI
T0000427,2025-07-03 17:57:40,S1188,I06,Poha,Breakfast,1,29.62,0,UPI
T0000427,2025-07-03 17:57:40,S1028,I03,Masala Sandwich,Sandwiches,2,44.71,0,UPI
T0000428,2025-07-03 18:56:02,S1363,I01,Veg Puff,Snacks,3,24.7,0,Cash
T0000428,2025-07-03 18:56:02,S1158,I02,Samosa,Snacks,2,14.93,0,Cash
T0000429,2025-07-03 14:16:01,S1071,I04,Cold Coffee,Beverages,3,61.26,0,Card
T0000430,2025-07-03 14:09:26,S1150,I06,Poha,Breakfast,1,30.74,25,Card
T0000431,2025-07-03 08:51:54,S1216,I02,Samosa,Snacks,1,15.81,10,Cash
T0000432,2025-07-03 13:21:53,S1287,I04,Cold Coffee,Beverages,1,60.69,0,Cash
T0000432,2025-07-03 13:21:53,S1009,I06,Poha,Breakfast,2,29.29,5,UPI
T0000433,2025-07-03 13:05:42,S1213,I01,Veg Puff,Snacks,2,25.32,0,Card
T0000434,2025-07-03 14:13:12,S1272,I04,Cold Coffee,Beverages,1,60.13,0,UPI
T0000434,2025-07-03 14:13:12,S1157,I01,Veg Puff,Snacks,1,25.23,0,UPI
T0000435,2025-07-03 08:10:49,S1151,I02,Samosa,Snacks,3,15.55,0,Card
T0000436,2025-07-03 17:28:24,S1029,I04,Cold Coffee,Beverages,1,60.32,0,Cash
T0000436,2025-07-03 17:28:24,S1161,I02,Samosa,Snacks,2,15.62,0,Cash
T0000437,2025-07-03 09:11:55,S1189,I05,Cutting Chai,Beverages,3,9.21,0,UPI
T0000438,2025-07-03 12:32:20,S1312,I02,Samosa,Snacks,1,14.25,0,Cash
T0000438,2025-07-03 12:32:20,S1229,I01,Veg Puff,Snacks,1,24.72,0,Card
T0000439,2025-07-03 18:15:22,S1141,I04,Cold Coffee,Beverages,1,59.58,10,Cash
T0000440,2025-07-03 08:54:55,S1371,I01,Veg Puff,Snacks,1,24.95,0,Cash
T0000441,2025-07-03 17:56:44,S1135,I01,Veg Puff,Snacks,2,24.83,0,UPI
T0000442,2025-07-03 14:34:04,S1393,I06,Poha,Breakfast,3,29.86,0,Cash
T0000443,2025-07-03 12:50:36,S1182,I06,Poha,Breakfast,1,30.11,0,UPI
T0000443,2025-07-03 12:50:36,S1277,I01,Veg Puff,Snacks,2,23.77,0,UPI
T0000444,2025-07-03 09:12:11,S1236,I05,Cutting Chai,Beverages,2,10.09,5,Card
T0000445,2025-07-03 09:49:12,S1267,I04,Cold Coffee,Beverages,2,60.09,0,Card
T0000446,2025-07-03 08:37:34,S1322,I05,Cutting Chai,Beverages,2,9.92,0,UPI
T0000447,2025-07-03 14:07:23,S1191,I05,Cutting Chai,Beverages,2,9.13,0,Cash
T0000448,2025-07-03 12:50:54,S1256,I01,Veg Puff,Snacks,1,25.61,0,Card
T0000449,2025-07-03 14:39:28,S1226,I06,Poha,Breakfast,2,30.8,15,UPI
T0000450,2025-07-03 14:51:40,S1056,I06,Poha,Breakfast,1,29.28,0,Cash
T0000450,2025-07-03 14:51:40,S1266,I04,Cold Coffee,Beverages,4,60.35,0,Card
T0000451,2025-07-03 08:07:17,S1051,I02,Samosa,Snacks,1,14.41,0,UPI
T0000451,2025-07-03 08:07:17,S1063,I06,Poha,Breakfast,2,29.19,0,Cash
T0000452,2025-07-03 08:26:55,S1236,I05,Cutting Chai,Beverages,2,10.02,0,Card
T0000453,2025-07-03 12:43:35,S1147,I06,Poha,Breakfast,4,29.62,25,UPI
T0000453,2025-07-03 12:43:35,S1194,I05,Cutting Chai,Beverages,3,10.48,0,Cash
T0000454,2025-07-03 17:27:16,S1346,I06,Poha,Breakfast,1,30.5,0,Card
T0000455,2025-07-03 09:44:31,S1118,I03,Masala Sandwich,Sandwiches,1,45.33,0,UPI
T0000456,2025-07-03 12:23:39,S1227,I04,Cold Coffee,Beverages,2,59.43,0,UPI
T0000457,2025-07-03 08:36:53,S1027,I06,Poha,Breakfast,1,29.68,0,Card
T0000458,2025-07-03 17:27:38,S1018,I04,Cold Coffee,Beverages,5,59.88,0,Cash
T0000458,2025-07-03 17:27:38,S1169,I01,Veg Puff,Snacks,1,25.07,0,Card
T0000459,2025-07-03 09:37:08,S1216,I01,Veg Puff,Snacks,3,25.06,0,Cash
T0000460,2025-07-03 17:48:14,S1268,I03,Masala Sandwich,Sandwiches,4,44.36,0,UPI
T0000460,2025-07-03 17:48:14,S1208,I04,Cold Coffee,Beverages,1,59.31,0,UPI
T0000461,2025-07-03 13:46:07,S1015,I04,Cold Coffee,Beverages,1,60.33,0,Cash
T0000462,2025-07-03 08:35:46,S1304,I04,Cold Coffee,Beverages,3,59.87,0,Card
T0000462,2025-07-03 08:35:46,S1005,I01,Veg Puff,Snacks,2,24.91,0,Card
T0000463,2025-07-03 14:33:59,S1311,I06,Poha,Breakfast,3,30.17,0,Card
T0000464,2025-07-03 13:38:45,S1294,I04,Cold Coffee,Beverages,2,60.46,0,Card
T0000464,2025-07-03 13:38:45,S1207,I05,Cutting Chai,Beverages,5,10.63,0,Cash
T0000465,2025-07-03 13:04:58,S1333,I05,Cutting Chai,Beverages,1,9.9,5,UPI
T0000466,2025-07-03 13:11:52,S1030,I02,Samosa,Snacks,1,14.82,15,Card
T0000467,2025-07-03 19:51:13,S1156,I05,Cutting Chai,Beverages,2,10.07,0,Card
T0000467,2025-07-03 19:51:13,S1367,I01,Veg Puff,Snacks,2,23.8,0,UPI
T0000468,2025-07-03 12:57:24,S1256,I03,Masala Sandwich,Sandwiches,2,45.33,0,Card
T0000469,2025-07-03 19:55:50,S1221,I05,Cutting Chai,Beverages,2,10.02,0,Card
T0000469,2025-07-03 19:55:50,S1173,I03,Masala Sandwich,Sandwiches,2,44.18,0,Card
T0000470,2025-07-03 14:46:18,S1299,I02,Samosa,Snacks,4,14.47,0,Card
T0000470,2025-07-03 14:46:18,S1367,I06,Poha,Breakfast,4,29.5,0,UPI
T0000471,2025-07-03 14:07:55,S1330,I03,Masala Sandwich,Sandwiches,1,44.16,0,UPI
T0000472,2025-07-03 19:41:02,S1221,I02,Samosa,Snacks,1,15.31,0,Cash
T0000473,2025-07-03 09:37:03,S1211,I05,Cutting Chai,Beverages,1,10.3,0,Card
T0000474,2025-07-03 17:25:39,S1254,I05,Cutting Chai,Beverages,1,10.34,15,UPI
T0000474,2025-07-03 17:25:39,S1008,I02,Samosa,Snacks,1,14.49,0,Card
T0000475,2025-07-03 18:50:42,S1316,I02,Samosa,Snacks,3,14.38,0,Card
T0000476,2025-07-03 18:50:26,S1082,I01,Veg Puff,Snacks,4,24.29,0,UPI
T0000476,2025-07-03 18:50:26,S1367,I02,Samosa,Snacks,1,15.16,0,Cash
T0000477,2025-07-03 14:14:17,S1380,I05,Cutting Chai,Beverages,2,9.65,0,UPI
T0000477,2025-07-03 14:14:17,S1183,I04,Cold Coffee,Beverages,3,59.66,0,UPI
T0000478,2025-07-03 13:04:58,S1313,I03,Masala Sandwich,Sandwiches,2,45.04,0,Cash
T0000479,2025-07-03 17:37:52,S1234,I06,Poha,Breakfast,3,29.55,0,UPI
T0000479,2025-07-03 17:37:52,S1146,I04,Cold Coffee,Beverages,2,59.95,15,UPI
T0000480,2025-07-03 14:57:16,S1187,I01,Veg Puff,Snacks,1,25.29,15,Card
T0000481,2025-07-03 18:19:46,S1388,I04,Cold Coffee,Beverages,2,58.9,0,UPI
T0000481,2025-07-03 18:19:46,S1064,I06,Poha,Breakfast,3,28.8,0,Cash
T0000482,2025-07-03 12:21:13,S1170,I04,Cold Coffee,Beverages,2,59.77,0,Cash
T0000482,2025-07-03 12:21:13,S1095,I05,Cutting Chai,Beverages,1,10.45,10,Cash
T0000483,2025-07-03 17:17:24,S1142,I04,Cold Coffee,Beverages,2,59.26,0,Card
T0000484,2025-07-03 14:44:01,S1238,I06,Poha,Breakfast,1,29.55,0,Card
T0000485,2025-07-03 12:17:39,S1052,I02,Samosa,Snacks,2,15.05,0,Cash
T0000486,2025-07-03 08:34:29,S1217,I02,Samosa,Snacks,1,14.65,10,Card
T0000487,2025-07-03 08:09:10,S1352,I04,Cold Coffee,Beverages,1,59.53,0,Card
T0000488,2025-07-03 08:16:50,S1211,I01,Veg Puff,Snacks,1,24.35,10,Cash
T0000489,2025-07-03 14:25:41,S1375,I05,Cutting Chai,Beverages,1,10.12,0,UPI
T0000490,2025-07-03 12:42:20,S1251,I06,Poha,Breakfast,1,29.14,0,Cash
T0000491,2025-07-03 18:56:30,S1095,I05,Cutting Chai,Beverages,1,9.97,0,UPI
T0000492,2025-07-03 09:52:02,S1355,I01,Veg Puff,Snacks,4,25.02,0,UPI
T0000493,2025-07-03 09:34:18,S1011,I01,Veg Puff,Snacks,2,24.96,0,Card
T0000494,2025-07-03 19:41:27,S1325,I05,Cutting Chai,Beverages,3,10.19,15,Card
T0000494,2025-07-03 19:41:27,S1322,I06,Poha,Breakfast,1,29.73,5,Card
T0000495,2025-07-03 13:57:12,S1096,I05,Cutting Chai,Beverages,2,9.83,0,Cash
T0000496,2025-07-03 09:48:16,S1335,I03,Masala Sandwich,Sandwiches,1,45.18,0,Card
T0000497,2025-07-03 14:07:05,S1124,I01,Veg Puff,Snacks,2,24.55,0,UPI
T0000498,2025-07-03 08:22:20,S1127,I06,Poha,Breakfast,1,29.9,0,Cash
T0000498,2025-07-03 08:22:20,S1241,I04,Cold Coffee,Beverages,2,60.12,15,Card
T0000499,2025-07-03 19:14:41,S1117,I04,Cold Coffee,Beverages,1,59.73,0,UPI
T0000500,2025-07-03 09:57:17,S1296,I01,Veg Puff,Snacks,2,24.67,0,UPI
T0000501,2025-07-03 18:13:05,S1391,I02,Samosa,Snacks,1,14.52,0,Cash
T0000502,2025-07-03 14:59:35,S1224,I03,Masala Sandwich,Sandwiches,1,43.68,10,UPI
T0000503,2025-07-03 19:07:55,S1114,I04,Cold Coffee,Beverages,3,59.79,0,UPI
T0000504,2025-07-03 09:34:09,S1391,I03,Masala Sandwich,Sandwiches,1,45.52,0,Cash
T0000504,2025-07-03 09:34:09,S1316,I01,Veg Puff,Snacks,1,25.9,0,Cash
T0000505,2025-07-03 19:34:37,S1123,I05,Cutting Chai,Beverages,4,10.1,0,Card
T0000505,2025-07-03 19:34:37,S1145,I06,Poha,Breakfast,2,30.56,0,Card
T0000506,2025-07-03 09:16:45,S1125,I01,Veg Puff,Snacks,1,24.81,0,Card
T0000506,2025-07-03 09:16:45,S1354,I03,Masala Sandwich,Sandwiches,1,45.8,25,Card
T0000507,2025-07-03 12:06:09,S1135,I05,Cutting Chai,Beverages,2,8.9,0,UPI
T0000508,2025-07-03 13:15:00,S1288,I01,Veg Puff,Snacks,1,24.8,0,UPI
T0000509,2025-07-03 14:14:32,S1387,I04,Cold Coffee,Beverages,1,59.62,0,Card
T0000509,2025-07-03 14:14:32,S1203,I02,Samosa,Snacks,4,14.8,0,Card
T0000510,2025-07-03 12:48:58,S1263,I05,Cutting Chai,Beverages,2,9.55,0,Card
T0000510,2025-07-03 12:48:58,S1025,I06,Poha,Breakfast,2,29.9,0,Cash
T0000511,2025-07-03 14:27:40,S1172,I04,Cold Coffee,Beverages,1,60.59,5,Cash
T0000511,2025-07-03 14:27:40,S1371,I06,Poha,Breakfast,4,30.11,0,Cash
T0000512,2025-07-03 08:15:36,S1152,I04,Cold Coffee,Beverages,3,60.31,0,Cash
T0000512,2025-07-03 08:15:36,S1018,I01,Veg Puff,Snacks,5,25.34,0,Card
T0000513,2025-07-03 09:32:18,S1389,I03,Masala Sandwich,Sandwiches,2,45.17,0,UPI
T0000514,2025-07-03 12:16:15,S1024,I03,Masala Sandwich,Sandwiches,2,45.62,25,Cash
T0000514,2025-07-03 12:16:15,S1077,I04,Cold Coffee,Beverages,2,59.29,15,Card
T0000515,2025-07-03 13:34:26,S1178,I05,Cutting Chai,Beverages,2,9.97,10,Cash
T0000515,2025-07-03 13:34:26,S1070,I01,Veg Puff,Snacks,2,24.08,5,UPI
T0000516,2025-07-03 13:46:43,S1375,I05,Cutting Chai,Beverages,7,9.82,5,Cash
T0000517,2025-07-03 13:39:28,S1066,I01,Veg Puff,Snacks,1,24.96,0,UPI
T0000518,2025-07-03 18:53:36,S1148,I06,Poha,Breakfast,2,29.38,0,Cash
T0000519,2025-07-03 09:56:52,S1335,I04,Cold Coffee,Beverages,2,60.31,0,UPI
T0000520,2025-07-03 19:27:59,S1142,I02,Samosa,Snacks,1,15.5,5,UPI
T0000520,2025-07-03 19:27:59,S1215,I03,Masala Sandwich,Sandwiches,1,44.54,0,Cash
T0000521,2025-07-03 09:52:53,S1287,I01,Veg Puff,Snacks,2,25.14,0,Card
T0000521,2025-07-03 09:52:53,S1139,I03,Masala Sandwich,Sandwiches,2,44.26,0,Card
T0000522,2025-07-03 13:10:28,S1355,I01,Veg Puff,Snacks,1,23.68,15,UPI
T0000523,2025-07-03 18:58:29,S1320,I06,Poha,Breakfast,3,30.25,0,UPI
T0000524,2025-07-03 09:58:22,S1372,I06,Poha,Breakfast,2,30.42,0,Cash
T0000524,2025-07-03 09:58:22,S1159,I01,Veg Puff,Snacks,1,25.27,0,Cash
T0000525,2025-07-03 13:14:25,S1115,I03,Masala Sandwich,Sandwiches,1,44.81,5,Card
T0000525,2025-07-03 13:14:25,S1248,I05,Cutting Chai,Beverages,4,10.15,0,UPI
T0000526,2025-07-03 08:23:29,S1255,I03,Masala Sandwich,Sandwiches,2,45.6,10,Cash
T0000527,2025-07-03 08:59:37,S1149,I02,Samosa,Snacks,2,15.16,0,UPI
T0000527,2025-07-03 08:59:37,S1084,I06,Poha,Breakfast,2,29.55,0,UPI
T0000528,2025-07-03 14:24:22,S1088,I01,Veg Puff,Snacks,3,25.14,0,Cash
T0000529,2025-07-03 12:25:23,S1235,I02,Samosa,Snacks,1,14.96,0,Card
T0000529,2025-07-03 12:25:23,S1149,I04,Cold Coffee,Beverages,1,59.57,5,Card
T0000530,2025-07-03 09:06:13,S1122,I03,Masala Sandwich,Sandwiches,2,45.35,0,Card
T0000530,2025-07-03 09:06:13,S1002,I02,Samosa,Snacks,1,14.89,5,Cash
T0000531,2025-07-03 17:55:42,S1293,I06,Poha,Breakfast,1,29.6,0,Cash
T0000532,2025-07-03 09:41:42,S1104,I01,Veg Puff,Snacks,4,25.55,0,UPI
T0000533,2025-07-03 09:27:07,S1299,I01,Veg Puff,Snacks,1,25.54,0,UPI
T0000534,2025-07-03 09:05:24,S1238,I04,Cold Coffee,Beverages,1,60.67,0,UPI
T0000535,2025-07-04 09:05:22,S1096,I04,Cold Coffee,Beverages,2,60.31,0,UPI
T0000536,2025-07-04 14:03:28,S1048,I04,Cold Coffee,Beverages,5,59.2,0,Cash
T0000536,2025-07-04 14:03:28,S1353,I03,Masala Sandwich,Sandwiches,1,44.16,0,Card
T0000537,2025-07-04 08:32:01,S1021,I05,Cutting Chai,Beverages,3,9.38,15,Card
T0000538,2025-07-04 08:34:02,S1276,I06,Poha,Breakfast,1,30.92,0,Cash
T0000538,2025-07-04 08:34:02,S1359,I01,Veg Puff,Snacks,5,25.33,0,Cash
T0000539,2025-07-04 12:49:35,S1266,I02,Samosa,Snacks,1,15.62,0,Card
T0000540,2025-07-04 09:57:49,S1068,I03,Masala Sandwich,Sandwiches,3,45.26,0,UPI
T0000541,2025-07-04 12:57:39,S1160,I04,Cold Coffee,Beverages,1,59.61,10,UPI
T0000541,2025-07-04 12:57:39,S1228,I06,Poha,Breakfast,2,29.32,10,UPI
T0000542,2025-07-04 09:01:44,S1233,I01,Veg Puff,Snacks,1,24.84,0,Card
T0000543,2025-07-04 12:59:35,S1287,I02,Samosa,Snacks,2,15.02,0,Cash
T0000543,2025-07-04 12:59:35,S1296,I06,Poha,Breakfast,2,29.55,0,Cash
T0000544,2025-07-04 08:15:40,S1226,I03,Masala Sandwich,Sandwiches,3,44.68,0,Cash
T0000545,2025-07-04 14:31:09,S1065,I04,Cold Coffee,Beverages,1,60.68,0,UPI
T0000545,2025-07-04 14:31:09,S1183,I01,Veg Puff,Snacks,2,25.25,5,Card
T0000546,2025-07-04 19:17:10,S1260,I05,Cutting Chai,Beverages,1,10.34,0,Cash
T0000546,2025-07-04 19:17:10,S1317,I01,Veg Puff,Snacks,2,23.68,0,Card
T0000547,2025-07-04 12:50:47,S1095,I03,Masala Sandwich,Sandwiches,1,45.37,0,UPI
T0000548,2025-07-04 18:54:17,S1220,I05,Cutting Chai,Beverages,2,10.7,0,UPI
T0000549,2025-07-04 14:17:38,S1392,I01,Veg Puff,Snacks,2,26.12,0,UPI
T0000550,2025-07-04 09:21:00,S1088,I02,Samosa,Snacks,5,14.63,0,Cash
T0000550,2025-07-04 09:21:00,S1396,I04,Cold Coffee,Beverages,1,60.06,0,UPI
T0000551,2025-07-04 14:58:14,S1268,I05,Cutting Chai,Beverages,1,9.17,0,UPI
T0000552,2025-07-04 14:38:20,S1271,I05,Cutting Chai,Beverages,1,9.95,0,UPI
T0000553,2025-07-04 08:51:53,S1043,I01,Veg Puff,Snacks,1,25.74,0,Card
T0000554,2025-07-04 13:47:41,S1091,I01,Veg Puff,Snacks,2,25.37,0,UPI
T0000555,2025-07-04 08:46:43,S1239,I03,Masala Sandwich,Sandwiches,1,44.82,0,UPI
T0000556,2025-07-04 18:04:42,S1176,I01,Veg Puff,Snacks,3,25.51,0,UPI
T0000556,2025-07-04 18:04:42,S1328,I03,Masala Sandwich,Sandwiches,1,45.28,0,Cash
T0000557,2025-07-04 13:25:54,S1096,I06,Poha,Breakfast,1,29.58,15,Card
T0000558,2025-07-04 08:37:40,S1362,I05,Cutting Chai,Beverages,1,9.98,0,Card
T0000559,2025-07-04 09:10:05,S1088,I02,Samosa,Snacks,2,15.67,0,Card
T0000560,2025-07-04 13:36:15,S1323,I06,Poha,Breakfast,2,29.84,5,Card
T0000561,2025-07-04 19:27:56,S1315,I03,Masala Sandwich,Sandwiches,1,44.64,0,Cash
T0000562,2025-07-04 14:33:58,S1207,I04,Cold Coffee,Beverages,2,59.45,10,Card
T0000563,2025-07-04 12:03:17,S1290,I04,Cold Coffee,Beverages,5,60.13,0,Cash
T0000564,2025-07-04 12:13:43,S1238,I06,Poha,Breakfast,1,29.98,0,UPI
T0000565,2025-07-04 09:28:59,S1011,I01,Veg Puff,Snacks,1,24.44,0,Cash
T0000566,2025-07-04 12:03:18,S1175,I02,Samosa,Snacks,4,14.22,0,Cash
T0000567,2025-07-04 13:59:29,S1298,I01,Veg Puff,Snacks,3,24.66,10,Cash
T0000567,2025-07-04 13:59:29,S1149,I02,Samosa,Snacks,2,14.8,0,UPI
T0000568,2025-07-04 14:27:34,S1113,I04,Cold Coffee,Beverages,2,60.54,0,Cash
T0000568,2025-07-04 14:27:34,S1302,I03,Masala Sandwich,Sandwiches,2,44.45,0,Cash
T0000569,2025-07-04 08:30:21,S1049,I01,Veg Puff,Snacks,3,25.67,0,Cash
T0000570,2025-07-04 09:58:48,S1220,I04,Cold Coffee,Beverages,1,59.7,0,Cash
T0000570,2025-07-04 09:58:48,S1394,I02,Samosa,Snacks,2,14.61,0,Card
T0000571,2025-07-04 08:20:47,S1276,I02,Samosa,Snacks,3,14.77,0,UPI
T0000572,2025-07-04 09:42:50,S1114,I06,Poha,Breakfast,1,32.09,0,Card
T0000572,2025-07-04 09:42:50,S1357,I01,Veg Puff,Snacks,1,25.31,0,Cash
T0000573,2025-07-04 09:07:44,S1274,I02,Samosa,Snacks,1,15.18,0,Card
T0000574,2025-07-04 09:16:17,S1282,I01,Veg Puff,Snacks,1,24.78,0,Card
T0000575,2025-07-04 12:50:58,S1276,I05,Cutting Chai,Beverages,5,10.19,0,Cash
T0000575,2025-07-04 12:50:58,S1324,I03,Masala Sandwich,Sandwiches,2,45.86,25,UPI
T0000576,2025-07-04 17:30:41,S1077,I03,Masala Sandwich,Sandwiches,4,45.21,0,Cash
T0000577,2025-07-04 12:36:39,S1020,I02,Samosa,Snacks,1,14.93,15,Card
T0000578,2025-07-04 13:10:21,S1093,I01,Veg Puff,Snacks,1,25.42,10,Card
T0000579,2025-07-04 14:53:09,S1149,I04,Cold Coffee,Beverages,1,60.13,0,Cash
T0000580,2025-07-04 13:34:22,S1220,I06,Poha,Breakfast,5,29.87,0,Cash
T0000581,2025-07-04 09:30:35,S1118,I04,Cold Coffee,Beverages,2,59.5,0,Cash
T0000581,2025-07-04 09:30:35,S1080,I05,Cutting Chai,Beverages,1,10.85,0,Card
T0000582,2025-07-04 14:20:56,S1395,I05,Cutting Chai,Beverages,1,10.31,0,Cash
T0000582,2025-07-04 14:20:56,S1298,I06,Poha,Breakfast,2,30.42,5,UPI
T0000583,2025-07-04 12:50:06,S1011,I06,Poha,Breakfast,1,28.93,0,UPI
T0000584,2025-07-04 12:32:26,S1195,I06,Poha,Breakfast,2,29.96,0,Cash
T0000585,2025-07-04 17:34:06,S1312,I01,Veg Puff,Snacks,2,24.49,0,Cash
T0000585,2025-07-04 17:34:06,S1254,I06,Poha,Breakfast,1,29.59,0,Cash
T0000586,2025-07-04 12:25:15,S1171,I01,Veg Puff,Snacks,1,25.59,0,Card
T0000587,2025-07-04 18:08:04,S1023,I06,Poha,Breakfast,1,29.2,5,Card
T0000587,2025-07-04 18:08:04,S1379,I02,Samosa,Snacks,1,15.04,0,Card
T0000588,2025-07-04 08:20:55,S1167,I02,Samosa,Snacks,1,14.83,0,Card
T0000589,2025-07-04 17:52:33,S1275,I06,Poha,Breakfast,3,29.11,0,Cash
T0000590,2025-07-04 12:59:30,S1379,I06,Poha,Breakfast,2,29.79,0,Card
T0000591,2025-07-04 13:21:45,S1310,I04,Cold Coffee,Beverages,1,60.49,15,Card
T0000592,2025-07-04 13:21:49,S1224,I02,Samosa,Snacks,3,14.86,0,Card
T0000592,2025-07-04 13:21:49,S1177,I03,Masala Sandwich,Sandwiches,2,44.66,0,Card
T0000593,2025-07-04 08:35:39,S1183,I04,Cold Coffee,Beverages,1,60.5,0,Card
T0000594,2025-07-04 09:36:53,S1121,I03,Masala Sandwich,Sandwiches,1,45.14,0,Cash
T0000594,2025-07-04 09:36:53,S1169,I02,Samosa,Snacks,1,15.41,0,Cash
T0000595,2025-07-04 18:08:34,S1062,I04,Cold Coffee,Beverages,1,60.09,0,Cash
T0000596,2025-07-04 12:22:22,S1076,I06,Poha,Breakfast,1,30.14,0,Card
T0000597,2025-07-04 17:19:34,S1064,I06,Poha,Breakfast,3,29.93,0,Cash
T0000597,2025-07-04 17:19:34,S1313,I04,Cold Coffee,Beverages,1,60.77,0,Card
T0000598,2025-07-04 09:52:07,S1252,I03,Masala Sandwich,Sandwiches,1,44.25,5,Cash
T0000599,2025-07-04 12:55:10,S1277,I06,Poha,Breakfast,2,29.25,0,Card
T0000600,2025-07-04 14:31:27,S1364,I01,Veg Puff,Snacks,1,25.24,0,UPI
T0000600,2025-07-04 14:31:27,S1364,I05,Cutting Chai,Beverages,2,9.6,0,Card
T0000601,2025-07-04 09:20:29,S1265,I01,Veg Puff,Snacks,1,25.58,10,Card
T0000601,2025-07-04 09:20:29,S1204,I03,Masala Sandwich,Sandwiches,1,45.44,15,Card
T0000602,2025-07-04 12:42:08,S1110,I02,Samosa,Snacks,3,14.99,0,Cash
T0000603,2025-07-04 13:09:12,S1279,I03,Masala Sandwich,Sandwiches,3,45.05,0,UPI
T0000604,2025-07-04 14:39:51,S1171,I01,Veg Puff,Snacks,1,23.42,0,Cash
T0000605,2025-07-04 08:01:56,S1038,I05,Cutting Chai,Beverages,1,10.53,0,Cash
T0000606,2025-07-04 13:14:59,S1170,I03,Masala Sandwich,Sandwiches,2,44.32,0,Card
T0000607,2025-07-04 14:30:00,S1399,I04,Cold Coffee,Beverages,2,59.86,0,Card
T0000607,2025-07-04 14:30:00,S1244,I02,Samosa,Snacks,3,13.38,0,UPI
T0000608,2025-07-04 18:14:35,S1174,I01,Veg Puff,Snacks,2,25.82,0,Cash
T0000608,2025-07-04 18:14:35,S1112,I03,Masala Sandwich,Sandwiches,5,45.46,0,Card
T0000609,2025-07-04 18:04:34,S1240,I06,Poha,Breakfast,1,29.67,0,UPI
T0000610,2025-07-04 17:19:26,S1192,I05,Cutting Chai,Beverages,5,10.18,0,UPI
T0000611,2025-07-04 19:41:37,S1344,I02,Samosa,Snacks,1,15.69,0,Card
T0000612,2025-07-04 12:20:42,S1063,I05,Cutting Chai,Beverages,3,9.43,0,UPI
T0000612,2025-07-04 12:20:42,S1227,I01,Veg Puff,Snacks,1,25.62,10,Card
T0000613,2025-07-04 08:20:03,S1191,I06,Poha,Breakfast,4,30.48,0,Card
T0000614,2025-07-04 14:13:11,S1365,I03,Masala Sandwich,Sandwiches,1,44.18,0,Card
T0000615,2025-07-04 09:35:37,S1395,I06,Poha,Breakfast,1,29.98,0,Card
T0000616,2025-07-04 14:09:34,S1136,I05,Cutting Chai,Beverages,3,10.16,0,Card
T0000617,2025-07-04 08:01:59,S1311,I01,Veg Puff,Snacks,1,23.99,0,Card
T0000618,2025-07-04 12:02:30,S1036,I01,Veg Puff,Snacks,2,22.83,0,UPI
T0000619,2025-07-04 14:15:43,S1125,I03,Masala Sandwich,Sandwiches,1,45.01,0,UPI
T0000620,2025-07-04 09:42:00,S1356,I05,Cutting Chai,Beverages,2,10.04,0,UPI
T0000621,2025-07-04 18:52:27,S1274,I02,Samosa,Snacks,1,14.69,0,Cash
T0000621,2025-07-04 18:52:27,S1357,I01,Veg Puff,Snacks,3,23.95,0,Card
T0000622,2025-07-04 09:40:12,S1001,I01,Veg Puff,Snacks,1,24.29,0,Card
T0000622,2025-07-04 09:40:12,S1382,I02,Samosa,Snacks,1,14.79,5,Card
T0000623,2025-07-04 14:37:30,S1204,I02,Samosa,Snacks,1,15.27,5,Card
T0000623,2025-07-04 14:37:30,S1267,I01,Veg Puff,Snacks,1,24.82,10,UPI
T0000624,2025-07-04 09:18:56,S1323,I03,Masala Sandwich,Sandwiches,1,45.04,0,Card
T0000625,2025-07-04 09:54:36,S1397,I01,Veg Puff,Snacks,1,24.89,0,Card
T0000625,2025-07-04 09:54:36,S1034,I03,Masala Sandwich,Sandwiches,3,43.83,5,Card
T0000626,2025-07-04 14:08:47,S1016,I06,Poha,Breakfast,5,29.35,0,Cash
T0000627,2025-07-04 09:48:02,S1098,I06,Poha,Breakfast,2,31.01,0,UPI
T0000628,2025-07-04 08:56:00,S1023,I04,Cold Coffee,Beverages,3,59.77,0,Cash
T0000628,2025-07-04 08:56:00,S1268,I03,Masala Sandwich,Sandwiches,1,44.31,0,Cash
T0000629,2025-07-04 17:05:06,S1397,I03,Masala Sandwich,Sandwiches,5,44.14,0,Cash
T0000630,2025-07-04 08:11:47,S1082,I03,Masala Sandwich,Sandwiches,1,44.66,0,Cash
T0000631,2025-07-04 17:41:31,S1398,I03,Masala Sandwich,Sandwiches,1,45.44,0,UPI
T0000632,2025-07-04 13:11:28,S1256,I06,Poha,Breakfast,4,30.43,0,UPI
T0000633,2025-07-04 14:08:08,S1182,I03,Masala Sandwich,Sandwiches,5,46.22,5,Card
T0000634,2025-07-04 08:02:24,S1168,I03,Masala Sandwich,Sandwiches,3,44.3,0,Card
T0000635,2025-07-04 19:05:30,S1249,I02,Samosa,Snacks,2,14.84,0,Cash
T0000636,2025-07-04 09:03:20,S1211,I05,Cutting Chai,Beverages,1,10.87,10,UPI
T0000637,2025-07-04 12:28:22,S1140,I03,Masala Sandwich,Sandwiches,1,44.97,0,Cash
T0000638,2025-07-04 14:21:49,S1187,I05,Cutting Chai,Beverages,4,8.26,0,UPI
T0000639,2025-07-04 12:42:11,S1254,I06,Poha,Breakfast,2,29.44,0,Card
T0000640,2025-07-04 08:50:48,S1149,I05,Cutting Chai,Beverages,1,9.27,0,UPI
T0000640,2025-07-04 08:50:48,S1386,I06,Poha,Breakfast,2,30.52,0,Card
T0000641,2025-07-04 14:31:51,S1116,I04,Cold Coffee,Beverages,3,60.06,0,Card
T0000642,2025-07-04 08:46:43,S1033,I04,Cold Coffee,Beverages,1,59.89,0,Cash
T0000642,2025-07-04 08:46:43,S1359,I03,Masala Sandwich,Sandwiches,2,45.63,0,UPI
T0000643,2025-07-04 12:30:02,S1220,I04,Cold Coffee,Beverages,2,60.06,0,UPI
T0000644,2025-07-04 14:26:19,S1045,I02,Samosa,Snacks,1,14.53,0,UPI
T0000645,2025-07-04 08:23:40,S1093,I03,Masala Sandwich,Sandwiches,1,44.36,0,Cash
T0000645,2025-07-04 08:23:40,S1386,I05,Cutting Chai,Beverages,1,9.77,15,Card
T0000646,2025-07-04 12:01:42,S1371,I06,Poha,Breakfast,3,30.16,0,UPI
T0000647,2025-07-04 09:02:20,S1303,I06,Poha,Breakfast,2,31.76,0,Cash
T0000648,2025-07-04 13:22:04,S1061,I02,Samosa,Snacks,1,14.22,0,Card
T0000649,2025-07-04 09:21:56,S1067,I03,Masala Sandwich,Sandwiches,1,44.8,0,UPI
T0000650,2025-07-04 09:05:50,S1360,I04,Cold Coffee,Beverages,1,59.74,0,Card
T0000650,2025-07-04 09:05:50,S1371,I02,Samosa,Snacks,1,14.8,0,UPI
T0000651,2025-07-04 08:05:07,S1185,I05,Cutting Chai,Beverages,2,10.21,0,Card
T0000652,2025-07-04 17:59:16,S1173,I03,Masala Sandwich,Sandwiches,2,44.45,0,Cash
T0000653,2025-07-04 19:28:24,S1172,I05,Cutting Chai,Beverages,1,9.56,0,Cash
T0000654,2025-07-04 12:47:33,S1044,I04,Cold Coffee,Beverages,2,60.27,0,Cash
T0000654,2025-07-04 12:47:33,S1329,I02,Samosa,Snacks,3,15.29,0,UPI
T0000655,2025-07-04 13:27:41,S1007,I01,Veg Puff,Snacks,1,25.13,0,UPI
T0000655,2025-07-04 13:27:41,S1278,I03,Masala Sandwich,Sandwiches,1,44.39,10,Cash
T0000656,2025-07-04 12:36:59,S1098,I04,Cold Coffee,Beverages,3,60.1,15,Card
T0000657,2025-07-04 09:15:56,S1352,I03,Masala Sandwich,Sandwiches,2,44.53,10,UPI
T0000658,2025-07-04 17:50:51,S1309,I03,Masala Sandwich,Sandwiches,2,45.06,0,Card
T0000658,2025-07-04 17:50:51,S1390,I06,Poha,Breakfast,2,29.83,0,UPI
T0000659,2025-07-04 09:20:38,S1336,I03,Masala Sandwich,Sandwiches,4,45.14,0,UPI
T0000660,2025-07-04 12:16:14,S1290,I03,Masala Sandwich,Sandwiches,1,46.03,0,Cash
T0000661,2025-07-04 19:03:03,S1386,I04,Cold Coffee,Beverages,1,58.96,5,Cash
T0000662,2025-07-04 08:57:36,S1083,I03,Masala Sandwich,Sandwiches,3,46.44,0,Cash
T0000663,2025-07-04 19:53:03,S1137,I06,Poha,Breakfast,1,30.05,0,Card
T0000664,2025-07-04 12:05:42,S1028,I04,Cold Coffee,Beverages,2,60.64,0,Cash
T0000665,2025-07-04 09:08:36,S1046,I06,Poha,Breakfast,2,31.56,0,Card
T0000666,2025-07-04 13:00:22,S1050,I05,Cutting Chai,Beverages,1,8.66,0,Card
T0000667,2025-07-04 09:24:18,S1104,I04,Cold Coffee,Beverages,1,59.74,0,Cash
T0000668,2025-07-04 12:17:31,S1387,I06,Poha,Breakfast,1,31.5,15,Cash
T0000668,2025-07-04 12:17:31,S1218,I01,Veg Puff,Snacks,1,24.46,0,Cash
T0000669,2025-07-04 13:15:55,S1378,I03,Masala Sandwich,Sandwiches,2,45.28,0,UPI
T0000670,2025-07-04 13:47:43,S1394,I01,Veg Puff,Snacks,3,23.9,0,UPI
T0000671,2025-07-04 08:58:41,S1110,I02,Samosa,Snacks,2,16.11,0,Cash
T0000672,2025-07-04 08:30:54,S1110,I03,Masala Sandwich,Sandwiches,1,44.67,0,UPI
T0000673,2025-07-04 09:58:22,S1385,I04,Cold Coffee,Beverages,1,61.18,10,UPI
T0000673,2025-07-04 09:58:22,S1048,I03,Masala Sandwich,Sandwiches,1,46.18,0,Cash
T0000674,2025-07-04 13:26:22,S1120,I02,Samosa,Snacks,1,14.67,10,Card
T0000675,2025-07-04 12:05:55,S1036,I05,Cutting Chai,Beverages,1,10.04,0,Card
T0000676,2025-07-04 13:05:26,S1100,I01,Veg Puff,Snacks,1,24.72,0,UPI
T0000676,2025-07-04 13:05:26,S1046,I04,Cold Coffee,Beverages,3,60.9,0,Cash
T0000677,2025-07-04 12:15:32,S1343,I03,Masala Sandwich,Sandwiches,1,45.18,0,UPI
T0000677,2025-07-04 12:15:32,S1242,I01,Veg Puff,Snacks,2,25.68,0,Cash
T0000678,2025-07-04 18:02:28,S1013,I05,Cutting Chai,Beverages,2,9.76,0,UPI
T0000679,2025-07-04 14:13:49,S1002,I02,Samosa,Snacks,2,13.91,0,Card
T0000680,2025-07-04 09:08:49,S1010,I05,Cutting Chai,Beverages,2,10.55,0,Cash
T0000681,2025-07-04 08:35:01,S1079,I06,Poha,Breakfast,2,30.22,0,Cash
T0000681,2025-07-04 08:35:01,S1312,I02,Samosa,Snacks,1,15.85,0,Cash
T0000682,2025-07-04 14:13:38,S1217,I03,Masala Sandwich,Sandwiches,1,45.18,0,Cash
T0000682,2025-07-04 14:13:38,S1215,I04,Cold Coffee,Beverages,1,60.06,0,Cash
T0000683,2025-07-04 12:30:05,S1015,I01,Veg Puff,Snacks,1,25.93,5,Cash
T0000684,2025-07-04 09:45:00,S1288,I04,Cold Coffee,Beverages,1,60.33,15,Cash
T0000685,2025-07-04 14:28:09,S1089,I01,Veg Puff,Snacks,1,24.66,0,Card
T0000686,2025-07-04 19:33:04,S1038,I02,Samosa,Snacks,1,14.89,0,Card
T0000687,2025-07-04 13:31:20,S1145,I03,Masala Sandwich,Sandwiches,1,44.7,10,UPI
T0000688,2025-07-04 09:07:38,S1374,I02,Samosa,Snacks,4,15.9,0,Cash
T0000689,2025-07-04 18:44:19,S1087,I06,Poha,Breakfast,1,30.4,0,UPI
T0000690,2025-07-04 12:25:52,S1117,I06,Poha,Breakfast,2,31.47,0,Card
T0000691,2025-07-04 09:03:23,S1298,I04,Cold Coffee,Beverages,1,60.46,0,Card
T0000692,2025-07-04 09:43:52,S1140,I02,Samosa,Snacks,1,14.11,0,Cash
T0000693,2025-07-04 18:38:36,S1057,I01,Veg Puff,Snacks,1,24.38,0,UPI
T0000694,2025-07-04 09:09:06,S1145,I01,Veg Puff,Snacks,2,25.59,0,Card
T0000695,2025-07-04 13:34:43,S1145,I03,Masala Sandwich,Sandwiches,2,44.44,15,Cash
T0000696,2025-07-04 08:44:39,S1255,I04,Cold Coffee,Beverages,3,60.3,0,UPI
T0000697,2025-07-04 14:55:35,S1368,I06,Poha,Breakfast,2,30.17,0,Card
T0000698,2025-07-04 09:57:36,S1112,I05,Cutting Chai,Beverages,1,10.4,0,Cash
T0000699,2025-07-04 08:17:27,S1119,I01,Veg Puff,Snacks,2,25.67,0,Card
T0000700,2025-07-04 08:38:05,S1135,I03,Masala Sandwich,Sandwiches,1,43.68,0,UPI
T0000700,2025-07-04 08:38:05,S1034,I06,Poha,Breakfast,1,30.81,0,UPI
T0000701,2025-07-04 13:03:07,S1091,I01,Veg Puff,Snacks,1,24.54,0,Cash
T0000701,2025-07-04 13:03:07,S1338,I04,Cold Coffee,Beverages,4,58.78,0,Card
T0000702,2025-07-04 14:25:10,S1025,I05,Cutting Chai,Beverages,1,10.94,5,UPI
T0000702,2025-07-04 14:25:10,S1026,I01,Veg Puff,Snacks,1,25.34,5,Card
T0000703,2025-07-04 13:49:49,S1056,I06,Poha,Breakfast,3,29.32,0,Card
T0000704,2025-07-04 09:32:18,S1229,I01,Veg Puff,Snacks,2,24.68,15,Card
T0000704,2025-07-04 09:32:18,S1073,I02,Samosa,Snacks,2,14.85,0,UPI
T0000705,2025-07-04 17:11:47,S1291,I02,Samosa,Snacks,3,14.95,0,Cash
T0000705,2025-07-04 17:11:47,S1063,I05,Cutting Chai,Beverages,3,11.24,0,Cash
T0000706,2025-07-04 18:16:33,S1343,I01,Veg Puff,Snacks,3,24.65,0,Card
T0000706,2025-07-04 18:16:33,S1007,I06,Poha,Breakfast,1,30.42,0,UPI
T0000707,2025-07-04 12:40:10,S1316,I02,Samosa,Snacks,2,14.81,0,Cash
T0000708,2025-07-04 14:02:30,S1393,I04,Cold Coffee,Beverages,4,59.24,0,Card
T0000709,2025-07-04 09:06:06,S1084,I03,Masala Sandwich,Sandwiches,1,45.16,0,Cash
T0000709,2025-07-04 09:06:06,S1358,I06,Poha,Breakfast,2,30.23,0,Cash
T0000710,2025-07-04 09:05:13,S1063,I01,Veg Puff,Snacks,2,25.1,0,Card
T0000710,2025-07-04 09:05:13,S1005,I04,Cold Coffee,Beverages,1,60.31,0,Cash
T0000711,2025-07-05 13:01:22,S1252,I03,Masala Sandwich,Sandwiches,1,45.76,15,UPI
T0000712,2025-07-05 18:47:59,S1392,I06,Poha,Breakfast,2,29.63,0,Cash
T0000712,2025-07-05 18:47:59,S1046,I05,Cutting Chai,Beverages,1,9.65,0,Cash
T0000713,2025-07-05 17:28:42,S1151,I02,Samosa,Snacks,1,14.6,0,UPI
T0000713,2025-07-05 17:28:42,S1297,I01,Veg Puff,Snacks,1,25.66,15,Cash
T0000714,2025-07-05 12:53:59,S1253,I04,Cold Coffee,Beverages,6,60.39,0,UPI
T0000714,2025-07-05 12:53:59,S1065,I01,Veg Puff,Snacks,1,25.56,0,Card
T0000715,2025-07-05 13:27:34,S1029,I01,Veg Puff,Snacks,3,24.76,5,UPI
T0000716,2025-07-05 09:40:45,S1178,I03,Masala Sandwich,Sandwiches,2,44.85,0,Card
T0000717,2025-07-05 14:30:49,S1157,I01,Veg Puff,Snacks,1,24.81,15,UPI
T0000717,2025-07-05 14:30:49,S1049,I04,Cold Coffee,Beverages,1,60.33,5,UPI
T0000718,2025-07-05 12:42:28,S1175,I06,Poha,Breakfast,5,30.29,25,UPI
T0000719,2025-07-05 12:45:16,S1223,I01,Veg Puff,Snacks,1,24.46,25,UPI
T0000720,2025-07-05 12:16:56,S1209,I02,Samosa,Snacks,1,14.97,0,Card
T0000720,2025-07-05 12:16:56,S1184,I04,Cold Coffee,Beverages,2,59.83,0,Cash
T0000721,2025-07-05 18:36:59,S1067,I04,Cold Coffee,Beverages,1,59.74,0,Cash
T0000722,2025-07-05 13:40:54,S1105,I01,Veg Puff,Snacks,2,24.95,0,UPI
T0000722,2025-07-05 13:40:54,S1321,I02,Samosa,Snacks,2,15.33,0,Card
T0000723,2025-07-05 19:13:09,S1206,I01,Veg Puff,Snacks,1,24.38,0,UPI
T0000724,2025-07-05 17:30:50,S1031,I03,Masala Sandwich,Sandwiches,4,44.92,0,Cash
T0000725,2025-07-05 09:49:36,S1291,I02,Samosa,Snacks,1,15.32,0,Cash
T0000725,2025-07-05 09:49:36,S1073,I04,Cold Coffee,Beverages,5,59.04,0,UPI
T0000726,2025-07-05 09:07:35,S1076,I01,Veg Puff,Snacks,2,24.73,0,Cash
T0000726,2025-07-05 09:07:35,S1177,I04,Cold Coffee,Beverages,2,59.75,0,UPI
T0000727,2025-07-05 18:36:50,S1128,I01,Veg Puff,Snacks,2,25.03,0,UPI
T0000727,2025-07-05 18:36:50,S1248,I02,Samosa,Snacks,1,16.53,0,UPI
T0000728,2025-07-05 09:08:31,S1366,I04,Cold Coffee,Beverages,1,58.79,0,UPI
T0000728,2025-07-05 09:08:31,S1196,I06,Poha,Breakfast,2,30.22,0,Card
T0000729,2025-07-05 12:23:36,S1128,I01,Veg Puff,Snacks,2,25.33,0,Card
T0000730,2025-07-05 14:12:28,S1236,I02,Samosa,Snacks,3,15.63,0,UPI
T0000731,2025-07-05 19:12:02,S1039,I02,Samosa,Snacks,1,15.95,0,Cash
T0000732,2025-07-05 09:51:11,S1222,I05,Cutting Chai,Beverages,2,9.37,5,Cash
T0000733,2025-07-05 12:10:46,S1072,I02,Samosa,Snacks,1,14.73,0,Cash
T0000734,2025-07-05 12:59:31,S1245,I06,Poha,Breakfast,5,30.21,0,Card
T0000735,2025-07-05 09:58:14,S1341,I04,Cold Coffee,Beverages,3,59.57,0,UPI
T0000736,2025-07-05 14:30:36,S1257,I01,Veg Puff,Snacks,1,24.87,0,UPI
T0000737,2025-07-05 17:05:55,S1103,I05,Cutting Chai,Beverages,1,10.0,0,UPI
T0000738,2025-07-05 08:08:51,S1156,I05,Cutting Chai,Beverages,3,11.11,0,Cash
T0000739,2025-07-05 09:30:50,S1003,I03,Masala Sandwich,Sandwiches,1,46.07,0,Cash
T0000740,2025-07-05 13:30:09,S1276,I01,Veg Puff,Snacks,2,25.37,0,Card
T0000741,2025-07-05 12:09:49,S1130,I03,Masala Sandwich,Sandwiches,2,44.26,0,Cash
T0000741,2025-07-05 12:09:49,S1089,I05,Cutting Chai,Beverages,1,9.75,0,Cash
T0000742,2025-07-05 14:27:58,S1044,I04,Cold Coffee,Beverages,1,60.04,0,Cash
T0000743,2025-07-05 09:49:53,S1134,I03,Masala Sandwich,Sandwiches,4,44.9,0,Card
T0000744,2025-07-05 09:58:08,S1193,I04,Cold Coffee,Beverages,1,60.43,0,Card
T0000745,2025-07-05 14:07:56,S1111,I03,Masala Sandwich,Sandwiches,2,45.73,0,Card
T0000746,2025-07-05 19:16:14,S1084,I06,Poha,Breakfast,1,29.19,0,Card
T0000747,2025-07-05 14:23:54,S1392,I06,Poha,Breakfast,1,29.85,0,Cash
T0000748,2025-07-05 13:28:50,S1261,I02,Samosa,Snacks,1,15.24,0,UPI
T0000749,2025-07-05 14:16:29,S1238,I06,Poha,Breakfast,1,30.59,0,UPI
T0000750,2025-07-05 14:27:14,S1170,I05,Cutting Chai,Beverages,1,9.62,0,Cash
T0000750,2025-07-05 14:27:14,S1125,I01,Veg Puff,Snacks,1,24.54,0,Card
T0000751,2025-07-05 08:40:12,S1289,I03,Masala Sandwich,Sandwiches,1,45.43,0,Card
T0000752,2025-07-05 13:46:41,S1349,I02,Samosa,Snacks,4,15.13,0,Card
T0000753,2025-07-05 17:06:36,S1249,I04,Cold Coffee,Beverages,3,60.02,0,UPI
T0000754,2025-07-05 08:19:25,S1078,I06,Poha,Breakfast,3,30.29,0,Cash
T0000755,2025-07-05 14:24:36,S1293,I03,Masala Sandwich,Sandwiches,3,45.29,0,Cash
T0000756,2025-07-05 09:18:46,S1161,I04,Cold Coffee,Beverages,2,60.1,0,UPI
T0000757,2025-07-05 12:11:58,S1176,I04,Cold Coffee,Beverages,4,60.58,0,Card
T0000758,2025-07-05 08:49:46,S1141,I02,Samosa,Snacks,2,14.76,0,Card
T0000759,2025-07-05 12:46:14,S1143,I01,Veg Puff,Snacks,3,25.98,0,Cash
T0000759,2025-07-05 12:46:14,S1394,I05,Cutting Chai,Beverages,2,10.24,0,Card
T0000760,2025-07-05 17:19:09,S1011,I03,Masala Sandwich,Sandwiches,1,44.55,15,Cash
T0000761,2025-07-05 09:33:31,S1295,I04,Cold Coffee,Beverages,1,60.58,0,UPI
T0000762,2025-07-05 19:31:54,S1092,I04,Cold Coffee,Beverages,1,60.01,5,Cash
T0000762,2025-07-05 19:31:54,S1200,I02,Samosa,Snacks,2,14.48,0,Card
T0000763,2025-07-05 08:13:14,S1040,I01,Veg Puff,Snacks,2,25.2,0,Cash
T0000764,2025-07-05 09:16:39,S1213,I01,Veg Puff,Snacks,2,24.04,25,Cash
T0000764,2025-07-05 09:16:39,S1316,I03,Masala Sandwich,Sandwiches,1,43.45,5,Card
T0000765,2025-07-05 19:54:20,S1210,I05,Cutting Chai,Beverages,1,9.91,0,UPI
T0000766,2025-07-05 12:27:38,S1079,I01,Veg Puff,Snacks,1,25.18,0,Cash
T0000766,2025-07-05 12:27:38,S1108,I03,Masala Sandwich,Sandwiches,3,45.16,0,Card
T0000767,2025-07-05 08:00:15,S1017,I04,Cold Coffee,Beverages,2,60.02,0,Cash
T0000767,2025-07-05 08:00:15,S1047,I01,Veg Puff,Snacks,1,26.42,0,Card
T0000768,2025-07-05 14:11:57,S1011,I05,Cutting Chai,Beverages,1,8.86,0,Cash
T0000769,2025-07-05 13:21:07,S1340,I06,Poha,Breakfast,1,30.38,15,Cash
T0000770,2025-07-05 19:32:41,S1193,I03,Masala Sandwich,Sandwiches,2,44.56,0,Card
T0000771,2025-07-05 19:14:12,S1124,I03,Masala Sandwich,Sandwiches,1,45.85,15,UPI
T0000772,2025-07-05 18:21:32,S1322,I02,Samosa,Snacks,2,14.15,0,Card
T0000773,2025-07-05 13:38:45,S1315,I03,Masala Sandwich,Sandwiches,1,44.35,0,Card
T0000774,2025-07-05 19:42:05,S1340,I06,Poha,Breakfast,2,30.2,0,UPI
T0000775,2025-07-05 14:01:33,S1037,I02,Samosa,Snacks,1,14.0,0,UPI
T0000776,2025-07-05 08:21:43,S1116,I01,Veg Puff,Snacks,1,25.65,0,UPI
T0000777,2025-07-05 13:34:35,S1040,I05,Cutting Chai,Beverages,1,10.81,0,Cash
T0000778,2025-07-05 08:14:41,S1155,I03,Masala Sandwich,Sandwiches,1,45.05,10,Card
T0000778,2025-07-05 08:14:41,S1332,I01,Veg Puff,Snacks,3,24.9,0,Card
T0000779,2025-07-05 12:22:07,S1175,I06,Poha,Breakfast,2,30.68,25,Cash
T0000780,2025-07-05 09:54:12,S1028,I01,Veg Puff,Snacks,2,24.18,0,Card
T0000781,2025-07-05 08:09:50,S1215,I05,Cutting Chai,Beverages,4,10.66,0,Cash
T0000782,2025-07-05 12:43:07,S1014,I06,Poha,Breakfast,1,29.21,0,Card
T0000782,2025-07-05 12:43:07,S1358,I05,Cutting Chai,Beverages,4,9.59,0,Cash
T0000783,2025-07-05 17:29:07,S1389,I05,Cutting Chai,Beverages,3,10.03,5,Cash
T0000783,2025-07-05 17:29:07,S1273,I03,Masala Sandwich,Sandwiches,2,45.4,0,Cash
T0000784,2025-07-05 13:03:35,S1101,I06,Poha,Breakfast,1,30.18,0,UPI
T0000784,2025-07-05 13:03:35,S1243,I05,Cutting Chai,Beverages,3,10.82,0,UPI
T0000785,2025-07-05 08:04:05,S1351,I02,Samosa,Snacks,3,14.71,0,Cash
T0000786,2025-07-05 12:50:31,S1263,I04,Cold Coffee,Beverages,2,59.16,0,UPI
T0000787,2025-07-05 09:46:38,S1040,I02,Samosa,Snacks,2,14.88,5,Cash
T0000788,2025-07-05 09:40:08,S1129,I04,Cold Coffee,Beverages,5,60.12,0,Cash
T0000788,2025-07-05 09:40:08,S1189,I06,Poha,Breakfast,1,30.12,0,UPI
T0000789,2025-07-05 14:27:31,S1354,I02,Samosa,Snacks,1,14.22,0,UPI
T0000790,2025-07-05 12:04:48,S1093,I03,Masala Sandwich,Sandwiches,1,44.61,0,Cash
T0000791,2025-07-05 18:04:10,S1007,I04,Cold Coffee,Beverages,3,60.18,5,UPI
T0000792,2025-07-05 09:15:00,S1190,I04,Cold Coffee,Beverages,1,60.13,0,Card
T0000792,2025-07-05 09:15:00,S1179,I05,Cutting Chai,Beverages,2,9.47,0,Cash
T0000793,2025-07-05 08:48:58,S1023,I03,Masala Sandwich,Sandwiches,2,44.58,0,UPI
T0000793,2025-07-05 08:48:58,S1366,I04,Cold Coffee,Beverages,1,59.82,10,Card
T0000794,2025-07-05 12:24:02,S1105,I02,Samosa,Snacks,1,15.13,0,Cash
T0000795,2025-07-05 14:33:53,S1010,I02,Samosa,Snacks,7,14.89,0,UPI
T0000796,2025-07-05 14:24:06,S1318,I02,Samosa,Snacks,1,15.95,0,UPI
T0000797,2025-07-05 19:32:23,S1237,I03,Masala Sandwich,Sandwiches,3,44.86,0,Card
T0000798,2025-07-05 08:12:44,S1333,I06,Poha,Breakfast,1,30.92,0,UPI
T0000799,2025-07-05 17:57:38,S1129,I03,Masala Sandwich,Sandwiches,1,45.22,0,Card
T0000800,2025-07-05 09:59:02,S1088,I06,Poha,Breakfast,2,30.76,0,UPI
T0000801,2025-07-05 19:20:21,S1344,I03,Masala Sandwich,Sandwiches,1,44.92,0,Cash
T0000801,2025-07-05 19:20:21,S1319,I01,Veg Puff,Snacks,2,25.21,0,Cash
T0000802,2025-07-05 18:25:24,S1354,I04,Cold Coffee,Beverages,2,59.99,0,UPI
T0000802,2025-07-05 18:25:24,S1228,I06,Poha,Breakfast,1,29.8,0,Card
T0000803,2025-07-05 19:14:29,S1079,I06,Poha,Breakfast,2,31.43,0,UPI
T0000804,2025-07-05 14:00:49,S1023,I05,Cutting Chai,Beverages,1,10.17,0,Cash
T0000805,2025-07-05 12:47:40,S1374,I03,Masala Sandwich,Sandwiches,1,45.07,15,Cash
T0000806,2025-07-05 08:22:34,S1081,I02,Samosa,Snacks,2,14.41,0,Cash
T0000807,2025-07-05 14:27:41,S1267,I04,Cold Coffee,Beverages,2,59.85,0,Card
T0000808,2025-07-05 14:14:02,S1355,I04,Cold Coffee,Beverages,4,59.79,15,UPI
T0000809,2025-07-05 09:40:27,S1331,I06,Poha,Breakfast,2,31.07,15,Cash
T0000810,2025-07-05 12:54:46,S1205,I01,Veg Puff,Snacks,1,25.46,0,Card
T0000811,2025-07-05 13:16:15,S1346,I02,Samosa,Snacks,1,15.79,0,Card
T0000811,2025-07-05 13:16:15,S1008,I06,Poha,Breakfast,1,28.95,15,UPI
T0000812,2025-07-05 12:04:48,S1233,I05,Cutting Chai,Beverages,1,9.88,0,Card
T0000812,2025-07-05 12:04:48,S1339,I06,Poha,Breakfast,1,29.61,0,Card
T0000813,2025-07-05 17:29:32,S1395,I02,Samosa,Snacks,1,15.79,0,UPI
T0000814,2025-07-05 09:04:52,S1238,I04,Cold Coffee,Beverages,1,59.69,0,Cash
T0000815,2025-07-05 14:44:04,S1074,I04,Cold Coffee,Beverages,1,59.27,0,Cash
T0000816,2025-07-05 09:36:51,S1108,I01,Veg Puff,Snacks,1,24.28,0,Cash
T0000817,2025-07-05 12:54:45,S1135,I05,Cutting Chai,Beverages,1,10.76,15,Card
T0000818,2025-07-05 18:26:45,S1225,I05,Cutting Chai,Beverages,1,10.85,0,Card
T0000819,2025-07-05 12:20:02,S1150,I06,Poha,Breakfast,2,29.96,5,UPI
T0000819,2025-07-05 12:20:02,S1046,I04,Cold Coffee,Beverages,2,59.56,5,Card
T0000820,2025-07-05 13:56:39,S1384,I04,Cold Coffee,Beverages,3,60.09,0,Cash
T0000820,2025-07-05 13:56:39,S1040,I05,Cutting Chai,Beverages,3,10.41,0,UPI
T0000821,2025-07-05 12:52:39,S1258,I05,Cutting Chai,Beverages,2,10.45,0,Card
T0000822,2025-07-05 09:04:11,S1314,I05,Cutting Chai,Beverages,1,9.71,0,Card
T0000823,2025-07-05 12:09:40,S1068,I02,Samosa,Snacks,1,14.89,0,UPI
T0000823,2025-07-05 12:09:40,S1217,I03,Masala Sandwich,Sandwiches,1,46.54,0,Cash
T0000824,2025-07-05 09:02:07,S1335,I04,Cold Coffee,Beverages,1,60.12,0,Cash
T0000825,2025-07-05 12:56:48,S1071,I02,Samosa,Snacks,1,15.25,0,Card
T0000826,2025-07-05 08:10:35,S1037,I01,Veg Puff,Snacks,3,25.84,0,UPI
T0000827,2025-07-05 14:40:45,S1244,I02,Samosa,Snacks,2,13.96,5,Card
T0000827,2025-07-05 14:40:45,S1359,I05,Cutting Chai,Beverages,2,9.3,0,Card
T0000828,2025-07-05 13:46:23,S1297,I04,Cold Coffee,Beverages,5,59.4,0,UPI
T0000829,2025-07-05 12:19:51,S1146,I01,Veg Puff,Snacks,1,24.77,0,Card
T0000829,2025-07-05 12:19:51,S1056,I05,Cutting Chai,Beverages,3,9.68,0,Cash
T0000830,2025-07-05 09:43:55,S1163,I03,Masala Sandwich,Sandwiches,1,45.67,0,Cash
T0000831,2025-07-05 12:43:25,S1237,I06,Poha,Breakfast,2,29.32,5,Card
T0000831,2025-07-05 12:43:25,S1044,I04,Cold Coffee,Beverages,3,59.6,0,Cash
T0000832,2025-07-05 14:52:21,S1130,I01,Veg Puff,Snacks,1,25.11,0,UPI
T0000832,2025-07-05 14:52:21,S1350,I04,Cold Coffee,Beverages,1,59.88,15,UPI
T0000833,2025-07-05 12:10:36,S1051,I06,Poha,Breakfast,1,28.59,0,UPI
T0000833,2025-07-05 12:10:36,S1325,I01,Veg Puff,Snacks,3,25.36,10,UPI
T0000834,2025-07-05 13:25:36,S1271,I03,Masala Sandwich,Sandwiches,1,44.07,0,Card
T0000835,2025-07-05 09:36:11,S1322,I05,Cutting Chai,Beverages,1,10.36,0,Card
T0000836,2025-07-05 14:14:22,S1182,I05,Cutting Chai,Beverages,1,10.08,0,Card
T0000836,2025-07-05 14:14:22,S1353,I02,Samosa,Snacks,2,14.7,0,Card
T0000837,2025-07-05 08:07:16,S1318,I06,Poha,Breakfast,5,29.47,0,Card
T0000838,2025-07-05 12:44:28,S1105,I06,Poha,Breakfast,2,30.39,0,Cash
T0000839,2025-07-05 12:10:54,S1355,I06,Poha,Breakfast,3,28.81,0,Card
T0000840,2025-07-05 13:28:24,S1029,I05,Cutting Chai,Beverages,1,11.39,0,UPI
T0000840,2025-07-05 13:28:24,S1309,I02,Samosa,Snacks,1,14.61,0,Card
T0000841,2025-07-05 12:26:32,S1195,I03,Masala Sandwich,Sandwiches,5,45.5,0,Card
T0000841,2025-07-05 12:26:32,S1039,I04,Cold Coffee,Beverages,1,60.38,0,Card
T0000842,2025-07-05 09:25:00,S1338,I06,Poha,Breakfast,2,30.96,0,Card
T0000843,2025-07-05 12:46:14,S1345,I03,Masala Sandwich,Sandwiches,1,44.54,0,Cash
T0000843,2025-07-05 12:46:14,S1268,I06,Poha,Breakfast,1,29.94,0,UPI
T0000844,2025-07-05 17:47:26,S1307,I02,Samosa,Snacks,1,14.5,15,UPI
T0000845,2025-07-05 19:40:29,S1054,I02,Samosa,Snacks,3,16.0,0,UPI
T0000846,2025-07-05 09:37:04,S1265,I03,Masala Sandwich,Sandwiches,1,44.97,0,Cash
T0000847,2025-07-05 09:03:43,S1024,I04,Cold Coffee,Beverages,5,58.4,0,UPI
T0000848,2025-07-05 12:16:30,S1244,I02,Samosa,Snacks,2,15.79,0,Cash
T0000848,2025-07-05 12:16:30,S1241,I06,Poha,Breakfast,1,30.18,0,Cash
T0000849,2025-07-05 14:36:48,S1202,I04,Cold Coffee,Beverages,2,59.17,15,UPI
T0000849,2025-07-05 14:36:48,S1132,I01,Veg Puff,Snacks,2,25.68,10,UPI
T0000850,2025-07-05 08:58:01,S1106,I04,Cold Coffee,Beverages,2,60.44,0,Cash
T0000850,2025-07-05 08:58:01,S1211,I05,Cutting Chai,Beverages,2,9.66,0,UPI
T0000851,2025-07-05 17:49:08,S1022,I06,Poha,Breakfast,1,29.8,0,Card
T0000851,2025-07-05 17:49:08,S1323,I02,Samosa,Snacks,4,14.75,0,UPI
T0000852,2025-07-05 12:38:36,S1034,I06,Poha,Breakfast,4,30.61,0,UPI
T0000852,2025-07-05 12:38:36,S1174,I05,Cutting Chai,Beverages,1,9.61,0,Cash
T0000853,2025-07-05 08:28:36,S1376,I02,Samosa,Snacks,1,16.1,0,Card
T0000854,2025-07-05 12:17:22,S1364,I06,Poha,Breakfast,2,29.44,10,UPI
T0000855,2025-07-05 12:22:59,S1390,I06,Poha,Breakfast,3,30.11,10,Cash
T0000856,2025-07-05 09:55:16,S1076,I02,Samosa,Snacks,1,14.89,0,Card
T0000857,2025-07-05 12:58:56,S1381,I04,Cold Coffee,Beverages,4,59.99,0,UPI
T0000857,2025-07-05 12:58:56,S1309,I05,Cutting Chai,Beverages,1,9.5,0,Card
T0000858,2025-07-05 14:20:38,S1312,I02,Samosa,Snacks,1,14.88,10,UPI
T0000859,2025-07-05 14:20:34,S1024,I03,Masala Sandwich,Sandwiches,1,45.55,0,UPI
T0000860,2025-07-05 08:58:21,S1240,I03,Masala Sandwich,Sandwiches,3,44.87,5,UPI
T0000860,2025-07-05 08:58:21,S1300,I04,Cold Coffee,Beverages,3,60.3,0,UPI
T0000861,2025-07-05 08:57:00,S1290,I03,Masala Sandwich,Sandwiches,1,44.55,0,UPI
T0000862,2025-07-05 08:06:23,S1380,I02,Samosa,Snacks,1,14.61,10,Card
T0000863,2025-07-05 08:17:17,S1183,I01,Veg Puff,Snacks,2,24.92,0,Card
T0000863,2025-07-05 08:17:17,S1073,I05,Cutting Chai,Beverages,1,9.27,0,UPI
T0000864,2025-07-05 14:13:57,S1020,I06,Poha,Breakfast,1,29.69,0,Card
T0000865,2025-07-05 09:44:22,S1132,I03,Masala Sandwich,Sandwiches,3,45.45,0,Card
T0000866,2025-07-05 09:02:19,S1348,I06,Poha,Breakfast,1,29.14,0,Card
T0000867,2025-07-05 17:54:51,S1302,I01,Veg Puff,Snacks,1,23.66,5,UPI
T0000867,2025-07-05 17:54:51,S1073,I02,Samosa,Snacks,1,15.83,0,Cash
T0000868,2025-07-05 09:49:47,S1360,I06,Poha,Breakfast,3,30.07,0,UPI
T0000869,2025-07-05 09:43:28,S1387,I01,Veg Puff,Snacks,1,25.05,0,UPI
T0000870,2025-07-05 08:41:42,S1047,I02,Samosa,Snacks,3,15.19,0,Card
T0000870,2025-07-05 08:41:42,S1035,I01,Veg Puff,Snacks,2,24.37,0,Card
T0000871,2025-07-05 14:59:41,S1176,I01,Veg Puff,Snacks,1,25.54,0,Card
T0000871,2025-07-05 14:59:41,S1318,I04,Cold Coffee,Beverages,5,59.92,0,UPI
T0000872,2025-07-05 12:49:16,S1313,I06,Poha,Breakfast,1,28.77,0,UPI
T0000873,2025-07-05 08:24:54,S1395,I05,Cutting Chai,Beverages,3,9.68,0,UPI
T0000874,2025-07-05 09:20:05,S1381,I03,Masala Sandwich,Sandwiches,2,46.14,0,Card
T0000874,2025-07-05 09:20:05,S1119,I04,Cold Coffee,Beverages,1,59.33,0,UPI
T0000875,2025-07-05 08:20:01,S1210,I06,Poha,Breakfast,2,30.27,0,UPI
T0000875,2025-07-05 08:20:01,S1353,I05,Cutting Chai,Beverages,1,10.99,0,Card
T0000876,2025-07-05 12:26:27,S1008,I02,Samosa,Snacks,2,15.02,0,Cash
T0000877,2025-07-05 17:20:45,S1365,I04,Cold Coffee,Beverages,1,59.52,0,Card
T0000878,2025-07-05 12:49:44,S1304,I02,Samosa,Snacks,3,15.52,0,Cash
T0000878,2025-07-05 12:49:44,S1147,I04,Cold Coffee,Beverages,1,59.07,0,Cash
T0000879,2025-07-05 17:53:32,S1342,I01,Veg Puff,Snacks,1,24.48,0,UPI
T0000880,2025-07-05 17:17:18,S1342,I05,Cutting Chai,Beverages,4,9.73,0,UPI
T0000881,2025-07-05 09:07:58,S1274,I04,Cold Coffee,Beverages,1,59.09,0,UPI
T0000881,2025-07-05 09:07:58,S1395,I01,Veg Puff,Snacks,2,25.55,0,Cash
T0000882,2025-07-05 13:54:14,S1161,I05,Cutting Chai,Beverages,1,10.53,0,Cash
T0000883,2025-07-05 12:51:17,S1106,I05,Cutting Chai,Beverages,1,11.09,0,UPI
T0000884,2025-07-05 13:42:22,S1034,I02,Samosa,Snacks,2,14.75,0,UPI
T0000885,2025-07-05 12:42:50,S1078,I05,Cutting Chai,Beverages,2,9.98,0,Cash
T0000885,2025-07-05 12:42:50,S1355,I04,Cold Coffee,Beverages,6,60.25,0,Cash
T0000886,2025-07-05 12:58:18,S1207,I03,Masala Sandwich,Sandwiches,1,44.04,0,UPI
T0000887,2025-07-05 13:31:47,S1189,I06,Poha,Breakfast,2,31.04,0,Card
T0000888,2025-07-05 09:40:49,S1089,I05,Cutting Chai,Beverages,3,9.48,10,Card
T0000889,2025-07-05 19:21:17,S1035,I06,Poha,Breakfast,1,30.05,0,Cash
T0000890,2025-07-05 14:25:28,S1000,I02,Samosa,Snacks,1,15.12,0,Card
T0000891,2025-07-05 13:46:35,S1155,I01,Veg Puff,Snacks,2,25.22,0,Card
T0000892,2025-07-05 14:37:07,S1255,I04,Cold Coffee,Beverages,3,60.2,0,Card
T0000892,2025-07-05 14:37:07,S1306,I01,Veg Puff,Snacks,4,24.58,0,UPI
T0000893,2025-07-05 19:32:16,S1311,I05,Cutting Chai,Beverages,3,9.54,0,Card
T0000894,2025-07-05 08:50:21,S1269,I03,Masala Sandwich,Sandwiches,3,45.23,0,Card
T0000894,2025-07-05 08:50:21,S1128,I04,Cold Coffee,Beverages,3,59.77,0,Cash
T0000895,2025-07-05 08:48:47,S1101,I04,Cold Coffee,Beverages,1,60.63,0,Cash
T0000896,2025-07-05 18:17:42,S1345,I02,Samosa,Snacks,1,15.56,0,Card
T0000897,2025-07-05 12:49:21,S1024,I02,Samosa,Snacks,3,16.03,0,Card
T0000898,2025-07-05 17:08:20,S1056,I05,Cutting Chai,Beverages,1,9.79,0,Cash
T0000899,2025-07-05 08:45:55,S1276,I03,Masala Sandwich,Sandwiches,2,44.32,10,UPI
T0000900,2025-07-05 19:30:11,S1158,I04,Cold Coffee,Beverages,2,59.53,15,Cash
T0000901,2025-07-05 12:42:02,S1337,I06,Poha,Breakfast,1,30.38,0,UPI
T0000901,2025-07-05 12:42:02,S1118,I04,Cold Coffee,Beverages,3,59.26,0,Card
T0000902,2025-07-05 17:24:19,S1226,I02,Samosa,Snacks,2,15.17,5,Cash
T0000902,2025-07-05 17:24:19,S1101,I05,Cutting Chai,Beverages,2,9.42,0,Cash
T0000903,2025-07-05 19:41:07,S1229,I06,Poha,Breakfast,1,30.52,0,Cash
T0000904,2025-07-05 12:39:55,S1367,I05,Cutting Chai,Beverages,1,9.99,0,Card
T0000905,2025-07-05 14:17:38,S1045,I02,Samosa,Snacks,1,16.1,0,UPI
T0000905,2025-07-05 14:17:38,S1399,I05,Cutting Chai,Beverages,3,10.06,0,Cash
T0000906,2025-07-05 13:13:12,S1160,I06,Poha,Breakfast,2,30.22,0,UPI
T0000906,2025-07-05 13:13:12,S1022,I05,Cutting Chai,Beverages,1,9.64,0,Card
T0000907,2025-07-05 08:39:46,S1120,I05,Cutting Chai,Beverages,2,9.76,0,Cash
T0000907,2025-07-05 08:39:46,S1293,I04,Cold Coffee,Beverages,1,59.71,0,UPI
T0000908,2025-07-05 09:42:41,S1007,I05,Cutting Chai,Beverages,2,8.11,0,Cash
T0000909,2025-07-05 17:59:31,S1319,I06,Poha,Breakfast,1,29.74,15,UPI
T0000910,2025-07-05 12:23:59,S1076,I05,Cutting Chai,Beverages,1,10.87,0,Card
T0000910,2025-07-05 12:23:59,S1035,I06,Poha,Breakfast,2,30.64,0,Cash
T0000911,2025-07-05 09:22:25,S1024,I06,Poha,Breakfast,1,30.14,0,UPI
T0000912,2025-07-05 13:07:11,S1257,I06,Poha,Breakfast,2,31.42,0,UPI
T0000913,2025-07-05 09:09:18,S1160,I03,Masala Sandwich,Sandwiches,1,44.74,0,Card
T0000913,2025-07-05 09:09:18,S1203,I06,Poha,Breakfast,1,30.26,0,UPI
T0000914,2025-07-05 19:25:44,S1112,I04,Cold Coffee,Beverages,2,60.67,0,Card
T0000915,2025-07-05 14:25:40,S1189,I06,Poha,Breakfast,1,30.04,15,UPI
T0000916,2025-07-05 09:58:59,S1342,I05,Cutting Chai,Beverages,2,9.95,0,UPI
T0000917,2025-07-05 14:56:44,S1302,I02,Samosa,Snacks,1,14.16,0,UPI
T0000918,2025-07-05 17:12:54,S1269,I01,Veg Puff,Snacks,2,24.21,0,UPI
T0000919,2025-07-05 14:43:31,S1303,I05,Cutting Chai,Beverages,2,9.83,0,Cash
T0000920,2025-07-05 17:28:03,S1373,I06,Poha,Breakfast,1,29.41,0,Cash
T0000921,2025-07-05 08:43:59,S1106,I05,Cutting Chai,Beverages,3,10.86,5,Cash
T0000922,2025-07-05 09:51:15,S1037,I03,Masala Sandwich,Sandwiches,1,45.24,5,UPI
T0000923,2025-07-05 13:02:57,S1187,I03,Masala Sandwich,Sandwiches,1,45.52,0,Cash
T0000924,2025-07-05 12:07:18,S1296,I04,Cold Coffee,Beverages,4,58.24,0,Cash
T0000925,2025-07-05 09:56:36,S1089,I04,Cold Coffee,Beverages,1,59.26,0,UPI
T0000926,2025-07-05 08:01:09,S1021,I01,Veg Puff,Snacks,1,25.05,0,UPI
T0000927,2025-07-05 08:29:18,S1293,I02,Samosa,Snacks,3,15.38,0,UPI
T0000928,2025-07-05 12:03:01,S1235,I04,Cold Coffee,Beverages,2,59.83,0,Card
T0000929,2025-07-05 12:58:52,S1015,I01,Veg Puff,Snacks,1,25.09,0,Cash
T0000930,2025-07-05 12:29:46,S1210,I05,Cutting Chai,Beverages,2,10.58,0,Cash
T0000931,2025-07-05 14:26:24,S1350,I06,Poha,Breakfast,3,29.37,0,Card
T0000931,2025-07-05 14:26:24,S1137,I02,Samosa,Snacks,3,14.02,0,UPI
T0000932,2025-07-05 13:33:34,S1179,I01,Veg Puff,Snacks,1,23.97,0,UPI
T0000933,2025-07-05 17:38:08,S1173,I02,Samosa,Snacks,1,15.25,0,UPI
T0000934,2025-07-05 09:56:37,S1094,I06,Poha,Breakfast,1,29.73,0,UPI
T0000934,2025-07-05 09:56:37,S1096,I01,Veg Puff,Snacks,2,25.37,0,Card
T0000935,2025-07-05 09:08:07,S1326,I04,Cold Coffee,Beverages,2,60.43,0,UPI
T0000935,2025-07-05 09:08:07,S1030,I02,Samosa,Snacks,1,14.45,0,Cash
T0000936,2025-07-05 17:34:33,S1008,I03,Masala Sandwich,Sandwiches,1,45.38,0,Cash
T0000937,2025-07-05 18:52:02,S1354,I01,Veg Puff,Snacks,1,24.78,0,UPI
T0000938,2025-07-05 12:56:14,S1397,I01,Veg Puff,Snacks,2,24.55,0,Card
T0000939,2025-07-05 12:55:34,S1057,I06,Poha,Breakfast,1,30.68,0,UPI
T0000940,2025-07-05 13:43:22,S1341,I01,Veg Puff,Snacks,1,24.69,0,UPI
T0000941,2025-07-05 09:09:29,S1392,I06,Poha,Breakfast,2,29.68,0,UPI
T0000942,2025-07-05 14:19:30,S1071,I02,Samosa,Snacks,2,15.25,0,UPI
T0000942,2025-07-05 14:19:30,S1325,I05,Cutting Chai,Beverages,1,9.45,0,Card
T0000943,2025-07-05 09:36:55,S1184,I04,Cold Coffee,Beverages,1,61.1,0,Cash
T0000944,2025-07-05 09:56:58,S1254,I06,Poha,Breakfast,4,29.96,0,Cash
T0000945,2025-07-05 08:05:07,S1392,I01,Veg Puff,Snacks,1,24.2,0,UPI
T0000946,2025-07-05 18:43:14,S1126,I03,Masala Sandwich,Sandwiches,1,45.12,0,UPI
T0000947,2025-07-05 08:47:12,S1212,I05,Cutting Chai,Beverages,4,10.65,0,Card
T0000948,2025-07-05 09:41:50,S1198,I06,Poha,Breakfast,4,30.14,0,Cash
T0000949,2025-07-05 09:51:20,S1108,I06,Poha,Breakfast,1,30.76,0,Card
T0000949,2025-07-05 09:51:20,S1029,I01,Veg Puff,Snacks,1,24.74,0,Card
T0000950,2025-07-05 13:27:18,S1069,I05,Cutting Chai,Beverages,3,9.48,15,Card
T0000950,2025-07-05 13:27:18,S1176,I06,Poha,Breakfast,5,29.97,0,UPI
T0000951,2025-07-05 18:46:53,S1141,I04,Cold Coffee,Beverages,2,60.57,0,Cash
T0000951,2025-07-05 18:46:53,S1030,I05,Cutting Chai,Beverages,1,9.59,0,Card
T0000952,2025-07-05 09:56:42,S1384,I06,Poha,Breakfast,1,30.59,0,Cash
T0000952,2025-07-05 09:56:42,S1288,I04,Cold Coffee,Beverages,3,60.12,5,Card
T0000953,2025-07-05 18:40:53,S1026,I05,Cutting Chai,Beverages,1,12.13,0,UPI
T0000954,2025-07-05 14:28:41,S1376,I01,Veg Puff,Snacks,1,24.69,0,Card
T0000954,2025-07-05 14:28:41,S1245,I05,Cutting Chai,Beverages,1,10.76,5,Cash
T0000955,2025-07-05 13:26:59,S1199,I02,Samosa,Snacks,1,14.83,0,UPI
T0000956,2025-07-05 12:12:51,S1341,I03,Masala Sandwich,Sandwiches,2,45.17,0,UPI
T0000957,2025-07-05 14:50:42,S1265,I03,Masala Sandwich,Sandwiches,1,44.93,5,UPI
T0000958,2025-07-05 19:54:40,S1011,I03,Masala Sandwich,Sandwiches,2,45.24,10,UPI
T0000958,2025-07-05 19:54:40,S1211,I05,Cutting Chai,Beverages,3,10.24,0,Cash
T0000959,2025-07-05 17:01:42,S1112,I06,Poha,Breakfast,2,29.5,10,Cash
T0000960,2025-07-05 13:39:10,S1091,I01,Veg Puff,Snacks,1,25.76,25,UPI
T0000961,2025-07-05 09:05:58,S1332,I06,Poha,Breakfast,2,30.33,0,Card
T0000961,2025-07-05 09:05:58,S1102,I05,Cutting Chai,Beverages,2,10.84,0,UPI
T0000962,2025-07-05 19:34:48,S1206,I06,Poha,Breakfast,1,30.25,0,Card
T0000963,2025-07-05 14:47:19,S1242,I04,Cold Coffee,Beverages,3,59.47,0,Card
T0000964,2025-07-05 13:09:54,S1246,I06,Poha,Breakfast,1,29.56,0,Card
T0000965,2025-07-05 09:14:34,S1250,I02,Samosa,Snacks,2,15.27,0,Cash
T0000966,2025-07-05 14:29:58,S1283,I03,Masala Sandwich,Sandwiches,1,45.53,0,Cash
T0000966,2025-07-05 14:29:58,S1391,I04,Cold Coffee,Beverages,1,59.61,0,Card
T0000967,2025-07-05 13:40:45,S1320,I02,Samosa,Snacks,2,14.66,0,Card
T0000967,2025-07-05 13:40:45,S1204,I04,Cold Coffee,Beverages,4,59.97,0,UPI
T0000968,2025-07-05 19:19:38,S1147,I02,Samosa,Snacks,1,15.27,0,Cash
T0000968,2025-07-05 19:19:38,S1281,I03,Masala Sandwich,Sandwiches,2,45.17,0,Card
T0000969,2025-07-05 14:51:14,S1390,I05,Cutting Chai,Beverages,2,9.94,0,UPI
T0000970,2025-07-05 12:45:10,S1212,I05,Cutting Chai,Beverages,2,10.6,0,Card
T0000971,2025-07-05 19:49:16,S1117,I05,Cutting Chai,Beverages,2,9.62,0,Cash
T0000972,2025-07-05 13:29:05,S1271,I01,Veg Puff,Snacks,1,23.89,0,Card
T0000973,2025-07-05 19:51:02,S1086,I04,Cold Coffee,Beverages,4,60.05,0,Card
T0000974,2025-07-05 09:10:09,S1031,I03,Masala Sandwich,Sandwiches,5,44.34,0,Card
T0000975,2025-07-05 09:31:15,S1131,I02,Samosa,Snacks,4,15.05,0,UPI
T0000975,2025-07-05 09:31:15,S1264,I01,Veg Puff,Snacks,2,24.9,0,Cash
T0000976,2025-07-05 17:41:48,S1190,I04,Cold Coffee,Beverages,6,60.54,5,Cash
T0000977,2025-07-05 12:26:51,S1131,I02,Samosa,Snacks,2,15.3,0,Card
T0000978,2025-07-05 08:26:05,S1235,I01,Veg Puff,Snacks,1,25.34,0,Card
T0000979,2025-07-05 08:01:41,S1117,I05,Cutting Chai,Beverages,4,10.49,0,Card
T0000980,2025-07-05 08:00:08,S1260,I02,Samosa,Snacks,4,15.0,0,UPI
T0000981,2025-07-05 08:16:35,S1048,I06,Poha,Breakfast,1,29.66,0,UPI
T0000982,2025-07-05 17:27:55,S1189,I03,Masala Sandwich,Sandwiches,2,44.64,0,Card
T0000983,2025-07-05 08:18:13,S1160,I03,Masala Sandwich,Sandwiches,2,44.93,25,Card
T0000983,2025-07-05 08:18:13,S1349,I06,Poha,Breakfast,1,30.34,15,Cash
T0000984,2025-07-05 09:56:29,S1020,I04,Cold Coffee,Beverages,1,58.94,25,Cash
T0000984,2025-07-05 09:56:29,S1059,I02,Samosa,Snacks,1,15.61,0,Card
T0000985,2025-07-05 18:30:08,S1267,I02,Samosa,Snacks,2,15.82,0,UPI
T0000986,2025-07-05 09:08:12,S1274,I01,Veg Puff,Snacks,2,25.71,15,UPI
T0000987,2025-07-05 09:44:02,S1003,I03,Masala Sandwich,Sandwiches,1,46.0,0,UPI
T0000988,2025-07-05 13:58:01,S1347,I01,Veg Puff,Snacks,3,23.96,0,Cash
T0000988,2025-07-05 13:58:01,S1126,I05,Cutting Chai,Beverages,4,10.45,0,UPI
T0000989,2025-07-05 19:05:46,S1219,I04,Cold Coffee,Beverages,2,60.16,0,UPI
T0000990,2025-07-05 17:04:26,S1240,I04,Cold Coffee,Beverages,3,60.44,0,UPI
T0000991,2025-07-05 08:34:13,S1294,I04,Cold Coffee,Beverages,1,61.39,0,UPI
T0000992,2025-07-05 08:59:52,S1009,I05,Cutting Chai,Beverages,2,10.57,0,Card
T0000993,2025-07-05 14:17:39,S1254,I06,Poha,Breakfast,6,29.86,0,UPI
T0000993,2025-07-05 14:17:39,S1229,I02,Samosa,Snacks,3,15.21,0,Card
T0000994,2025-07-05 09:11:42,S1324,I01,Veg Puff,Snacks,3,25.56,0,Cash
T0000995,2025-07-05 12:48:25,S1107,I04,Cold Coffee,Beverages,2,59.41,0,Cash
T0000996,2025-07-05 09:15:24,S1257,I01,Veg Puff,Snacks,2,25.52,15,Card
T0000997,2025-07-05 12:18:05,S1156,I05,Cutting Chai,Beverages,1,9.91,15,UPI
T0000997,2025-07-05 12:18:05,S1302,I06,Poha,Breakfast,2,29.8,0,Cash
T0000998,2025-07-05 08:52:39,S1367,I06,Poha,Breakfast,1,30.59,0,Card
T0000999,2025-07-05 09:57:39,S1371,I06,Poha,Breakfast,3,30.02,0,Cash
T0000999,2025-07-05 09:57:39,S1253,I03,Masala Sandwich,Sandwiches,6,44.69,15,Cash
T0001000,2025-07-05 12:02:58,S1166,I05,Cutting Chai,Beverages,2,10.8,0,Card
T0001001,2025-07-05 14:12:44,S1013,I04,Cold Coffee,Beverages,1,60.78,0,Card
T0001002,2025-07-05 14:28:01,S1020,I02,Samosa,Snacks,1,14.66,0,UPI
T0001003,2025-07-05 14:55:42,S1037,I04,Cold Coffee,Beverages,4,60.8,0,UPI
T0001004,2025-07-05 14:29:37,S1174,I06,Poha,Breakfast,2,29.97,0,UPI
T0001005,2025-07-05 18:25:34,S1212,I04,Cold Coffee,Beverages,2,60.51,10,UPI
T0001006,2025-07-05 12:20:41,S1321,I04,Cold Coffee,Beverages,1,58.86,0,Card
T0001007,2025-07-05 08:46:52,S1110,I06,Poha,Breakfast,1,29.12,5,UPI
T0001007,2025-07-05 08:46:52,S1123,I05,Cutting Chai,Beverages,2,10.18,0,Cash
T0001008,2025-07-05 09:06:52,S1006,I05,Cutting Chai,Beverages,1,10.77,0,Cash
T0001008,2025-07-05 09:06:52,S1258,I04,Cold Coffee,Beverages,4,59.42,0,UPI
T0001009,2025-07-05 14:17:57,S1265,I06,Poha,Breakfast,2,30.96,0,Cash
T0001010,2025-07-05 09:49:36,S1098,I01,Veg Puff,Snacks,4,25.07,0,UPI
T0001010,2025-07-05 09:49:36,S1279,I05,Cutting Chai,Beverages,3,10.37,0,Cash
T0001011,2025-07-05 12:15:43,S1258,I02,Samosa,Snacks,3,15.07,5,UPI
T0001012,2025-07-05 09:18:42,S1177,I02,Samosa,Snacks,1,15.52,0,UPI
T0001013,2025-07-05 12:07:55,S1019,I01,Veg Puff,Snacks,3,26.27,10,Cash
T0001014,2025-07-05 12:26:56,S1363,I01,Veg Puff,Snacks,2,25.26,10,Cash
T0001014,2025-07-05 12:26:56,S1028,I04,Cold Coffee,Beverages,1,61.12,0,Card
T0001015,2025-07-05 14:34:09,S1316,I06,Poha,Breakfast,1,30.11,0,Card
T0001016,2025-07-06 12:07:38,S1083,I06,Poha,Breakfast,1,29.95,0,Cash
T0001017,2025-07-06 13:18:24,S1153,I03,Masala Sandwich,Sandwiches,3,47.57,0,Cash
T0001018,2025-07-06 12:55:17,S1207,I02,Samosa,Snacks,1,16.01,0,UPI
T0001018,2025-07-06 12:55:17,S1057,I04,Cold Coffee,Beverages,2,60.54,0,Cash
T0001019,2025-07-06 12:26:51,S1109,I05,Cutting Chai,Beverages,3,9.86,0,Card
T0001019,2025-07-06 12:26:51,S1009,I04,Cold Coffee,Beverages,2,59.18,0,UPI
T0001020,2025-07-06 09:55:40,S1068,I06,Poha,Breakfast,1,30.23,5,UPI
T0001021,2025-07-06 14:05:24,S1010,I05,Cutting Chai,Beverages,3,9.13,0,Card
T0001022,2025-07-06 14:43:58,S1223,I04,Cold Coffee,Beverages,1,59.59,0,Cash
T0001023,2025-07-06 09:29:51,S1249,I06,Poha,Breakfast,2,29.34,5,Cash
T0001024,2025-07-06 08:13:51,S1368,I01,Veg Puff,Snacks,2,25.18,10,UPI
T0001025,2025-07-06 19:47:35,S1166,I01,Veg Puff,Snacks,2,24.59,0,Cash
T0001026,2025-07-06 09:21:30,S1163,I05,Cutting Chai,Beverages,1,9.47,0,Card
T0001026,2025-07-06 09:21:30,S1257,I01,Veg Puff,Snacks,5,24.83,0,Card
T0001027,2025-07-06 13:25:22,S1028,I01,Veg Puff,Snacks,2,24.59,0,Cash
T0001028,2025-07-06 14:20:32,S1358,I02,Samosa,Snacks,1,14.47,0,UPI
T0001029,2025-07-06 09:19:21,S1151,I05,Cutting Chai,Beverages,2,10.23,0,Card
T0001029,2025-07-06 09:19:21,S1136,I04,Cold Coffee,Beverages,1,60.63,15,Cash
T0001030,2025-07-06 14:54:52,S1047,I04,Cold Coffee,Beverages,1,59.72,0,Cash
T0001031,2025-07-06 09:13:42,S1118,I05,Cutting Chai,Beverages,3,10.18,0,Cash
T0001031,2025-07-06 09:13:42,S1284,I02,Samosa,Snacks,3,13.31,0,Cash
T0001032,2025-07-06 18:02:50,S1382,I02,Samosa,Snacks,1,14.87,0,Cash
T0001033,2025-07-06 08:23:48,S1034,I06,Poha,Breakfast,1,30.14,0,Card
T0001033,2025-07-06 08:23:48,S1290,I01,Veg Puff,Snacks,2,25.17,0,UPI
T0001034,2025-07-06 09:59:10,S1340,I06,Poha,Breakfast,4,29.39,0,UPI
T0001035,2025-07-06 12:47:15,S1079,I05,Cutting Chai,Beverages,3,11.65,0,Card
T0001036,2025-07-06 12:46:29,S1312,I06,Poha,Breakfast,2,28.56,0,Cash
T0001036,2025-07-06 12:46:29,S1050,I05,Cutting Chai,Beverages,1,10.44,0,Cash
T0001037,2025-07-06 14:45:24,S1213,I02,Samosa,Snacks,3,14.71,10,Card
T0001037,2025-07-06 14:45:24,S1193,I06,Poha,Breakfast,1,29.99,10,Card
T0001038,2025-07-06 18:42:02,S1110,I01,Veg Puff,Snacks,3,25.7,0,Card
T0001038,2025-07-06 18:42:02,S1052,I06,Poha,Breakfast,1,29.33,15,UPI
T0001039,2025-07-06 12:52:33,S1181,I02,Samosa,Snacks,1,15.0,0,Cash
T0001040,2025-07-06 18:17:31,S1198,I01,Veg Puff,Snacks,1,25.25,5,Card
T0001041,2025-07-06 12:43:52,S1337,I06,Poha,Breakfast,2,29.46,0,Cash
T0001041,2025-07-06 12:43:52,S1012,I02,Samosa,Snacks,1,14.99,0,UPI
T0001042,2025-07-06 18:39:00,S1162,I01,Veg Puff,Snacks,1,24.55,5,Card
T0001043,2025-07-06 17:08:58,S1361,I02,Samosa,Snacks,2,15.1,0,Cash
T0001044,2025-07-06 17:40:55,S1119,I04,Cold Coffee,Beverages,1,60.65,0,UPI
T0001045,2025-07-06 12:41:06,S1089,I03,Masala Sandwich,Sandwiches,1,47.39,0,Cash
T0001046,2025-07-06 09:42:20,S1097,I06,Poha,Breakfast,3,29.7,15,Card
T0001047,2025-07-06 14:11:26,S1105,I05,Cutting Chai,Beverages,1,10.25,0,Cash
T0001048,2025-07-06 14:05:14,S1145,I06,Poha,Breakfast,3,29.73,0,Card
T0001049,2025-07-06 12:48:30,S1296,I06,Poha,Breakfast,2,29.25,0,Card
T0001050,2025-07-06 13:22:57,S1285,I02,Samosa,Snacks,2,14.61,0,Card
T0001050,2025-07-06 13:22:57,S1044,I01,Veg Puff,Snacks,1,24.73,0,Cash
T0001051,2025-07-06 08:57:26,S1337,I06,Poha,Breakfast,1,29.61,10,Cash
T0001051,2025-07-06 08:57:26,S1197,I02,Samosa,Snacks,1,14.16,0,Cash
T0001052,2025-07-06 09:07:06,S1348,I06,Poha,Breakfast,2,30.89,0,UPI
T0001053,2025-07-06 17:01:43,S1063,I03,Masala Sandwich,Sandwiches,2,47.37,0,Card
T0001053,2025-07-06 17:01:43,S1002,I01,Veg Puff,Snacks,1,24.74,0,UPI
T0001054,2025-07-06 13:28:32,S1063,I02,Samosa,Snacks,2,15.13,15,Cash
T0001055,2025-07-06 09:46:19,S1188,I03,Masala Sandwich,Sandwiches,1,48.31,0,Card
T0001056,2025-07-06 12:49:56,S1155,I04,Cold Coffee,Beverages,4,59.62,0,Card
T0001056,2025-07-06 12:49:56,S1309,I01,Veg Puff,Snacks,2,24.54,15,UPI
T0001057,2025-07-06 19:10:28,S1397,I04,Cold Coffee,Beverages,2,59.42,0,Cash
T0001057,2025-07-06 19:10:28,S1297,I03,Masala Sandwich,Sandwiches,2,48.26,5,Card
T0001058,2025-07-06 08:20:17,S1141,I06,Poha,Breakfast,1,29.57,10,Card
T0001058,2025-07-06 08:20:17,S1140,I05,Cutting Chai,Beverages,1,9.92,0,UPI
T0001059,2025-07-06 18:15:20,S1056,I06,Poha,Breakfast,2,30.34,0,Card
T0001060,2025-07-06 09:01:34,S1301,I05,Cutting Chai,Beverages,3,10.54,0,UPI
T0001061,2025-07-06 09:38:57,S1326,I05,Cutting Chai,Beverages,2,10.87,0,UPI
T0001062,2025-07-06 18:14:11,S1035,I02,Samosa,Snacks,1,14.11,0,Card
T0001062,2025-07-06 18:14:11,S1207,I03,Masala Sandwich,Sandwiches,1,48.54,0,Card
T0001063,2025-07-06 08:54:32,S1115,I04,Cold Coffee,Beverages,2,60.27,0,UPI
T0001064,2025-07-06 17:29:50,S1239,I04,Cold Coffee,Beverages,4,59.21,0,UPI
T0001064,2025-07-06 17:29:50,S1054,I03,Masala Sandwich,Sandwiches,2,48.0,5,Cash
T0001065,2025-07-06 08:10:05,S1080,I02,Samosa,Snacks,1,14.3,15,UPI
T0001066,2025-07-06 12:22:21,S1122,I03,Masala Sandwich,Sandwiches,1,46.32,15,UPI
T0001066,2025-07-06 12:22:21,S1029,I05,Cutting Chai,Beverages,1,10.45,0,Card
T0001067,2025-07-06 17:53:10,S1055,I05,Cutting Chai,Beverages,3,10.75,0,Cash
T0001068,2025-07-06 09:17:51,S1205,I06,Poha,Breakfast,2,29.44,15,UPI
T0001069,2025-07-06 19:33:58,S1283,I04,Cold Coffee,Beverages,4,59.41,0,Card
T0001070,2025-07-06 17:18:55,S1011,I06,Poha,Breakfast,2,30.26,15,Cash
T0001070,2025-07-06 17:18:55,S1324,I04,Cold Coffee,Beverages,2,59.8,0,UPI
T0001071,2025-07-06 12:16:37,S1148,I02,Samosa,Snacks,1,14.94,0,Cash
T0001072,2025-07-06 08:01:31,S1323,I04,Cold Coffee,Beverages,1,60.21,0,Cash
T0001073,2025-07-06 17:50:21,S1175,I03,Masala Sandwich,Sandwiches,1,47.56,10,Cash
T0001073,2025-07-06 17:50:21,S1115,I02,Samosa,Snacks,2,15.28,0,Cash
T0001074,2025-07-06 09:57:33,S1245,I02,Samosa,Snacks,1,15.51,0,Cash
T0001075,2025-07-06 12:34:15,S1392,I06,Poha,Breakfast,1,28.88,15,Card
T0001075,2025-07-06 12:34:15,S1324,I03,Masala Sandwich,Sandwiches,2,48.04,5,UPI
T0001076,2025-07-06 09:25:13,S1291,I05,Cutting Chai,Beverages,1,9.14,0,UPI
T0001077,2025-07-06 18:28:52,S1202,I04,Cold Coffee,Beverages,5,59.94,0,Cash
T0001078,2025-07-06 08:34:07,S1334,I03,Masala Sandwich,Sandwiches,2,47.83,0,Card
T0001079,2025-07-06 13:55:46,S1012,I05,Cutting Chai,Beverages,4,10.11,0,UPI
T0001080,2025-07-06 13:06:53,S1009,I06,Poha,Breakfast,2,29.34,0,Cash
T0001081,2025-07-06 08:12:57,S1319,I03,Masala Sandwich,Sandwiches,2,48.0,0,Cash
T0001082,2025-07-06 14:07:04,S1053,I01,Veg Puff,Snacks,2,25.49,0,Cash
T0001083,2025-07-06 14:29:33,S1152,I02,Samosa,Snacks,1,14.51,0,Card
T0001083,2025-07-06 14:29:33,S1004,I06,Poha,Breakfast,2,30.08,0,Cash
T0001084,2025-07-06 19:46:20,S1102,I03,Masala Sandwich,Sandwiches,2,47.75,0,UPI
T0001085,2025-07-06 12:52:27,S1172,I04,Cold Coffee,Beverages,3,58.93,0,Cash
T0001085,2025-07-06 12:52:27,S1254,I02,Samosa,Snacks,1,14.72,25,Cash
T0001086,2025-07-06 09:45:22,S1067,I03,Masala Sandwich,Sandwiches,4,47.73,0,Cash
T0001087,2025-07-06 09:42:35,S1258,I02,Samosa,Snacks,2,15.1,0,Card
T0001088,2025-07-06 14:57:54,S1095,I03,Masala Sandwich,Sandwiches,2,47.41,0,Card
T0001089,2025-07-06 09:09:08,S1127,I02,Samosa,Snacks,2,14.44,0,UPI
T0001090,2025-07-06 12:12:50,S1343,I03,Masala Sandwich,Sandwiches,1,48.91,0,UPI
T0001090,2025-07-06 12:12:50,S1399,I01,Veg Puff,Snacks,2,25.19,25,Cash
T0001091,2025-07-06 12:06:09,S1057,I02,Samosa,Snacks,1,14.52,0,UPI
T0001092,2025-07-06 13:45:21,S1353,I05,Cutting Chai,Beverages,2,9.51,0,Card
T0001093,2025-07-06 13:07:04,S1091,I06,Poha,Breakfast,1,31.16,0,Cash
T0001094,2025-07-06 13:36:19,S1075,I04,Cold Coffee,Beverages,1,60.0,0,Cash
T0001094,2025-07-06 13:36:19,S1220,I06,Poha,Breakfast,1,30.24,0,UPI
T0001095,2025-07-06 08:58:56,S1303,I05,Cutting Chai,Beverages,1,10.26,0,Card
T0001096,2025-07-06 12:38:39,S1069,I05,Cutting Chai,Beverages,4,10.4,0,UPI
T0001097,2025-07-06 09:38:50,S1045,I03,Masala Sandwich,Sandwiches,1,46.94,10,Card
T0001098,2025-07-06 19:35:23,S1107,I01,Veg Puff,Snacks,1,24.22,15,UPI
T0001099,2025-07-06 18:43:00,S1227,I02,Samosa,Snacks,1,14.91,0,UPI
T0001100,2025-07-06 09:11:54,S1116,I04,Cold Coffee,Beverages,1,60.11,25,Card
T0001101,2025-07-06 19:27:51,S1394,I06,Poha,Breakfast,1,30.9,0,Cash
T0001101,2025-07-06 19:27:51,S1247,I04,Cold Coffee,Beverages,2,60.09,0,UPI
T0001102,2025-07-06 13:46:42,S1020,I02,Samosa,Snacks,2,14.01,0,Cash
T0001103,2025-07-06 12:41:04,S1083,I05,Cutting Chai,Beverages,4,9.41,0,Card
T0001103,2025-07-06 12:41:04,S1116,I06,Poha,Breakfast,1,28.79,0,UPI
T0001104,2025-07-06 13:08:52,S1146,I05,Cutting Chai,Beverages,2,9.54,0,Cash
T0001105,2025-07-06 14:26:10,S1073,I01,Veg Puff,Snacks,1,25.11,0,Card
T0001106,2025-07-06 09:24:09,S1302,I06,Poha,Breakfast,3,30.8,5,UPI
T0001107,2025-07-06 12:05:11,S1335,I01,Veg Puff,Snacks,2,25.21,0,Card
T0001108,2025-07-06 18:48:49,S1038,I06,Poha,Breakfast,2,30.68,0,UPI
T0001109,2025-07-06 19:56:06,S1184,I05,Cutting Chai,Beverages,2,10.84,0,UPI
T0001110,2025-07-06 14:30:10,S1052,I01,Veg Puff,Snacks,2,25.03,0,UPI
T0001110,2025-07-06 14:30:10,S1202,I04,Cold Coffee,Beverages,2,59.81,0,Cash
T0001111,2025-07-06 19:53:20,S1134,I03,Masala Sandwich,Sandwiches,1,47.88,0,UPI
T0001112,2025-07-06 17:17:07,S1280,I02,Samosa,Snacks,2,14.7,15,UPI
T0001113,2025-07-06 12:57:29,S1002,I05,Cutting Chai,Beverages,1,9.78,0,Cash
T0001114,2025-07-06 17:36:31,S1273,I02,Samosa,Snacks,2,14.72,0,UPI
T0001114,2025-07-06 17:36:31,S1233,I03,Masala Sandwich,Sandwiches,1,47.92,0,Card
T0001115,2025-07-06 08:33:24,S1156,I01,Veg Puff,Snacks,1,26.56,5,Cash
T0001115,2025-07-06 08:33:24,S1175,I04,Cold Coffee,Beverages,1,60.95,0,Cash
T0001116,2025-07-06 08:32:33,S1180,I01,Veg Puff,Snacks,3,25.7,5,Cash
T0001117,2025-07-06 13:09:06,S1237,I02,Samosa,Snacks,1,14.86,0,UPI
T0001117,2025-07-06 13:09:06,S1041,I01,Veg Puff,Snacks,1,25.56,0,UPI
T0001118,2025-07-06 19:52:38,S1194,I01,Veg Puff,Snacks,1,25.76,0,Cash
T0001119,2025-07-06 12:40:58,S1141,I04,Cold Coffee,Beverages,2,59.49,0,UPI
T0001119,2025-07-06 12:40:58,S1068,I05,Cutting Chai,Beverages,4,9.65,0,UPI
T0001120,2025-07-06 09:59:16,S1158,I01,Veg Puff,Snacks,1,24.78,0,Card
T0001121,2025-07-06 12:53:41,S1098,I03,Masala Sandwich,Sandwiches,3,48.58,10,Cash
T0001122,2025-07-06 12:59:21,S1340,I03,Masala Sandwich,Sandwiches,1,49.23,0,Cash
T0001122,2025-07-06 12:59:21,S1053,I01,Veg Puff,Snacks,2,25.62,0,UPI
T0001123,2025-07-06 12:55:44,S1031,I03,Masala Sandwich,Sandwiches,2,47.08,0,UPI
T0001124,2025-07-06 17:25:54,S1050,I01,Veg Puff,Snacks,2,26.11,0,Cash
T0001125,2025-07-06 09:14:57,S1234,I05,Cutting Chai,Beverages,1,10.58,0,UPI
T0001125,2025-07-06 09:14:57,S1293,I02,Samosa,Snacks,2,14.17,0,Cash
T0001126,2025-07-06 14:32:30,S1030,I01,Veg Puff,Snacks,1,24.8,0,UPI
T0001126,2025-07-06 14:32:30,S1059,I05,Cutting Chai,Beverages,3,9.92,5,Card
T0001127,2025-07-06 13:56:15,S1140,I04,Cold Coffee,Beverages,1,61.3,0,Cash
T0001128,2025-07-06 08:56:26,S1117,I01,Veg Puff,Snacks,1,25.15,0,Card
T0001129,2025-07-06 17:19:05,S1160,I01,Veg Puff,Snacks,1,25.25,0,UPI
T0001129,2025-07-06 17:19:05,S1014,I03,Masala Sandwich,Sandwiches,2,48.72,0,UPI
T0001130,2025-07-06 12:36:10,S1186,I05,Cutting Chai,Beverages,2,9.59,0,Cash
T0001131,2025-07-06 12:29:05,S1061,I03,Masala Sandwich,Sandwiches,3,47.63,15,Card
T0001132,2025-07-06 18:12:13,S1383,I04,Cold Coffee,Beverages,1,59.83,0,UPI
T0001133,2025-07-06 12:39:01,S1252,I03,Masala Sandwich,Sandwiches,1,47.52,0,UPI
T0001134,2025-07-06 12:20:49,S1046,I03,Masala Sandwich,Sandwiches,1,48.74,0,UPI
T0001135,2025-07-06 14:48:08,S1394,I04,Cold Coffee,Beverages,4,59.95,5,Card
T0001135,2025-07-06 14:48:08,S1281,I06,Poha,Breakfast,1,31.01,0,Card
T0001136,2025-07-06 19:23:34,S1203,I01,Veg Puff,Snacks,1,23.67,0,UPI
T0001136,2025-07-06 19:23:34,S1392,I05,Cutting Chai,Beverages,1,9.38,5,UPI
T0001137,2025-07-06 13:48:35,S1367,I04,Cold Coffee,Beverages,1,59.28,15,Card
T0001138,2025-07-06 09:20:17,S1036,I03,Masala Sandwich,Sandwiches,1,47.69,0,Cash
T0001139,2025-07-06 08:46:09,S1158,I06,Poha,Breakfast,2,31.56,0,Card
T0001139,2025-07-06 08:46:09,S1321,I05,Cutting Chai,Beverages,5,10.37,0,Cash
T0001140,2025-07-06 17:58:46,S1385,I06,Poha,Breakfast,2,29.75,0,Cash
T0001141,2025-07-06 14:57:30,S1187,I01,Veg Puff,Snacks,2,26.16,0,Card
T0001142,2025-07-06 08:23:50,S1001,I03,Masala Sandwich,Sandwiches,1,47.86,15,UPI
T0001143,2025-07-06 19:58:34,S1236,I02,Samosa,Snacks,1,14.42,0,Card
T0001143,2025-07-06 19:58:34,S1232,I04,Cold Coffee,Beverages,3,59.97,0,Cash
T0001144,2025-07-06 12:34:35,S1092,I02,Samosa,Snacks,1,15.4,0,Cash
T0001145,2025-07-06 13:15:21,S1027,I03,Masala Sandwich,Sandwiches,1,48.07,0,UPI
T0001146,2025-07-06 12:59:47,S1240,I01,Veg Puff,Snacks,3,24.45,10,Card
T0001147,2025-07-06 19:44:41,S1069,I03,Masala Sandwich,Sandwiches,6,46.98,0,Card
T0001148,2025-07-06 09:52:40,S1042,I05,Cutting Chai,Beverages,2,10.54,0,Card
T0001149,2025-07-06 08:05:04,S1350,I01,Veg Puff,Snacks,2,24.51,0,Cash
T0001149,2025-07-06 08:05:04,S1298,I06,Poha,Breakfast,1,29.5,0,UPI
T0001150,2025-07-06 14:53:03,S1105,I02,Samosa,Snacks,1,14.89,0,Card
T0001151,2025-07-06 08:00:55,S1355,I06,Poha,Breakfast,1,29.97,0,Cash
T0001152,2025-07-06 13:38:43,S1234,I03,Masala Sandwich,Sandwiches,1,47.0,15,Cash
T0001153,2025-07-06 13:16:32,S1269,I03,Masala Sandwich,Sandwiches,1,48.32,0,Cash
T0001153,2025-07-06 13:16:32,S1071,I04,Cold Coffee,Beverages,1,59.5,0,UPI
T0001154,2025-07-06 13:37:08,S1168,I04,Cold Coffee,Beverages,1,59.33,0,Cash
T0001155,2025-07-06 18:50:23,S1381,I04,Cold Coffee,Beverages,2,61.98,0,UPI
T0001156,2025-07-06 08:35:10,S1201,I06,Poha,Breakfast,3,29.74,0,Card
T0001157,2025-07-06 08:18:37,S1025,I06,Poha,Breakfast,4,29.33,5,Cash
T0001157,2025-07-06 08:18:37,S1193,I03,Masala Sandwich,Sandwiches,1,47.27,0,UPI
T0001158,2025-07-06 13:15:43,S1208,I02,Samosa,Snacks,3,14.42,0,UPI
T0001159,2025-07-06 08:58:00,S1338,I01,Veg Puff,Snacks,3,24.11,0,Cash
T0001160,2025-07-06 12:57:05,S1393,I03,Masala Sandwich,Sandwiches,1,48.27,0,UPI
T0001160,2025-07-06 12:57:05,S1140,I01,Veg Puff,Snacks,2,24.65,0,Card
T0001161,2025-07-06 08:17:32,S1170,I06,Poha,Breakfast,1,29.08,0,Card
T0001162,2025-07-06 17:09:31,S1027,I06,Poha,Breakfast,2,29.62,0,Cash
T0001162,2025-07-06 17:09:31,S1313,I01,Veg Puff,Snacks,1,25.55,0,UPI
T0001163,2025-07-06 18:49:56,S1352,I03,Masala Sandwich,Sandwiches,1,48.23,5,UPI
T0001164,2025-07-06 13:30:17,S1000,I02,Samosa,Snacks,1,14.89,0,UPI
T0001165,2025-07-06 17:27:48,S1104,I01,Veg Puff,Snacks,3,24.76,0,Card
T0001165,2025-07-06 17:27:48,S1115,I02,Samosa,Snacks,1,15.34,5,UPI
T0001166,2025-07-06 08:09:29,S1389,I05,Cutting Chai,Beverages,3,11.01,10,Cash
T0001167,2025-07-06 12:36:45,S1094,I04,Cold Coffee,Beverages,3,60.08,0,UPI
T0001168,2025-07-06 13:40:00,S1231,I05,Cutting Chai,Beverages,3,10.19,10,Card
T0001168,2025-07-06 13:40:00,S1040,I01,Veg Puff,Snacks,6,24.71,10,UPI
T0001169,2025-07-06 08:19:27,S1292,I06,Poha,Breakfast,2,29.48,15,UPI
T0001170,2025-07-06 09:08:11,S1374,I03,Masala Sandwich,Sandwiches,2,48.27,0,Cash
T0001170,2025-07-06 09:08:11,S1352,I05,Cutting Chai,Beverages,2,10.79,0,Card
T0001171,2025-07-06 18:27:11,S1134,I06,Poha,Breakfast,1,29.95,0,Cash
T0001172,2025-07-06 09:28:48,S1016,I04,Cold Coffee,Beverages,1,58.97,0,Cash
T0001173,2025-07-06 17:04:14,S1035,I02,Samosa,Snacks,2,15.43,0,Cash
T0001174,2025-07-06 14:48:54,S1149,I03,Masala Sandwich,Sandwiches,4,48.06,0,Cash
T0001175,2025-07-06 14:35:29,S1075,I02,Samosa,Snacks,2,15.34,0,UPI
T0001176,2025-07-06 08:55:17,S1151,I03,Masala Sandwich,Sandwiches,1,48.07,0,Cash
T0001176,2025-07-06 08:55:17,S1238,I05,Cutting Chai,Beverages,3,9.5,10,Cash
T0001177,2025-07-06 17:14:01,S1087,I03,Masala Sandwich,Sandwiches,1,48.94,0,Cash
T0001178,2025-07-06 13:20:45,S1137,I03,Masala Sandwich,Sandwiches,2,48.31,15,Cash
T0001178,2025-07-06 13:20:45,S1045,I02,Samosa,Snacks,1,13.84,10,Card
T0001179,2025-07-06 09:40:01,S1147,I05,Cutting Chai,Beverages,4,10.72,0,Card
T0001180,2025-07-06 09:57:29,S1054,I04,Cold Coffee,Beverages,4,59.43,0,Card
T0001181,2025-07-06 09:24:06,S1055,I04,Cold Coffee,Beverages,1,60.52,0,Cash
T0001182,2025-07-06 13:15:40,S1194,I03,Masala Sandwich,Sandwiches,2,47.81,0,Card
T0001182,2025-07-06 13:15:40,S1381,I01,Veg Puff,Snacks,1,24.61,0,Cash
T0001183,2025-07-06 12:50:37,S1327,I01,Veg Puff,Snacks,1,24.25,0,UPI
T0001184,2025-07-06 14:07:28,S1302,I05,Cutting Chai,Beverages,1,9.97,0,Card
T0001185,2025-07-06 08:33:42,S1305,I03,Masala Sandwich,Sandwiches,2,48.33,0,Cash
T0001185,2025-07-06 08:33:42,S1077,I04,Cold Coffee,Beverages,2,59.27,0,UPI
T0001186,2025-07-06 17:10:00,S1345,I05,Cutting Chai,Beverages,1,9.83,0,UPI
T0001186,2025-07-06 17:10:00,S1193,I04,Cold Coffee,Beverages,2,59.13,0,Cash
T0001187,2025-07-06 14:06:10,S1396,I01,Veg Puff,Snacks,1,25.08,0,Card
T0001188,2025-07-06 12:19:47,S1326,I02,Samosa,Snacks,3,14.95,0,Cash
T0001189,2025-07-06 17:26:34,S1209,I02,Samosa,Snacks,1,15.85,15,Card
T0001190,2025-07-06 17:01:53,S1355,I05,Cutting Chai,Beverages,1,9.49,0,UPI
T0001191,2025-07-06 19:26:25,S1002,I01,Veg Puff,Snacks,1,24.82,0,Card
T0001192,2025-07-06 13:51:21,S1219,I01,Veg Puff,Snacks,1,25.02,0,Cash
T0001192,2025-07-06 13:51:21,S1134,I03,Masala Sandwich,Sandwiches,4,48.08,0,UPI
T0001193,2025-07-06 09:58:56,S1314,I02,Samosa,Snacks,1,15.59,0,UPI
T0001194,2025-07-06 12:25:55,S1134,I03,Masala Sandwich,Sandwiches,1,48.62,0,UPI
T0001194,2025-07-06 12:25:55,S1260,I06,Poha,Breakfast,1,29.65,0,UPI
T0001195,2025-07-06 14:04:42,S1037,I02,Samosa,Snacks,1,15.71,0,Cash
T0001196,2025-07-06 09:29:16,S1355,I04,Cold Coffee,Beverages,1,59.49,25,Card
T0001197,2025-07-06 12:16:53,S1316,I06,Poha,Breakfast,1,29.41,0,Card
T0001198,2025-07-06 08:58:31,S1265,I06,Poha,Breakfast,1,29.99,10,Cash
T0001199,2025-07-06 13:55:47,S1111,I05,Cutting Chai,Beverages,1,10.3,0,Card
T0001200,2025-07-06 13:08:03,S1115,I03,Masala Sandwich,Sandwiches,1,47.88,0,Cash
T0001200,2025-07-06 13:08:03,S1272,I05,Cutting Chai,Beverages,3,10.61,0,Card
T0001201,2025-07-06 09:50:25,S1137,I05,Cutting Chai,Beverages,4,10.82,0,Card
T0001201,2025-07-06 09:50:25,S1378,I02,Samosa,Snacks,2,15.37,15,Card
T0001202,2025-07-06 13:48:13,S1037,I04,Cold Coffee,Beverages,2,58.77,0,UPI
T0001202,2025-07-06 13:48:13,S1233,I02,Samosa,Snacks,2,15.1,0,Card
T0001203,2025-07-06 08:21:56,S1374,I02,Samosa,Snacks,3,15.75,0,Card
T0001204,2025-07-06 14:01:54,S1191,I02,Samosa,Snacks,1,14.46,10,Cash
T0001205,2025-07-06 14:46:15,S1281,I02,Samosa,Snacks,1,14.69,0,Cash
T0001206,2025-07-06 12:31:06,S1291,I06,Poha,Breakfast,2,29.9,0,UPI
T0001207,2025-07-06 12:20:11,S1196,I05,Cutting Chai,Beverages,4,11.07,5,UPI
T0001208,2025-07-06 09:02:03,S1177,I05,Cutting Chai,Beverages,1,9.73,0,UPI
T0001208,2025-07-06 09:02:03,S1343,I01,Veg Puff,Snacks,1,25.02,0,Card
T0001209,2025-07-06 17:43:19,S1245,I01,Veg Puff,Snacks,1,24.91,0,UPI
T0001209,2025-07-06 17:43:19,S1271,I02,Samosa,Snacks,2,14.96,0,UPI
T0001210,2025-07-06 12:05:33,S1014,I04,Cold Coffee,Beverages,1,59.86,0,Card
T0001210,2025-07-06 12:05:33,S1294,I03,Masala Sandwich,Sandwiches,1,47.18,0,UPI
T0001211,2025-07-06 12:44:30,S1083,I04,Cold Coffee,Beverages,1,60.61,0,Cash
T0001211,2025-07-06 12:44:30,S1188,I06,Poha,Breakfast,1,30.26,0,Card
T0001212,2025-07-06 09:21:28,S1296,I02,Samosa,Snacks,3,15.54,0,Cash
T0001212,2025-07-06 09:21:28,S1396,I05,Cutting Chai,Beverages,1,10.13,5,Cash
T0001213,2025-07-06 14:51:50,S1035,I01,Veg Puff,Snacks,1,25.76,5,UPI
T0001214,2025-07-06 14:35:08,S1328,I04,Cold Coffee,Beverages,4,60.86,0,UPI
T0001214,2025-07-06 14:35:08,S1072,I06,Poha,Breakfast,1,29.77,0,Cash
T0001215,2025-07-06 14:29:29,S1006,I02,Samosa,Snacks,1,15.69,10,Cash
T0001215,2025-07-06 14:29:29,S1006,I04,Cold Coffee,Beverages,3,59.83,0,Cash
T0001216,2025-07-06 14:29:06,S1115,I05,Cutting Chai,Beverages,1,10.52,15,Card
T0001217,2025-07-06 14:26:24,S1012,I01,Veg Puff,Snacks,1,25.68,0,UPI
T0001217,2025-07-06 14:26:24,S1051,I04,Cold Coffee,Beverages,3,60.34,0,Card
T0001218,2025-07-06 18:29:18,S1242,I01,Veg Puff,Snacks,1,25.21,15,UPI
T0001219,2025-07-06 17:51:26,S1282,I03,Masala Sandwich,Sandwiches,1,48.03,0,Card
T0001220,2025-07-06 13:38:40,S1086,I04,Cold Coffee,Beverages,1,59.92,0,Cash
T0001221,2025-07-06 14:30:46,S1353,I06,Poha,Breakfast,2,30.03,15,Card
T0001222,2025-07-06 19:53:59,S1074,I06,Poha,Breakfast,1,29.48,0,Card
T0001223,2025-07-06 09:51:56,S1117,I02,Samosa,Snacks,1,14.94,0,UPI
T0001223,2025-07-06 09:51:56,S1164,I06,Poha,Breakfast,2,30.39,0,Card
T0001224,2025-07-06 09:00:15,S1304,I01,Veg Puff,Snacks,1,23.82,0,UPI
T0001224,2025-07-06 09:00:15,S1230,I02,Samosa,Snacks,5,14.63,0,UPI
T0001225,2025-07-06 14:11:51,S1019,I03,Masala Sandwich,Sandwiches,1,47.73,0,Card
T0001226,2025-07-06 14:08:21,S1158,I01,Veg Puff,Snacks,2,24.57,0,UPI
T0001227,2025-07-06 08:04:59,S1111,I05,Cutting Chai,Beverages,2,8.74,0,Cash
T0001227,2025-07-06 08:04:59,S1274,I01,Veg Puff,Snacks,1,25.49,10,Cash
T0001228,2025-07-06 18:58:22,S1161,I04,Cold Coffee,Beverages,2,59.7,0,Card
T0001229,2025-07-06 13:35:48,S1129,I04,Cold Coffee,Beverages,2,60.22,0,Cash
T0001230,2025-07-06 08:14:17,S1352,I06,Poha,Breakfast,2,30.8,0,Cash
T0001231,2025-07-06 13:24:05,S1098,I01,Veg Puff,Snacks,1,23.65,15,Card
T0001232,2025-07-06 12:43:53,S1298,I05,Cutting Chai,Beverages,2,10.19,0,Card
T0001233,2025-07-06 19:00:41,S1194,I06,Poha,Breakfast,3,30.89,0,Cash
T0001234,2025-07-06 14:40:10,S1098,I02,Samosa,Snacks,1,15.64,0,Card
T0001235,2025-07-06 09:55:11,S1156,I06,Poha,Breakfast,1,29.5,0,UPI
T0001236,2025-07-06 08:54:58,S1281,I05,Cutting Chai,Beverages,5,10.14,0,Card
T0001237,2025-07-06 18:12:17,S1399,I06,Poha,Breakfast,4,29.9,0,Cash
T0001237,2025-07-06 18:12:17,S1142,I02,Samosa,Snacks,3,14.72,0,UPI
T0001238,2025-07-06 17:58:53,S1095,I01,Veg Puff,Snacks,2,24.44,0,Card
T0001239,2025-07-06 13:42:06,S1356,I06,Poha,Breakfast,1,29.67,0,Card
T0001240,2025-07-06 14:58:55,S1248,I04,Cold Coffee,Beverages,3,61.16,0,Cash
T0001240,2025-07-06 14:58:55,S1117,I05,Cutting Chai,Beverages,3,10.31,0,UPI
T0001241,2025-07-06 12:12:17,S1230,I04,Cold Coffee,Beverages,4,60.61,0,Cash
T0001242,2025-07-06 12:19:07,S1178,I03,Masala Sandwich,Sandwiches,2,48.59,0,Cash
T0001243,2025-07-06 08:14:35,S1194,I05,Cutting Chai,Beverages,1,10.16,0,UPI
T0001243,2025-07-06 08:14:35,S1068,I01,Veg Puff,Snacks,3,24.56,0,UPI
T0001244,2025-07-06 13:17:10,S1207,I02,Samosa,Snacks,1,15.31,0,UPI
T0001245,2025-07-06 18:35:51,S1299,I02,Samosa,Snacks,1,15.51,0,Card
T0001246,2025-07-06 12:30:39,S1220,I04,Cold Coffee,Beverages,1,59.26,15,Card
T0001247,2025-07-06 08:28:31,S1128,I04,Cold Coffee,Beverages,2,59.89,0,Cash
T0001247,2025-07-06 08:28:31,S1256,I03,Masala Sandwich,Sandwiches,1,48.24,10,UPI
T0001248,2025-07-06 08:04:54,S1309,I01,Veg Puff,Snacks,1,25.88,0,UPI
T0001248,2025-07-06 08:04:54,S1363,I05,Cutting Chai,Beverages,2,9.93,0,UPI
T0001249,2025-07-06 09:10:46,S1325,I03,Masala Sandwich,Sandwiches,1,47.13,0,Card
T0001250,2025-07-06 13:29:23,S1026,I03,Masala Sandwich,Sandwiches,1,47.86,0,Cash
T0001250,2025-07-06 13:29:23,S1083,I04,Cold Coffee,Beverages,1,60.15,0,Card
T0001251,2025-07-06 14:26:21,S1142,I05,Cutting Chai,Beverages,2,10.08,0,UPI
T0001252,2025-07-06 13:13:42,S1098,I03,Masala Sandwich,Sandwiches,1,47.53,15,UPI
T0001253,2025-07-06 08:52:40,S1221,I04,Cold Coffee,Beverages,1,59.52,0,Card
T0001253,2025-07-06 08:52:40,S1248,I06,Poha,Breakfast,2,30.04,0,Card
T0001254,2025-07-06 14:52:42,S1253,I05,Cutting Chai,Beverages,4,10.22,0,Card
T0001255,2025-07-06 13:09:38,S1035,I02,Samosa,Snacks,4,14.47,0,Card
T0001255,2025-07-06 13:09:38,S1106,I01,Veg Puff,Snacks,1,25.01,5,UPI
T0001256,2025-07-06 19:57:34,S1080,I05,Cutting Chai,Beverages,1,9.66,0,Card
T0001257,2025-07-06 12:45:50,S1262,I01,Veg Puff,Snacks,1,25.46,0,UPI
T0001258,2025-07-06 13:05:03,S1371,I01,Veg Puff,Snacks,2,24.35,5,Card
T0001259,2025-07-06 19:55:39,S1256,I01,Veg Puff,Snacks,1,25.54,0,UPI
T0001259,2025-07-06 19:55:39,S1284,I03,Masala Sandwich,Sandwiches,3,48.55,0,UPI
T0001260,2025-07-06 08:53:27,S1353,I02,Samosa,Snacks,2,14.0,0,UPI
T0001260,2025-07-06 08:53:27,S1376,I04,Cold Coffee,Beverages,1,60.66,0,Card
T0001261,2025-07-06 12:05:17,S1285,I02,Samosa,Snacks,1,14.55,0,Cash
T0001262,2025-07-06 13:51:39,S1164,I05,Cutting Chai,Beverages,4,10.39,0,Cash
T0001262,2025-07-06 13:51:39,S1227,I01,Veg Puff,Snacks,1,24.94,0,Card
T0001263,2025-07-06 09:20:42,S1083,I04,Cold Coffee,Beverages,1,59.88,25,Card
T0001263,2025-07-06 09:20:42,S1017,I01,Veg Puff,Snacks,1,25.33,5,Cash
T0001264,2025-07-06 09:15:26,S1129,I04,Cold Coffee,Beverages,4,60.51,0,Cash
T0001265,2025-07-06 08:39:30,S1105,I05,Cutting Chai,Beverages,1,9.19,0,UPI
T0001266,2025-07-06 08:07:02,S1117,I04,Cold Coffee,Beverages,2,59.65,0,UPI
T0001267,2025-07-06 08:32:22,S1269,I05,Cutting Chai,Beverages,1,10.08,0,Cash
T0001268,2025-07-06 13:34:28,S1088,I02,Samosa,Snacks,2,15.15,5,Cash
T0001269,2025-07-06 13:25:25,S1231,I04,Cold Coffee,Beverages,1,59.85,5,Card
T0001269,2025-07-06 13:25:25,S1339,I06,Poha,Breakfast,2,29.74,0,Card
T0001270,2025-07-06 13:23:55,S1259,I01,Veg Puff,Snacks,5,25.81,0,Card
T0001270,2025-07-06 13:23:55,S1111,I04,Cold Coffee,Beverages,3,59.76,0,UPI
T0001271,2025-07-06 12:09:36,S1342,I06,Poha,Breakfast,2,30.19,0,Cash
T0001272,2025-07-06 08:57:08,S1091,I01,Veg Puff,Snacks,1,25.5,0,Cash
T0001272,2025-07-06 08:57:08,S1051,I06,Poha,Breakfast,1,28.92,0,Cash
T0001273,2025-07-06 08:56:48,S1091,I05,Cutting Chai,Beverages,1,10.66,0,Cash
T0001274,2025-07-07 08:02:04,S1336,I02,Samosa,Snacks,2,15.16,0,UPI
T0001275,2025-07-07 12:04:54,S1187,I04,Cold Coffee,Beverages,3,59.8,0,Cash
T0001275,2025-07-07 12:04:54,S1336,I05,Cutting Chai,Beverages,2,9.48,10,Cash
T0001276,2025-07-07 08:32:57,S1060,I02,Samosa,Snacks,1,15.16,0,Card
T0001277,2025-07-07 13:37:03,S1169,I05,Cutting Chai,Beverages,1,10.09,0,Card
T0001278,2025-07-07 08:52:26,S1044,I06,Poha,Breakfast,3,30.46,15,UPI
T0001278,2025-07-07 08:52:26,S1341,I02,Samosa,Snacks,1,15.02,0,UPI
T0001279,2025-07-07 19:45:04,S1120,I05,Cutting Chai,Beverages,2,9.71,0,Cash
T0001280,2025-07-07 08:38:28,S1298,I03,Masala Sandwich,Sandwiches,2,47.13,0,Cash
T0001281,2025-07-07 08:35:30,S1058,I05,Cutting Chai,Beverages,5,9.94,0,Cash
T0001282,2025-07-07 08:39:13,S1134,I06,Poha,Breakfast,2,30.22,0,Card
T0001282,2025-07-07 08:39:13,S1172,I03,Masala Sandwich,Sandwiches,1,47.91,0,UPI
T0001283,2025-07-07 19:09:38,S1344,I01,Veg Puff,Snacks,1,25.43,0,UPI
T0001284,2025-07-07 13:51:45,S1219,I02,Samosa,Snacks,6,15.42,0,Card
T0001285,2025-07-07 18:05:53,S1051,I04,Cold Coffee,Beverages,3,60.05,10,Cash
T0001285,2025-07-07 18:05:53,S1336,I01,Veg Puff,Snacks,1,24.69,0,UPI
T0001286,2025-07-07 08:13:16,S1021,I03,Masala Sandwich,Sandwiches,2,47.52,0,Card
T0001286,2025-07-07 08:13:16,S1153,I06,Poha,Breakfast,3,30.54,0,Cash
T0001287,2025-07-07 13:35:18,S1284,I06,Poha,Breakfast,1,29.41,0,Cash
T0001287,2025-07-07 13:35:18,S1111,I03,Masala Sandwich,Sandwiches,1,48.05,0,Cash
T0001288,2025-07-07 13:11:25,S1238,I05,Cutting Chai,Beverages,3,10.15,15,UPI
T0001289,2025-07-07 17:46:01,S1235,I06,Poha,Breakfast,1,30.8,15,Card
T0001289,2025-07-07 17:46:01,S1015,I05,Cutting Chai,Beverages,3,9.29,0,Cash
T0001290,2025-07-07 08:41:28,S1255,I04,Cold Coffee,Beverages,1,60.05,0,Card
T0001290,2025-07-07 08:41:28,S1250,I01,Veg Puff,Snacks,1,25.23,0,UPI
T0001291,2025-07-07 08:58:12,S1354,I04,Cold Coffee,Beverages,1,60.13,0,Cash
T0001292,2025-07-07 18:51:31,S1138,I06,Poha,Breakfast,1,29.85,0,Cash
T0001293,2025-07-07 19:04:11,S1209,I04,Cold Coffee,Beverages,1,59.02,0,UPI
T0001294,2025-07-07 13:02:53,S1288,I06,Poha,Breakfast,1,28.85,0,UPI
T0001295,2025-07-07 18:27:22,S1024,I02,Samosa,Snacks,1,14.14,0,Cash
T0001296,2025-07-07 17:39:44,S1099,I03,Masala Sandwich,Sandwiches,3,47.94,25,Card
T0001297,2025-07-07 13:04:50,S1013,I06,Poha,Breakfast,1,30.62,0,Card
T0001298,2025-07-07 14:48:26,S1028,I05,Cutting Chai,Beverages,2,11.04,25,Card
T0001299,2025-07-07 08:53:44,S1073,I02,Samosa,Snacks,2,14.7,0,Card
T0001299,2025-07-07 08:53:44,S1161,I03,Masala Sandwich,Sandwiches,3,47.38,0,UPI
T0001300,2025-07-07 13:13:14,S1305,I02,Samosa,Snacks,1,14.89,0,Cash
T0001300,2025-07-07 13:13:14,S1092,I04,Cold Coffee,Beverages,1,60.01,0,Cash
T0001301,2025-07-07 13:33:20,S1136,I05,Cutting Chai,Beverages,3,9.54,0,Card
T0001302,2025-07-07 14:01:05,S1171,I05,Cutting Chai,Beverages,1,8.94,0,Card
T0001303,2025-07-07 13:07:58,S1071,I04,Cold Coffee,Beverages,3,59.71,5,Card
T0001304,2025-07-07 12:27:30,S1343,I05,Cutting Chai,Beverages,3,9.38,0,Cash
T0001304,2025-07-07 12:27:30,S1151,I01,Veg Puff,Snacks,1,25.28,0,Card
T0001305,2025-07-07 08:38:56,S1185,I05,Cutting Chai,Beverages,1,10.0,0,UPI
T0001306,2025-07-07 17:43:30,S1077,I04,Cold Coffee,Beverages,1,60.15,0,Card
T0001306,2025-07-07 17:43:30,S1117,I02,Samosa,Snacks,2,15.07,0,Cash
T0001307,2025-07-07 08:40:30,S1048,I03,Masala Sandwich,Sandwiches,2,47.71,0,Card
T0001307,2025-07-07 08:40:30,S1257,I04,Cold Coffee,Beverages,3,59.33,0,UPI
T0001308,2025-07-07 09:43:19,S1331,I04,Cold Coffee,Beverages,2,60.74,10,Cash
T0001309,2025-07-07 08:11:33,S1185,I03,Masala Sandwich,Sandwiches,3,47.98,25,Card
T0001310,2025-07-07 14:47:44,S1281,I05,Cutting Chai,Beverages,1,10.32,0,Card
T0001310,2025-07-07 14:47:44,S1112,I06,Poha,Breakfast,1,30.0,5,Cash
T0001311,2025-07-07 14:09:40,S1256,I01,Veg Puff,Snacks,1,26.08,0,Card
T0001312,2025-07-07 12:40:15,S1324,I02,Samosa,Snacks,2,15.16,0,Card
T0001312,2025-07-07 12:40:15,S1384,I05,Cutting Chai,Beverages,1,9.73,10,Cash
T0001313,2025-07-07 12:52:19,S1295,I01,Veg Puff,Snacks,3,24.78,15,Card
T0001314,2025-07-07 12:42:03,S1142,I03,Masala Sandwich,Sandwiches,1,48.05,0,Card
T0001315,2025-07-07 08:58:00,S1233,I02,Samosa,Snacks,1,14.8,0,Card
T0001315,2025-07-07 08:58:00,S1192,I05,Cutting Chai,Beverages,2,10.76,0,UPI
T0001316,2025-07-07 13:01:22,S1356,I05,Cutting Chai,Beverages,3,10.01,10,Cash
T0001316,2025-07-07 13:01:22,S1396,I06,Poha,Breakfast,3,29.84,0,UPI
T0001317,2025-07-07 13:45:37,S1074,I02,Samosa,Snacks,1,15.22,0,Cash
T0001317,2025-07-07 13:45:37,S1091,I04,Cold Coffee,Beverages,1,60.72,0,Cash
T0001318,2025-07-07 14:24:58,S1398,I03,Masala Sandwich,Sandwiches,2,48.17,0,UPI
T0001319,2025-07-07 12:04:38,S1208,I02,Samosa,Snacks,3,13.49,0,UPI
T0001320,2025-07-07 09:02:34,S1310,I04,Cold Coffee,Beverages,1,59.97,15,Card
T0001321,2025-07-07 13:42:58,S1137,I01,Veg Puff,Snacks,2,24.63,0,Card
T0001322,2025-07-07 14:52:18,S1002,I05,Cutting Chai,Beverages,2,11.72,0,UPI
T0001323,2025-07-07 18:36:36,S1187,I06,Poha,Breakfast,2,29.89,0,Cash
T0001324,2025-07-07 08:02:15,S1253,I01,Veg Puff,Snacks,2,25.24,0,Cash
T0001325,2025-07-07 14:00:07,S1090,I04,Cold Coffee,Beverages,3,59.55,0,Cash
T0001325,2025-07-07 14:00:07,S1063,I02,Samosa,Snacks,3,14.53,0,Cash
T0001326,2025-07-07 09:36:54,S1064,I04,Cold Coffee,Beverages,1,58.97,0,Card
T0001327,2025-07-07 14:05:16,S1269,I04,Cold Coffee,Beverages,3,58.91,25,Card
T0001328,2025-07-07 08:37:10,S1122,I02,Samosa,Snacks,4,13.9,10,UPI
T0001329,2025-07-07 13:21:00,S1361,I03,Masala Sandwich,Sandwiches,1,48.19,0,Card
T0001330,2025-07-07 12:12:59,S1118,I05,Cutting Chai,Beverages,2,10.92,0,Card
T0001330,2025-07-07 12:12:59,S1306,I02,Samosa,Snacks,3,15.66,0,Card
T0001331,2025-07-07 12:03:37,S1149,I05,Cutting Chai,Beverages,4,10.68,0,Card
T0001332,2025-07-07 12:07:06,S1288,I05,Cutting Chai,Beverages,2,10.35,0,Cash
T0001332,2025-07-07 12:07:06,S1337,I06,Poha,Breakfast,1,30.27,0,Card
T0001333,2025-07-07 14:19:50,S1052,I05,Cutting Chai,Beverages,2,10.69,0,Card
T0001334,2025-07-07 09:22:01,S1156,I04,Cold Coffee,Beverages,1,59.93,0,Cash
T0001335,2025-07-07 08:37:08,S1174,I06,Poha,Breakfast,1,29.41,15,Card
T0001336,2025-07-07 18:05:48,S1079,I05,Cutting Chai,Beverages,1,10.21,0,UPI
T0001337,2025-07-07 17:20:12,S1118,I06,Poha,Breakfast,1,29.31,0,Cash
T0001338,2025-07-07 08:31:49,S1119,I05,Cutting Chai,Beverages,1,10.34,0,Cash
T0001339,2025-07-07 13:28:55,S1350,I06,Poha,Breakfast,2,29.79,0,Cash
T0001340,2025-07-07 09:18:44,S1347,I03,Masala Sandwich,Sandwiches,2,47.52,0,Card
T0001341,2025-07-07 08:17:42,S1134,I04,Cold Coffee,Beverages,1,60.23,0,Card
T0001342,2025-07-07 14:02:32,S1247,I02,Samosa,Snacks,1,15.32,0,Cash
T0001343,2025-07-07 17:21:40,S1043,I05,Cutting Chai,Beverages,5,8.71,15,UPI
T0001344,2025-07-07 14:10:48,S1340,I06,Poha,Breakfast,1,31.52,0,UPI
T0001345,2025-07-07 17:35:13,S1342,I03,Masala Sandwich,Sandwiches,4,48.49,0,Card
T0001346,2025-07-07 08:19:42,S1169,I01,Veg Puff,Snacks,1,24.72,0,UPI
T0001347,2025-07-07 17:47:24,S1274,I03,Masala Sandwich,Sandwiches,1,48.67,0,Cash
T0001348,2025-07-07 08:19:56,S1377,I03,Masala Sandwich,Sandwiches,1,47.66,5,Card
T0001348,2025-07-07 08:19:56,S1054,I04,Cold Coffee,Beverages,1,60.72,0,UPI
T0001349,2025-07-07 08:24:27,S1002,I05,Cutting Chai,Beverages,3,10.47,0,UPI
T0001350,2025-07-07 08:50:01,S1075,I01,Veg Puff,Snacks,1,24.18,0,UPI
T0001350,2025-07-07 08:50:01,S1319,I02,Samosa,Snacks,2,14.97,0,Cash
T0001351,2025-07-07 08:04:05,S1199,I04,Cold Coffee,Beverages,1,58.8,0,UPI
T0001352,2025-07-07 12:34:30,S1249,I04,Cold Coffee,Beverages,1,59.47,0,Cash
T0001353,2025-07-07 09:53:05,S1122,I02,Samosa,Snacks,1,15.36,0,UPI
T0001354,2025-07-07 19:44:08,S1222,I02,Samosa,Snacks,1,15.38,0,Cash
T0001355,2025-07-07 14:00:09,S1106,I01,Veg Puff,Snacks,1,23.99,0,Cash
T0001356,2025-07-07 18:32:23,S1279,I05,Cutting Chai,Beverages,2,9.83,0,Cash
T0001357,2025-07-07 14:04:29,S1300,I02,Samosa,Snacks,1,16.01,0,Card
T0001357,2025-07-07 14:04:29,S1083,I04,Cold Coffee,Beverages,1,60.59,0,Cash
T0001358,2025-07-07 08:14:01,S1040,I03,Masala Sandwich,Sandwiches,4,47.4,0,Card
T0001358,2025-07-07 08:14:01,S1125,I04,Cold Coffee,Beverages,2,59.92,10,UPI
T0001359,2025-07-07 09:38:07,S1123,I06,Poha,Breakfast,3,29.95,15,UPI
T0001360,2025-07-07 18:33:38,S1297,I03,Masala Sandwich,Sandwiches,2,48.39,10,Card
T0001361,2025-07-07 14:53:00,S1253,I02,Samosa,Snacks,2,14.83,0,Cash
T0001362,2025-07-07 08:03:11,S1177,I05,Cutting Chai,Beverages,1,9.44,0,Card
T0001363,2025-07-07 08:07:24,S1387,I05,Cutting Chai,Beverages,1,10.29,0,Card
T0001363,2025-07-07 08:07:24,S1146,I03,Masala Sandwich,Sandwiches,2,48.38,0,Card
T0001364,2025-07-07 09:08:42,S1223,I06,Poha,Breakfast,1,30.1,0,UPI
T0001365,2025-07-07 13:40:02,S1160,I05,Cutting Chai,Beverages,1,9.68,0,Card
T0001366,2025-07-07 19:20:56,S1127,I03,Masala Sandwich,Sandwiches,2,47.83,0,Card
T0001366,2025-07-07 19:20:56,S1047,I04,Cold Coffee,Beverages,1,59.83,0,Card
T0001367,2025-07-07 13:39:37,S1390,I02,Samosa,Snacks,1,13.74,0,UPI
T0001367,2025-07-07 13:39:37,S1318,I05,Cutting Chai,Beverages,1,9.67,0,UPI
T0001368,2025-07-07 09:14:37,S1279,I06,Poha,Breakfast,1,30.87,5,Cash
T0001369,2025-07-07 18:42:52,S1376,I04,Cold Coffee,Beverages,4,59.47,0,Cash
T0001370,2025-07-07 18:42:27,S1337,I04,Cold Coffee,Beverages,3,60.3,0,UPI
T0001371,2025-07-07 08:12:51,S1005,I02,Samosa,Snacks,4,15.51,0,UPI
T0001371,2025-07-07 08:12:51,S1374,I01,Veg Puff,Snacks,2,25.62,0,UPI
T0001372,2025-07-07 09:21:58,S1172,I02,Samosa,Snacks,2,16.33,0,Cash
T0001373,2025-07-07 12:46:22,S1064,I06,Poha,Breakfast,1,29.84,0,Card
T0001373,2025-07-07 12:46:22,S1301,I04,Cold Coffee,Beverages,2,59.72,0,Card
T0001374,2025-07-07 19:49:02,S1175,I05,Cutting Chai,Beverages,1,10.88,0,Cash
T0001374,2025-07-07 19:49:02,S1255,I04,Cold Coffee,Beverages,2,59.51,5,Card
T0001375,2025-07-07 08:02:00,S1314,I02,Samosa,Snacks,1,15.06,0,Cash
T0001376,2025-07-07 19:40:49,S1110,I05,Cutting Chai,Beverages,2,10.44,0,Card
T0001377,2025-07-07 12:52:58,S1212,I05,Cutting Chai,Beverages,3,9.01,0,UPI
T0001377,2025-07-07 12:52:58,S1044,I01,Veg Puff,Snacks,3,24.05,0,UPI
T0001378,2025-07-07 13:33:40,S1131,I03,Masala Sandwich,Sandwiches,4,48.52,10,Card
T0001379,2025-07-07 13:23:45,S1090,I01,Veg Puff,Snacks,1,24.91,25,Cash
T0001380,2025-07-07 13:49:46,S1152,I01,Veg Puff,Snacks,1,25.49,0,Card
T0001380,2025-07-07 13:49:46,S1221,I06,Poha,Breakfast,3,30.41,0,UPI
T0001381,2025-07-07 09:25:02,S1206,I01,Veg Puff,Snacks,1,25.37,0,UPI
T0001382,2025-07-07 08:48:48,S1001,I06,Poha,Breakfast,2,29.51,0,Cash
T0001382,2025-07-07 08:48:48,S1328,I04,Cold Coffee,Beverages,4,60.5,0,Card
T0001383,2025-07-07 12:36:39,S1392,I06,Poha,Breakfast,1,29.1,0,Cash
T0001384,2025-07-07 09:29:17,S1016,I01,Veg Puff,Snacks,1,25.3,0,Card
T0001384,2025-07-07 09:29:17,S1181,I02,Samosa,Snacks,1,15.03,15,Card
T0001385,2025-07-07 17:23:23,S1360,I01,Veg Puff,Snacks,1,24.94,0,UPI
T0001386,2025-07-07 09:07:25,S1209,I02,Samosa,Snacks,2,15.27,0,Cash
T0001386,2025-07-07 09:07:25,S1107,I01,Veg Puff,Snacks,1,24.76,0,Card
T0001387,2025-07-07 14:02:11,S1004,I06,Poha,Breakfast,2,29.65,0,Cash
T0001388,2025-07-07 08:58:52,S1148,I06,Poha,Breakfast,2,29.96,5,Card
T0001389,2025-07-07 14:09:02,S1163,I02,Samosa,Snacks,1,14.34,0,Card
T0001390,2025-07-07 14:03:36,S1184,I05,Cutting Chai,Beverages,5,9.15,0,UPI
T0001391,2025-07-07 14:34:06,S1006,I02,Samosa,Snacks,1,16.08,25,UPI
T0001392,2025-07-07 12:44:12,S1051,I06,Poha,Breakfast,1,28.82,0,Card
T0001392,2025-07-07 12:44:12,S1209,I01,Veg Puff,Snacks,2,24.86,0,UPI
T0001393,2025-07-07 13:15:04,S1140,I06,Poha,Breakfast,2,29.82,0,Card
T0001394,2025-07-07 09:08:01,S1067,I01,Veg Puff,Snacks,1,25.17,0,Card
T0001395,2025-07-07 19:00:47,S1369,I06,Poha,Breakfast,1,29.51,0,Card
T0001396,2025-07-07 17:53:51,S1399,I06,Poha,Breakfast,1,31.09,0,Card
T0001396,2025-07-07 17:53:51,S1244,I02,Samosa,Snacks,1,15.44,0,Cash
T0001397,2025-07-07 12:59:25,S1068,I02,Samosa,Snacks,2,15.21,0,Cash
T0001398,2025-07-07 14:05:30,S1159,I03,Masala Sandwich,Sandwiches,3,48.25,5,Card
T0001399,2025-07-07 08:40:15,S1099,I05,Cutting Chai,Beverages,2,10.54,0,Card
T0001399,2025-07-07 08:40:15,S1392,I03,Masala Sandwich,Sandwiches,1,47.34,10,Cash
T0001400,2025-07-07 08:38:11,S1101,I06,Poha,Breakfast,2,30.22,5,UPI
T0001401,2025-07-07 13:30:27,S1330,I01,Veg Puff,Snacks,2,23.9,0,UPI
T0001402,2025-07-07 13:57:12,S1056,I02,Samosa,Snacks,1,14.64,0,UPI
T0001403,2025-07-07 08:46:27,S1309,I04,Cold Coffee,Beverages,2,59.87,0,Card
T0001404,2025-07-07 17:18:55,S1041,I03,Masala Sandwich,Sandwiches,2,48.9,0,Cash
T0001405,2025-07-07 13:34:44,S1062,I04,Cold Coffee,Beverages,3,60.03,0,Cash
T0001405,2025-07-07 13:34:44,S1131,I01,Veg Puff,Snacks,4,25.2,0,Cash
T0001406,2025-07-07 09:59:27,S1222,I05,Cutting Chai,Beverages,2,9.9,0,Cash
T0001407,2025-07-07 19:40:25,S1037,I06,Poha,Breakfast,2,30.27,0,Cash
T0001407,2025-07-07 19:40:25,S1067,I04,Cold Coffee,Beverages,1,59.81,0,Card
T0001408,2025-07-07 13:54:13,S1298,I01,Veg Puff,Snacks,1,24.6,0,Cash
T0001408,2025-07-07 13:54:13,S1081,I05,Cutting Chai,Beverages,3,9.86,15,UPI
T0001409,2025-07-07 12:01:33,S1272,I06,Poha,Breakfast,1,29.17,0,UPI
T0001410,2025-07-07 19:49:17,S1145,I05,Cutting Chai,Beverages,1,9.21,0,UPI
T0001411,2025-07-07 08:00:03,S1278,I05,Cutting Chai,Beverages,1,9.31,0,Cash
T0001412,2025-07-07 09:49:52,S1147,I01,Veg Puff,Snacks,1,24.77,0,Card
T0001412,2025-07-07 09:49:52,S1303,I02,Samosa,Snacks,2,14.93,15,Cash
T0001413,2025-07-07 19:40:45,S1122,I05,Cutting Chai,Beverages,1,10.92,0,Card
T0001413,2025-07-07 19:40:45,S1027,I03,Masala Sandwich,Sandwiches,2,48.15,15,Cash
T0001414,2025-07-07 09:07:47,S1304,I03,Masala Sandwich,Sandwiches,1,48.29,10,Card
T0001414,2025-07-07 09:07:47,S1365,I02,Samosa,Snacks,3,14.86,0,Card
T0001415,2025-07-07 13:20:53,S1375,I02,Samosa,Snacks,1,15.51,0,UPI
T0001416,2025-07-07 19:06:56,S1254,I03,Masala Sandwich,Sandwiches,1,48.25,0,Card
T0001417,2025-07-07 09:20:07,S1234,I04,Cold Coffee,Beverages,5,59.75,10,UPI
T0001417,2025-07-07 09:20:07,S1171,I01,Veg Puff,Snacks,2,25.77,15,Card
T0001418,2025-07-07 17:18:52,S1250,I04,Cold Coffee,Beverages,1,61.1,0,Card
T0001419,2025-07-07 08:27:58,S1253,I02,Samosa,Snacks,1,14.48,0,Cash
T0001420,2025-07-07 17:30:37,S1338,I06,Poha,Breakfast,1,30.81,0,Card
T0001421,2025-07-07 09:54:54,S1172,I04,Cold Coffee,Beverages,3,59.58,0,Cash
T0001422,2025-07-07 13:28:12,S1092,I01,Veg Puff,Snacks,3,24.57,0,UPI
T0001423,2025-07-07 18:42:36,S1025,I06,Poha,Breakfast,3,29.96,0,Cash
T0001424,2025-07-07 13:34:42,S1075,I06,Poha,Breakfast,2,29.59,0,UPI
T0001425,2025-07-07 12:35:06,S1091,I04,Cold Coffee,Beverages,1,59.98,0,UPI
T0001425,2025-07-07 12:35:06,S1351,I05,Cutting Chai,Beverages,3,9.35,0,Cash
T0001426,2025-07-07 12:22:21,S1217,I01,Veg Puff,Snacks,2,26.04,10,UPI
T0001427,2025-07-07 12:59:37,S1179,I05,Cutting Chai,Beverages,5,10.61,0,Card
T0001428,2025-07-07 14:41:52,S1337,I03,Masala Sandwich,Sandwiches,2,48.07,0,UPI
T0001428,2025-07-07 14:41:52,S1327,I05,Cutting Chai,Beverages,3,8.87,0,UPI
T0001429,2025-07-07 08:39:30,S1045,I05,Cutting Chai,Beverages,7,9.9,0,Cash
T0001430,2025-07-07 14:17:37,S1158,I03,Masala Sandwich,Sandwiches,2,48.51,5,Cash
T0001431,2025-07-07 18:58:04,S1256,I06,Poha,Breakfast,1,28.57,0,Cash
T0001432,2025-07-07 12:58:40,S1194,I02,Samosa,Snacks,2,15.77,10,UPI
T0001432,2025-07-07 12:58:40,S1132,I04,Cold Coffee,Beverages,1,61.41,0,Cash
T0001433,2025-07-07 09:09:49,S1266,I04,Cold Coffee,Beverages,3,59.3,0,Card
T0001433,2025-07-07 09:09:49,S1203,I06,Poha,Breakfast,1,30.6,0,Cash
T0001434,2025-07-07 13:32:04,S1036,I06,Poha,Breakfast,1,30.45,0,Cash
T0001435,2025-07-07 08:44:11,S1251,I02,Samosa,Snacks,3,14.53,0,Card
T0001436,2025-07-07 13:23:36,S1075,I06,Poha,Breakfast,2,29.88,0,UPI
T0001436,2025-07-07 13:23:36,S1202,I01,Veg Puff,Snacks,1,24.36,0,UPI
T0001437,2025-07-07 12:19:13,S1269,I03,Masala Sandwich,Sandwiches,2,48.21,0,Cash
T0001438,2025-07-07 19:50:53,S1102,I01,Veg Puff,Snacks,1,24.97,0,UPI
T0001439,2025-07-07 14:18:48,S1071,I06,Poha,Breakfast,1,30.71,0,Cash
T0001440,2025-07-07 08:49:48,S1304,I03,Masala Sandwich,Sandwiches,2,46.94,0,Card
T0001440,2025-07-07 08:49:48,S1368,I06,Poha,Breakfast,1,30.27,0,Cash
T0001441,2025-07-07 19:44:57,S1379,I04,Cold Coffee,Beverages,5,59.56,0,Card
T0001441,2025-07-07 19:44:57,S1016,I05,Cutting Chai,Beverages,1,9.91,0,UPI
T0001442,2025-07-07 12:09:38,S1307,I04,Cold Coffee,Beverages,2,60.35,0,Cash
T0001443,2025-07-07 09:10:54,S1382,I01,Veg Puff,Snacks,1,25.2,0,UPI
T0001444,2025-07-07 14:40:12,S1128,I02,Samosa,Snacks,1,15.71,0,UPI
T0001445,2025-07-07 09:54:52,S1070,I02,Samosa,Snacks,2,15.32,10,Card
T0001445,2025-07-07 09:54:52,S1382,I03,Masala Sandwich,Sandwiches,3,48.41,0,Card
T0001446,2025-07-07 09:45:26,S1363,I05,Cutting Chai,Beverages,1,10.37,0,UPI
T0001446,2025-07-07 09:45:26,S1064,I06,Poha,Breakfast,1,29.56,0,Cash
T0001447,2025-07-07 09:03:10,S1167,I05,Cutting Chai,Beverages,2,9.95,25,UPI
T0001448,2025-07-07 12:48:06,S1189,I05,Cutting Chai,Beverages,3,9.62,0,Card
T0001448,2025-07-07 12:48:06,S1180,I02,Samosa,Snacks,1,14.86,10,Card
T0001449,2025-07-07 09:47:28,S1353,I04,Cold Coffee,Beverages,4,60.24,10,UPI
T0001449,2025-07-07 09:47:28,S1181,I03,Masala Sandwich,Sandwiches,1,47.72,0,UPI
T0001450,2025-07-07 08:24:44,S1307,I06,Poha,Breakfast,2,28.78,15,UPI
T0001451,2025-07-07 14:17:49,S1134,I05,Cutting Chai,Beverages,2,9.91,0,UPI
T0001451,2025-07-07 14:17:49,S1183,I04,Cold Coffee,Beverages,1,60.48,0,Card
T0001452,2025-07-07 14:50:34,S1048,I02,Samosa,Snacks,1,14.94,0,UPI
T0001453,2025-07-07 09:02:34,S1012,I01,Veg Puff,Snacks,1,25.45,0,Cash
T0001453,2025-07-07 09:02:34,S1092,I04,Cold Coffee,Beverages,4,60.64,0,Card
T0001454,2025-07-07 13:52:21,S1216,I02,Samosa,Snacks,2,15.25,10,Card
T0001455,2025-07-07 18:25:36,S1349,I03,Masala Sandwich,Sandwiches,1,48.09,0,UPI
T0001456,2025-07-07 12:21:25,S1185,I04,Cold Coffee,Beverages,2,60.17,0,Card
T0001457,2025-07-07 17:34:56,S1198,I02,Samosa,Snacks,3,15.24,0,Card
T0001458,2025-07-07 17:24:03,S1109,I06,Poha,Breakfast,1,29.88,0,Card
T0001458,2025-07-07 17:24:03,S1119,I04,Cold Coffee,Beverages,1,60.18,5,Card
T0001459,2025-07-07 08:39:16,S1306,I05,Cutting Chai,Beverages,1,9.66,25,Cash
T0001460,2025-07-07 14:07:12,S1145,I02,Samosa,Snacks,1,14.84,0,UPI
T0001461,2025-07-07 13:16:14,S1366,I03,Masala Sandwich,Sandwiches,1,48.54,10,Card
T0001462,2025-07-07 18:31:36,S1067,I03,Masala Sandwich,Sandwiches,2,48.77,0,Cash
T0001462,2025-07-07 18:31:36,S1176,I01,Veg Puff,Snacks,2,26.41,0,Card
T0001463,2025-07-07 14:03:46,S1300,I03,Masala Sandwich,Sandwiches,2,48.42,0,Card
T0001463,2025-07-07 14:03:46,S1148,I04,Cold Coffee,Beverages,2,59.03,0,UPI
T0001464,2025-07-07 12:47:57,S1171,I04,Cold Coffee,Beverages,3,59.92,10,Cash
T0001464,2025-07-07 12:47:57,S1026,I02,Samosa,Snacks,1,15.89,0,Cash
T0001465,2025-07-07 19:20:36,S1060,I05,Cutting Chai,Beverages,1,9.6,0,Card
T0001466,2025-07-07 08:17:47,S1381,I05,Cutting Chai,Beverages,1,9.23,0,UPI
T0001467,2025-07-07 08:55:51,S1381,I06,Poha,Breakfast,2,30.99,0,UPI
T0001468,2025-07-07 12:25:08,S1146,I03,Masala Sandwich,Sandwiches,2,48.9,0,Cash
T0001468,2025-07-07 12:25:08,S1131,I02,Samosa,Snacks,3,14.8,15,Card
T0001469,2025-07-07 14:33:38,S1032,I04,Cold Coffee,Beverages,2,60.48,0,UPI
T0001470,2025-07-07 12:44:23,S1189,I06,Poha,Breakfast,2,29.65,0,Cash
T0001471,2025-07-07 19:26:54,S1014,I05,Cutting Chai,Beverages,1,10.55,0,Cash
T0001472,2025-07-07 09:21:30,S1197,I04,Cold Coffee,Beverages,1,60.35,0,UPI
T0001473,2025-07-07 09:54:48,S1036,I04,Cold Coffee,Beverages,1,61.38,0,UPI
T0001474,2025-07-07 08:02:03,S1242,I03,Masala Sandwich,Sandwiches,1,48.51,0,Card
T0001475,2025-07-07 13:16:42,S1329,I01,Veg Puff,Snacks,3,24.53,0,UPI
T0001476,2025-07-07 08:46:44,S1286,I06,Poha,Breakfast,2,29.64,0,Card
T0001476,2025-07-07 08:46:44,S1265,I04,Cold Coffee,Beverages,4,60.69,0,UPI
T0001477,2025-07-07 14:23:15,S1115,I05,Cutting Chai,Beverages,1,10.55,0,Cash
T0001478,2025-07-07 14:20:33,S1281,I01,Veg Puff,Snacks,2,24.28,0,Cash
T0001479,2025-07-07 09:07:58,S1356,I01,Veg Puff,Snacks,2,25.19,0,Cash
T0001480,2025-07-07 13:40:34,S1314,I01,Veg Puff,Snacks,1,25.61,5,Card
T0001481,2025-07-07 12:01:12,S1206,I02,Samosa,Snacks,1,15.24,0,Cash
T0001481,2025-07-07 12:01:12,S1298,I03,Masala Sandwich,Sandwiches,4,48.48,0,Cash
T0001482,2025-07-07 18:26:16,S1221,I01,Veg Puff,Snacks,2,24.33,10,Card
T0001483,2025-07-07 19:46:55,S1357,I02,Samosa,Snacks,2,15.9,0,UPI
T0001484,2025-07-07 09:20:34,S1343,I01,Veg Puff,Snacks,3,25.14,25,UPI
T0001484,2025-07-07 09:20:34,S1273,I06,Poha,Breakfast,1,29.53,0,Card
T0001485,2025-07-07 08:32:43,S1237,I01,Veg Puff,Snacks,2,24.67,0,Card
T0001485,2025-07-07 08:32:43,S1161,I02,Samosa,Snacks,3,15.38,25,Cash
T0001486,2025-07-07 19:38:07,S1125,I03,Masala Sandwich,Sandwiches,1,48.54,15,Card
T0001487,2025-07-07 19:01:20,S1177,I01,Veg Puff,Snacks,2,25.5,0,Cash
T0001488,2025-07-07 19:36:53,S1102,I03,Masala Sandwich,Sandwiches,1,47.78,0,Card
T0001488,2025-07-07 19:36:53,S1138,I01,Veg Puff,Snacks,1,24.31,0,Cash
T0001489,2025-07-07 13:37:07,S1266,I04,Cold Coffee,Beverages,2,61.56,15,UPI
T0001489,2025-07-07 13:37:07,S1309,I02,Samosa,Snacks,1,15.73,0,UPI
T0001490,2025-07-07 08:00:19,S1291,I04,Cold Coffee,Beverages,2,60.19,5,UPI
T0001490,2025-07-07 08:00:19,S1042,I03,Masala Sandwich,Sandwiches,1,48.32,0,Card
T0001491,2025-07-07 13:01:37,S1181,I01,Veg Puff,Snacks,1,24.7,5,Cash
T0001492,2025-07-07 17:05:09,S1357,I03,Masala Sandwich,Sandwiches,1,47.99,0,Card
T0001493,2025-07-07 14:09:59,S1160,I06,Poha,Breakfast,2,29.43,0,Card
T0001493,2025-07-07 14:09:59,S1341,I01,Veg Puff,Snacks,1,26.19,0,UPI
T0001494,2025-07-07 12:08:30,S1178,I05,Cutting Chai,Beverages,2,9.61,5,Card
T0001494,2025-07-07 12:08:30,S1188,I01,Veg Puff,Snacks,2,24.86,0,UPI
T0001495,2025-07-07 09:59:49,S1079,I01,Veg Puff,Snacks,1,25.11,0,Cash
T0001495,2025-07-07 09:59:49,S1020,I05,Cutting Chai,Beverages,4,9.69,0,UPI
T0001496,2025-07-07 14:13:59,S1298,I06,Poha,Breakfast,1,30.21,0,UPI
T0001497,2025-07-07 08:36:44,S1129,I03,Masala Sandwich,Sandwiches,1,48.73,0,Card
T0001498,2025-07-08 19:55:10,S1233,I03,Masala Sandwich,Sandwiches,1,48.96,0,UPI
T0001498,2025-07-08 19:55:10,S1295,I04,Cold Coffee,Beverages,4,60.55,0,Cash
T0001499,2025-07-08 13:01:05,S1132,I03,Masala Sandwich,Sandwiches,1,48.57,0,Cash
T0001499,2025-07-08 13:01:05,S1166,I06,Poha,Breakfast,2,31.02,0,UPI
T0001500,2025-07-08 08:16:29,S1060,I03,Masala Sandwich,Sandwiches,2,47.31,0,Cash
T0001501,2025-07-08 18:26:01,S1253,I01,Veg Puff,Snacks,2,28.11,0,Cash
T0001502,2025-07-08 18:43:47,S1355,I05,Cutting Chai,Beverages,2,10.97,0,Card
T0001503,2025-07-08 18:29:26,S1150,I05,Cutting Chai,Beverages,2,8.67,0,Cash
T0001504,2025-07-08 08:56:11,S1310,I06,Poha,Breakfast,1,29.7,10,Card
T0001505,2025-07-08 08:02:55,S1203,I02,Samosa,Snacks,1,15.23,0,UPI
T0001506,2025-07-08 17:15:06,S1241,I04,Cold Coffee,Beverages,3,59.47,0,Cash
T0001506,2025-07-08 17:15:06,S1009,I01,Veg Puff,Snacks,1,28.32,10,Cash
T0001507,2025-07-08 09:17:49,S1033,I01,Veg Puff,Snacks,2,28.67,0,UPI
T0001508,2025-07-08 12:50:24,S1275,I01,Veg Puff,Snacks,1,27.33,10,UPI
T0001509,2025-07-08 19:25:22,S1235,I05,Cutting Chai,Beverages,4,10.03,0,UPI
T0001510,2025-07-08 08:36:07,S1120,I04,Cold Coffee,Beverages,1,60.56,0,Cash
T0001511,2025-07-08 08:15:16,S1205,I03,Masala Sandwich,Sandwiches,1,47.94,25,Card
T0001511,2025-07-08 08:15:16,S1006,I04,Cold Coffee,Beverages,2,60.18,0,Cash
T0001512,2025-07-08 08:16:44,S1041,I06,Poha,Breakfast,3,29.58,0,UPI
T0001512,2025-07-08 08:16:44,S1095,I01,Veg Puff,Snacks,5,28.81,0,UPI
T0001513,2025-07-08 17:10:42,S1142,I05,Cutting Chai,Beverages,1,9.72,0,UPI
T0001513,2025-07-08 17:10:42,S1232,I06,Poha,Breakfast,3,30.51,10,UPI
T0001514,2025-07-08 17:36:08,S1341,I03,Masala Sandwich,Sandwiches,1,48.68,0,Card
T0001515,2025-07-08 09:17:39,S1133,I01,Veg Puff,Snacks,1,27.8,0,Cash
T0001515,2025-07-08 09:17:39,S1266,I02,Samosa,Snacks,2,15.65,0,UPI
T0001516,2025-07-08 09:54:06,S1066,I04,Cold Coffee,Beverages,2,60.06,0,Cash
T0001516,2025-07-08 09:54:06,S1105,I01,Veg Puff,Snacks,3,27.83,0,UPI
T0001517,2025-07-08 14:35:48,S1221,I04,Cold Coffee,Beverages,3,59.6,0,UPI
T0001517,2025-07-08 14:35:48,S1372,I02,Samosa,Snacks,2,14.52,0,Cash
T0001518,2025-07-08 08:10:14,S1392,I02,Samosa,Snacks,2,13.79,0,UPI
T0001519,2025-07-08 13:06:23,S1001,I04,Cold Coffee,Beverages,4,59.51,15,Cash
T0001520,2025-07-08 14:04:25,S1167,I01,Veg Puff,Snacks,1,27.66,0,Card
T0001521,2025-07-08 18:44:51,S1257,I02,Samosa,Snacks,1,15.35,0,Card
T0001522,2025-07-08 08:25:23,S1391,I03,Masala Sandwich,Sandwiches,2,48.4,0,Cash
T0001523,2025-07-08 14:44:15,S1319,I03,Masala Sandwich,Sandwiches,4,47.54,15,Card
T0001524,2025-07-08 12:12:56,S1265,I05,Cutting Chai,Beverages,1,11.11,0,Card
T0001525,2025-07-08 09:49:58,S1097,I05,Cutting Chai,Beverages,1,9.91,0,UPI
T0001526,2025-07-08 09:35:07,S1373,I03,Masala Sandwich,Sandwiches,1,46.45,0,UPI
T0001527,2025-07-08 09:29:05,S1136,I06,Poha,Breakfast,2,31.03,0,Card
T0001528,2025-07-08 09:58:58,S1003,I05,Cutting Chai,Beverages,2,10.96,0,UPI
T0001529,2025-07-08 14:33:55,S1325,I04,Cold Coffee,Beverages,3,58.98,0,UPI
T0001530,2025-07-08 14:34:46,S1111,I06,Poha,Breakfast,2,29.97,0,Card
T0001531,2025-07-08 14:58:17,S1099,I05,Cutting Chai,Beverages,1,9.95,0,UPI
T0001531,2025-07-08 14:58:17,S1130,I04,Cold Coffee,Beverages,1,60.16,0,Cash
T0001532,2025-07-08 13:57:54,S1363,I04,Cold Coffee,Beverages,1,60.42,0,Card
T0001533,2025-07-08 13:58:45,S1285,I06,Poha,Breakfast,2,29.99,0,Cash
T0001533,2025-07-08 13:58:45,S1398,I04,Cold Coffee,Beverages,1,60.42,0,Card
T0001534,2025-07-08 14:52:15,S1290,I01,Veg Puff,Snacks,1,28.3,0,Card
T0001534,2025-07-08 14:52:15,S1184,I03,Masala Sandwich,Sandwiches,1,47.33,0,Card
T0001535,2025-07-08 18:09:00,S1017,I06,Poha,Breakfast,2,29.01,0,Card
T0001536,2025-07-08 09:33:08,S1158,I06,Poha,Breakfast,2,30.4,0,UPI
T0001537,2025-07-08 09:27:41,S1385,I01,Veg Puff,Snacks,1,27.78,0,Cash
T0001538,2025-07-08 09:01:11,S1138,I02,Samosa,Snacks,4,14.37,0,Card
T0001539,2025-07-08 13:08:22,S1286,I04,Cold Coffee,Beverages,2,59.53,5,Cash
T0001540,2025-07-08 08:37:34,S1171,I04,Cold Coffee,Beverages,1,60.03,0,UPI
T0001541,2025-07-08 13:38:08,S1223,I04,Cold Coffee,Beverages,3,59.88,0,Cash
T0001542,2025-07-08 09:21:00,S1126,I05,Cutting Chai,Beverages,4,9.97,15,UPI
T0001543,2025-07-08 13:33:03,S1399,I05,Cutting Chai,Beverages,1,10.34,0,Cash
T0001543,2025-07-08 13:33:03,S1232,I04,Cold Coffee,Beverages,1,60.92,0,UPI
T0001544,2025-07-08 13:08:24,S1092,I06,Poha,Breakfast,1,29.32,0,UPI
T0001545,2025-07-08 13:34:25,S1353,I01,Veg Puff,Snacks,1,27.76,0,Card
T0001545,2025-07-08 13:34:25,S1220,I06,Poha,Breakfast,2,30.52,0,UPI
T0001546,2025-07-08 09:54:12,S1325,I04,Cold Coffee,Beverages,1,59.2,0,Card
T0001546,2025-07-08 09:54:12,S1034,I06,Poha,Breakfast,4,30.26,0,Card
T0001547,2025-07-08 13:51:12,S1167,I02,Samosa,Snacks,1,15.57,0,Card
T0001548,2025-07-08 09:39:28,S1358,I03,Masala Sandwich,Sandwiches,3,47.73,0,Cash
T0001548,2025-07-08 09:39:28,S1052,I01,Veg Puff,Snacks,1,28.33,5,UPI
T0001549,2025-07-08 12:01:03,S1304,I04,Cold Coffee,Beverages,1,60.15,0,Card
T0001550,2025-07-08 13:23:40,S1071,I03,Masala Sandwich,Sandwiches,1,48.88,0,Cash
T0001551,2025-07-08 08:29:56,S1303,I04,Cold Coffee,Beverages,3,60.6,5,Card
T0001552,2025-07-08 14:58:49,S1304,I03,Masala Sandwich,Sandwiches,1,47.02,0,Card
T0001552,2025-07-08 14:58:49,S1170,I04,Cold Coffee,Beverages,4,60.45,0,Cash
T0001553,2025-07-08 12:41:15,S1264,I04,Cold Coffee,Beverages,2,60.15,0,Card
T0001553,2025-07-08 12:41:15,S1249,I03,Masala Sandwich,Sandwiches,3,48.27,0,Card
T0001554,2025-07-08 19:03:38,S1222,I05,Cutting Chai,Beverages,2,10.46,5,Card
T0001554,2025-07-08 19:03:38,S1180,I01,Veg Puff,Snacks,3,26.68,0,UPI
T0001555,2025-07-08 12:32:35,S1163,I01,Veg Puff,Snacks,1,27.65,10,UPI
T0001556,2025-07-08 09:23:21,S1030,I04,Cold Coffee,Beverages,3,59.03,5,UPI
T0001557,2025-07-08 09:43:47,S1309,I03,Masala Sandwich,Sandwiches,2,48.27,5,UPI
T0001558,2025-07-08 09:51:31,S1316,I06,Poha,Breakfast,2,29.69,0,Cash
T0001559,2025-07-08 17:27:32,S1386,I06,Poha,Breakfast,1,29.92,0,Cash
T0001560,2025-07-08 12:25:25,S1388,I06,Poha,Breakfast,2,29.28,0,Card
T0001561,2025-07-08 18:42:01,S1337,I01,Veg Puff,Snacks,2,29.03,0,UPI
T0001562,2025-07-08 09:37:04,S1358,I05,Cutting Chai,Beverages,3,9.5,5,Card
T0001562,2025-07-08 09:37:04,S1124,I01,Veg Puff,Snacks,5,27.47,0,Card
T0001563,2025-07-08 09:34:30,S1274,I05,Cutting Chai,Beverages,1,10.09,0,Cash
T0001564,2025-07-08 18:30:10,S1187,I05,Cutting Chai,Beverages,2,10.77,0,Cash
T0001565,2025-07-08 08:24:11,S1150,I01,Veg Puff,Snacks,2,28.0,0,Card
T0001566,2025-07-08 14:55:32,S1377,I04,Cold Coffee,Beverages,1,60.86,0,Card
T0001567,2025-07-08 12:47:05,S1327,I01,Veg Puff,Snacks,1,28.61,0,Card
T0001567,2025-07-08 12:47:05,S1155,I05,Cutting Chai,Beverages,3,9.7,0,Card
T0001568,2025-07-08 14:03:10,S1138,I06,Poha,Breakfast,1,29.41,0,Card
T0001568,2025-07-08 14:03:10,S1335,I02,Samosa,Snacks,3,16.05,0,UPI
T0001569,2025-07-08 13:23:01,S1229,I05,Cutting Chai,Beverages,1,8.9,0,Cash
T0001570,2025-07-08 08:53:43,S1158,I06,Poha,Breakfast,1,29.87,0,Cash
T0001570,2025-07-08 08:53:43,S1188,I02,Samosa,Snacks,3,15.85,0,Card
T0001571,2025-07-08 14:40:33,S1330,I01,Veg Puff,Snacks,1,27.08,0,Card
T0001572,2025-07-08 14:26:54,S1308,I06,Poha,Breakfast,4,29.49,0,Card
T0001572,2025-07-08 14:26:54,S1295,I02,Samosa,Snacks,1,15.78,10,Cash
T0001573,2025-07-08 13:44:25,S1196,I03,Masala Sandwich,Sandwiches,1,48.63,0,UPI
T0001574,2025-07-08 12:21:42,S1103,I01,Veg Puff,Snacks,1,27.79,0,Cash
T0001575,2025-07-08 08:26:56,S1098,I05,Cutting Chai,Beverages,1,9.73,0,UPI
T0001576,2025-07-08 13:18:45,S1336,I02,Samosa,Snacks,1,14.77,0,Card
T0001576,2025-07-08 13:18:45,S1254,I01,Veg Puff,Snacks,1,28.98,5,Cash
T0001577,2025-07-08 08:27:26,S1132,I05,Cutting Chai,Beverages,1,11.03,0,Card
T0001578,2025-07-08 13:46:09,S1250,I05,Cutting Chai,Beverages,1,10.49,0,Card
T0001579,2025-07-08 12:24:07,S1224,I03,Masala Sandwich,Sandwiches,1,47.48,5,Card
T0001579,2025-07-08 12:24:07,S1311,I05,Cutting Chai,Beverages,1,9.21,0,Card
T0001580,2025-07-08 08:14:51,S1258,I01,Veg Puff,Snacks,1,28.55,0,Card
T0001581,2025-07-08 14:29:23,S1385,I03,Masala Sandwich,Sandwiches,2,48.15,0,UPI
T0001581,2025-07-08 14:29:23,S1248,I05,Cutting Chai,Beverages,1,9.37,0,UPI
T0001582,2025-07-08 09:46:52,S1296,I05,Cutting Chai,Beverages,3,9.04,0,UPI
T0001583,2025-07-08 13:49:37,S1158,I05,Cutting Chai,Beverages,2,10.79,0,Cash
T0001583,2025-07-08 13:49:37,S1146,I04,Cold Coffee,Beverages,2,60.45,0,Card
T0001584,2025-07-08 18:46:37,S1207,I03,Masala Sandwich,Sandwiches,5,47.56,0,Card
T0001585,2025-07-08 18:38:57,S1304,I03,Masala Sandwich,Sandwiches,3,48.97,0,UPI
T0001586,2025-07-08 13:46:29,S1119,I01,Veg Puff,Snacks,2,27.88,0,UPI
T0001586,2025-07-08 13:46:29,S1357,I04,Cold Coffee,Beverages,3,59.24,15,Card
T0001587,2025-07-08 09:54:58,S1026,I04,Cold Coffee,Beverages,3,59.85,0,Cash
T0001588,2025-07-08 14:47:15,S1185,I02,Samosa,Snacks,1,15.68,0,UPI
T0001589,2025-07-08 19:01:57,S1050,I03,Masala Sandwich,Sandwiches,1,48.04,0,UPI
T0001590,2025-07-08 17:24:29,S1130,I02,Samosa,Snacks,1,14.53,0,Cash
T0001591,2025-07-08 14:22:25,S1182,I06,Poha,Breakfast,2,30.62,5,UPI
T0001592,2025-07-08 12:15:24,S1393,I01,Veg Puff,Snacks,4,28.28,0,Card
T0001592,2025-07-08 12:15:24,S1126,I05,Cutting Chai,Beverages,1,9.77,0,Cash
T0001593,2025-07-08 18:49:11,S1058,I06,Poha,Breakfast,2,30.36,0,Cash
T0001594,2025-07-08 08:29:55,S1276,I02,Samosa,Snacks,3,15.27,0,Cash
T0001595,2025-07-08 08:31:01,S1125,I03,Masala Sandwich,Sandwiches,2,47.96,0,Cash
T0001596,2025-07-08 12:01:49,S1231,I06,Poha,Breakfast,4,30.46,0,Cash
T0001597,2025-07-08 18:46:47,S1159,I05,Cutting Chai,Beverages,1,9.71,0,Cash
T0001598,2025-07-08 14:02:06,S1345,I01,Veg Puff,Snacks,4,28.63,0,Cash
T0001599,2025-07-08 09:40:17,S1385,I04,Cold Coffee,Beverages,3,60.17,5,Card
T0001600,2025-07-08 13:26:01,S1079,I05,Cutting Chai,Beverages,3,9.74,0,UPI
T0001601,2025-07-08 08:04:27,S1309,I03,Masala Sandwich,Sandwiches,1,47.91,0,Cash
T0001601,2025-07-08 08:04:27,S1373,I06,Poha,Breakfast,2,30.98,0,Cash
T0001602,2025-07-08 14:08:09,S1337,I01,Veg Puff,Snacks,1,27.89,0,Cash
T0001603,2025-07-08 17:01:21,S1030,I05,Cutting Chai,Beverages,3,10.27,5,Card
T0001603,2025-07-08 17:01:21,S1350,I03,Masala Sandwich,Sandwiches,2,48.83,0,Cash
T0001604,2025-07-08 08:56:26,S1010,I06,Poha,Breakfast,1,30.14,0,UPI
T0001604,2025-07-08 08:56:26,S1035,I01,Veg Puff,Snacks,2,28.61,0,Card
T0001605,2025-07-08 14:50:52,S1309,I04,Cold Coffee,Beverages,4,60.68,0,Card
T0001605,2025-07-08 14:50:52,S1061,I01,Veg Puff,Snacks,2,27.17,0,UPI
T0001606,2025-07-08 14:04:26,S1254,I04,Cold Coffee,Beverages,1,60.61,0,Cash
T0001607,2025-07-08 14:07:31,S1389,I04,Cold Coffee,Beverages,1,58.51,0,Card
T0001607,2025-07-08 14:07:31,S1116,I06,Poha,Breakfast,1,29.57,0,Cash
T0001608,2025-07-08 18:42:40,S1020,I01,Veg Puff,Snacks,2,27.89,15,Cash
T0001609,2025-07-08 18:10:54,S1085,I01,Veg Puff,Snacks,2,28.08,5,UPI
T0001609,2025-07-08 18:10:54,S1019,I05,Cutting Chai,Beverages,2,10.71,25,Card
T0001610,2025-07-08 13:25:52,S1241,I01,Veg Puff,Snacks,1,27.95,0,UPI
T0001611,2025-07-08 08:27:50,S1216,I04,Cold Coffee,Beverages,1,60.77,0,Card
T0001612,2025-07-08 09:11:08,S1360,I01,Veg Puff,Snacks,3,28.13,0,Cash
T0001612,2025-07-08 09:11:08,S1152,I04,Cold Coffee,Beverages,2,59.56,5,Cash
T0001613,2025-07-08 08:41:35,S1033,I03,Masala Sandwich,Sandwiches,1,48.31,15,Cash
T0001614,2025-07-08 14:02:09,S1025,I02,Samosa,Snacks,1,14.36,0,UPI
T0001614,2025-07-08 14:02:09,S1287,I04,Cold Coffee,Beverages,1,59.11,0,Card
T0001615,2025-07-08 09:08:53,S1146,I02,Samosa,Snacks,2,14.95,0,UPI
T0001615,2025-07-08 09:08:53,S1377,I05,Cutting Chai,Beverages,1,9.44,0,Card
T0001616,2025-07-08 08:41:36,S1192,I05,Cutting Chai,Beverages,2,10.05,10,Cash
T0001616,2025-07-08 08:41:36,S1308,I06,Poha,Breakfast,2,29.95,0,Card
T0001617,2025-07-08 08:41:24,S1031,I01,Veg Puff,Snacks,1,28.75,0,Cash
T0001617,2025-07-08 08:41:24,S1266,I02,Samosa,Snacks,3,15.14,10,Cash
T0001618,2025-07-08 12:07:14,S1257,I01,Veg Puff,Snacks,3,27.51,0,Cash
T0001619,2025-07-08 09:39:21,S1024,I03,Masala Sandwich,Sandwiches,1,47.75,0,Cash
T0001619,2025-07-08 09:39:21,S1246,I01,Veg Puff,Snacks,3,28.34,0,UPI
T0001620,2025-07-08 12:23:03,S1147,I01,Veg Puff,Snacks,1,27.73,0,Cash
T0001620,2025-07-08 12:23:03,S1027,I05,Cutting Chai,Beverages,3,7.94,0,UPI
T0001621,2025-07-08 09:36:58,S1127,I02,Samosa,Snacks,1,14.49,0,Card
T0001622,2025-07-08 17:42:11,S1171,I04,Cold Coffee,Beverages,5,60.1,0,Cash
T0001623,2025-07-08 09:54:54,S1004,I02,Samosa,Snacks,1,14.75,0,Cash
T0001624,2025-07-08 13:16:12,S1351,I01,Veg Puff,Snacks,1,29.1,0,UPI
T0001625,2025-07-08 12:35:43,S1376,I03,Masala Sandwich,Sandwiches,1,47.68,0,UPI
T0001626,2025-07-08 08:47:42,S1000,I04,Cold Coffee,Beverages,2,59.9,0,Card
T0001627,2025-07-08 09:57:52,S1099,I06,Poha,Breakfast,1,30.16,0,UPI
T0001628,2025-07-08 13:49:03,S1284,I03,Masala Sandwich,Sandwiches,1,47.43,0,Cash
T0001628,2025-07-08 13:49:03,S1041,I05,Cutting Chai,Beverages,2,10.53,0,Cash
T0001629,2025-07-08 18:25:12,S1355,I02,Samosa,Snacks,1,15.33,0,Cash
T0001630,2025-07-08 13:59:34,S1024,I01,Veg Puff,Snacks,2,27.76,15,Cash
T0001630,2025-07-08 13:59:34,S1227,I06,Poha,Breakfast,3,30.25,0,UPI
T0001631,2025-07-08 09:32:10,S1180,I03,Masala Sandwich,Sandwiches,2,48.44,0,Cash
T0001632,2025-07-08 08:19:36,S1004,I05,Cutting Chai,Beverages,3,9.29,15,Cash
T0001633,2025-07-08 13:24:25,S1080,I04,Cold Coffee,Beverages,1,59.68,0,Cash
T0001633,2025-07-08 13:24:25,S1207,I02,Samosa,Snacks,2,15.1,0,Cash
T0001634,2025-07-08 13:21:14,S1242,I03,Masala Sandwich,Sandwiches,4,47.18,0,Cash
T0001634,2025-07-08 13:21:14,S1072,I05,Cutting Chai,Beverages,2,9.31,25,Cash
T0001635,2025-07-08 18:10:19,S1266,I05,Cutting Chai,Beverages,1,10.11,0,Cash
T0001636,2025-07-08 18:57:03,S1040,I02,Samosa,Snacks,1,15.21,0,Cash
T0001637,2025-07-08 19:53:28,S1151,I01,Veg Puff,Snacks,1,28.73,25,Card
T0001638,2025-07-08 09:32:07,S1017,I04,Cold Coffee,Beverages,1,59.9,0,Cash
T0001638,2025-07-08 09:32:07,S1071,I03,Masala Sandwich,Sandwiches,2,47.35,15,Card
T0001639,2025-07-08 13:58:51,S1346,I03,Masala Sandwich,Sandwiches,1,48.55,0,Cash
T0001640,2025-07-08 09:17:27,S1280,I02,Samosa,Snacks,3,15.27,15,Card
T0001640,2025-07-08 09:17:27,S1128,I04,Cold Coffee,Beverages,1,58.46,5,UPI
T0001641,2025-07-08 13:31:17,S1081,I03,Masala Sandwich,Sandwiches,1,48.04,0,Cash
T0001642,2025-07-08 09:34:32,S1231,I01,Veg Puff,Snacks,1,27.25,0,Cash
T0001643,2025-07-08 14:57:29,S1210,I06,Poha,Breakfast,2,30.02,5,Card
T0001644,2025-07-08 19:51:19,S1042,I05,Cutting Chai,Beverages,1,9.14,0,Cash
T0001645,2025-07-08 09:47:52,S1250,I05,Cutting Chai,Beverages,2,9.27,0,UPI
T0001646,2025-07-08 17:15:52,S1310,I06,Poha,Breakfast,3,30.11,5,UPI
T0001647,2025-07-08 13:58:38,S1118,I06,Poha,Breakfast,1,30.8,0,Cash
T0001647,2025-07-08 13:58:38,S1351,I05,Cutting Chai,Beverages,2,9.69,0,Card
T0001648,2025-07-08 09:02:30,S1080,I06,Poha,Breakfast,1,29.07,0,Card
T0001649,2025-07-08 14:20:14,S1297,I06,Poha,Breakfast,1,30.48,0,Card
T0001650,2025-07-08 13:15:33,S1015,I02,Samosa,Snacks,1,13.54,0,Cash
T0001651,2025-07-08 13:33:20,S1138,I03,Masala Sandwich,Sandwiches,2,47.96,0,UPI
T0001651,2025-07-08 13:33:20,S1358,I04,Cold Coffee,Beverages,2,59.56,0,UPI
T0001652,2025-07-08 18:20:16,S1026,I01,Veg Puff,Snacks,3,28.31,0,Cash
T0001653,2025-07-08 14:15:58,S1104,I06,Poha,Breakfast,1,31.55,0,Cash
T0001654,2025-07-08 13:10:27,S1350,I03,Masala Sandwich,Sandwiches,1,47.59,25,Cash
T0001655,2025-07-08 14:51:57,S1331,I02,Samosa,Snacks,1,13.95,0,Card
T0001656,2025-07-08 18:20:18,S1253,I06,Poha,Breakfast,3,30.9,0,Card
T0001657,2025-07-08 13:24:32,S1237,I06,Poha,Breakfast,2,30.54,10,Cash
T0001658,2025-07-08 14:38:49,S1366,I05,Cutting Chai,Beverages,3,10.46,0,UPI
T0001659,2025-07-08 14:30:24,S1202,I01,Veg Puff,Snacks,2,28.4,0,UPI
T0001659,2025-07-08 14:30:24,S1205,I03,Masala Sandwich,Sandwiches,1,48.06,0,UPI
T0001660,2025-07-08 14:24:05,S1212,I04,Cold Coffee,Beverages,1,60.29,0,Cash
T0001661,2025-07-08 13:37:41,S1093,I05,Cutting Chai,Beverages,1,10.26,25,UPI
T0001662,2025-07-08 13:26:25,S1335,I05,Cutting Chai,Beverages,1,10.83,0,UPI
T0001663,2025-07-08 19:10:03,S1112,I02,Samosa,Snacks,2,15.02,0,Card
T0001664,2025-07-08 12:58:10,S1368,I06,Poha,Breakfast,3,29.72,5,Cash
T0001665,2025-07-08 14:46:49,S1202,I06,Poha,Breakfast,1,29.63,5,Cash
T0001665,2025-07-08 14:46:49,S1333,I01,Veg Puff,Snacks,1,27.26,0,Cash
T0001666,2025-07-08 13:57:53,S1170,I03,Masala Sandwich,Sandwiches,1,48.57,0,UPI
T0001666,2025-07-08 13:57:53,S1348,I05,Cutting Chai,Beverages,4,10.93,0,Card
T0001667,2025-07-08 12:17:48,S1126,I02,Samosa,Snacks,2,15.8,0,Cash
T0001667,2025-07-08 12:17:48,S1144,I05,Cutting Chai,Beverages,1,10.12,0,Cash
T0001668,2025-07-08 08:51:30,S1015,I06,Poha,Breakfast,2,30.83,0,Cash
T0001669,2025-07-08 08:32:58,S1180,I03,Masala Sandwich,Sandwiches,1,47.57,0,UPI
T0001670,2025-07-08 12:43:47,S1125,I01,Veg Puff,Snacks,2,29.05,0,Cash
T0001671,2025-07-08 09:56:21,S1037,I02,Samosa,Snacks,1,14.37,0,Cash
T0001672,2025-07-08 19:44:57,S1137,I04,Cold Coffee,Beverages,3,59.91,0,UPI
T0001673,2025-07-08 13:01:17,S1335,I06,Poha,Breakfast,1,28.98,0,UPI
T0001674,2025-07-08 17:37:59,S1353,I06,Poha,Breakfast,2,29.61,15,UPI
T0001675,2025-07-08 12:31:48,S1307,I03,Masala Sandwich,Sandwiches,1,48.94,0,Card
T0001675,2025-07-08 12:31:48,S1284,I05,Cutting Chai,Beverages,6,10.55,0,Card
T0001676,2025-07-08 12:45:07,S1007,I04,Cold Coffee,Beverages,3,60.44,0,Cash
T0001677,2025-07-08 14:49:37,S1371,I03,Masala Sandwich,Sandwiches,2,48.71,0,UPI
T0001678,2025-07-08 08:32:13,S1205,I02,Samosa,Snacks,2,15.53,0,UPI
T0001679,2025-07-08 09:37:09,S1272,I04,Cold Coffee,Beverages,1,60.56,0,Card
T0001680,2025-07-08 18:40:09,S1099,I04,Cold Coffee,Beverages,2,59.96,0,Cash
T0001680,2025-07-08 18:40:09,S1326,I05,Cutting Chai,Beverages,5,9.5,0,Card
T0001681,2025-07-08 17:39:13,S1012,I06,Poha,Breakfast,3,30.35,0,Cash
T0001682,2025-07-08 08:38:56,S1068,I01,Veg Puff,Snacks,2,28.45,5,UPI
T0001683,2025-07-08 09:37:03,S1261,I06,Poha,Breakfast,1,29.03,0,UPI
T0001684,2025-07-08 17:28:28,S1244,I03,Masala Sandwich,Sandwiches,5,48.02,0,Cash
T0001685,2025-07-08 14:22:55,S1241,I02,Samosa,Snacks,1,14.87,0,Cash
T0001686,2025-07-08 13:40:47,S1338,I02,Samosa,Snacks,2,14.79,0,UPI
T0001686,2025-07-08 13:40:47,S1152,I03,Masala Sandwich,Sandwiches,1,47.16,0,Cash
T0001687,2025-07-08 13:43:15,S1012,I05,Cutting Chai,Beverages,4,9.05,0,Card
T0001687,2025-07-08 13:43:15,S1211,I02,Samosa,Snacks,1,14.59,0,UPI
T0001688,2025-07-08 09:08:17,S1343,I03,Masala Sandwich,Sandwiches,4,48.68,0,UPI
T0001689,2025-07-09 12:48:44,S1125,I06,Poha,Breakfast,2,32.1,0,Cash
T0001689,2025-07-09 12:48:44,S1133,I05,Cutting Chai,Beverages,2,10.14,0,Cash
T0001690,2025-07-09 08:24:52,S1172,I02,Samosa,Snacks,3,15.54,0,UPI
T0001691,2025-07-09 09:47:20,S1211,I05,Cutting Chai,Beverages,2,9.74,0,UPI
T0001691,2025-07-09 09:47:20,S1067,I04,Cold Coffee,Beverages,1,59.4,0,UPI
T0001692,2025-07-09 18:12:11,S1133,I03,Masala Sandwich,Sandwiches,1,48.28,0,Card
T0001693,2025-07-09 08:36:42,S1389,I05,Cutting Chai,Beverages,2,9.99,5,Cash
T0001693,2025-07-09 08:36:42,S1241,I01,Veg Puff,Snacks,2,28.02,0,UPI
T0001694,2025-07-09 17:21:40,S1255,I01,Veg Puff,Snacks,1,27.67,0,UPI
T0001695,2025-07-09 08:14:33,S1178,I03,Masala Sandwich,Sandwiches,2,47.83,0,Cash
T0001696,2025-07-09 08:52:18,S1280,I02,Samosa,Snacks,3,14.56,0,Cash
T0001697,2025-07-09 09:41:12,S1352,I06,Poha,Breakfast,1,31.41,0,UPI
T0001698,2025-07-09 12:02:12,S1057,I04,Cold Coffee,Beverages,1,59.46,0,UPI
T0001699,2025-07-09 14:48:26,S1133,I04,Cold Coffee,Beverages,2,60.81,0,Card
T0001700,2025-07-09 12:11:17,S1221,I06,Poha,Breakfast,2,31.66,10,UPI
T0001701,2025-07-09 12:15:54,S1260,I01,Veg Puff,Snacks,3,27.93,0,UPI
T0001702,2025-07-09 09:32:34,S1285,I06,Poha,Breakfast,1,31.59,0,UPI
T0001702,2025-07-09 09:32:34,S1152,I02,Samosa,Snacks,1,13.61,0,Card
T0001703,2025-07-09 12:41:49,S1163,I03,Masala Sandwich,Sandwiches,1,48.77,15,UPI
T0001703,2025-07-09 12:41:49,S1155,I05,Cutting Chai,Beverages,4,9.89,0,Card
T0001704,2025-07-09 14:53:40,S1193,I06,Poha,Breakfast,2,32.12,0,UPI
T0001705,2025-07-09 13:13:57,S1120,I04,Cold Coffee,Beverages,2,60.47,0,Cash
T0001706,2025-07-09 17:57:45,S1261,I04,Cold Coffee,Beverages,5,60.69,0,UPI
T0001707,2025-07-09 13:59:04,S1297,I03,Masala Sandwich,Sandwiches,3,48.68,0,UPI
T0001708,2025-07-09 18:03:28,S1249,I02,Samosa,Snacks,1,15.21,15,Cash
T0001709,2025-07-09 17:10:29,S1074,I01,Veg Puff,Snacks,1,27.55,0,Card
T0001710,2025-07-09 13:42:06,S1130,I03,Masala Sandwich,Sandwiches,1,48.39,0,Card
T0001711,2025-07-09 18:11:09,S1295,I02,Samosa,Snacks,3,14.93,0,UPI
T0001711,2025-07-09 18:11:09,S1259,I04,Cold Coffee,Beverages,1,60.47,0,Cash
T0001712,2025-07-09 08:32:29,S1178,I03,Masala Sandwich,Sandwiches,1,48.61,0,Cash
T0001712,2025-07-09 08:32:29,S1044,I01,Veg Puff,Snacks,1,28.08,0,Cash
T0001713,2025-07-09 08:39:18,S1038,I04,Cold Coffee,Beverages,1,59.09,0,Cash
T0001714,2025-07-09 14:43:25,S1379,I04,Cold Coffee,Beverages,1,59.61,0,Card
T0001714,2025-07-09 14:43:25,S1030,I06,Poha,Breakfast,2,31.23,5,UPI
T0001715,2025-07-09 08:06:30,S1113,I01,Veg Puff,Snacks,5,28.71,0,Cash
T0001716,2025-07-09 08:05:48,S1241,I02,Samosa,Snacks,1,14.83,0,Cash
T0001717,2025-07-09 08:46:23,S1059,I01,Veg Puff,Snacks,2,28.37,0,Card
T0001717,2025-07-09 08:46:23,S1178,I04,Cold Coffee,Beverages,1,60.0,0,Cash
T0001718,2025-07-09 19:56:00,S1319,I02,Samosa,Snacks,1,14.3,0,UPI
T0001718,2025-07-09 19:56:00,S1150,I05,Cutting Chai,Beverages,1,8.87,0,UPI
T0001719,2025-07-09 14:24:16,S1176,I06,Poha,Breakfast,2,31.43,0,Card
T0001720,2025-07-09 08:51:19,S1274,I05,Cutting Chai,Beverages,4,9.86,0,Card
T0001721,2025-07-09 19:57:07,S1194,I02,Samosa,Snacks,1,14.84,0,UPI
T0001721,2025-07-09 19:57:07,S1183,I04,Cold Coffee,Beverages,3,60.07,15,Cash
T0001722,2025-07-09 14:31:49,S1105,I02,Samosa,Snacks,1,15.32,15,UPI
T0001723,2025-07-09 09:16:15,S1131,I01,Veg Puff,Snacks,1,28.64,10,Card
T0001724,2025-07-09 08:23:32,S1155,I01,Veg Puff,Snacks,2,28.27,0,Cash
T0001725,2025-07-09 13:19:29,S1390,I03,Masala Sandwich,Sandwiches,1,48.46,0,Cash
T0001725,2025-07-09 13:19:29,S1123,I06,Poha,Breakfast,2,31.12,0,Card
T0001726,2025-07-09 17:41:38,S1069,I06,Poha,Breakfast,1,31.74,0,UPI
T0001727,2025-07-09 08:43:02,S1119,I06,Poha,Breakfast,1,31.78,0,Card
T0001728,2025-07-09 08:11:31,S1347,I04,Cold Coffee,Beverages,1,59.04,0,UPI
T0001729,2025-07-09 19:23:55,S1252,I04,Cold Coffee,Beverages,1,59.62,0,Card
T0001729,2025-07-09 19:23:55,S1077,I03,Masala Sandwich,Sandwiches,1,46.64,0,Cash
T0001730,2025-07-09 14:58:11,S1189,I01,Veg Puff,Snacks,3,28.25,0,Card
T0001731,2025-07-09 08:05:20,S1306,I06,Poha,Breakfast,1,32.04,0,UPI
T0001731,2025-07-09 08:05:20,S1173,I05,Cutting Chai,Beverages,2,10.88,0,Card
T0001732,2025-07-09 08:46:35,S1329,I05,Cutting Chai,Beverages,1,10.71,0,UPI
T0001733,2025-07-09 08:43:03,S1088,I03,Masala Sandwich,Sandwiches,2,48.2,0,UPI
T0001734,2025-07-09 08:23:50,S1248,I06,Poha,Breakfast,2,30.41,0,UPI
T0001734,2025-07-09 08:23:50,S1018,I03,Masala Sandwich,Sandwiches,3,48.57,5,Card
T0001735,2025-07-09 17:29:48,S1253,I06,Poha,Breakfast,2,31.97,0,UPI
T0001736,2025-07-09 17:07:13,S1281,I06,Poha,Breakfast,1,32.71,10,Card
T0001736,2025-07-09 17:07:13,S1278,I01,Veg Puff,Snacks,1,28.37,10,Cash
T0001737,2025-07-09 12:05:46,S1262,I04,Cold Coffee,Beverages,1,59.97,0,UPI
T0001738,2025-07-09 09:59:45,S1287,I01,Veg Puff,Snacks,3,28.31,0,Cash
T0001739,2025-07-09 08:33:19,S1389,I03,Masala Sandwich,Sandwiches,1,48.24,0,Cash
T0001740,2025-07-09 17:57:06,S1100,I04,Cold Coffee,Beverages,1,60.05,0,UPI
T0001741,2025-07-09 14:25:38,S1030,I06,Poha,Breakfast,1,31.41,0,UPI
T0001742,2025-07-09 19:12:32,S1360,I03,Masala Sandwich,Sandwiches,2,47.67,0,Card
T0001743,2025-07-09 14:05:47,S1045,I06,Poha,Breakfast,1,33.0,0,Card
T0001744,2025-07-09 08:24:05,S1386,I03,Masala Sandwich,Sandwiches,1,47.8,10,Card
T0001745,2025-07-09 08:04:22,S1032,I03,Masala Sandwich,Sandwiches,1,48.39,5,UPI
T0001745,2025-07-09 08:04:22,S1216,I06,Poha,Breakfast,4,31.45,0,Card
T0001746,2025-07-09 13:15:26,S1296,I06,Poha,Breakfast,2,32.56,0,Card
T0001747,2025-07-09 18:43:44,S1101,I04,Cold Coffee,Beverages,2,60.37,0,Cash
T0001748,2025-07-09 08:25:02,S1261,I02,Samosa,Snacks,4,14.68,25,UPI
T0001749,2025-07-09 08:25:43,S1097,I05,Cutting Chai,Beverages,2,10.02,0,UPI
T0001750,2025-07-09 08:23:02,S1394,I05,Cutting Chai,Beverages,1,9.69,0,Card
T0001750,2025-07-09 08:23:02,S1003,I04,Cold Coffee,Beverages,1,59.97,25,Card
T0001751,2025-07-09 13:22:38,S1039,I04,Cold Coffee,Beverages,5,59.82,5,UPI
T0001752,2025-07-09 08:19:39,S1143,I03,Masala Sandwich,Sandwiches,1,47.87,0,Card
T0001752,2025-07-09 08:19:39,S1277,I06,Poha,Breakfast,1,32.39,0,Card
T0001753,2025-07-09 12:02:43,S1274,I02,Samosa,Snacks,2,14.32,0,Cash
T0001753,2025-07-09 12:02:43,S1042,I03,Masala Sandwich,Sandwiches,2,48.04,0,Cash
T0001754,2025-07-09 13:10:32,S1358,I06,Poha,Breakfast,1,32.56,0,UPI
T0001755,2025-07-09 19:13:46,S1008,I03,Masala Sandwich,Sandwiches,1,48.2,0,Cash
T0001755,2025-07-09 19:13:46,S1283,I02,Samosa,Snacks,1,15.79,0,Cash
T0001756,2025-07-09 08:05:42,S1130,I05,Cutting Chai,Beverages,2,9.91,0,Cash
T0001757,2025-07-09 12:43:04,S1339,I02,Samosa,Snacks,1,14.89,5,Card
T0001757,2025-07-09 12:43:04,S1380,I01,Veg Puff,Snacks,2,28.21,0,UPI
T0001758,2025-07-09 13:58:41,S1299,I02,Samosa,Snacks,1,15.14,0,Cash
T0001759,2025-07-09 13:13:20,S1038,I03,Masala Sandwich,Sandwiches,2,47.25,0,Card
T0001760,2025-07-09 08:25:42,S1270,I04,Cold Coffee,Beverages,3,59.51,0,UPI
T0001761,2025-07-09 12:51:57,S1324,I01,Veg Puff,Snacks,4,28.74,0,Card
T0001762,2025-07-09 14:50:10,S1176,I05,Cutting Chai,Beverages,1,10.21,0,UPI
T0001763,2025-07-09 19:42:39,S1216,I05,Cutting Chai,Beverages,2,9.51,0,UPI
T0001764,2025-07-09 19:00:13,S1187,I06,Poha,Breakfast,3,33.24,0,UPI
T0001764,2025-07-09 19:00:13,S1372,I02,Samosa,Snacks,2,13.92,0,Cash
T0001765,2025-07-09 18:35:44,S1238,I02,Samosa,Snacks,1,15.01,0,UPI
T0001766,2025-07-09 17:42:48,S1297,I05,Cutting Chai,Beverages,1,10.16,0,Card
T0001767,2025-07-09 09:31:57,S1294,I06,Poha,Breakfast,4,31.96,0,Card
T0001768,2025-07-09 18:50:15,S1167,I06,Poha,Breakfast,1,31.35,5,Card
T0001768,2025-07-09 18:50:15,S1223,I04,Cold Coffee,Beverages,1,59.83,0,Card
T0001769,2025-07-09 08:37:31,S1146,I03,Masala Sandwich,Sandwiches,1,46.64,0,Cash
T0001770,2025-07-09 18:36:32,S1247,I02,Samosa,Snacks,1,15.34,0,Card
T0001771,2025-07-09 13:20:16,S1103,I02,Samosa,Snacks,2,14.73,0,UPI
T0001771,2025-07-09 13:20:16,S1254,I01,Veg Puff,Snacks,1,27.8,0,Card
T0001772,2025-07-09 18:03:31,S1315,I01,Veg Puff,Snacks,5,27.72,0,Card
T0001773,2025-07-09 13:05:07,S1329,I04,Cold Coffee,Beverages,5,60.2,0,Cash
T0001774,2025-07-09 13:35:02,S1355,I01,Veg Puff,Snacks,1,27.4,0,Cash
T0001775,2025-07-09 13:05:23,S1082,I02,Samosa,Snacks,1,14.06,0,UPI
T0001776,2025-07-09 19:26:28,S1327,I04,Cold Coffee,Beverages,4,59.77,0,Card
T0001776,2025-07-09 19:26:28,S1189,I01,Veg Puff,Snacks,1,28.33,10,UPI
T0001777,2025-07-09 12:51:54,S1241,I06,Poha,Breakfast,2,32.1,10,Cash
T0001778,2025-07-09 14:07:03,S1229,I05,Cutting Chai,Beverages,3,9.93,5,UPI
T0001779,2025-07-09 09:58:27,S1161,I06,Poha,Breakfast,1,31.78,0,Card
T0001779,2025-07-09 09:58:27,S1032,I02,Samosa,Snacks,1,14.3,0,Card
T0001780,2025-07-09 13:32:46,S1085,I06,Poha,Breakfast,2,31.61,0,Card
T0001780,2025-07-09 13:32:46,S1286,I05,Cutting Chai,Beverages,1,9.73,15,UPI
T0001781,2025-07-09 19:22:03,S1388,I05,Cutting Chai,Beverages,3,10.84,0,UPI
T0001782,2025-07-09 08:07:47,S1074,I05,Cutting Chai,Beverages,3,9.83,0,Cash
T0001783,2025-07-09 12:18:56,S1268,I01,Veg Puff,Snacks,1,28.19,0,Cash
T0001784,2025-07-09 18:37:31,S1357,I01,Veg Puff,Snacks,1,28.29,0,UPI
T0001785,2025-07-09 18:20:45,S1000,I03,Masala Sandwich,Sandwiches,2,47.3,0,Card
T0001786,2025-07-09 17:53:27,S1292,I04,Cold Coffee,Beverages,1,59.69,0,UPI
T0001786,2025-07-09 17:53:27,S1083,I01,Veg Puff,Snacks,1,28.03,0,Cash
T0001787,2025-07-09 13:16:19,S1144,I06,Poha,Breakfast,3,32.6,0,Card
T0001788,2025-07-09 14:37:59,S1288,I06,Poha,Breakfast,1,31.51,0,Cash
T0001789,2025-07-09 12:23:23,S1324,I02,Samosa,Snacks,2,14.79,0,UPI
T0001790,2025-07-09 14:22:49,S1183,I01,Veg Puff,Snacks,2,27.28,0,UPI
T0001791,2025-07-09 09:06:40,S1374,I02,Samosa,Snacks,2,14.39,0,Cash
T0001792,2025-07-09 09:20:12,S1350,I06,Poha,Breakfast,1,32.5,0,Card
T0001792,2025-07-09 09:20:12,S1319,I03,Masala Sandwich,Sandwiches,1,47.81,0,Cash
T0001793,2025-07-09 18:41:52,S1275,I01,Veg Puff,Snacks,1,26.46,0,UPI
T0001793,2025-07-09 18:41:52,S1210,I04,Cold Coffee,Beverages,1,60.06,0,UPI
T0001794,2025-07-09 09:05:07,S1368,I03,Masala Sandwich,Sandwiches,2,46.93,15,UPI
T0001795,2025-07-09 17:44:26,S1138,I05,Cutting Chai,Beverages,2,9.52,0,Card
T0001796,2025-07-09 12:02:01,S1157,I06,Poha,Breakfast,1,32.35,0,Cash
T0001797,2025-07-09 08:26:08,S1393,I04,Cold Coffee,Beverages,1,59.96,0,Cash
T0001798,2025-07-09 12:12:52,S1342,I04,Cold Coffee,Beverages,3,59.22,0,UPI
T0001798,2025-07-09 12:12:52,S1133,I06,Poha,Breakfast,1,31.77,0,Card
T0001799,2025-07-09 14:49:50,S1250,I04,Cold Coffee,Beverages,2,60.43,0,Cash
T0001800,2025-07-09 14:57:04,S1312,I04,Cold Coffee,Beverages,1,61.09,0,UPI
T0001801,2025-07-09 14:15:34,S1396,I05,Cutting Chai,Beverages,1,9.84,0,Card
T0001802,2025-07-09 17:48:25,S1190,I05,Cutting Chai,Beverages,1,10.34,0,UPI
T0001803,2025-07-09 12:40:01,S1306,I02,Samosa,Snacks,1,14.57,0,Cash
T0001804,2025-07-09 09:10:49,S1341,I01,Veg Puff,Snacks,2,27.29,0,UPI
T0001805,2025-07-09 08:32:29,S1070,I06,Poha,Breakfast,3,32.04,0,Cash
T0001806,2025-07-09 09:39:14,S1329,I06,Poha,Breakfast,3,32.31,0,UPI
T0001807,2025-07-09 08:10:53,S1144,I01,Veg Puff,Snacks,1,27.84,0,Cash
T0001807,2025-07-09 08:10:53,S1182,I05,Cutting Chai,Beverages,3,11.02,0,Card
T0001808,2025-07-09 09:42:39,S1173,I06,Poha,Breakfast,1,32.32,0,Cash
T0001808,2025-07-09 09:42:39,S1267,I05,Cutting Chai,Beverages,4,10.28,0,Card
T0001809,2025-07-09 19:19:39,S1005,I06,Poha,Breakfast,1,31.91,0,UPI
T0001810,2025-07-09 08:26:49,S1341,I06,Poha,Breakfast,1,32.79,0,UPI
T0001811,2025-07-09 08:37:05,S1042,I01,Veg Puff,Snacks,1,27.6,0,Cash
T0001812,2025-07-09 08:06:56,S1039,I06,Poha,Breakfast,1,32.89,0,Card
T0001812,2025-07-09 08:06:56,S1376,I02,Samosa,Snacks,2,14.53,0,UPI
T0001813,2025-07-09 12:40:36,S1199,I04,Cold Coffee,Beverages,1,60.64,0,Card
T0001813,2025-07-09 12:40:36,S1163,I02,Samosa,Snacks,1,14.61,0,UPI
T0001814,2025-07-09 14:58:30,S1028,I03,Masala Sandwich,Sandwiches,1,48.36,0,Card
T0001814,2025-07-09 14:58:30,S1283,I04,Cold Coffee,Beverages,3,60.97,0,Cash
T0001815,2025-07-09 13:52:54,S1210,I06,Poha,Breakfast,1,32.11,0,Card
T0001816,2025-07-09 12:06:31,S1245,I01,Veg Puff,Snacks,1,26.91,0,Cash
T0001817,2025-07-09 13:11:59,S1022,I05,Cutting Chai,Beverages,2,10.74,0,Cash
T0001818,2025-07-09 13:31:45,S1223,I02,Samosa,Snacks,2,15.8,0,Card
T0001819,2025-07-09 12:59:19,S1022,I04,Cold Coffee,Beverages,2,59.63,0,UPI
T0001820,2025-07-09 08:06:52,S1076,I03,Masala Sandwich,Sandwiches,1,47.65,0,Card
T0001820,2025-07-09 08:06:52,S1133,I02,Samosa,Snacks,2,15.31,0,Cash
T0001821,2025-07-09 09:13:39,S1361,I06,Poha,Breakfast,2,32.04,5,Cash
T0001821,2025-07-09 09:13:39,S1053,I04,Cold Coffee,Beverages,5,60.29,0,Cash
T0001822,2025-07-09 19:49:18,S1014,I03,Masala Sandwich,Sandwiches,1,48.44,0,UPI
T0001823,2025-07-09 09:30:58,S1256,I03,Masala Sandwich,Sandwiches,1,48.14,0,Card
T0001824,2025-07-09 13:29:41,S1341,I03,Masala Sandwich,Sandwiches,1,49.44,0,Cash
T0001824,2025-07-09 13:29:41,S1117,I06,Poha,Breakfast,1,31.64,0,Card
T0001825,2025-07-09 09:35:30,S1377,I04,Cold Coffee,Beverages,3,60.06,0,Card
T0001826,2025-07-09 08:59:18,S1123,I03,Masala Sandwich,Sandwiches,2,47.72,0,Cash
T0001827,2025-07-09 08:15:27,S1099,I05,Cutting Chai,Beverages,3,9.93,0,UPI
T0001828,2025-07-09 08:50:30,S1006,I06,Poha,Breakfast,1,32.64,0,UPI
T0001829,2025-07-09 12:01:24,S1339,I03,Masala Sandwich,Sandwiches,6,47.68,0,UPI
T0001830,2025-07-09 13:09:03,S1086,I01,Veg Puff,Snacks,1,27.49,0,Cash
T0001831,2025-07-09 17:47:50,S1293,I04,Cold Coffee,Beverages,1,59.86,0,UPI
T0001832,2025-07-09 13:24:50,S1171,I01,Veg Puff,Snacks,1,27.35,0,UPI
T0001833,2025-07-09 09:50:52,S1177,I05,Cutting Chai,Beverages,2,9.56,0,Card
T0001834,2025-07-09 14:43:51,S1357,I04,Cold Coffee,Beverages,2,59.4,0,UPI
T0001835,2025-07-09 12:51:13,S1022,I06,Poha,Breakfast,4,32.04,0,Card
T0001836,2025-07-09 19:41:49,S1244,I01,Veg Puff,Snacks,2,28.07,15,UPI
T0001837,2025-07-09 13:28:55,S1012,I04,Cold Coffee,Beverages,2,59.47,0,Card
T0001838,2025-07-09 08:33:37,S1202,I04,Cold Coffee,Beverages,4,60.02,0,UPI
T0001839,2025-07-09 09:45:41,S1217,I04,Cold Coffee,Beverages,2,61.12,0,UPI
T0001839,2025-07-09 09:45:41,S1226,I02,Samosa,Snacks,2,15.51,0,Card
T0001840,2025-07-09 12:54:20,S1283,I05,Cutting Chai,Beverages,2,8.95,0,UPI
T0001840,2025-07-09 12:54:20,S1377,I02,Samosa,Snacks,3,14.4,0,UPI
T0001841,2025-07-09 13:34:37,S1369,I03,Masala Sandwich,Sandwiches,1,47.64,0,Card
T0001842,2025-07-09 14:07:49,S1051,I02,Samosa,Snacks,1,15.29,0,Cash
T0001843,2025-07-09 14:36:20,S1251,I03,Masala Sandwich,Sandwiches,2,48.56,0,Card
T0001844,2025-07-09 17:56:35,S1363,I05,Cutting Chai,Beverages,1,9.9,0,Cash
T0001845,2025-07-09 12:37:22,S1379,I05,Cutting Chai,Beverages,1,9.52,0,Cash
T0001846,2025-07-09 09:07:29,S1098,I03,Masala Sandwich,Sandwiches,1,48.28,0,Card
T0001846,2025-07-09 09:07:29,S1331,I01,Veg Puff,Snacks,1,27.92,0,Card
T0001847,2025-07-09 13:42:56,S1000,I03,Masala Sandwich,Sandwiches,2,48.67,0,UPI
T0001848,2025-07-09 08:41:40,S1106,I06,Poha,Breakfast,3,30.99,0,Cash
T0001849,2025-07-09 13:56:16,S1387,I04,Cold Coffee,Beverages,1,59.32,15,Card
T0001849,2025-07-09 13:56:16,S1150,I01,Veg Puff,Snacks,3,27.26,0,Card
T0001850,2025-07-09 14:38:44,S1014,I01,Veg Puff,Snacks,2,28.23,0,Cash
T0001851,2025-07-09 13:52:40,S1131,I04,Cold Coffee,Beverages,3,60.52,0,Cash
T0001851,2025-07-09 13:52:40,S1285,I01,Veg Puff,Snacks,2,28.0,5,UPI
T0001852,2025-07-09 14:37:28,S1244,I06,Poha,Breakfast,1,31.53,0,Cash
T0001853,2025-07-09 12:54:41,S1152,I03,Masala Sandwich,Sandwiches,2,47.78,0,Cash
T0001854,2025-07-09 12:30:33,S1119,I05,Cutting Chai,Beverages,1,10.32,0,UPI
T0001855,2025-07-09 17:28:44,S1051,I05,Cutting Chai,Beverages,3,10.22,0,Cash
T0001855,2025-07-09 17:28:44,S1174,I01,Veg Puff,Snacks,2,27.8,0,UPI
T0001856,2025-07-09 18:01:50,S1398,I03,Masala Sandwich,Sandwiches,1,48.3,0,UPI
T0001857,2025-07-09 18:39:47,S1140,I06,Poha,Breakfast,2,31.66,25,UPI
T0001858,2025-07-09 18:32:00,S1121,I01,Veg Puff,Snacks,2,28.17,0,Cash
T0001859,2025-07-09 13:49:19,S1146,I01,Veg Puff,Snacks,2,27.07,0,Cash
T0001860,2025-07-09 09:12:23,S1250,I01,Veg Puff,Snacks,1,26.41,0,Card
T0001861,2025-07-09 19:53:39,S1173,I05,Cutting Chai,Beverages,1,9.75,0,UPI
T0001861,2025-07-09 19:53:39,S1004,I06,Poha,Breakfast,2,33.27,0,Card
T0001862,2025-07-09 12:09:44,S1163,I06,Poha,Breakfast,1,32.08,0,Card
T0001862,2025-07-09 12:09:44,S1246,I01,Veg Puff,Snacks,1,28.67,0,UPI
T0001863,2025-07-09 08:59:57,S1377,I01,Veg Puff,Snacks,1,28.68,0,Card
T0001864,2025-07-09 13:53:25,S1387,I06,Poha,Breakfast,2,31.39,0,Card
T0001865,2025-07-09 13:11:35,S1212,I04,Cold Coffee,Beverages,1,59.97,0,UPI
T0001866,2025-07-09 14:21:33,S1056,I01,Veg Puff,Snacks,1,27.39,5,Cash
T0001866,2025-07-09 14:21:33,S1339,I04,Cold Coffee,Beverages,1,60.07,5,UPI
T0001867,2025-07-09 19:16:01,S1340,I06,Poha,Breakfast,1,31.31,0,UPI
T0001867,2025-07-09 19:16:01,S1261,I03,Masala Sandwich,Sandwiches,4,47.07,0,Cash
T0001868,2025-07-09 12:07:36,S1248,I05,Cutting Chai,Beverages,5,10.17,0,Cash
T0001869,2025-07-09 14:29:24,S1355,I03,Masala Sandwich,Sandwiches,2,47.82,0,Card
T0001870,2025-07-10 13:13:49,S1369,I01,Veg Puff,Snacks,1,28.47,0,Cash
T0001871,2025-07-10 14:13:07,S1233,I01,Veg Puff,Snacks,2,27.2,0,UPI
T0001871,2025-07-10 14:13:07,S1210,I03,Masala Sandwich,Sandwiches,1,48.71,0,UPI
T0001872,2025-07-10 09:34:46,S1211,I05,Cutting Chai,Beverages,2,9.56,0,Cash
T0001873,2025-07-10 08:14:53,S1239,I02,Samosa,Snacks,1,15.27,0,Card
T0001873,2025-07-10 08:14:53,S1215,I05,Cutting Chai,Beverages,2,10.54,0,Cash
T0001874,2025-07-10 08:15:22,S1327,I03,Masala Sandwich,Sandwiches,1,47.47,0,UPI
T0001875,2025-07-10 13:27:13,S1141,I06,Poha,Breakfast,1,32.2,0,Cash
T0001875,2025-07-10 13:27:13,S1045,I05,Cutting Chai,Beverages,3,9.86,0,Cash
T0001876,2025-07-10 12:20:22,S1059,I03,Masala Sandwich,Sandwiches,1,47.77,0,Card
T0001877,2025-07-10 14:30:23,S1101,I04,Cold Coffee,Beverages,1,59.06,0,Cash
T0001878,2025-07-10 17:18:19,S1141,I05,Cutting Chai,Beverages,2,10.36,0,UPI
T0001879,2025-07-10 17:32:05,S1068,I04,Cold Coffee,Beverages,1,58.09,0,Card
T0001879,2025-07-10 17:32:05,S1028,I01,Veg Puff,Snacks,2,29.0,15,UPI
T0001880,2025-07-10 09:10:53,S1227,I04,Cold Coffee,Beverages,3,59.06,0,Card
T0001881,2025-07-10 17:57:13,S1306,I03,Masala Sandwich,Sandwiches,3,48.72,0,Card
T0001881,2025-07-10 17:57:13,S1268,I06,Poha,Breakfast,1,32.17,0,UPI
T0001882,2025-07-10 13:48:38,S1176,I03,Masala Sandwich,Sandwiches,1,49.69,0,Card
T0001883,2025-07-10 18:39:55,S1076,I06,Poha,Breakfast,4,32.43,0,Cash
T0001883,2025-07-10 18:39:55,S1185,I01,Veg Puff,Snacks,2,28.34,0,Cash
T0001884,2025-07-10 09:15:59,S1138,I03,Masala Sandwich,Sandwiches,2,48.4,0,Cash
T0001884,2025-07-10 09:15:59,S1082,I02,Samosa,Snacks,3,14.68,0,Cash
T0001885,2025-07-10 08:06:55,S1242,I06,Poha,Breakfast,1,31.34,10,Card
T0001885,2025-07-10 08:06:55,S1306,I01,Veg Puff,Snacks,1,27.57,0,Cash
T0001886,2025-07-10 14:06:43,S1064,I02,Samosa,Snacks,2,13.77,0,Cash
T0001886,2025-07-10 14:06:43,S1113,I04,Cold Coffee,Beverages,1,58.34,0,Card
T0001887,2025-07-10 09:58:25,S1213,I01,Veg Puff,Snacks,1,28.39,0,UPI
T0001888,2025-07-10 14:18:10,S1129,I05,Cutting Chai,Beverages,1,9.5,10,Card
T0001888,2025-07-10 14:18:10,S1298,I02,Samosa,Snacks,3,14.96,0,Cash
T0001889,2025-07-10 09:46:59,S1135,I04,Cold Coffee,Beverages,1,57.85,0,Cash
T0001890,2025-07-10 19:50:36,S1018,I06,Poha,Breakfast,5,32.18,10,UPI
T0001891,2025-07-10 14:28:16,S1247,I02,Samosa,Snacks,2,14.69,15,Card
T0001892,2025-07-10 08:18:15,S1089,I02,Samosa,Snacks,1,14.73,0,UPI
T0001893,2025-07-10 09:15:13,S1333,I05,Cutting Chai,Beverages,1,9.67,15,Card
T0001893,2025-07-10 09:15:13,S1398,I04,Cold Coffee,Beverages,1,58.06,0,UPI
T0001894,2025-07-10 13:40:03,S1013,I04,Cold Coffee,Beverages,1,59.4,0,Cash
T0001895,2025-07-10 12:46:20,S1304,I04,Cold Coffee,Beverages,2,58.21,0,Card
T0001895,2025-07-10 12:46:20,S1085,I03,Masala Sandwich,Sandwiches,1,47.17,0,UPI
T0001896,2025-07-10 08:40:36,S1336,I02,Samosa,Snacks,1,13.29,0,Card
T0001897,2025-07-10 12:47:40,S1157,I02,Samosa,Snacks,1,14.85,0,Card
T0001897,2025-07-10 12:47:40,S1249,I06,Poha,Breakfast,1,32.11,0,UPI
T0001898,2025-07-10 13:58:23,S1028,I02,Samosa,Snacks,3,14.75,0,UPI
T0001899,2025-07-10 18:02:55,S1031,I03,Masala Sandwich,Sandwiches,1,47.82,0,Card
T0001900,2025-07-10 12:13:57,S1154,I01,Veg Puff,Snacks,2,26.81,0,Card
T0001901,2025-07-10 09:00:15,S1100,I05,Cutting Chai,Beverages,3,9.46,5,UPI
T0001901,2025-07-10 09:00:15,S1163,I04,Cold Coffee,Beverages,2,58.71,0,UPI
T0001902,2025-07-10 09:44:57,S1124,I04,Cold Coffee,Beverages,1,57.84,15,Card
T0001903,2025-07-10 17:16:48,S1118,I03,Masala Sandwich,Sandwiches,5,48.04,10,UPI
T0001904,2025-07-10 13:08:28,S1303,I05,Cutting Chai,Beverages,1,9.76,0,Cash
T0001905,2025-07-10 13:53:25,S1120,I03,Masala Sandwich,Sandwiches,1,47.71,10,UPI
T0001906,2025-07-10 08:28:04,S1164,I04,Cold Coffee,Beverages,2,58.08,15,Cash
T0001906,2025-07-10 08:28:04,S1202,I05,Cutting Chai,Beverages,1,9.5,10,Cash
T0001907,2025-07-10 18:09:56,S1119,I03,Masala Sandwich,Sandwiches,1,46.87,0,UPI
T0001908,2025-07-10 08:57:36,S1236,I01,Veg Puff,Snacks,3,27.44,0,UPI
T0001908,2025-07-10 08:57:36,S1051,I04,Cold Coffee,Beverages,4,57.87,15,UPI
T0001909,2025-07-10 17:50:57,S1016,I01,Veg Puff,Snacks,2,28.06,0,Cash
T0001910,2025-07-10 14:03:23,S1292,I02,Samosa,Snacks,1,15.26,0,UPI
T0001911,2025-07-10 08:57:47,S1075,I04,Cold Coffee,Beverages,2,58.82,0,Card
T0001912,2025-07-10 12:48:42,S1296,I06,Poha,Breakfast,2,30.89,15,UPI
T0001913,2025-07-10 09:25:35,S1271,I02,Samosa,Snacks,2,15.06,0,UPI
T0001914,2025-07-10 08:35:46,S1037,I03,Masala Sandwich,Sandwiches,1,48.13,0,UPI
T0001914,2025-07-10 08:35:46,S1232,I05,Cutting Chai,Beverages,1,9.58,0,Card
T0001915,2025-07-10 14:31:29,S1213,I03,Masala Sandwich,Sandwiches,5,48.98,5,UPI
T0001915,2025-07-10 14:31:29,S1274,I05,Cutting Chai,Beverages,3,10.67,0,Cash
T0001916,2025-07-10 13:32:49,S1374,I01,Veg Puff,Snacks,2,28.49,5,Cash
T0001917,2025-07-10 17:21:44,S1146,I04,Cold Coffee,Beverages,2,57.68,15,UPI
T0001917,2025-07-10 17:21:44,S1071,I05,Cutting Chai,Beverages,1,9.71,0,UPI
T0001918,2025-07-10 13:49:00,S1037,I01,Veg Puff,Snacks,1,27.73,0,UPI
T0001919,2025-07-10 09:27:38,S1363,I06,Poha,Breakfast,1,30.78,0,UPI
T0001920,2025-07-10 08:17:57,S1102,I03,Masala Sandwich,Sandwiches,1,48.03,10,Card
T0001921,2025-07-10 09:18:06,S1360,I01,Veg Puff,Snacks,1,26.59,0,Card
T0001921,2025-07-10 09:18:06,S1119,I03,Masala Sandwich,Sandwiches,3,47.02,0,UPI
T0001922,2025-07-10 14:22:10,S1204,I05,Cutting Chai,Beverages,3,10.8,0,UPI
T0001923,2025-07-10 12:18:55,S1093,I01,Veg Puff,Snacks,1,27.68,0,Cash
T0001924,2025-07-10 17:30:20,S1320,I03,Masala Sandwich,Sandwiches,1,48.05,0,UPI
T0001925,2025-07-10 14:38:56,S1176,I06,Poha,Breakfast,2,31.87,0,UPI
T0001926,2025-07-10 12:29:35,S1352,I06,Poha,Breakfast,1,32.3,5,Cash
T0001927,2025-07-10 14:38:04,S1110,I05,Cutting Chai,Beverages,2,10.88,0,UPI
T0001928,2025-07-10 09:55:00,S1324,I04,Cold Coffee,Beverages,1,58.44,0,UPI
T0001928,2025-07-10 09:55:00,S1259,I03,Masala Sandwich,Sandwiches,2,48.31,0,Card
T0001929,2025-07-10 13:51:32,S1141,I03,Masala Sandwich,Sandwiches,1,46.63,0,UPI
T0001930,2025-07-10 12:20:04,S1037,I01,Veg Puff,Snacks,4,28.54,0,Card
T0001931,2025-07-10 12:15:57,S1011,I03,Masala Sandwich,Sandwiches,1,48.5,0,Cash
T0001931,2025-07-10 12:15:57,S1383,I01,Veg Puff,Snacks,1,27.76,0,Card
T0001932,2025-07-10 13:29:19,S1162,I05,Cutting Chai,Beverages,1,11.18,0,UPI
T0001933,2025-07-10 09:21:07,S1321,I03,Masala Sandwich,Sandwiches,3,47.97,0,Card
T0001934,2025-07-10 14:05:20,S1362,I01,Veg Puff,Snacks,2,28.38,0,Cash
T0001935,2025-07-10 13:26:32,S1151,I03,Masala Sandwich,Sandwiches,1,48.5,0,Card
T0001936,2025-07-10 14:33:51,S1307,I01,Veg Puff,Snacks,1,28.17,0,UPI
T0001936,2025-07-10 14:33:51,S1251,I03,Masala Sandwich,Sandwiches,4,48.2,15,Cash
T0001937,2025-07-10 13:05:18,S1025,I05,Cutting Chai,Beverages,2,10.04,10,UPI
T0001937,2025-07-10 13:05:18,S1233,I06,Poha,Breakfast,1,32.15,0,Cash
T0001938,2025-07-10 19:59:28,S1204,I03,Masala Sandwich,Sandwiches,3,47.4,15,UPI
T0001938,2025-07-10 19:59:28,S1167,I04,Cold Coffee,Beverages,3,58.49,10,Cash
T0001939,2025-07-10 14:45:28,S1157,I02,Samosa,Snacks,4,15.46,0,Cash
T0001940,2025-07-10 13:59:53,S1094,I06,Poha,Breakfast,2,33.02,0,Cash
T0001941,2025-07-10 12:18:27,S1331,I04,Cold Coffee,Beverages,2,57.25,0,UPI
T0001942,2025-07-10 13:02:53,S1306,I04,Cold Coffee,Beverages,1,57.38,0,Card
T0001943,2025-07-10 14:11:13,S1345,I01,Veg Puff,Snacks,1,29.82,0,Card
T0001944,2025-07-10 12:53:13,S1261,I03,Masala Sandwich,Sandwiches,1,47.58,0,UPI
T0001945,2025-07-10 17:15:50,S1106,I03,Masala Sandwich,Sandwiches,1,48.31,0,Cash
T0001945,2025-07-10 17:15:50,S1363,I04,Cold Coffee,Beverages,3,58.38,0,UPI
T0001946,2025-07-10 08:55:18,S1315,I03,Masala Sandwich,Sandwiches,1,48.11,0,Cash
T0001947,2025-07-10 08:45:17,S1178,I03,Masala Sandwich,Sandwiches,4,47.07,15,UPI
T0001947,2025-07-10 08:45:17,S1143,I02,Samosa,Snacks,1,15.22,0,Cash
T0001948,2025-07-10 09:06:18,S1045,I06,Poha,Breakfast,2,32.19,0,UPI
T0001948,2025-07-10 09:06:18,S1040,I05,Cutting Chai,Beverages,1,9.95,5,Card
T0001949,2025-07-10 08:04:04,S1085,I02,Samosa,Snacks,3,14.29,0,UPI
T0001950,2025-07-10 08:30:30,S1369,I05,Cutting Chai,Beverages,3,9.83,0,Cash
T0001951,2025-07-10 12:21:29,S1309,I03,Masala Sandwich,Sandwiches,2,48.25,0,UPI
T0001952,2025-07-10 08:51:40,S1254,I02,Samosa,Snacks,3,14.73,15,Card
T0001953,2025-07-10 09:00:33,S1216,I02,Samosa,Snacks,2,14.29,25,Cash
T0001954,2025-07-10 13:34:16,S1390,I05,Cutting Chai,Beverages,1,10.29,0,UPI
T0001955,2025-07-10 17:41:44,S1134,I06,Poha,Breakfast,2,32.26,0,Card
T0001955,2025-07-10 17:41:44,S1341,I02,Samosa,Snacks,1,14.56,0,Card
T0001956,2025-07-10 12:37:45,S1059,I01,Veg Puff,Snacks,1,27.78,0,UPI
T0001957,2025-07-10 14:36:34,S1221,I03,Masala Sandwich,Sandwiches,3,48.6,15,UPI
T0001958,2025-07-10 13:27:32,S1392,I05,Cutting Chai,Beverages,3,11.33,0,Card
T0001959,2025-07-10 09:32:14,S1227,I04,Cold Coffee,Beverages,5,57.8,0,Card
T0001959,2025-07-10 09:32:14,S1225,I01,Veg Puff,Snacks,4,28.29,0,Cash
T0001960,2025-07-10 17:47:50,S1014,I03,Masala Sandwich,Sandwiches,1,47.99,0,Card
T0001961,2025-07-10 12:37:47,S1304,I04,Cold Coffee,Beverages,1,57.89,5,UPI
T0001961,2025-07-10 12:37:47,S1199,I06,Poha,Breakfast,2,31.94,0,Card
T0001962,2025-07-10 12:57:54,S1071,I02,Samosa,Snacks,2,14.84,0,Cash
T0001963,2025-07-10 13:22:08,S1281,I04,Cold Coffee,Beverages,3,57.56,0,Card
T0001964,2025-07-10 12:25:48,S1360,I03,Masala Sandwich,Sandwiches,5,46.4,0,Card
T0001965,2025-07-10 08:29:22,S1286,I06,Poha,Breakfast,2,33.05,0,UPI
T0001965,2025-07-10 08:29:22,S1222,I01,Veg Puff,Snacks,2,26.23,0,Card
T0001966,2025-07-10 19:12:00,S1376,I05,Cutting Chai,Beverages,2,9.42,15,UPI
T0001967,2025-07-10 14:40:47,S1130,I02,Samosa,Snacks,2,15.54,0,Cash
T0001968,2025-07-10 12:40:47,S1023,I03,Masala Sandwich,Sandwiches,1,47.15,0,UPI
T0001969,2025-07-10 14:01:29,S1217,I01,Veg Puff,Snacks,1,28.22,0,Cash
T0001970,2025-07-10 08:01:25,S1301,I01,Veg Puff,Snacks,4,29.42,10,Cash
T0001970,2025-07-10 08:01:25,S1374,I05,Cutting Chai,Beverages,4,11.03,0,Cash
T0001971,2025-07-10 12:28:31,S1160,I05,Cutting Chai,Beverages,1,9.85,0,Cash
T0001971,2025-07-10 12:28:31,S1041,I03,Masala Sandwich,Sandwiches,1,47.63,0,Card
T0001972,2025-07-10 14:40:04,S1083,I05,Cutting Chai,Beverages,3,9.34,10,UPI
T0001972,2025-07-10 14:40:04,S1307,I02,Samosa,Snacks,2,14.89,0,UPI
T0001973,2025-07-10 13:49:43,S1283,I05,Cutting Chai,Beverages,1,9.6,0,Cash
T0001973,2025-07-10 13:49:43,S1090,I06,Poha,Breakfast,1,31.71,0,Cash
T0001974,2025-07-10 08:45:56,S1018,I01,Veg Puff,Snacks,3,27.49,0,Card
T0001974,2025-07-10 08:45:56,S1104,I05,Cutting Chai,Beverages,2,10.05,0,UPI
T0001975,2025-07-10 19:07:49,S1380,I03,Masala Sandwich,Sandwiches,1,47.24,0,Cash
T0001976,2025-07-10 09:41:15,S1047,I05,Cutting Chai,Beverages,2,9.97,0,Cash
T0001976,2025-07-10 09:41:15,S1130,I06,Poha,Breakfast,3,31.77,0,Card
T0001977,2025-07-10 18:59:50,S1112,I05,Cutting Chai,Beverages,1,9.98,0,Cash
T0001978,2025-07-10 17:34:04,S1286,I02,Samosa,Snacks,4,15.53,0,Cash
T0001979,2025-07-10 17:31:40,S1326,I04,Cold Coffee,Beverages,3,58.36,0,Card
T0001979,2025-07-10 17:31:40,S1171,I01,Veg Puff,Snacks,1,27.49,0,UPI
T0001980,2025-07-10 09:18:36,S1230,I05,Cutting Chai,Beverages,1,9.79,0,Card
T0001981,2025-07-10 13:50:27,S1226,I06,Poha,Breakfast,1,32.01,0,UPI
T0001981,2025-07-10 13:50:27,S1035,I05,Cutting Chai,Beverages,1,9.97,15,Card
T0001982,2025-07-10 13:58:05,S1181,I03,Masala Sandwich,Sandwiches,1,47.74,0,Card
T0001983,2025-07-10 09:41:13,S1320,I01,Veg Puff,Snacks,3,28.42,0,UPI
T0001984,2025-07-10 12:27:44,S1269,I06,Poha,Breakfast,1,31.52,0,Cash
T0001985,2025-07-10 18:04:10,S1379,I05,Cutting Chai,Beverages,1,9.8,0,Cash
T0001986,2025-07-10 17:12:24,S1308,I01,Veg Puff,Snacks,4,28.29,0,Card
T0001987,2025-07-10 18:45:15,S1182,I02,Samosa,Snacks,1,15.65,0,UPI
T0001988,2025-07-10 17:00:56,S1340,I01,Veg Puff,Snacks,1,28.51,0,Cash
T0001989,2025-07-10 09:34:42,S1066,I03,Masala Sandwich,Sandwiches,2,48.39,0,UPI
T0001990,2025-07-10 12:46:54,S1278,I01,Veg Puff,Snacks,1,28.21,0,Cash
T0001990,2025-07-10 12:46:54,S1159,I02,Samosa,Snacks,2,14.65,15,Card
T0001991,2025-07-10 12:04:46,S1142,I06,Poha,Breakfast,1,33.26,0,Cash
T0001992,2025-07-10 14:20:51,S1250,I06,Poha,Breakfast,2,31.17,0,Card
T0001993,2025-07-10 12:48:04,S1385,I01,Veg Puff,Snacks,1,27.92,0,UPI
T0001994,2025-07-10 14:49:35,S1230,I06,Poha,Breakfast,2,31.52,0,Card
T0001994,2025-07-10 14:49:35,S1305,I03,Masala Sandwich,Sandwiches,2,48.26,0,UPI
T0001995,2025-07-10 18:00:56,S1157,I01,Veg Puff,Snacks,1,27.43,0,Cash
T0001996,2025-07-10 13:47:19,S1316,I05,Cutting Chai,Beverages,2,10.77,0,Cash
T0001997,2025-07-10 19:00:30,S1037,I05,Cutting Chai,Beverages,4,10.24,0,Cash
T0001998,2025-07-10 13:04:30,S1326,I05,Cutting Chai,Beverages,5,10.13,15,Card
T0001998,2025-07-10 13:04:30,S1118,I06,Poha,Breakfast,1,31.26,5,Cash
T0001999,2025-07-10 13:30:16,S1102,I06,Poha,Breakfast,1,32.75,0,Cash
T0001999,2025-07-10 13:30:16,S1147,I04,Cold Coffee,Beverages,5,57.84,0,UPI
T0002000,2025-07-10 08:55:26,S1339,I06,Poha,Breakfast,2,31.5,0,Card
T0002001,2025-07-10 12:29:56,S1273,I05,Cutting Chai,Beverages,3,9.65,0,Card
T0002001,2025-07-10 12:29:56,S1114,I01,Veg Puff,Snacks,1,27.63,0,UPI
T0002002,2025-07-10 19:15:06,S1219,I03,Masala Sandwich,Sandwiches,1,49.24,0,UPI
T0002002,2025-07-10 19:15:06,S1031,I02,Samosa,Snacks,2,15.01,0,UPI
T0002003,2025-07-10 09:43:18,S1026,I02,Samosa,Snacks,1,15.16,0,UPI
T0002004,2025-07-10 14:14:22,S1105,I06,Poha,Breakfast,1,31.16,0,Cash
T0002005,2025-07-10 12:06:24,S1160,I01,Veg Puff,Snacks,1,28.3,0,Card
T0002006,2025-07-10 08:18:35,S1065,I06,Poha,Breakfast,2,32.0,10,Card
T0002007,2025-07-10 14:23:18,S1242,I05,Cutting Chai,Beverages,1,10.14,0,UPI
T0002008,2025-07-10 13:01:06,S1201,I01,Veg Puff,Snacks,4,28.07,25,Cash
T0002009,2025-07-10 09:45:37,S1083,I02,Samosa,Snacks,1,15.0,0,Cash
T0002010,2025-07-10 14:49:54,S1342,I05,Cutting Chai,Beverages,1,9.26,0,UPI
T0002011,2025-07-10 13:13:23,S1247,I01,Veg Puff,Snacks,1,27.92,0,Card
T0002012,2025-07-10 12:05:41,S1096,I06,Poha,Breakfast,1,31.23,0,Cash
T0002013,2025-07-10 09:34:17,S1109,I03,Masala Sandwich,Sandwiches,1,48.0,0,Card
T0002014,2025-07-10 13:12:38,S1379,I04,Cold Coffee,Beverages,1,58.07,15,UPI
T0002015,2025-07-10 13:24:04,S1364,I03,Masala Sandwich,Sandwiches,1,48.54,0,Card
T0002015,2025-07-10 13:24:04,S1120,I05,Cutting Chai,Beverages,1,10.1,15,UPI
T0002016,2025-07-10 12:15:55,S1264,I02,Samosa,Snacks,3,14.3,0,Cash
T0002016,2025-07-10 12:15:55,S1135,I04,Cold Coffee,Beverages,2,57.3,0,UPI
T0002017,2025-07-10 14:01:07,S1162,I02,Samosa,Snacks,1,15.09,0,Cash
T0002018,2025-07-10 14:02:46,S1286,I02,Samosa,Snacks,1,15.25,0,Cash
T0002019,2025-07-10 13:13:28,S1226,I06,Poha,Breakfast,1,31.82,0,UPI
T0002020,2025-07-10 09:52:00,S1356,I02,Samosa,Snacks,3,15.8,0,Cash
T0002020,2025-07-10 09:52:00,S1131,I06,Poha,Breakfast,2,33.01,0,UPI
T0002021,2025-07-10 14:09:29,S1005,I02,Samosa,Snacks,2,15.64,25,Card
T0002021,2025-07-10 14:09:29,S1141,I01,Veg Puff,Snacks,1,28.37,0,Card
T0002022,2025-07-10 12:42:51,S1284,I04,Cold Coffee,Beverages,2,57.35,0,UPI
T0002022,2025-07-10 12:42:51,S1365,I01,Veg Puff,Snacks,2,27.61,0,Cash
T0002023,2025-07-10 13:32:23,S1002,I05,Cutting Chai,Beverages,1,10.37,0,Cash
T0002024,2025-07-10 08:33:40,S1197,I02,Samosa,Snacks,4,14.53,25,Card
T0002024,2025-07-10 08:33:40,S1027,I04,Cold Coffee,Beverages,3,56.72,0,UPI
T0002025,2025-07-10 18:36:33,S1375,I01,Veg Puff,Snacks,2,28.05,0,Cash
T0002025,2025-07-10 18:36:33,S1090,I04,Cold Coffee,Beverages,4,57.99,0,UPI
T0002026,2025-07-10 13:52:15,S1274,I02,Samosa,Snacks,1,13.99,0,Card
T0002026,2025-07-10 13:52:15,S1040,I06,Poha,Breakfast,1,31.59,5,Cash
T0002027,2025-07-10 13:09:44,S1342,I05,Cutting Chai,Beverages,1,9.86,0,Cash
T0002028,2025-07-10 09:12:52,S1166,I03,Masala Sandwich,Sandwiches,1,48.7,0,Cash
T0002029,2025-07-10 12:18:09,S1124,I04,Cold Coffee,Beverages,2,58.12,15,Cash
T0002030,2025-07-10 08:41:57,S1037,I05,Cutting Chai,Beverages,3,9.83,0,UPI
T0002031,2025-07-10 17:30:57,S1275,I02,Samosa,Snacks,1,14.44,0,UPI
T0002032,2025-07-10 08:20:55,S1278,I03,Masala Sandwich,Sandwiches,3,46.82,0,UPI
T0002033,2025-07-10 18:14:52,S1199,I05,Cutting Chai,Beverages,1,10.52,0,Card
T0002034,2025-07-10 09:08:41,S1270,I04,Cold Coffee,Beverages,1,57.48,0,Card
T0002035,2025-07-10 18:30:07,S1071,I03,Masala Sandwich,Sandwiches,3,48.87,15,Card
T0002036,2025-07-10 09:31:54,S1025,I05,Cutting Chai,Beverages,3,10.47,0,Cash
T0002037,2025-07-10 08:02:44,S1381,I04,Cold Coffee,Beverages,2,57.29,0,UPI
T0002038,2025-07-10 08:25:43,S1103,I03,Masala Sandwich,Sandwiches,2,47.39,0,UPI
T0002038,2025-07-10 08:25:43,S1099,I05,Cutting Chai,Beverages,2,10.91,5,UPI
T0002039,2025-07-10 14:27:02,S1281,I02,Samosa,Snacks,1,16.03,15,UPI
T0002040,2025-07-10 12:31:40,S1265,I05,Cutting Chai,Beverages,4,10.78,0,Card
T0002041,2025-07-10 09:41:17,S1342,I01,Veg Puff,Snacks,1,27.61,0,Cash
T0002041,2025-07-10 09:41:17,S1010,I02,Samosa,Snacks,1,15.42,5,Cash
T0002042,2025-07-10 12:46:18,S1146,I03,Masala Sandwich,Sandwiches,2,48.2,0,UPI
T0002043,2025-07-10 09:15:57,S1214,I04,Cold Coffee,Beverages,1,57.78,5,UPI
T0002044,2025-07-10 14:56:22,S1271,I06,Poha,Breakfast,1,31.43,0,UPI
T0002045,2025-07-10 14:23:18,S1155,I06,Poha,Breakfast,1,31.28,15,Card
T0002046,2025-07-10 18:11:24,S1125,I06,Poha,Breakfast,4,30.79,5,UPI
T0002047,2025-07-10 14:10:00,S1195,I05,Cutting Chai,Beverages,2,9.38,0,Cash
T0002048,2025-07-10 13:30:27,S1272,I03,Masala Sandwich,Sandwiches,2,48.02,0,Card
T0002049,2025-07-10 19:46:09,S1139,I05,Cutting Chai,Beverages,3,9.52,0,UPI
T0002049,2025-07-10 19:46:09,S1252,I02,Samosa,Snacks,1,15.51,0,Card
T0002050,2025-07-11 08:45:42,S1136,I05,Cutting Chai,Beverages,2,10.8,15,Cash
T0002051,2025-07-11 19:58:45,S1064,I02,Samosa,Snacks,3,15.81,0,Cash
T0002052,2025-07-11 18:09:29,S1251,I05,Cutting Chai,Beverages,3,8.99,0,Card
T0002053,2025-07-11 09:59:54,S1110,I06,Poha,Breakfast,1,32.39,5,Cash
T0002054,2025-07-11 08:58:05,S1193,I02,Samosa,Snacks,1,15.22,0,Card
T0002054,2025-07-11 08:58:05,S1227,I01,Veg Puff,Snacks,3,28.4,0,Card
T0002055,2025-07-11 18:39:37,S1246,I01,Veg Puff,Snacks,4,27.99,0,Card
T0002055,2025-07-11 18:39:37,S1131,I03,Masala Sandwich,Sandwiches,2,47.91,0,Cash
T0002056,2025-07-11 19:25:23,S1378,I02,Samosa,Snacks,3,15.42,0,Cash
T0002057,2025-07-11 13:05:53,S1209,I01,Veg Puff,Snacks,4,28.05,0,Card
T0002058,2025-07-11 14:25:06,S1175,I02,Samosa,Snacks,2,15.51,0,Cash
T0002058,2025-07-11 14:25:06,S1053,I03,Masala Sandwich,Sandwiches,1,47.95,0,UPI
T0002059,2025-07-11 12:06:13,S1160,I05,Cutting Chai,Beverages,2,9.67,0,Card
T0002060,2025-07-11 08:00:16,S1296,I06,Poha,Breakfast,1,33.1,0,Card
T0002060,2025-07-11 08:00:16,S1088,I03,Masala Sandwich,Sandwiches,1,47.68,0,UPI
T0002061,2025-07-11 12:33:23,S1306,I05,Cutting Chai,Beverages,1,10.61,0,Card
T0002062,2025-07-11 09:42:51,S1000,I02,Samosa,Snacks,1,16.55,0,UPI
T0002063,2025-07-11 14:29:08,S1194,I02,Samosa,Snacks,1,15.67,0,UPI
T0002064,2025-07-11 19:24:51,S1060,I04,Cold Coffee,Beverages,2,57.34,0,UPI
T0002065,2025-07-11 14:27:52,S1224,I04,Cold Coffee,Beverages,3,58.04,0,Card
T0002066,2025-07-11 12:51:36,S1123,I01,Veg Puff,Snacks,1,29.09,0,UPI
T0002067,2025-07-11 12:47:01,S1041,I03,Masala Sandwich,Sandwiches,2,47.39,0,UPI
T0002068,2025-07-11 09:39:01,S1020,I03,Masala Sandwich,Sandwiches,2,48.0,0,Cash
T0002069,2025-07-11 08:15:27,S1390,I06,Poha,Breakfast,1,32.15,0,Cash
T0002070,2025-07-11 13:43:53,S1278,I02,Samosa,Snacks,1,15.45,0,Cash
T0002071,2025-07-11 18:03:16,S1145,I06,Poha,Breakfast,1,31.15,0,Cash
T0002072,2025-07-11 19:46:56,S1070,I04,Cold Coffee,Beverages,6,57.52,0,UPI
T0002073,2025-07-11 12:30:43,S1161,I01,Veg Puff,Snacks,1,27.72,25,Cash
T0002074,2025-07-11 09:55:19,S1385,I02,Samosa,Snacks,2,16.23,0,Card
T0002075,2025-07-11 14:56:22,S1167,I01,Veg Puff,Snacks,5,28.87,0,Cash
T0002075,2025-07-11 14:56:22,S1098,I02,Samosa,Snacks,2,15.84,0,UPI
T0002076,2025-07-11 14:29:48,S1038,I01,Veg Puff,Snacks,1,27.94,0,Cash
T0002076,2025-07-11 14:29:48,S1235,I06,Poha,Breakfast,2,32.33,0,UPI
T0002077,2025-07-11 12:31:50,S1021,I05,Cutting Chai,Beverages,2,10.61,0,UPI
T0002078,2025-07-11 12:10:02,S1315,I06,Poha,Breakfast,2,32.1,0,UPI
T0002079,2025-07-11 12:34:20,S1012,I01,Veg Puff,Snacks,1,27.25,0,Cash
T0002080,2025-07-11 13:39:56,S1076,I06,Poha,Breakfast,1,32.62,0,Cash
T0002081,2025-07-11 08:00:53,S1048,I02,Samosa,Snacks,1,16.28,0,UPI
T0002082,2025-07-11 12:15:03,S1333,I02,Samosa,Snacks,1,15.44,0,Cash
T0002083,2025-07-11 14:25:18,S1326,I06,Poha,Breakfast,1,31.05,0,UPI
T0002084,2025-07-11 19:53:01,S1316,I03,Masala Sandwich,Sandwiches,4,48.29,0,UPI
T0002084,2025-07-11 19:53:01,S1209,I04,Cold Coffee,Beverages,1,58.85,0,UPI
T0002085,2025-07-11 09:16:56,S1277,I04,Cold Coffee,Beverages,1,58.53,0,Cash
T0002086,2025-07-11 12:26:38,S1328,I05,Cutting Chai,Beverages,4,10.42,0,Card
T0002087,2025-07-11 08:01:01,S1317,I05,Cutting Chai,Beverages,1,9.57,15,Cash
T0002088,2025-07-11 13:46:22,S1348,I06,Poha,Breakfast,2,33.1,0,Cash
T0002088,2025-07-11 13:46:22,S1378,I03,Masala Sandwich,Sandwiches,2,49.4,0,Card
T0002089,2025-07-11 17:19:41,S1201,I04,Cold Coffee,Beverages,1,57.98,0,Card
T0002089,2025-07-11 17:19:41,S1134,I02,Samosa,Snacks,1,16.47,15,Card
T0002090,2025-07-11 12:52:19,S1196,I02,Samosa,Snacks,1,15.72,10,Card
T0002090,2025-07-11 12:52:19,S1297,I01,Veg Puff,Snacks,1,27.8,0,Card
T0002091,2025-07-11 08:48:01,S1077,I01,Veg Puff,Snacks,2,27.68,0,UPI
T0002091,2025-07-11 08:48:01,S1062,I05,Cutting Chai,Beverages,1,10.16,0,Cash
T0002092,2025-07-11 14:55:18,S1004,I06,Poha,Breakfast,2,32.6,0,UPI
T0002093,2025-07-11 14:30:06,S1032,I01,Veg Puff,Snacks,1,28.84,0,Cash
T0002094,2025-07-11 12:01:14,S1354,I05,Cutting Chai,Beverages,2,8.37,0,Card
T0002095,2025-07-11 18:26:07,S1245,I03,Masala Sandwich,Sandwiches,1,48.86,0,Cash
T0002095,2025-07-11 18:26:07,S1019,I04,Cold Coffee,Beverages,2,57.53,0,Cash
T0002096,2025-07-11 18:42:10,S1059,I05,Cutting Chai,Beverages,3,10.1,0,Card
T0002097,2025-07-11 08:29:51,S1206,I06,Poha,Breakfast,1,31.36,0,Cash
T0002098,2025-07-11 13:27:03,S1374,I04,Cold Coffee,Beverages,1,58.01,5,UPI
T0002099,2025-07-11 17:36:23,S1099,I01,Veg Puff,Snacks,1,28.93,0,UPI
T0002099,2025-07-11 17:36:23,S1213,I03,Masala Sandwich,Sandwiches,1,48.82,0,Cash
T0002100,2025-07-11 12:58:50,S1373,I02,Samosa,Snacks,1,16.81,0,Card
T0002101,2025-07-11 09:30:00,S1053,I01,Veg Puff,Snacks,2,27.03,0,Cash
T0002102,2025-07-11 08:41:22,S1045,I05,Cutting Chai,Beverages,2,10.18,0,Card
T0002103,2025-07-11 13:38:18,S1264,I01,Veg Puff,Snacks,3,28.52,0,UPI
T0002104,2025-07-11 19:49:19,S1379,I01,Veg Puff,Snacks,1,28.47,5,Cash
T0002105,2025-07-11 18:48:28,S1142,I05,Cutting Chai,Beverages,5,9.72,0,UPI
T0002105,2025-07-11 18:48:28,S1253,I03,Masala Sandwich,Sandwiches,1,48.19,0,UPI
T0002106,2025-07-11 12:17:04,S1021,I02,Samosa,Snacks,1,16.78,0,UPI
T0002107,2025-07-11 12:54:54,S1370,I01,Veg Puff,Snacks,4,28.28,0,UPI
T0002108,2025-07-11 12:32:54,S1284,I02,Samosa,Snacks,4,14.68,0,Cash
T0002109,2025-07-11 14:17:03,S1396,I01,Veg Puff,Snacks,1,27.32,0,UPI
T0002109,2025-07-11 14:17:03,S1236,I06,Poha,Breakfast,2,32.44,0,UPI
T0002110,2025-07-11 09:58:50,S1158,I03,Masala Sandwich,Sandwiches,1,48.29,0,Card
T0002110,2025-07-11 09:58:50,S1276,I01,Veg Puff,Snacks,1,28.39,0,Card
T0002111,2025-07-11 19:31:42,S1281,I05,Cutting Chai,Beverages,1,10.27,0,Cash
T0002111,2025-07-11 19:31:42,S1150,I06,Poha,Breakfast,1,32.46,0,UPI
T0002112,2025-07-11 08:05:04,S1350,I06,Poha,Breakfast,1,31.97,0,Cash
T0002113,2025-07-11 09:02:16,S1369,I05,Cutting Chai,Beverages,6,10.26,0,UPI
T0002113,2025-07-11 09:02:16,S1293,I03,Masala Sandwich,Sandwiches,2,47.59,0,UPI
T0002114,2025-07-11 13:56:21,S1379,I03,Masala Sandwich,Sandwiches,3,48.31,0,UPI
T0002115,2025-07-11 17:12:49,S1284,I06,Poha,Breakfast,1,32.62,0,Cash
T0002116,2025-07-11 13:55:04,S1155,I04,Cold Coffee,Beverages,3,58.17,0,Cash
T0002116,2025-07-11 13:55:04,S1027,I02,Samosa,Snacks,2,16.63,10,Card
T0002117,2025-07-11 12:50:41,S1167,I05,Cutting Chai,Beverages,4,10.22,25,Cash
T0002118,2025-07-11 14:50:26,S1073,I01,Veg Puff,Snacks,1,27.46,0,Card
T0002119,2025-07-11 12:11:39,S1293,I01,Veg Puff,Snacks,1,28.78,0,UPI
T0002119,2025-07-11 12:11:39,S1227,I04,Cold Coffee,Beverages,2,58.18,0,Cash
T0002120,2025-07-11 08:22:57,S1129,I05,Cutting Chai,Beverages,2,9.58,0,Cash
T0002120,2025-07-11 08:22:57,S1392,I03,Masala Sandwich,Sandwiches,2,46.95,0,UPI
T0002121,2025-07-11 08:17:42,S1039,I06,Poha,Breakfast,1,31.61,0,Card
T0002122,2025-07-11 13:23:26,S1337,I05,Cutting Chai,Beverages,5,9.48,0,Cash
T0002123,2025-07-11 09:14:04,S1260,I06,Poha,Breakfast,4,32.44,0,UPI
T0002124,2025-07-11 13:01:32,S1184,I01,Veg Puff,Snacks,2,29.26,0,UPI
T0002125,2025-07-11 12:21:27,S1206,I05,Cutting Chai,Beverages,2,10.39,10,Cash
T0002126,2025-07-11 13:41:32,S1032,I03,Masala Sandwich,Sandwiches,1,47.96,0,UPI
T0002127,2025-07-11 09:29:39,S1387,I04,Cold Coffee,Beverages,1,58.24,10,UPI
T0002127,2025-07-11 09:29:39,S1216,I03,Masala Sandwich,Sandwiches,2,46.36,0,UPI
T0002128,2025-07-11 09:17:28,S1201,I06,Poha,Breakfast,1,33.95,5,Cash
T0002129,2025-07-11 09:53:54,S1058,I01,Veg Puff,Snacks,2,27.49,0,UPI
T0002129,2025-07-11 09:53:54,S1154,I05,Cutting Chai,Beverages,1,9.53,0,Card
T0002130,2025-07-11 19:31:37,S1204,I04,Cold Coffee,Beverages,2,57.22,0,UPI
T0002131,2025-07-11 12:21:23,S1145,I02,Samosa,Snacks,2,16.67,0,Card
T0002131,2025-07-11 12:21:23,S1131,I06,Poha,Breakfast,3,32.0,10,Card
T0002132,2025-07-11 09:21:44,S1350,I04,Cold Coffee,Beverages,1,58.41,15,Card
T0002133,2025-07-11 09:19:16,S1390,I04,Cold Coffee,Beverages,2,57.42,0,Cash
T0002133,2025-07-11 09:19:16,S1221,I05,Cutting Chai,Beverages,1,9.68,0,UPI
T0002134,2025-07-11 19:20:36,S1367,I01,Veg Puff,Snacks,1,28.07,0,UPI
T0002135,2025-07-11 14:36:40,S1129,I02,Samosa,Snacks,2,15.33,5,Card
T0002136,2025-07-11 09:06:39,S1185,I01,Veg Puff,Snacks,1,27.74,15,Cash
T0002137,2025-07-11 13:58:42,S1208,I04,Cold Coffee,Beverages,2,58.64,25,Cash
T0002137,2025-07-11 13:58:42,S1140,I05,Cutting Chai,Beverages,1,10.18,0,UPI
T0002138,2025-07-11 08:24:31,S1147,I02,Samosa,Snacks,2,14.94,0,Card
T0002139,2025-07-11 13:09:51,S1046,I04,Cold Coffee,Beverages,1,59.53,0,Cash
T0002140,2025-07-11 12:25:52,S1366,I05,Cutting Chai,Beverages,3,9.31,25,UPI
T0002140,2025-07-11 12:25:52,S1017,I01,Veg Puff,Snacks,1,28.07,0,Card
T0002141,2025-07-11 18:42:48,S1278,I02,Samosa,Snacks,2,16.26,0,Cash
T0002141,2025-07-11 18:42:48,S1115,I04,Cold Coffee,Beverages,1,57.81,0,Card
T0002142,2025-07-11 14:32:43,S1095,I05,Cutting Chai,Beverages,1,10.14,10,UPI
T0002143,2025-07-11 08:07:25,S1016,I02,Samosa,Snacks,2,16.86,0,UPI
T0002144,2025-07-11 12:21:25,S1139,I04,Cold Coffee,Beverages,3,57.68,0,UPI
T0002145,2025-07-11 14:30:06,S1344,I03,Masala Sandwich,Sandwiches,1,48.35,0,Cash
T0002146,2025-07-11 18:49:56,S1021,I05,Cutting Chai,Beverages,2,11.8,0,Cash
T0002147,2025-07-11 14:11:07,S1113,I05,Cutting Chai,Beverages,2,9.95,0,Card
T0002148,2025-07-11 19:37:21,S1343,I04,Cold Coffee,Beverages,1,57.76,0,UPI
T0002148,2025-07-11 19:37:21,S1071,I01,Veg Puff,Snacks,2,27.31,0,UPI
T0002149,2025-07-11 12:46:09,S1108,I01,Veg Puff,Snacks,2,29.06,0,UPI
T0002149,2025-07-11 12:46:09,S1188,I03,Masala Sandwich,Sandwiches,1,47.03,0,Cash
T0002150,2025-07-11 09:43:38,S1009,I01,Veg Puff,Snacks,2,28.37,0,Cash
T0002150,2025-07-11 09:43:38,S1241,I05,Cutting Chai,Beverages,1,10.97,0,Card
T0002151,2025-07-11 14:25:42,S1019,I03,Masala Sandwich,Sandwiches,1,49.0,0,Cash
T0002152,2025-07-11 19:28:35,S1222,I03,Masala Sandwich,Sandwiches,1,47.64,0,Card
T0002153,2025-07-11 18:36:57,S1364,I03,Masala Sandwich,Sandwiches,1,47.52,15,Card
T0002154,2025-07-11 18:57:14,S1096,I04,Cold Coffee,Beverages,1,58.1,0,Cash
T0002154,2025-07-11 18:57:14,S1369,I03,Masala Sandwich,Sandwiches,1,48.71,0,Cash
T0002155,2025-07-11 13:47:32,S1380,I05,Cutting Chai,Beverages,1,9.03,0,UPI
T0002156,2025-07-11 14:56:16,S1114,I04,Cold Coffee,Beverages,4,57.91,0,Card
T0002157,2025-07-11 09:24:53,S1357,I04,Cold Coffee,Beverages,4,57.22,10,Cash
T0002158,2025-07-11 14:24:54,S1381,I01,Veg Puff,Snacks,1,27.6,25,Card
T0002158,2025-07-11 14:24:54,S1077,I03,Masala Sandwich,Sandwiches,3,48.75,0,Cash
T0002159,2025-07-11 14:15:20,S1085,I03,Masala Sandwich,Sandwiches,2,48.39,0,Card
T0002159,2025-07-11 14:15:20,S1202,I02,Samosa,Snacks,1,15.98,0,UPI
T0002160,2025-07-11 13:57:25,S1362,I01,Veg Puff,Snacks,4,27.1,10,Card
T0002160,2025-07-11 13:57:25,S1036,I05,Cutting Chai,Beverages,1,10.2,0,UPI
T0002161,2025-07-11 18:44:44,S1285,I06,Poha,Breakfast,1,31.59,0,UPI
T0002162,2025-07-11 09:45:22,S1350,I05,Cutting Chai,Beverages,1,9.39,0,Cash
T0002163,2025-07-11 09:33:41,S1369,I04,Cold Coffee,Beverages,3,58.02,0,Cash
T0002163,2025-07-11 09:33:41,S1133,I05,Cutting Chai,Beverages,2,9.86,0,Card
T0002164,2025-07-11 14:48:41,S1193,I05,Cutting Chai,Beverages,4,9.45,0,UPI
T0002164,2025-07-11 14:48:41,S1197,I01,Veg Puff,Snacks,5,28.2,0,Card
T0002165,2025-07-11 08:45:33,S1130,I01,Veg Puff,Snacks,1,27.29,0,UPI
T0002166,2025-07-11 13:41:10,S1297,I03,Masala Sandwich,Sandwiches,1,48.44,0,Card
T0002167,2025-07-11 09:47:24,S1375,I01,Veg Puff,Snacks,1,28.14,0,UPI
T0002168,2025-07-11 13:52:59,S1157,I01,Veg Puff,Snacks,3,27.51,0,UPI
T0002168,2025-07-11 13:52:59,S1264,I05,Cutting Chai,Beverages,1,8.96,0,Cash
T0002169,2025-07-11 19:24:06,S1107,I05,Cutting Chai,Beverages,2,9.1,0,Cash
T0002170,2025-07-11 14:39:44,S1140,I06,Poha,Breakfast,3,31.02,0,UPI
T0002171,2025-07-11 08:27:07,S1030,I01,Veg Puff,Snacks,1,27.92,5,UPI
T0002172,2025-07-11 12:08:43,S1179,I05,Cutting Chai,Beverages,1,10.3,0,Cash
T0002173,2025-07-11 13:37:30,S1343,I04,Cold Coffee,Beverages,3,57.72,0,UPI
T0002174,2025-07-11 13:01:45,S1381,I06,Poha,Breakfast,1,32.37,0,Card
T0002174,2025-07-11 13:01:45,S1208,I01,Veg Puff,Snacks,2,27.72,0,Card
T0002175,2025-07-11 09:27:59,S1304,I06,Poha,Breakfast,1,32.33,0,Cash
T0002176,2025-07-11 19:36:07,S1179,I06,Poha,Breakfast,1,31.74,0,UPI
T0002177,2025-07-11 08:13:42,S1277,I06,Poha,Breakfast,3,32.36,0,Card
T0002178,2025-07-11 13:06:57,S1206,I04,Cold Coffee,Beverages,3,57.73,0,Card
T0002179,2025-07-11 12:42:06,S1137,I05,Cutting Chai,Beverages,1,10.23,0,Cash
T0002180,2025-07-11 09:04:29,S1002,I05,Cutting Chai,Beverages,1,10.22,0,Cash
T0002181,2025-07-11 09:19:21,S1230,I05,Cutting Chai,Beverages,1,10.36,0,Card
T0002182,2025-07-11 08:39:28,S1213,I05,Cutting Chai,Beverages,4,9.29,0,UPI
T0002183,2025-07-11 08:11:07,S1227,I01,Veg Puff,Snacks,2,27.27,0,UPI
T0002184,2025-07-11 13:29:48,S1255,I06,Poha,Breakfast,4,31.44,0,UPI
T0002185,2025-07-11 18:28:56,S1019,I01,Veg Puff,Snacks,1,27.48,0,Cash
T0002186,2025-07-11 14:49:22,S1119,I06,Poha,Breakfast,1,31.93,0,UPI
T0002187,2025-07-11 14:18:25,S1224,I05,Cutting Chai,Beverages,3,9.06,0,Cash
T0002188,2025-07-11 14:55:11,S1325,I01,Veg Puff,Snacks,3,27.77,0,Cash
T0002189,2025-07-11 13:23:38,S1206,I03,Masala Sandwich,Sandwiches,2,48.39,0,Cash
T0002189,2025-07-11 13:23:38,S1361,I02,Samosa,Snacks,1,15.8,10,Cash
T0002190,2025-07-11 17:41:36,S1274,I01,Veg Puff,Snacks,3,28.42,10,UPI
T0002191,2025-07-11 18:01:49,S1027,I05,Cutting Chai,Beverages,1,10.61,0,Cash
T0002191,2025-07-11 18:01:49,S1017,I02,Samosa,Snacks,3,16.49,15,Cash
T0002192,2025-07-11 13:58:40,S1346,I05,Cutting Chai,Beverages,3,9.41,0,Card
T0002193,2025-07-11 18:13:13,S1331,I06,Poha,Breakfast,4,31.14,0,Cash
T0002194,2025-07-11 08:44:32,S1054,I05,Cutting Chai,Beverages,2,10.18,0,Cash
T0002195,2025-07-11 08:36:30,S1226,I02,Samosa,Snacks,2,15.77,0,Card
T0002196,2025-07-11 13:20:37,S1174,I02,Samosa,Snacks,2,15.88,0,Cash
T0002197,2025-07-11 13:51:30,S1019,I05,Cutting Chai,Beverages,1,10.41,0,Card
T0002198,2025-07-11 17:55:33,S1357,I01,Veg Puff,Snacks,2,27.88,0,UPI
T0002199,2025-07-11 14:00:41,S1081,I06,Poha,Breakfast,1,31.9,0,UPI
T0002200,2025-07-11 09:10:19,S1032,I06,Poha,Breakfast,1,31.44,0,Cash
T0002201,2025-07-11 12:00:58,S1162,I05,Cutting Chai,Beverages,3,10.51,0,Card
T0002201,2025-07-11 12:00:58,S1052,I01,Veg Puff,Snacks,3,29.16,0,Card
T0002202,2025-07-11 17:44:18,S1387,I05,Cutting Chai,Beverages,3,11.42,0,UPI
T0002203,2025-07-11 13:42:41,S1002,I03,Masala Sandwich,Sandwiches,1,49.26,5,Cash
T0002203,2025-07-11 13:42:41,S1032,I01,Veg Puff,Snacks,1,28.61,0,UPI
T0002204,2025-07-11 08:42:00,S1119,I03,Masala Sandwich,Sandwiches,1,47.75,0,Cash
T0002205,2025-07-11 13:59:05,S1243,I01,Veg Puff,Snacks,1,27.1,0,Cash
T0002206,2025-07-11 08:20:37,S1308,I06,Poha,Breakfast,1,31.88,0,UPI
T0002206,2025-07-11 08:20:37,S1326,I01,Veg Puff,Snacks,1,28.07,0,Card
T0002207,2025-07-11 09:11:42,S1058,I01,Veg Puff,Snacks,1,27.29,0,UPI
T0002208,2025-07-11 08:40:01,S1125,I05,Cutting Chai,Beverages,2,10.93,0,Cash
T0002209,2025-07-11 19:08:35,S1308,I01,Veg Puff,Snacks,2,27.31,0,UPI
T0002210,2025-07-11 12:08:13,S1063,I06,Poha,Breakfast,1,31.73,0,Card
T0002210,2025-07-11 12:08:13,S1207,I04,Cold Coffee,Beverages,2,58.92,0,Cash
T0002211,2025-07-11 12:28:42,S1128,I04,Cold Coffee,Beverages,1,59.11,0,Card
T0002211,2025-07-11 12:28:42,S1263,I06,Poha,Breakfast,3,31.67,0,Card
T0002212,2025-07-11 09:33:10,S1371,I02,Samosa,Snacks,1,14.82,0,Cash
T0002213,2025-07-12 13:17:47,S1190,I03,Masala Sandwich,Sandwiches,2,47.54,5,Cash
T0002213,2025-07-12 13:17:47,S1304,I04,Cold Coffee,Beverages,1,58.84,0,Cash
T0002214,2025-07-12 17:47:24,S1104,I04,Cold Coffee,Beverages,2,58.43,0,UPI
T0002215,2025-07-12 13:34:04,S1288,I03,Masala Sandwich,Sandwiches,3,47.49,0,Card
T0002215,2025-07-12 13:34:04,S1191,I06,Poha,Breakfast,1,32.79,0,UPI
T0002216,2025-07-12 14:42:30,S1322,I02,Samosa,Snacks,1,16.55,5,UPI
T0002217,2025-07-12 12:09:10,S1106,I04,Cold Coffee,Beverages,2,57.62,0,Card
T0002218,2025-07-12 19:32:22,S1171,I04,Cold Coffee,Beverages,2,58.81,0,UPI
T0002219,2025-07-12 18:57:33,S1133,I06,Poha,Breakfast,1,32.6,0,Cash
T0002220,2025-07-12 13:59:14,S1138,I05,Cutting Chai,Beverages,3,10.48,0,UPI
T0002221,2025-07-12 13:04:12,S1319,I04,Cold Coffee,Beverages,1,58.22,0,Cash
T0002222,2025-07-12 13:17:31,S1392,I01,Veg Puff,Snacks,2,28.59,10,UPI
T0002223,2025-07-12 08:41:22,S1165,I03,Masala Sandwich,Sandwiches,1,47.61,0,Cash
T0002224,2025-07-12 08:22:20,S1037,I03,Masala Sandwich,Sandwiches,3,48.59,0,UPI
T0002224,2025-07-12 08:22:20,S1242,I04,Cold Coffee,Beverages,1,56.68,0,UPI
T0002225,2025-07-12 12:08:00,S1181,I01,Veg Puff,Snacks,2,27.17,15,Card
T0002225,2025-07-12 12:08:00,S1317,I04,Cold Coffee,Beverages,3,57.48,0,UPI
T0002226,2025-07-12 17:47:51,S1073,I02,Samosa,Snacks,1,14.95,0,Card
T0002227,2025-07-12 14:00:03,S1128,I04,Cold Coffee,Beverages,3,57.97,0,Card
T0002228,2025-07-12 12:42:37,S1393,I03,Masala Sandwich,Sandwiches,2,47.83,0,Card
T0002228,2025-07-12 12:42:37,S1362,I02,Samosa,Snacks,2,16.39,0,Cash
T0002229,2025-07-12 14:07:27,S1043,I03,Masala Sandwich,Sandwiches,1,46.68,0,Cash
T0002229,2025-07-12 14:07:27,S1062,I04,Cold Coffee,Beverages,1,58.79,0,Card
T0002230,2025-07-12 14:24:00,S1316,I06,Poha,Breakfast,2,32.65,0,Cash
T0002230,2025-07-12 14:24:00,S1162,I05,Cutting Chai,Beverages,1,10.03,10,UPI
T0002231,2025-07-12 17:32:48,S1297,I05,Cutting Chai,Beverages,1,9.55,0,Cash
T0002232,2025-07-12 17:25:07,S1190,I01,Veg Puff,Snacks,1,27.78,0,Cash
T0002233,2025-07-12 12:35:48,S1379,I01,Veg Puff,Snacks,1,28.78,0,Cash
T0002233,2025-07-12 12:35:48,S1201,I05,Cutting Chai,Beverages,1,9.48,10,Cash
T0002234,2025-07-12 12:49:16,S1273,I04,Cold Coffee,Beverages,1,57.92,0,UPI
T0002234,2025-07-12 12:49:16,S1140,I06,Poha,Breakfast,1,32.43,0,Card
T0002235,2025-07-12 17:59:09,S1369,I03,Masala Sandwich,Sandwiches,1,48.21,0,Cash
T0002236,2025-07-12 14:30:01,S1204,I01,Veg Puff,Snacks,1,28.01,10,Card
T0002237,2025-07-12 14:01:40,S1038,I01,Veg Puff,Snacks,3,29.27,0,Cash
T0002238,2025-07-12 09:29:17,S1365,I01,Veg Puff,Snacks,3,27.27,15,UPI
T0002239,2025-07-12 14:46:40,S1219,I05,Cutting Chai,Beverages,1,8.7,0,Card
T0002240,2025-07-12 13:21:39,S1268,I02,Samosa,Snacks,3,15.35,5,Card
T0002241,2025-07-12 12:42:58,S1065,I06,Poha,Breakfast,4,31.29,0,Cash
T0002242,2025-07-12 13:42:11,S1273,I01,Veg Puff,Snacks,1,27.77,0,UPI
T0002243,2025-07-12 18:21:36,S1095,I05,Cutting Chai,Beverages,2,10.28,0,Card
T0002243,2025-07-12 18:21:36,S1223,I01,Veg Puff,Snacks,2,28.01,0,Card
T0002244,2025-07-12 09:47:44,S1288,I03,Masala Sandwich,Sandwiches,1,47.83,0,Card
T0002244,2025-07-12 09:47:44,S1251,I04,Cold Coffee,Beverages,1,58.84,0,Cash
T0002245,2025-07-12 18:20:40,S1366,I01,Veg Puff,Snacks,1,28.49,0,Card
T0002246,2025-07-12 18:33:03,S1348,I03,Masala Sandwich,Sandwiches,1,48.95,0,Cash
T0002246,2025-07-12 18:33:03,S1380,I01,Veg Puff,Snacks,1,27.43,0,UPI
T0002247,2025-07-12 12:22:12,S1109,I01,Veg Puff,Snacks,4,26.88,0,UPI
T0002247,2025-07-12 12:22:12,S1382,I06,Poha,Breakfast,1,32.5,0,Cash
T0002248,2025-07-12 12:39:32,S1383,I05,Cutting Chai,Beverages,2,8.82,0,Card
T0002248,2025-07-12 12:39:32,S1389,I01,Veg Puff,Snacks,1,28.24,0,Cash
T0002249,2025-07-12 08:29:47,S1304,I05,Cutting Chai,Beverages,5,9.42,0,Cash
T0002250,2025-07-12 14:06:00,S1227,I03,Masala Sandwich,Sandwiches,1,47.22,0,UPI
T0002250,2025-07-12 14:06:00,S1299,I04,Cold Coffee,Beverages,2,57.83,0,Cash
T0002251,2025-07-12 19:51:30,S1168,I04,Cold Coffee,Beverages,2,57.84,0,Card
T0002251,2025-07-12 19:51:30,S1115,I02,Samosa,Snacks,1,15.8,0,Cash
T0002252,2025-07-12 19:27:11,S1062,I06,Poha,Breakfast,1,31.57,25,UPI
T0002253,2025-07-12 14:06:55,S1249,I04,Cold Coffee,Beverages,3,58.37,0,Card
T0002254,2025-07-12 18:06:17,S1341,I03,Masala Sandwich,Sandwiches,2,48.42,0,Cash
T0002255,2025-07-12 08:06:36,S1048,I03,Masala Sandwich,Sandwiches,1,47.65,0,Cash
T0002255,2025-07-12 08:06:36,S1362,I01,Veg Puff,Snacks,2,28.52,0,UPI
T0002256,2025-07-12 13:40:44,S1048,I02,Samosa,Snacks,1,16.42,25,Card
T0002256,2025-07-12 13:40:44,S1207,I05,Cutting Chai,Beverages,2,9.16,10,UPI
T0002257,2025-07-12 12:23:31,S1377,I05,Cutting Chai,Beverages,4,9.96,0,Cash
T0002257,2025-07-12 12:23:31,S1101,I06,Poha,Breakfast,1,32.47,0,Cash
T0002258,2025-07-12 09:52:54,S1005,I02,Samosa,Snacks,1,16.83,0,UPI
T0002259,2025-07-12 08:46:11,S1007,I06,Poha,Breakfast,3,31.68,0,Cash
T0002260,2025-07-12 13:09:31,S1393,I01,Veg Puff,Snacks,1,27.83,0,Cash
T0002261,2025-07-12 08:59:53,S1070,I03,Masala Sandwich,Sandwiches,1,47.86,0,Card
T0002262,2025-07-12 13:56:10,S1299,I01,Veg Puff,Snacks,1,28.2,0,Card
T0002262,2025-07-12 13:56:10,S1031,I02,Samosa,Snacks,2,15.88,0,UPI
T0002263,2025-07-12 08:14:05,S1382,I05,Cutting Chai,Beverages,3,9.69,0,Card
T0002264,2025-07-12 14:57:37,S1233,I05,Cutting Chai,Beverages,1,10.18,0,Cash
T0002265,2025-07-12 14:55:43,S1380,I06,Poha,Breakfast,2,31.37,0,UPI
T0002265,2025-07-12 14:55:43,S1387,I02,Samosa,Snacks,1,15.87,0,UPI
T0002266,2025-07-12 08:37:06,S1094,I01,Veg Puff,Snacks,2,27.29,5,Card
T0002267,2025-07-12 14:41:05,S1331,I04,Cold Coffee,Beverages,1,56.93,0,Card
T0002267,2025-07-12 14:41:05,S1363,I06,Poha,Breakfast,1,32.72,0,Card
T0002268,2025-07-12 08:58:23,S1340,I06,Poha,Breakfast,1,32.09,0,Card
T0002269,2025-07-12 17:18:47,S1090,I06,Poha,Breakfast,3,30.94,15,Card
T0002270,2025-07-12 19:46:38,S1102,I04,Cold Coffee,Beverages,2,58.31,0,Card
T0002271,2025-07-12 14:25:03,S1279,I02,Samosa,Snacks,1,15.97,15,Card
T0002272,2025-07-12 12:15:23,S1282,I04,Cold Coffee,Beverages,1,58.32,0,UPI
T0002272,2025-07-12 12:15:23,S1151,I03,Masala Sandwich,Sandwiches,2,47.56,0,Card
T0002273,2025-07-12 18:30:52,S1147,I04,Cold Coffee,Beverages,2,58.09,0,Card
T0002274,2025-07-12 13:53:50,S1074,I04,Cold Coffee,Beverages,2,58.67,0,UPI
T0002275,2025-07-12 13:45:50,S1367,I03,Masala Sandwich,Sandwiches,5,47.9,0,UPI
T0002276,2025-07-12 09:45:15,S1339,I05,Cutting Chai,Beverages,2,11.03,5,Card
T0002277,2025-07-12 13:48:09,S1013,I05,Cutting Chai,Beverages,1,11.25,0,Card
T0002278,2025-07-12 14:41:54,S1172,I06,Poha,Breakfast,1,32.21,0,Cash
T0002278,2025-07-12 14:41:54,S1205,I05,Cutting Chai,Beverages,1,11.26,0,Cash
T0002279,2025-07-12 12:07:33,S1092,I06,Poha,Breakfast,1,31.57,0,Cash
T0002279,2025-07-12 12:07:33,S1348,I03,Masala Sandwich,Sandwiches,1,47.89,15,Card
T0002280,2025-07-12 14:41:25,S1219,I03,Masala Sandwich,Sandwiches,2,48.65,0,Cash
T0002281,2025-07-12 17:06:43,S1049,I05,Cutting Chai,Beverages,3,9.83,0,Cash
T0002282,2025-07-12 12:27:31,S1198,I01,Veg Puff,Snacks,2,28.71,0,UPI
T0002283,2025-07-12 12:08:41,S1284,I05,Cutting Chai,Beverages,1,10.33,0,UPI
T0002284,2025-07-12 18:25:00,S1184,I05,Cutting Chai,Beverages,3,10.25,0,Cash
T0002284,2025-07-12 18:25:00,S1051,I01,Veg Puff,Snacks,2,27.31,0,UPI
T0002285,2025-07-12 13:53:56,S1202,I03,Masala Sandwich,Sandwiches,2,47.25,0,Cash
T0002286,2025-07-12 18:44:16,S1194,I02,Samosa,Snacks,1,16.56,0,Card
T0002286,2025-07-12 18:44:16,S1313,I06,Poha,Breakfast,3,30.87,25,Cash
T0002287,2025-07-12 12:58:25,S1234,I01,Veg Puff,Snacks,1,27.51,0,UPI
T0002287,2025-07-12 12:58:25,S1384,I02,Samosa,Snacks,1,16.8,0,Card
T0002288,2025-07-12 12:52:41,S1211,I04,Cold Coffee,Beverages,1,58.68,0,Card
T0002289,2025-07-12 13:27:17,S1184,I06,Poha,Breakfast,2,32.23,0,UPI
T0002290,2025-07-12 08:13:10,S1105,I04,Cold Coffee,Beverages,1,57.85,0,Card
T0002291,2025-07-12 08:35:13,S1398,I05,Cutting Chai,Beverages,1,9.28,0,Cash
T0002291,2025-07-12 08:35:13,S1173,I03,Masala Sandwich,Sandwiches,1,48.76,10,UPI
T0002292,2025-07-12 09:35:40,S1225,I01,Veg Puff,Snacks,1,27.63,15,Cash
T0002292,2025-07-12 09:35:40,S1035,I05,Cutting Chai,Beverages,1,9.71,0,Card
T0002293,2025-07-12 09:14:08,S1099,I05,Cutting Chai,Beverages,2,10.59,0,Card
T0002294,2025-07-12 19:58:45,S1358,I05,Cutting Chai,Beverages,4,10.9,0,Cash
T0002295,2025-07-12 12:42:14,S1380,I03,Masala Sandwich,Sandwiches,1,49.02,0,Card
T0002295,2025-07-12 12:42:14,S1347,I01,Veg Puff,Snacks,5,27.49,0,Cash
T0002296,2025-07-12 19:43:47,S1243,I02,Samosa,Snacks,5,17.28,10,Card
T0002297,2025-07-12 13:17:24,S1317,I02,Samosa,Snacks,2,15.13,0,Card
T0002298,2025-07-12 18:28:01,S1197,I04,Cold Coffee,Beverages,2,57.74,0,Card
T0002299,2025-07-12 18:15:10,S1242,I04,Cold Coffee,Beverages,1,58.4,0,Card
T0002300,2025-07-12 17:17:10,S1243,I04,Cold Coffee,Beverages,4,57.46,0,Card
T0002301,2025-07-12 19:20:35,S1227,I04,Cold Coffee,Beverages,1,59.1,0,UPI
T0002302,2025-07-12 19:09:37,S1200,I01,Veg Puff,Snacks,1,28.44,0,Cash
T0002303,2025-07-12 08:26:21,S1326,I05,Cutting Chai,Beverages,2,9.73,0,UPI
T0002304,2025-07-12 08:47:52,S1350,I04,Cold Coffee,Beverages,4,58.67,0,UPI
T0002304,2025-07-12 08:47:52,S1157,I01,Veg Puff,Snacks,3,29.24,0,Cash
T0002305,2025-07-12 12:31:10,S1089,I03,Masala Sandwich,Sandwiches,3,47.62,5,Cash
T0002306,2025-07-12 12:49:30,S1000,I01,Veg Puff,Snacks,2,28.91,0,Card
T0002307,2025-07-12 12:14:37,S1212,I03,Masala Sandwich,Sandwiches,1,47.73,0,UPI
T0002308,2025-07-12 13:39:28,S1070,I05,Cutting Chai,Beverages,1,9.58,10,Card
T0002309,2025-07-12 12:27:13,S1385,I05,Cutting Chai,Beverages,1,9.89,0,UPI
T0002310,2025-07-12 13:21:52,S1160,I03,Masala Sandwich,Sandwiches,1,47.97,5,UPI
T0002310,2025-07-12 13:21:52,S1142,I05,Cutting Chai,Beverages,4,9.33,0,UPI
T0002311,2025-07-12 12:32:32,S1274,I02,Samosa,Snacks,1,15.04,5,Card
T0002312,2025-07-12 09:56:56,S1218,I06,Poha,Breakfast,1,32.04,0,UPI
T0002313,2025-07-12 19:42:57,S1125,I05,Cutting Chai,Beverages,1,10.02,0,UPI
T0002314,2025-07-12 08:09:08,S1091,I02,Samosa,Snacks,1,14.77,0,Card
T0002315,2025-07-12 08:17:45,S1151,I04,Cold Coffee,Beverages,3,58.11,0,UPI
T0002316,2025-07-12 14:01:01,S1305,I04,Cold Coffee,Beverages,2,58.1,0,Card
T0002317,2025-07-12 12:31:46,S1277,I02,Samosa,Snacks,1,14.93,0,Card
T0002317,2025-07-12 12:31:46,S1037,I06,Poha,Breakfast,2,31.7,0,Cash
T0002318,2025-07-12 13:14:25,S1019,I04,Cold Coffee,Beverages,2,58.75,0,Card
T0002318,2025-07-12 13:14:25,S1305,I03,Masala Sandwich,Sandwiches,1,47.35,15,Card
T0002319,2025-07-12 08:28:17,S1167,I06,Poha,Breakfast,2,31.22,0,UPI
T0002319,2025-07-12 08:28:17,S1082,I02,Samosa,Snacks,1,16.07,5,UPI
T0002320,2025-07-12 14:53:12,S1029,I03,Masala Sandwich,Sandwiches,3,48.13,0,Card
T0002320,2025-07-12 14:53:12,S1188,I04,Cold Coffee,Beverages,5,57.91,5,UPI
T0002321,2025-07-12 19:50:25,S1039,I02,Samosa,Snacks,1,16.09,0,Card
T0002322,2025-07-12 19:59:54,S1318,I05,Cutting Chai,Beverages,3,9.54,0,Card
T0002323,2025-07-12 14:25:06,S1032,I03,Masala Sandwich,Sandwiches,2,46.9,0,Cash
T0002324,2025-07-12 12:14:54,S1344,I01,Veg Puff,Snacks,2,28.88,25,UPI
T0002324,2025-07-12 12:14:54,S1148,I02,Samosa,Snacks,1,16.11,0,Cash
T0002325,2025-07-12 17:39:42,S1235,I04,Cold Coffee,Beverages,6,57.47,0,UPI
T0002326,2025-07-12 19:13:36,S1114,I06,Poha,Breakfast,2,31.78,0,Card
T0002327,2025-07-12 13:23:03,S1150,I04,Cold Coffee,Beverages,1,58.84,0,UPI
T0002327,2025-07-12 13:23:03,S1053,I02,Samosa,Snacks,1,15.66,0,Card
T0002328,2025-07-12 19:17:01,S1096,I02,Samosa,Snacks,2,15.57,25,UPI
T0002329,2025-07-12 12:12:58,S1002,I06,Poha,Breakfast,1,32.56,0,Cash
T0002330,2025-07-12 09:58:03,S1215,I04,Cold Coffee,Beverages,4,57.01,0,Card
T0002330,2025-07-12 09:58:03,S1217,I06,Poha,Breakfast,1,31.24,0,Card
T0002331,2025-07-12 13:32:52,S1149,I04,Cold Coffee,Beverages,1,57.82,0,Cash
T0002332,2025-07-12 17:33:01,S1264,I03,Masala Sandwich,Sandwiches,2,47.71,0,Card
T0002332,2025-07-12 17:33:01,S1237,I06,Poha,Breakfast,2,31.63,0,Card
T0002333,2025-07-12 08:41:51,S1105,I04,Cold Coffee,Beverages,2,58.19,0,Card
T0002333,2025-07-12 08:41:51,S1044,I06,Poha,Breakfast,2,31.35,5,UPI
T0002334,2025-07-12 17:40:13,S1310,I02,Samosa,Snacks,2,15.92,0,Card
T0002335,2025-07-12 08:12:37,S1125,I01,Veg Puff,Snacks,2,28.44,0,Card
T0002336,2025-07-12 12:41:44,S1373,I06,Poha,Breakfast,1,32.75,0,Card
T0002337,2025-07-12 12:10:24,S1174,I03,Masala Sandwich,Sandwiches,4,47.81,0,UPI
T0002338,2025-07-12 08:21:39,S1133,I06,Poha,Breakfast,2,31.64,0,Cash
T0002338,2025-07-12 08:21:39,S1020,I03,Masala Sandwich,Sandwiches,2,48.29,0,Cash
T0002339,2025-07-12 13:50:18,S1014,I01,Veg Puff,Snacks,1,27.07,0,UPI
T0002340,2025-07-12 19:41:29,S1396,I06,Poha,Breakfast,1,32.4,0,Cash
T0002340,2025-07-12 19:41:29,S1117,I03,Masala Sandwich,Sandwiches,2,47.32,0,Card
T0002341,2025-07-12 18:33:27,S1388,I02,Samosa,Snacks,1,15.55,0,UPI
T0002341,2025-07-12 18:33:27,S1330,I01,Veg Puff,Snacks,1,28.68,0,UPI
T0002342,2025-07-12 09:23:06,S1237,I02,Samosa,Snacks,5,14.84,0,UPI
T0002342,2025-07-12 09:23:06,S1128,I04,Cold Coffee,Beverages,3,58.09,0,Cash
T0002343,2025-07-12 14:53:58,S1026,I02,Samosa,Snacks,2,16.29,0,Cash
T0002343,2025-07-12 14:53:58,S1177,I04,Cold Coffee,Beverages,1,58.4,0,Card
T0002344,2025-07-12 13:31:47,S1306,I04,Cold Coffee,Beverages,4,58.1,0,UPI
T0002345,2025-07-12 14:30:08,S1154,I05,Cutting Chai,Beverages,2,10.44,5,UPI
T0002345,2025-07-12 14:30:08,S1259,I03,Masala Sandwich,Sandwiches,1,48.17,5,Card
T0002346,2025-07-12 13:24:58,S1283,I04,Cold Coffee,Beverages,2,57.9,0,Cash
T0002347,2025-07-12 08:04:53,S1045,I04,Cold Coffee,Beverages,1,58.84,0,UPI
T0002347,2025-07-12 08:04:53,S1291,I05,Cutting Chai,Beverages,2,9.98,0,Card
T0002348,2025-07-12 17:14:46,S1106,I06,Poha,Breakfast,1,32.16,10,UPI
T0002349,2025-07-12 09:36:39,S1033,I03,Masala Sandwich,Sandwiches,1,47.13,0,UPI
T0002350,2025-07-12 17:36:03,S1387,I06,Poha,Breakfast,2,31.87,0,UPI
T0002350,2025-07-12 17:36:03,S1313,I05,Cutting Chai,Beverages,2,9.0,0,Card
T0002351,2025-07-12 12:07:25,S1276,I04,Cold Coffee,Beverages,3,58.88,0,Cash
T0002352,2025-07-12 09:01:18,S1167,I01,Veg Puff,Snacks,2,28.36,0,Card
T0002353,2025-07-12 09:05:00,S1161,I04,Cold Coffee,Beverages,1,58.0,25,UPI
T0002353,2025-07-12 09:05:00,S1393,I06,Poha,Breakfast,1,32.86,0,Cash
T0002354,2025-07-12 14:34:14,S1004,I06,Poha,Breakfast,1,31.49,0,UPI
T0002355,2025-07-12 14:53:11,S1233,I01,Veg Puff,Snacks,1,28.45,5,UPI
T0002356,2025-07-12 12:00:49,S1118,I05,Cutting Chai,Beverages,2,10.7,0,Cash
T0002356,2025-07-12 12:00:49,S1230,I04,Cold Coffee,Beverages,4,56.91,5,UPI
T0002357,2025-07-12 08:47:18,S1363,I02,Samosa,Snacks,2,16.14,0,UPI
T0002358,2025-07-12 09:37:58,S1027,I01,Veg Puff,Snacks,3,26.99,0,Card
T0002359,2025-07-12 09:45:56,S1284,I01,Veg Puff,Snacks,1,27.95,0,UPI
T0002359,2025-07-12 09:45:56,S1077,I04,Cold Coffee,Beverages,2,58.3,10,Cash
T0002360,2025-07-12 18:09:39,S1318,I03,Masala Sandwich,Sandwiches,1,48.77,0,Card
T0002361,2025-07-12 18:58:14,S1064,I02,Samosa,Snacks,2,15.4,15,UPI
T0002362,2025-07-12 13:20:51,S1238,I02,Samosa,Snacks,2,16.14,0,UPI
T0002363,2025-07-12 12:40:15,S1134,I02,Samosa,Snacks,1,16.57,0,UPI
T0002364,2025-07-12 19:13:51,S1238,I06,Poha,Breakfast,1,33.42,0,Cash
T0002365,2025-07-12 14:15:50,S1187,I06,Poha,Breakfast,3,31.66,0,UPI
T0002366,2025-07-12 09:49:19,S1087,I04,Cold Coffee,Beverages,1,58.03,0,UPI
T0002367,2025-07-12 12:32:21,S1365,I01,Veg Puff,Snacks,1,25.51,0,Card
T0002368,2025-07-12 12:51:04,S1133,I02,Samosa,Snacks,4,16.37,0,Cash
T0002369,2025-07-12 08:24:36,S1039,I03,Masala Sandwich,Sandwiches,2,47.71,0,UPI
T0002369,2025-07-12 08:24:36,S1240,I01,Veg Puff,Snacks,3,27.74,0,UPI
T0002370,2025-07-12 12:56:18,S1274,I06,Poha,Breakfast,2,31.47,10,Cash
T0002370,2025-07-12 12:56:18,S1208,I04,Cold Coffee,Beverages,1,58.02,0,Cash
T0002371,2025-07-12 17:19:10,S1259,I01,Veg Puff,Snacks,1,28.03,0,Card
T0002372,2025-07-12 12:01:23,S1089,I03,Masala Sandwich,Sandwiches,1,48.15,0,Cash
T0002373,2025-07-12 14:22:59,S1209,I04,Cold Coffee,Beverages,4,57.03,0,UPI
T0002374,2025-07-12 14:25:29,S1211,I02,Samosa,Snacks,4,16.96,0,Cash
T0002375,2025-07-12 14:16:44,S1234,I05,Cutting Chai,Beverages,3,10.96,0,Cash
T0002376,2025-07-12 09:02:19,S1072,I04,Cold Coffee,Beverages,3,57.34,0,UPI
T0002377,2025-07-12 09:55:18,S1393,I06,Poha,Breakfast,4,32.86,0,Card
T0002378,2025-07-12 08:56:04,S1213,I01,Veg Puff,Snacks,1,28.11,0,UPI
T0002379,2025-07-12 09:41:54,S1157,I03,Masala Sandwich,Sandwiches,1,48.37,0,UPI
T0002380,2025-07-12 17:56:22,S1077,I05,Cutting Chai,Beverages,1,10.32,0,Cash
T0002380,2025-07-12 17:56:22,S1197,I06,Poha,Breakfast,1,31.26,0,Card
T0002381,2025-07-12 12:04:38,S1263,I05,Cutting Chai,Beverages,2,10.06,0,Card
T0002381,2025-07-12 12:04:38,S1232,I06,Poha,Breakfast,2,31.77,0,Card
T0002382,2025-07-12 13:33:43,S1226,I02,Samosa,Snacks,2,16.12,15,UPI
T0002382,2025-07-12 13:33:43,S1100,I01,Veg Puff,Snacks,1,28.95,0,Cash
T0002383,2025-07-12 09:55:28,S1150,I06,Poha,Breakfast,2,32.6,0,Card
T0002383,2025-07-12 09:55:28,S1243,I03,Masala Sandwich,Sandwiches,2,47.54,0,Cash
T0002384,2025-07-12 12:54:58,S1147,I06,Poha,Breakfast,1,30.75,0,UPI
T0002385,2025-07-12 09:57:37,S1082,I02,Samosa,Snacks,1,15.98,15,Card
T0002386,2025-07-12 12:44:38,S1297,I02,Samosa,Snacks,1,15.55,15,Card
T0002387,2025-07-12 13:23:07,S1226,I03,Masala Sandwich,Sandwiches,1,49.07,0,Card
T0002388,2025-07-12 19:33:22,S1231,I05,Cutting Chai,Beverages,3,9.71,0,Cash
T0002389,2025-07-12 12:38:43,S1253,I04,Cold Coffee,Beverages,1,58.74,0,Card
T0002390,2025-07-12 17:04:14,S1199,I06,Poha,Breakfast,1,31.67,0,Card
T0002391,2025-07-12 12:39:45,S1260,I04,Cold Coffee,Beverages,2,57.64,0,Card
T0002391,2025-07-12 12:39:45,S1301,I01,Veg Puff,Snacks,1,28.37,0,UPI
T0002392,2025-07-12 08:22:38,S1321,I04,Cold Coffee,Beverages,3,57.86,0,UPI
T0002393,2025-07-12 17:45:19,S1083,I01,Veg Puff,Snacks,1,28.38,0,UPI
T0002394,2025-07-12 08:21:17,S1189,I06,Poha,Breakfast,2,31.92,0,UPI
T0002395,2025-07-12 08:08:20,S1199,I06,Poha,Breakfast,1,32.26,0,Cash
T0002396,2025-07-12 08:28:59,S1390,I06,Poha,Breakfast,1,32.19,0,Cash
T0002396,2025-07-12 08:28:59,S1099,I04,Cold Coffee,Beverages,4,58.15,0,UPI
T0002397,2025-07-12 12:55:52,S1100,I06,Poha,Breakfast,2,32.7,0,Card
T0002398,2025-07-12 14:35:41,S1244,I03,Masala Sandwich,Sandwiches,2,48.2,0,Card
T0002398,2025-07-12 14:35:41,S1297,I04,Cold Coffee,Beverages,1,57.3,0,Card
T0002399,2025-07-12 09:25:00,S1004,I06,Poha,Breakfast,3,32.4,0,Cash
T0002400,2025-07-12 13:18:43,S1064,I01,Veg Puff,Snacks,2,27.78,0,UPI
T0002401,2025-07-12 17:08:33,S1171,I01,Veg Puff,Snacks,1,28.25,0,Card
T0002402,2025-07-12 12:17:13,S1015,I05,Cutting Chai,Beverages,2,9.35,10,Card
T0002402,2025-07-12 12:17:13,S1208,I06,Poha,Breakfast,1,32.0,0,UPI
T0002403,2025-07-12 12:10:45,S1064,I02,Samosa,Snacks,1,15.69,0,Card
T0002404,2025-07-12 08:11:21,S1136,I02,Samosa,Snacks,4,15.3,5,Card
T0002405,2025-07-12 14:04:33,S1267,I03,Masala Sandwich,Sandwiches,1,48.02,15,Card
T0002406,2025-07-12 12:48:04,S1364,I01,Veg Puff,Snacks,1,26.7,0,Card
T0002407,2025-07-12 13:45:18,S1060,I05,Cutting Chai,Beverages,2,9.31,0,Cash
T0002408,2025-07-12 12:48:30,S1034,I03,Masala Sandwich,Sandwiches,3,48.23,0,UPI
T0002408,2025-07-12 12:48:30,S1094,I01,Veg Puff,Snacks,1,27.15,0,Card
T0002409,2025-07-12 19:36:11,S1110,I04,Cold Coffee,Beverages,5,58.39,0,UPI
T0002410,2025-07-12 12:40:00,S1200,I03,Masala Sandwich,Sandwiches,1,46.87,15,Card
T0002411,2025-07-12 14:32:54,S1296,I01,Veg Puff,Snacks,3,29.11,0,Card
T0002411,2025-07-12 14:32:54,S1329,I03,Masala Sandwich,Sandwiches,2,47.91,5,Cash
T0002412,2025-07-12 12:05:46,S1208,I06,Poha,Breakfast,1,32.01,0,Cash
T0002413,2025-07-12 19:13:41,S1133,I04,Cold Coffee,Beverages,1,58.11,0,UPI
T0002414,2025-07-12 14:06:36,S1096,I06,Poha,Breakfast,2,31.78,0,UPI
T0002415,2025-07-12 14:10:55,S1317,I05,Cutting Chai,Beverages,2,9.18,0,Card
T0002415,2025-07-12 14:10:55,S1202,I03,Masala Sandwich,Sandwiches,3,48.72,0,UPI
T0002416,2025-07-12 18:11:52,S1181,I02,Samosa,Snacks,1,14.64,0,Cash
T0002417,2025-07-12 14:55:23,S1310,I03,Masala Sandwich,Sandwiches,1,48.23,0,Card
T0002417,2025-07-12 14:55:23,S1280,I04,Cold Coffee,Beverages,2,57.66,0,UPI
T0002418,2025-07-12 08:15:19,S1396,I02,Samosa,Snacks,3,15.77,0,UPI
T0002418,2025-07-12 08:15:19,S1349,I04,Cold Coffee,Beverages,1,57.95,0,Card
T0002419,2025-07-12 17:59:27,S1385,I04,Cold Coffee,Beverages,4,57.8,0,UPI
T0002419,2025-07-12 17:59:27,S1061,I05,Cutting Chai,Beverages,1,9.27,0,Card
T0002420,2025-07-12 12:42:45,S1002,I05,Cutting Chai,Beverages,1,10.38,0,UPI
T0002421,2025-07-12 09:35:26,S1167,I04,Cold Coffee,Beverages,1,58.51,10,Cash
T0002421,2025-07-12 09:35:26,S1224,I02,Samosa,Snacks,2,15.55,5,Card
T0002422,2025-07-12 18:18:00,S1015,I06,Poha,Breakfast,3,32.63,0,UPI
T0002423,2025-07-12 13:54:15,S1226,I05,Cutting Chai,Beverages,1,9.3,0,UPI
T0002424,2025-07-12 09:15:23,S1250,I02,Samosa,Snacks,1,15.97,5,UPI
T0002424,2025-07-12 09:15:23,S1145,I05,Cutting Chai,Beverages,1,10.36,0,Cash
T0002425,2025-07-12 17:31:29,S1053,I06,Poha,Breakfast,2,31.94,15,UPI
T0002426,2025-07-12 19:18:41,S1312,I02,Samosa,Snacks,3,15.93,0,Cash
T0002427,2025-07-12 09:41:38,S1098,I02,Samosa,Snacks,1,16.04,0,Card
T0002428,2025-07-12 12:45:53,S1165,I03,Masala Sandwich,Sandwiches,1,48.02,0,Card
T0002429,2025-07-12 17:56:13,S1179,I02,Samosa,Snacks,1,15.46,0,Card
T0002430,2025-07-12 19:46:22,S1265,I02,Samosa,Snacks,2,15.77,0,Cash
T0002431,2025-07-12 08:30:30,S1273,I03,Masala Sandwich,Sandwiches,2,48.01,0,Card
T0002432,2025-07-12 14:24:10,S1040,I06,Poha,Breakfast,2,30.58,0,UPI
T0002433,2025-07-12 13:44:34,S1024,I06,Poha,Breakfast,2,31.78,0,Card
T0002434,2025-07-12 13:47:55,S1344,I06,Poha,Breakfast,1,32.45,0,Cash
T0002434,2025-07-12 13:47:55,S1377,I01,Veg Puff,Snacks,2,29.02,0,Card
T0002435,2025-07-12 19:55:33,S1363,I06,Poha,Breakfast,2,32.61,0,Card
T0002435,2025-07-12 19:55:33,S1106,I01,Veg Puff,Snacks,1,28.31,0,Card
T0002436,2025-07-12 17:29:07,S1381,I02,Samosa,Snacks,2,16.45,0,UPI
T0002437,2025-07-12 09:43:19,S1359,I05,Cutting Chai,Beverages,4,10.51,5,Card
T0002438,2025-07-12 19:53:23,S1271,I04,Cold Coffee,Beverages,1,57.99,5,Card
T0002438,2025-07-12 19:53:23,S1111,I05,Cutting Chai,Beverages,1,9.09,0,Cash
T0002439,2025-07-12 13:53:17,S1293,I06,Poha,Breakfast,2,32.08,0,Cash
T0002440,2025-07-12 13:43:04,S1010,I02,Samosa,Snacks,1,16.74,0,Card
T0002441,2025-07-12 12:39:48,S1170,I05,Cutting Chai,Beverages,1,9.93,15,Cash
T0002442,2025-07-12 08:06:53,S1003,I03,Masala Sandwich,Sandwiches,2,48.24,0,UPI
T0002443,2025-07-12 09:36:55,S1279,I03,Masala Sandwich,Sandwiches,1,47.63,0,Cash
T0002444,2025-07-12 08:38:36,S1116,I06,Poha,Breakfast,1,32.34,0,UPI
T0002444,2025-07-12 08:38:36,S1109,I01,Veg Puff,Snacks,1,27.43,0,Card
T0002445,2025-07-12 13:28:45,S1018,I03,Masala Sandwich,Sandwiches,1,48.55,0,UPI
T0002445,2025-07-12 13:28:45,S1094,I04,Cold Coffee,Beverages,4,58.24,0,UPI
T0002446,2025-07-12 08:59:21,S1183,I03,Masala Sandwich,Sandwiches,1,47.98,0,Cash
T0002447,2025-07-12 13:44:24,S1282,I01,Veg Puff,Snacks,1,28.63,0,Cash
T0002448,2025-07-12 09:06:50,S1186,I03,Masala Sandwich,Sandwiches,1,48.64,10,UPI
T0002448,2025-07-12 09:06:50,S1154,I01,Veg Puff,Snacks,1,28.07,0,Card
T0002449,2025-07-12 14:03:12,S1259,I05,Cutting Chai,Beverages,1,10.66,0,UPI
T0002450,2025-07-12 09:25:08,S1071,I01,Veg Puff,Snacks,4,27.77,0,Cash
T0002451,2025-07-12 08:06:41,S1033,I01,Veg Puff,Snacks,1,28.03,0,UPI
T0002452,2025-07-12 08:11:59,S1232,I04,Cold Coffee,Beverages,2,57.22,0,UPI
T0002453,2025-07-12 09:56:39,S1010,I03,Masala Sandwich,Sandwiches,2,48.53,0,UPI
T0002454,2025-07-12 14:33:47,S1313,I06,Poha,Breakfast,2,31.1,15,UPI
T0002454,2025-07-12 14:33:47,S1131,I04,Cold Coffee,Beverages,3,57.8,0,Card
T0002455,2025-07-12 09:13:03,S1335,I04,Cold Coffee,Beverages,2,59.02,0,UPI
T0002456,2025-07-12 12:24:59,S1024,I02,Samosa,Snacks,1,16.09,15,Card
T0002457,2025-07-12 08:21:40,S1277,I03,Masala Sandwich,Sandwiches,3,48.19,10,Card
T0002458,2025-07-12 08:43:02,S1131,I03,Masala Sandwich,Sandwiches,1,48.16,0,UPI
T0002459,2025-07-12 13:50:00,S1076,I06,Poha,Breakfast,1,31.17,0,Cash
T0002459,2025-07-12 13:50:00,S1283,I02,Samosa,Snacks,4,15.69,0,Card
T0002460,2025-07-12 08:32:10,S1076,I05,Cutting Chai,Beverages,4,9.62,10,Card
T0002461,2025-07-12 13:49:23,S1334,I04,Cold Coffee,Beverages,1,58.08,0,Card
T0002462,2025-07-12 08:48:28,S1247,I06,Poha,Breakfast,2,32.17,5,Card
T0002462,2025-07-12 08:48:28,S1349,I02,Samosa,Snacks,1,16.13,0,Card
T0002463,2025-07-12 09:46:31,S1322,I05,Cutting Chai,Beverages,2,11.02,0,Card
T0002463,2025-07-12 09:46:31,S1090,I03,Masala Sandwich,Sandwiches,2,48.03,0,Card
T0002464,2025-07-12 14:37:06,S1069,I01,Veg Puff,Snacks,2,28.51,0,Cash
T0002465,2025-07-12 19:03:41,S1175,I01,Veg Puff,Snacks,1,27.8,0,UPI
T0002466,2025-07-12 12:07:19,S1349,I01,Veg Puff,Snacks,2,27.82,0,Card
T0002467,2025-07-12 12:02:44,S1270,I06,Poha,Breakfast,1,33.01,5,UPI
T0002467,2025-07-12 12:02:44,S1105,I02,Samosa,Snacks,1,15.74,0,Card
T0002468,2025-07-12 14:47:12,S1118,I02,Samosa,Snacks,1,16.1,0,UPI
T0002469,2025-07-12 08:52:06,S1240,I03,Masala Sandwich,Sandwiches,1,48.29,0,Cash
T0002470,2025-07-12 18:38:02,S1076,I01,Veg Puff,Snacks,2,28.96,0,Card
T0002471,2025-07-12 09:47:24,S1227,I02,Samosa,Snacks,5,15.88,0,Cash
T0002472,2025-07-12 19:10:29,S1005,I05,Cutting Chai,Beverages,5,10.82,0,Card
T0002472,2025-07-12 19:10:29,S1330,I06,Poha,Breakfast,2,31.07,0,Card
T0002473,2025-07-12 14:16:20,S1056,I06,Poha,Breakfast,3,32.4,0,UPI
T0002473,2025-07-12 14:16:20,S1183,I02,Samosa,Snacks,2,15.27,0,Cash
T0002474,2025-07-12 08:13:42,S1091,I06,Poha,Breakfast,1,32.5,0,Card
T0002474,2025-07-12 08:13:42,S1366,I04,Cold Coffee,Beverages,1,57.79,0,Card
T0002475,2025-07-12 08:12:31,S1133,I06,Poha,Breakfast,2,31.67,0,Card
T0002476,2025-07-12 14:49:23,S1233,I04,Cold Coffee,Beverages,3,58.56,0,Cash
T0002476,2025-07-12 14:49:23,S1229,I01,Veg Puff,Snacks,2,27.52,0,UPI
T0002477,2025-07-12 09:21:40,S1278,I06,Poha,Breakfast,1,31.46,0,Card
T0002478,2025-07-12 14:00:04,S1094,I06,Poha,Breakfast,2,31.72,0,Card
T0002478,2025-07-12 14:00:04,S1372,I05,Cutting Chai,Beverages,4,9.69,0,Cash
T0002479,2025-07-12 14:47:20,S1114,I03,Masala Sandwich,Sandwiches,1,48.84,0,UPI
T0002480,2025-07-12 17:10:22,S1234,I06,Poha,Breakfast,3,31.89,0,UPI
T0002481,2025-07-12 14:17:40,S1096,I03,Masala Sandwich,Sandwiches,1,46.69,0,Cash
T0002482,2025-07-12 09:45:19,S1035,I03,Masala Sandwich,Sandwiches,1,48.29,0,Card
T0002482,2025-07-12 09:45:19,S1005,I05,Cutting Chai,Beverages,4,10.98,0,UPI
T0002483,2025-07-12 14:32:18,S1376,I05,Cutting Chai,Beverages,1,10.35,0,Cash
T0002484,2025-07-12 09:12:42,S1113,I02,Samosa,Snacks,1,14.89,0,Card
T0002485,2025-07-12 08:43:50,S1126,I04,Cold Coffee,Beverages,2,57.81,25,Card
T0002486,2025-07-12 17:16:13,S1172,I04,Cold Coffee,Beverages,2,58.42,0,Card
T0002487,2025-07-12 12:44:52,S1231,I01,Veg Puff,Snacks,1,28.09,0,Cash
T0002488,2025-07-12 09:55:29,S1174,I05,Cutting Chai,Beverages,3,10.41,0,Card
T0002489,2025-07-12 09:48:43,S1156,I05,Cutting Chai,Beverages,3,9.8,0,Card
T0002490,2025-07-12 19:59:35,S1305,I04,Cold Coffee,Beverages,2,58.67,0,Card
T0002491,2025-07-12 12:10:37,S1025,I02,Samosa,Snacks,2,15.5,0,Card
T0002492,2025-07-12 17:32:04,S1122,I02,Samosa,Snacks,2,15.3,0,Cash
T0002493,2025-07-12 08:52:03,S1073,I01,Veg Puff,Snacks,1,26.79,0,Cash
T0002494,2025-07-12 13:45:31,S1153,I06,Poha,Breakfast,1,32.5,0,Cash
T0002495,2025-07-12 08:26:08,S1278,I05,Cutting Chai,Beverages,4,8.96,0,Cash
T0002495,2025-07-12 08:26:08,S1087,I04,Cold Coffee,Beverages,4,58.33,0,UPI
T0002496,2025-07-12 13:43:31,S1393,I05,Cutting Chai,Beverages,1,10.14,0,Card
T0002497,2025-07-12 09:33:49,S1113,I04,Cold Coffee,Beverages,3,58.13,5,UPI
T0002498,2025-07-12 14:42:43,S1398,I04,Cold Coffee,Beverages,1,56.78,0,Card
T0002499,2025-07-12 09:33:17,S1011,I03,Masala Sandwich,Sandwiches,2,47.42,0,Cash
T0002500,2025-07-12 14:03:26,S1241,I03,Masala Sandwich,Sandwiches,1,48.93,0,Cash
T0002501,2025-07-12 13:31:44,S1054,I01,Veg Puff,Snacks,3,26.87,0,Cash
T0002502,2025-07-12 12:23:32,S1151,I06,Poha,Breakfast,1,32.05,0,Card
T0002503,2025-07-12 13:50:14,S1006,I01,Veg Puff,Snacks,1,27.33,0,Cash
T0002503,2025-07-12 13:50:14,S1220,I04,Cold Coffee,Beverages,1,58.99,0,UPI
T0002504,2025-07-12 18:52:39,S1104,I04,Cold Coffee,Beverages,2,57.82,0,Cash
T0002504,2025-07-12 18:52:39,S1088,I01,Veg Puff,Snacks,4,28.43,10,Cash
T0002505,2025-07-12 14:18:01,S1100,I03,Masala Sandwich,Sandwiches,2,47.98,0,Card
T0002506,2025-07-12 12:22:30,S1189,I06,Poha,Breakfast,1,31.91,15,UPI
T0002506,2025-07-12 12:22:30,S1312,I04,Cold Coffee,Beverages,1,58.4,0,Cash
T0002507,2025-07-12 17:33:14,S1134,I04,Cold Coffee,Beverages,2,58.01,0,UPI
T0002508,2025-07-12 13:15:32,S1358,I05,Cutting Chai,Beverages,1,10.0,0,Card
T0002508,2025-07-12 13:15:32,S1114,I04,Cold Coffee,Beverages,3,57.93,0,Card
T0002509,2025-07-12 12:36:51,S1367,I06,Poha,Breakfast,2,31.54,0,Cash
T0002510,2025-07-12 08:12:06,S1212,I03,Masala Sandwich,Sandwiches,2,47.87,0,Cash
T0002510,2025-07-12 08:12:06,S1139,I05,Cutting Chai,Beverages,2,10.86,0,UPI
T0002511,2025-07-12 18:12:12,S1157,I04,Cold Coffee,Beverages,1,58.07,0,Cash
T0002512,2025-07-12 18:58:03,S1241,I06,Poha,Breakfast,3,31.67,0,UPI
T0002513,2025-07-12 08:43:48,S1062,I01,Veg Puff,Snacks,2,28.67,0,UPI
T0002514,2025-07-12 09:23:51,S1232,I02,Samosa,Snacks,1,15.39,0,UPI
T0002515,2025-07-12 13:23:30,S1149,I06,Poha,Breakfast,1,31.76,0,UPI
T0002516,2025-07-12 17:04:39,S1003,I06,Poha,Breakfast,4,32.8,0,Card
T0002517,2025-07-12 12:12:23,S1277,I05,Cutting Chai,Beverages,1,9.08,0,Cash
T0002517,2025-07-12 12:12:23,S1084,I03,Masala Sandwich,Sandwiches,1,46.99,15,UPI
T0002518,2025-07-12 12:07:17,S1379,I05,Cutting Chai,Beverages,6,10.73,0,Card
T0002519,2025-07-12 14:58:40,S1173,I06,Poha,Breakfast,2,32.16,0,Cash
T0002519,2025-07-12 14:58:40,S1056,I05,Cutting Chai,Beverages,2,9.74,0,Card
T0002520,2025-07-12 08:29:58,S1261,I01,Veg Puff,Snacks,3,27.99,10,UPI
T0002520,2025-07-12 08:29:58,S1229,I06,Poha,Breakfast,1,32.43,15,Card
T0002521,2025-07-12 17:17:04,S1175,I02,Samosa,Snacks,2,15.69,0,UPI
T0002522,2025-07-12 08:51:21,S1345,I03,Masala Sandwich,Sandwiches,1,47.08,0,Card
T0002523,2025-07-12 12:45:44,S1276,I04,Cold Coffee,Beverages,2,57.74,15,Card
T0002524,2025-07-12 12:40:22,S1243,I01,Veg Puff,Snacks,1,27.79,10,Card
T0002525,2025-07-12 09:12:34,S1358,I04,Cold Coffee,Beverages,2,57.72,10,Card
T0002526,2025-07-12 17:53:12,S1040,I06,Poha,Breakfast,2,32.65,0,Cash
T0002527,2025-07-12 18:21:48,S1163,I02,Samosa,Snacks,2,15.46,5,Cash
T0002527,2025-07-12 18:21:48,S1306,I03,Masala Sandwich,Sandwiches,3,47.44,5,UPI
T0002528,2025-07-12 13:08:23,S1396,I06,Poha,Breakfast,2,31.77,0,UPI
T0002529,2025-07-12 14:05:04,S1120,I03,Masala Sandwich,Sandwiches,3,47.05,0,Card
T0002530,2025-07-12 13:30:14,S1172,I05,Cutting Chai,Beverages,3,10.07,0,Card
T0002531,2025-07-12 09:17:07,S1379,I01,Veg Puff,Snacks,1,29.08,15,UPI
T0002532,2025-07-12 12:50:06,S1008,I02,Samosa,Snacks,1,15.71,15,UPI
T0002533,2025-07-12 09:24:49,S1078,I05,Cutting Chai,Beverages,2,11.38,0,Cash
T0002534,2025-07-12 14:46:03,S1252,I02,Samosa,Snacks,2,16.25,0,Card
T0002535,2025-07-12 13:48:03,S1081,I03,Masala Sandwich,Sandwiches,1,48.0,5,Cash
T0002535,2025-07-12 13:48:03,S1061,I06,Poha,Breakfast,2,32.28,0,Cash
T0002536,2025-07-12 13:02:58,S1161,I04,Cold Coffee,Beverages,2,57.92,0,Cash
T0002537,2025-07-12 19:45:35,S1331,I02,Samosa,Snacks,2,16.71,0,UPI
T0002537,2025-07-12 19:45:35,S1192,I05,Cutting Chai,Beverages,3,10.53,0,UPI
T0002538,2025-07-12 09:09:20,S1262,I04,Cold Coffee,Beverages,1,57.2,0,UPI
T0002539,2025-07-12 13:51:52,S1156,I04,Cold Coffee,Beverages,2,58.66,0,Cash
T0002540,2025-07-12 14:09:37,S1001,I01,Veg Puff,Snacks,3,28.33,0,UPI
T0002541,2025-07-12 08:21:42,S1067,I01,Veg Puff,Snacks,2,28.81,0,UPI
T0002542,2025-07-12 13:54:20,S1281,I02,Samosa,Snacks,1,15.53,0,Cash
T0002543,2025-07-12 14:11:41,S1188,I03,Masala Sandwich,Sandwiches,1,48.11,0,UPI
T0002544,2025-07-12 19:48:15,S1232,I06,Poha,Breakfast,1,31.89,0,Cash
T0002545,2025-07-12 12:29:16,S1247,I03,Masala Sandwich,Sandwiches,1,47.81,0,UPI
T0002546,2025-07-12 14:09:27,S1090,I02,Samosa,Snacks,1,15.31,0,Cash
T0002546,2025-07-12 14:09:27,S1142,I04,Cold Coffee,Beverages,3,58.07,0,Card
T0002547,2025-07-13 08:50:04,S1015,I02,Samosa,Snacks,2,15.29,10,UPI
T0002548,2025-07-13 17:00:53,S1265,I01,Veg Puff,Snacks,1,27.23,0,UPI
T0002549,2025-07-13 09:01:00,S1111,I04,Cold Coffee,Beverages,1,56.51,0,Cash
T0002549,2025-07-13 09:01:00,S1042,I01,Veg Puff,Snacks,1,28.08,0,UPI
T0002550,2025-07-13 17:39:00,S1308,I06,Poha,Breakfast,1,31.7,0,Cash
T0002550,2025-07-13 17:39:00,S1173,I02,Samosa,Snacks,1,15.95,0,Cash
T0002551,2025-07-13 08:59:40,S1141,I01,Veg Puff,Snacks,3,27.47,0,Card
T0002552,2025-07-13 08:18:34,S1299,I03,Masala Sandwich,Sandwiches,1,46.83,0,Cash
T0002553,2025-07-13 09:30:25,S1081,I01,Veg Puff,Snacks,1,28.51,0,Card
T0002553,2025-07-13 09:30:25,S1171,I06,Poha,Breakfast,1,31.43,0,Cash
T0002554,2025-07-13 19:02:36,S1363,I04,Cold Coffee,Beverages,1,56.84,0,Card
T0002554,2025-07-13 19:02:36,S1055,I06,Poha,Breakfast,1,31.39,0,Cash
T0002555,2025-07-13 13:05:47,S1185,I05,Cutting Chai,Beverages,1,9.7,0,Cash
T0002556,2025-07-13 09:25:30,S1381,I06,Poha,Breakfast,1,32.03,0,UPI
T0002557,2025-07-13 08:13:55,S1137,I03,Masala Sandwich,Sandwiches,4,47.74,0,Cash
T0002558,2025-07-13 18:18:31,S1256,I05,Cutting Chai,Beverages,1,9.48,5,Card
T0002559,2025-07-13 12:44:45,S1330,I04,Cold Coffee,Beverages,2,57.16,0,Cash
T0002559,2025-07-13 12:44:45,S1074,I05,Cutting Chai,Beverages,1,8.46,10,Card
T0002560,2025-07-13 18:58:15,S1254,I05,Cutting Chai,Beverages,3,10.46,0,Cash
T0002560,2025-07-13 18:58:15,S1104,I03,Masala Sandwich,Sandwiches,1,48.93,5,Cash
T0002561,2025-07-13 17:30:15,S1226,I06,Poha,Breakfast,3,31.69,0,Cash
T0002562,2025-07-13 09:00:27,S1134,I04,Cold Coffee,Beverages,2,56.65,0,Cash
T0002562,2025-07-13 09:00:27,S1128,I01,Veg Puff,Snacks,1,27.81,0,Card
T0002563,2025-07-13 12:42:40,S1330,I04,Cold Coffee,Beverages,3,57.75,0,UPI
T0002564,2025-07-13 08:33:05,S1277,I06,Poha,Breakfast,1,33.18,0,UPI
T0002565,2025-07-13 14:59:28,S1077,I06,Poha,Breakfast,2,32.62,0,Cash
T0002566,2025-07-13 14:24:26,S1198,I02,Samosa,Snacks,1,16.29,0,Card
T0002567,2025-07-13 09:02:12,S1301,I06,Poha,Breakfast,1,31.41,10,UPI
T0002567,2025-07-13 09:02:12,S1307,I02,Samosa,Snacks,2,15.42,10,Cash
T0002568,2025-07-13 17:59:28,S1018,I04,Cold Coffee,Beverages,3,58.78,0,Card
T0002568,2025-07-13 17:59:28,S1376,I03,Masala Sandwich,Sandwiches,1,48.9,0,Cash
T0002569,2025-07-13 13:37:38,S1318,I01,Veg Puff,Snacks,1,27.83,0,Cash
T0002570,2025-07-13 08:32:05,S1252,I06,Poha,Breakfast,1,31.79,0,Cash
T0002571,2025-07-13 13:42:09,S1261,I06,Poha,Breakfast,1,32.16,0,Cash
T0002572,2025-07-13 12:49:19,S1092,I03,Masala Sandwich,Sandwiches,3,48.63,5,Cash
T0002573,2025-07-13 12:45:57,S1101,I04,Cold Coffee,Beverages,4,58.27,0,Cash
T0002574,2025-07-13 14:23:35,S1364,I05,Cutting Chai,Beverages,1,10.03,0,Card
T0002575,2025-07-13 12:10:50,S1260,I04,Cold Coffee,Beverages,1,57.44,0,UPI
T0002576,2025-07-13 12:20:05,S1103,I04,Cold Coffee,Beverages,2,57.53,0,Card
T0002577,2025-07-13 13:39:45,S1151,I04,Cold Coffee,Beverages,1,58.28,5,Card
T0002578,2025-07-13 09:27:07,S1051,I01,Veg Puff,Snacks,3,28.29,0,UPI
T0002579,2025-07-13 13:12:43,S1133,I02,Samosa,Snacks,2,15.72,0,Card
T0002580,2025-07-13 13:53:58,S1016,I02,Samosa,Snacks,2,16.1,0,Card
T0002581,2025-07-13 08:26:13,S1181,I04,Cold Coffee,Beverages,1,58.35,0,UPI
T0002581,2025-07-13 08:26:13,S1195,I03,Masala Sandwich,Sandwiches,2,48.76,10,Cash
T0002582,2025-07-13 14:19:39,S1254,I06,Poha,Breakfast,3,32.84,0,Card
T0002583,2025-07-13 12:01:50,S1107,I01,Veg Puff,Snacks,1,27.98,0,UPI
T0002583,2025-07-13 12:01:50,S1358,I06,Poha,Breakfast,4,32.71,0,UPI
T0002584,2025-07-13 12:49:05,S1366,I05,Cutting Chai,Beverages,1,8.76,0,UPI
T0002585,2025-07-13 13:46:16,S1373,I06,Poha,Breakfast,1,32.86,0,UPI
T0002586,2025-07-13 13:10:23,S1001,I06,Poha,Breakfast,1,32.17,5,UPI
T0002587,2025-07-13 19:23:12,S1376,I02,Samosa,Snacks,1,15.65,0,Card
T0002587,2025-07-13 19:23:12,S1246,I04,Cold Coffee,Beverages,2,58.56,0,UPI
T0002588,2025-07-13 19:11:22,S1211,I01,Veg Puff,Snacks,2,29.04,0,Card
T0002589,2025-07-13 14:38:46,S1005,I04,Cold Coffee,Beverages,2,57.72,0,UPI
T0002590,2025-07-13 17:40:48,S1050,I02,Samosa,Snacks,1,16.67,10,UPI
T0002591,2025-07-13 14:50:59,S1397,I01,Veg Puff,Snacks,1,27.78,0,Card
T0002591,2025-07-13 14:50:59,S1262,I06,Poha,Breakfast,1,32.69,10,Cash
T0002592,2025-07-13 09:07:37,S1121,I05,Cutting Chai,Beverages,3,9.54,0,Cash
T0002593,2025-07-13 12:52:38,S1295,I02,Samosa,Snacks,2,16.32,0,UPI
T0002594,2025-07-13 08:02:46,S1126,I05,Cutting Chai,Beverages,1,10.11,0,Card
T0002594,2025-07-13 08:02:46,S1387,I02,Samosa,Snacks,2,16.89,5,Card
T0002595,2025-07-13 13:02:39,S1316,I06,Poha,Breakfast,1,31.28,0,UPI
T0002595,2025-07-13 13:02:39,S1149,I04,Cold Coffee,Beverages,1,57.61,0,Cash
T0002596,2025-07-13 17:16:51,S1228,I02,Samosa,Snacks,4,14.64,5,Card
T0002596,2025-07-13 17:16:51,S1362,I01,Veg Puff,Snacks,1,27.23,15,UPI
T0002597,2025-07-13 09:29:42,S1014,I02,Samosa,Snacks,2,16.28,0,UPI
T0002598,2025-07-13 12:51:57,S1325,I01,Veg Puff,Snacks,1,26.67,0,Card
T0002599,2025-07-13 12:13:19,S1208,I06,Poha,Breakfast,3,31.22,10,Cash
T0002599,2025-07-13 12:13:19,S1330,I05,Cutting Chai,Beverages,1,9.66,0,Cash
T0002600,2025-07-13 13:05:05,S1196,I06,Poha,Breakfast,5,32.71,0,Card
T0002601,2025-07-13 09:21:24,S1322,I02,Samosa,Snacks,3,15.69,10,Card
T0002602,2025-07-13 14:42:45,S1015,I06,Poha,Breakfast,1,31.93,5,UPI
T0002603,2025-07-13 13:29:37,S1049,I02,Samosa,Snacks,4,15.63,0,UPI
T0002604,2025-07-13 09:37:17,S1274,I02,Samosa,Snacks,1,15.14,0,Cash
T0002605,2025-07-13 09:44:51,S1064,I06,Poha,Breakfast,1,32.01,0,Cash
T0002605,2025-07-13 09:44:51,S1006,I01,Veg Puff,Snacks,1,28.49,15,UPI
T0002606,2025-07-13 09:50:25,S1256,I05,Cutting Chai,Beverages,3,9.95,5,UPI
T0002607,2025-07-13 12:46:26,S1383,I03,Masala Sandwich,Sandwiches,2,48.6,0,UPI
T0002608,2025-07-13 12:35:19,S1017,I01,Veg Puff,Snacks,4,27.78,0,UPI
T0002608,2025-07-13 12:35:19,S1126,I03,Masala Sandwich,Sandwiches,2,48.14,25,Card
T0002609,2025-07-13 12:44:02,S1078,I04,Cold Coffee,Beverages,1,57.56,0,Cash
T0002609,2025-07-13 12:44:02,S1028,I03,Masala Sandwich,Sandwiches,1,47.53,0,UPI
T0002610,2025-07-13 08:50:45,S1388,I04,Cold Coffee,Beverages,2,57.67,0,UPI
T0002610,2025-07-13 08:50:45,S1104,I01,Veg Puff,Snacks,3,27.29,0,Cash
T0002611,2025-07-13 08:08:49,S1331,I04,Cold Coffee,Beverages,4,57.22,0,Cash
T0002612,2025-07-13 08:23:25,S1148,I01,Veg Puff,Snacks,3,27.52,0,UPI
T0002613,2025-07-13 14:29:31,S1024,I03,Masala Sandwich,Sandwiches,1,47.61,0,Cash
T0002613,2025-07-13 14:29:31,S1042,I06,Poha,Breakfast,1,32.73,0,UPI
T0002614,2025-07-13 08:23:33,S1294,I05,Cutting Chai,Beverages,1,9.45,0,Card
T0002614,2025-07-13 08:23:33,S1094,I02,Samosa,Snacks,1,16.5,0,Card
T0002615,2025-07-13 19:37:31,S1024,I03,Masala Sandwich,Sandwiches,3,46.58,5,Card
T0002615,2025-07-13 19:37:31,S1146,I05,Cutting Chai,Beverages,1,9.57,0,Cash
T0002616,2025-07-13 18:57:31,S1040,I04,Cold Coffee,Beverages,2,58.99,0,UPI
T0002617,2025-07-13 08:50:35,S1076,I01,Veg Puff,Snacks,2,26.7,0,UPI
T0002618,2025-07-13 12:18:49,S1107,I03,Masala Sandwich,Sandwiches,1,47.76,0,Card
T0002619,2025-07-13 17:55:35,S1002,I02,Samosa,Snacks,4,15.74,0,UPI
T0002620,2025-07-13 08:03:24,S1206,I03,Masala Sandwich,Sandwiches,1,48.07,0,Cash
T0002621,2025-07-13 19:37:33,S1386,I01,Veg Puff,Snacks,1,28.25,0,Card
T0002622,2025-07-13 17:01:40,S1104,I02,Samosa,Snacks,1,17.0,10,UPI
T0002623,2025-07-13 17:38:49,S1058,I04,Cold Coffee,Beverages,1,57.86,0,Cash
T0002623,2025-07-13 17:38:49,S1128,I06,Poha,Breakfast,2,31.84,0,Cash
T0002624,2025-07-13 12:51:45,S1231,I05,Cutting Chai,Beverages,3,9.55,0,Card
T0002624,2025-07-13 12:51:45,S1159,I06,Poha,Breakfast,3,32.0,0,Card
T0002625,2025-07-13 13:38:03,S1104,I01,Veg Puff,Snacks,2,28.9,25,Cash
T0002626,2025-07-13 13:19:26,S1279,I03,Masala Sandwich,Sandwiches,1,47.09,10,UPI
T0002627,2025-07-13 09:13:40,S1238,I04,Cold Coffee,Beverages,1,57.83,0,UPI
T0002628,2025-07-13 08:47:59,S1023,I01,Veg Puff,Snacks,1,27.09,0,UPI
T0002629,2025-07-13 09:05:06,S1217,I01,Veg Puff,Snacks,2,28.46,0,Card
T0002630,2025-07-13 08:39:28,S1382,I03,Masala Sandwich,Sandwiches,1,48.44,0,Card
T0002631,2025-07-13 12:56:28,S1134,I04,Cold Coffee,Beverages,2,57.39,0,Cash
T0002632,2025-07-13 14:33:12,S1129,I02,Samosa,Snacks,1,15.99,0,UPI
T0002633,2025-07-13 09:01:25,S1369,I03,Masala Sandwich,Sandwiches,1,47.9,0,UPI
T0002633,2025-07-13 09:01:25,S1178,I01,Veg Puff,Snacks,2,27.76,0,Cash
T0002634,2025-07-13 09:25:28,S1310,I04,Cold Coffee,Beverages,1,58.19,0,Card
T0002635,2025-07-13 09:11:21,S1112,I02,Samosa,Snacks,1,15.51,0,Card
T0002636,2025-07-13 12:46:10,S1013,I01,Veg Puff,Snacks,1,27.81,0,Cash
T0002637,2025-07-13 13:02:27,S1348,I03,Masala Sandwich,Sandwiches,1,47.47,0,UPI
T0002637,2025-07-13 13:02:27,S1070,I05,Cutting Chai,Beverages,5,10.26,0,UPI
T0002638,2025-07-13 12:50:53,S1032,I02,Samosa,Snacks,3,16.98,15,UPI
T0002638,2025-07-13 12:50:53,S1234,I05,Cutting Chai,Beverages,1,10.31,0,Cash
T0002639,2025-07-13 13:50:16,S1122,I05,Cutting Chai,Beverages,1,8.77,25,Card
T0002639,2025-07-13 13:50:16,S1152,I06,Poha,Breakfast,3,30.74,0,Cash
T0002640,2025-07-13 09:20:41,S1082,I06,Poha,Breakfast,2,30.78,0,UPI
T0002640,2025-07-13 09:20:41,S1009,I04,Cold Coffee,Beverages,2,57.38,5,Card
T0002641,2025-07-13 19:21:45,S1214,I01,Veg Puff,Snacks,2,28.46,0,Cash
T0002642,2025-07-13 13:31:13,S1181,I01,Veg Puff,Snacks,1,27.9,0,Card
T0002643,2025-07-13 12:20:22,S1026,I03,Masala Sandwich,Sandwiches,1,47.91,0,Cash
T0002644,2025-07-13 18:49:14,S1279,I02,Samosa,Snacks,1,16.13,0,Card
T0002645,2025-07-13 14:32:55,S1359,I04,Cold Coffee,Beverages,3,57.71,0,UPI
T0002646,2025-07-13 17:27:26,S1291,I02,Samosa,Snacks,3,17.14,0,Card
T0002647,2025-07-13 14:00:08,S1260,I06,Poha,Breakfast,1,31.9,0,Cash
T0002648,2025-07-13 18:09:42,S1219,I02,Samosa,Snacks,1,14.88,25,Card
T0002649,2025-07-13 08:51:17,S1310,I05,Cutting Chai,Beverages,2,11.03,0,Card
T0002650,2025-07-13 19:32:42,S1356,I04,Cold Coffee,Beverages,2,58.43,0,Card
T0002651,2025-07-13 17:22:18,S1188,I01,Veg Puff,Snacks,2,28.53,0,UPI
T0002652,2025-07-13 08:03:29,S1396,I06,Poha,Breakfast,1,31.36,0,Card
T0002653,2025-07-13 14:27:00,S1130,I03,Masala Sandwich,Sandwiches,1,48.41,5,Cash
T0002654,2025-07-13 12:56:31,S1338,I01,Veg Puff,Snacks,2,27.07,0,UPI
T0002654,2025-07-13 12:56:31,S1034,I04,Cold Coffee,Beverages,3,57.83,0,UPI
T0002655,2025-07-13 09:11:00,S1244,I01,Veg Puff,Snacks,1,27.55,5,UPI
T0002656,2025-07-13 19:43:14,S1120,I06,Poha,Breakfast,2,31.82,0,Cash
T0002657,2025-07-13 14:30:27,S1373,I06,Poha,Breakfast,1,32.26,0,Card
T0002658,2025-07-13 14:21:06,S1093,I03,Masala Sandwich,Sandwiches,1,49.39,15,UPI
T0002659,2025-07-13 08:12:37,S1197,I01,Veg Puff,Snacks,2,27.87,0,Cash
T0002660,2025-07-13 08:11:31,S1213,I06,Poha,Breakfast,1,31.65,0,UPI
T0002661,2025-07-13 09:15:46,S1181,I01,Veg Puff,Snacks,1,28.49,0,Card
T0002661,2025-07-13 09:15:46,S1223,I05,Cutting Chai,Beverages,1,10.23,10,UPI
T0002662,2025-07-13 14:40:09,S1114,I03,Masala Sandwich,Sandwiches,1,47.29,0,UPI
T0002662,2025-07-13 14:40:09,S1349,I01,Veg Puff,Snacks,1,27.56,0,UPI
T0002663,2025-07-13 14:01:03,S1349,I06,Poha,Breakfast,2,32.55,5,Card
T0002663,2025-07-13 14:01:03,S1154,I04,Cold Coffee,Beverages,1,57.35,15,Card
T0002664,2025-07-13 12:24:35,S1308,I05,Cutting Chai,Beverages,3,9.25,0,Card
T0002665,2025-07-13 09:25:16,S1381,I03,Masala Sandwich,Sandwiches,2,47.8,0,Cash
T0002665,2025-07-13 09:25:16,S1335,I01,Veg Puff,Snacks,2,28.14,0,Cash
T0002666,2025-07-13 09:37:56,S1380,I03,Masala Sandwich,Sandwiches,1,47.26,0,Card
T0002667,2025-07-13 12:19:14,S1327,I04,Cold Coffee,Beverages,3,57.66,0,Card
T0002667,2025-07-13 12:19:14,S1268,I06,Poha,Breakfast,2,31.53,0,UPI
T0002668,2025-07-13 09:51:33,S1046,I03,Masala Sandwich,Sandwiches,3,49.12,0,Cash
T0002668,2025-07-13 09:51:33,S1203,I01,Veg Puff,Snacks,2,27.35,0,UPI
T0002669,2025-07-13 09:02:33,S1287,I05,Cutting Chai,Beverages,3,10.11,0,Card
T0002670,2025-07-13 19:43:25,S1241,I02,Samosa,Snacks,1,16.87,5,Cash
T0002671,2025-07-13 19:06:59,S1341,I01,Veg Puff,Snacks,1,27.49,0,UPI
T0002672,2025-07-13 17:33:42,S1345,I01,Veg Puff,Snacks,3,27.66,0,Card
T0002673,2025-07-13 19:56:00,S1308,I02,Samosa,Snacks,2,16.85,0,Cash
T0002673,2025-07-13 19:56:00,S1366,I04,Cold Coffee,Beverages,1,57.95,0,UPI
T0002674,2025-07-13 08:14:33,S1331,I04,Cold Coffee,Beverages,1,57.2,0,Card
T0002675,2025-07-13 12:07:00,S1082,I05,Cutting Chai,Beverages,2,10.49,0,Card
T0002676,2025-07-13 13:01:13,S1327,I02,Samosa,Snacks,1,15.38,5,UPI
T0002676,2025-07-13 13:01:13,S1217,I03,Masala Sandwich,Sandwiches,1,47.48,0,Cash
T0002677,2025-07-13 13:19:14,S1273,I01,Veg Puff,Snacks,1,27.9,5,Cash
T0002678,2025-07-13 09:55:40,S1031,I04,Cold Coffee,Beverages,1,57.29,10,Cash
T0002678,2025-07-13 09:55:40,S1363,I06,Poha,Breakfast,1,32.61,0,Cash
T0002679,2025-07-13 14:55:41,S1123,I01,Veg Puff,Snacks,4,27.85,0,Card
T0002680,2025-07-13 09:15:26,S1313,I03,Masala Sandwich,Sandwiches,1,47.75,0,UPI
T0002681,2025-07-13 14:38:04,S1092,I04,Cold Coffee,Beverages,2,58.23,0,UPI
T0002682,2025-07-13 09:23:26,S1335,I03,Masala Sandwich,Sandwiches,4,48.34,10,Card
T0002683,2025-07-13 14:07:03,S1173,I02,Samosa,Snacks,1,15.37,0,Cash
T0002684,2025-07-13 18:14:42,S1336,I03,Masala Sandwich,Sandwiches,1,48.09,0,UPI
T0002685,2025-07-13 09:12:03,S1341,I06,Poha,Breakfast,2,32.18,0,Card
T0002686,2025-07-13 09:23:18,S1235,I03,Masala Sandwich,Sandwiches,2,48.23,15,Card
T0002687,2025-07-13 14:54:42,S1181,I01,Veg Puff,Snacks,1,28.93,0,Card
T0002688,2025-07-13 19:07:50,S1248,I01,Veg Puff,Snacks,2,28.0,15,UPI
T0002689,2025-07-13 08:12:04,S1344,I01,Veg Puff,Snacks,1,27.83,0,Card
T0002690,2025-07-13 08:23:35,S1368,I06,Poha,Breakfast,2,32.55,0,Cash
T0002691,2025-07-13 08:25:48,S1292,I03,Masala Sandwich,Sandwiches,2,49.35,0,Cash
T0002691,2025-07-13 08:25:48,S1178,I01,Veg Puff,Snacks,1,26.41,0,UPI
T0002692,2025-07-13 08:32:34,S1299,I04,Cold Coffee,Beverages,3,58.49,0,UPI
T0002692,2025-07-13 08:32:34,S1033,I06,Poha,Breakfast,3,32.0,0,Card
T0002693,2025-07-13 09:58:25,S1082,I04,Cold Coffee,Beverages,2,57.56,10,Cash
T0002694,2025-07-13 19:31:20,S1284,I04,Cold Coffee,Beverages,1,58.26,10,Cash
T0002695,2025-07-13 12:46:24,S1273,I06,Poha,Breakfast,1,32.64,0,UPI
T0002695,2025-07-13 12:46:24,S1113,I01,Veg Puff,Snacks,1,27.46,5,Cash
T0002696,2025-07-13 13:30:20,S1026,I01,Veg Puff,Snacks,1,28.11,0,Card
T0002697,2025-07-13 19:55:20,S1174,I03,Masala Sandwich,Sandwiches,2,48.31,0,Card
T0002697,2025-07-13 19:55:20,S1368,I01,Veg Puff,Snacks,3,28.37,0,Cash
T0002698,2025-07-13 14:07:30,S1061,I01,Veg Puff,Snacks,1,28.13,5,Cash
T0002699,2025-07-13 17:15:59,S1219,I05,Cutting Chai,Beverages,3,9.39,0,UPI
T0002699,2025-07-13 17:15:59,S1316,I06,Poha,Breakfast,1,32.36,5,Cash
T0002700,2025-07-13 12:01:37,S1173,I01,Veg Puff,Snacks,2,28.26,0,Card
T0002701,2025-07-13 09:29:38,S1219,I01,Veg Puff,Snacks,2,26.84,0,Cash
T0002701,2025-07-13 09:29:38,S1015,I06,Poha,Breakfast,1,31.99,0,Cash
T0002702,2025-07-13 12:52:46,S1191,I01,Veg Puff,Snacks,2,26.9,0,UPI
T0002702,2025-07-13 12:52:46,S1071,I02,Samosa,Snacks,2,16.66,10,UPI
T0002703,2025-07-13 09:59:38,S1276,I05,Cutting Chai,Beverages,2,10.03,0,Card
T0002703,2025-07-13 09:59:38,S1253,I01,Veg Puff,Snacks,2,28.2,0,Card
T0002704,2025-07-13 17:29:29,S1268,I01,Veg Puff,Snacks,2,27.7,0,Cash
T0002705,2025-07-13 14:57:20,S1019,I02,Samosa,Snacks,2,16.7,0,Cash
T0002705,2025-07-13 14:57:20,S1132,I01,Veg Puff,Snacks,3,28.05,5,UPI
T0002706,2025-07-13 08:36:55,S1249,I03,Masala Sandwich,Sandwiches,1,48.44,0,UPI
T0002707,2025-07-13 09:29:14,S1337,I03,Masala Sandwich,Sandwiches,2,48.71,0,Cash
T0002707,2025-07-13 09:29:14,S1010,I02,Samosa,Snacks,1,16.18,0,Card
T0002708,2025-07-13 08:48:55,S1052,I01,Veg Puff,Snacks,1,28.14,5,UPI
T0002709,2025-07-13 12:45:09,S1255,I05,Cutting Chai,Beverages,2,9.76,0,Card
T0002710,2025-07-13 13:45:22,S1103,I04,Cold Coffee,Beverages,2,58.66,0,Cash
T0002710,2025-07-13 13:45:22,S1328,I02,Samosa,Snacks,1,15.76,0,Card
T0002711,2025-07-13 12:41:57,S1186,I02,Samosa,Snacks,1,16.34,0,Card
T0002711,2025-07-13 12:41:57,S1025,I01,Veg Puff,Snacks,4,27.36,0,UPI
T0002712,2025-07-13 13:53:31,S1010,I05,Cutting Chai,Beverages,1,10.55,0,Cash
T0002712,2025-07-13 13:53:31,S1326,I02,Samosa,Snacks,1,14.99,0,Cash
T0002713,2025-07-13 13:39:55,S1010,I06,Poha,Breakfast,2,31.81,0,Card
T0002713,2025-07-13 13:39:55,S1178,I02,Samosa,Snacks,3,16.6,10,Card
T0002714,2025-07-13 17:21:53,S1362,I01,Veg Puff,Snacks,2,27.66,0,UPI
T0002714,2025-07-13 17:21:53,S1165,I05,Cutting Chai,Beverages,2,8.73,0,UPI
T0002715,2025-07-13 08:50:15,S1170,I01,Veg Puff,Snacks,1,28.35,0,Card
T0002715,2025-07-13 08:50:15,S1224,I02,Samosa,Snacks,2,16.7,0,Card
T0002716,2025-07-13 13:59:04,S1289,I02,Samosa,Snacks,1,15.03,0,Card
T0002716,2025-07-13 13:59:04,S1215,I06,Poha,Breakfast,2,31.58,0,Cash
T0002717,2025-07-13 17:54:27,S1275,I05,Cutting Chai,Beverages,1,9.69,0,UPI
T0002717,2025-07-13 17:54:27,S1096,I01,Veg Puff,Snacks,1,27.82,0,Cash
T0002718,2025-07-13 09:32:46,S1000,I05,Cutting Chai,Beverages,1,9.51,15,Cash
T0002719,2025-07-13 12:05:05,S1094,I01,Veg Puff,Snacks,2,28.03,0,UPI
T0002720,2025-07-13 12:19:29,S1376,I03,Masala Sandwich,Sandwiches,1,48.71,15,Card
T0002720,2025-07-13 12:19:29,S1053,I05,Cutting Chai,Beverages,2,9.57,0,UPI
T0002721,2025-07-13 09:36:29,S1215,I05,Cutting Chai,Beverages,2,10.52,0,Card
T0002722,2025-07-13 19:10:14,S1374,I03,Masala Sandwich,Sandwiches,1,47.35,0,Card
T0002723,2025-07-13 19:52:15,S1254,I01,Veg Puff,Snacks,1,27.93,0,Cash
T0002724,2025-07-13 14:12:08,S1068,I05,Cutting Chai,Beverages,1,9.78,0,Card
T0002725,2025-07-13 12:25:01,S1314,I01,Veg Puff,Snacks,1,26.35,0,Cash
T0002726,2025-07-13 18:40:30,S1160,I04,Cold Coffee,Beverages,1,58.19,0,Cash
T0002726,2025-07-13 18:40:30,S1294,I06,Poha,Breakfast,1,32.9,0,Card
T0002727,2025-07-13 12:33:42,S1256,I02,Samosa,Snacks,5,15.2,0,UPI
T0002728,2025-07-13 14:46:06,S1375,I03,Masala Sandwich,Sandwiches,1,47.32,0,Cash
T0002729,2025-07-13 13:55:35,S1071,I05,Cutting Chai,Beverages,3,10.53,0,Cash
T0002730,2025-07-13 12:36:38,S1150,I05,Cutting Chai,Beverages,1,10.08,0,Cash
T0002731,2025-07-13 08:47:21,S1200,I02,Samosa,Snacks,3,17.37,5,Cash
T0002732,2025-07-13 09:09:10,S1110,I04,Cold Coffee,Beverages,3,57.96,0,Card
T0002732,2025-07-13 09:09:10,S1290,I03,Masala Sandwich,Sandwiches,1,48.43,0,Card
T0002733,2025-07-13 19:54:41,S1121,I06,Poha,Breakfast,1,31.81,0,Card
T0002733,2025-07-13 19:54:41,S1301,I02,Samosa,Snacks,3,16.08,0,Card
T0002734,2025-07-13 09:31:28,S1143,I02,Samosa,Snacks,1,15.89,0,Card
T0002735,2025-07-13 08:59:10,S1319,I01,Veg Puff,Snacks,1,28.1,0,Cash
T0002736,2025-07-13 13:50:01,S1024,I05,Cutting Chai,Beverages,1,10.89,0,UPI
T0002737,2025-07-13 12:39:26,S1384,I03,Masala Sandwich,Sandwiches,3,49.02,5,Cash
T0002737,2025-07-13 12:39:26,S1004,I06,Poha,Breakfast,4,32.31,10,UPI
T0002738,2025-07-13 08:52:14,S1150,I04,Cold Coffee,Beverages,1,59.17,0,Card
T0002739,2025-07-13 14:07:16,S1120,I03,Masala Sandwich,Sandwiches,1,48.68,0,UPI
T0002739,2025-07-13 14:07:16,S1328,I05,Cutting Chai,Beverages,3,10.74,5,Cash
T0002740,2025-07-13 13:44:30,S1054,I06,Poha,Breakfast,1,31.97,0,UPI
T0002740,2025-07-13 13:44:30,S1181,I04,Cold Coffee,Beverages,7,57.95,0,Cash
T0002741,2025-07-13 09:58:21,S1105,I03,Masala Sandwich,Sandwiches,1,47.83,5,UPI
T0002741,2025-07-13 09:58:21,S1043,I06,Poha,Breakfast,3,31.52,0,Card
T0002742,2025-07-13 19:21:32,S1288,I03,Masala Sandwich,Sandwiches,1,48.33,0,Card
T0002743,2025-07-13 08:35:12,S1357,I04,Cold Coffee,Beverages,1,59.22,10,Card
T0002744,2025-07-13 14:24:18,S1027,I04,Cold Coffee,Beverages,2,57.26,0,Card
T0002745,2025-07-13 08:21:31,S1083,I05,Cutting Chai,Beverages,3,10.13,10,Card
T0002746,2025-07-13 12:14:28,S1078,I05,Cutting Chai,Beverages,2,8.78,0,Cash
T0002747,2025-07-13 09:09:23,S1089,I04,Cold Coffee,Beverages,4,58.45,0,Cash
T0002748,2025-07-13 12:47:07,S1168,I01,Veg Puff,Snacks,1,28.07,0,Cash
T0002749,2025-07-13 14:07:51,S1342,I02,Samosa,Snacks,1,15.88,0,Card
T0002750,2025-07-13 13:08:16,S1117,I02,Samosa,Snacks,2,16.11,0,Card
T0002750,2025-07-13 13:08:16,S1351,I01,Veg Puff,Snacks,2,27.62,0,Cash
T0002751,2025-07-13 12:29:21,S1107,I01,Veg Puff,Snacks,1,27.86,0,Cash
T0002752,2025-07-13 17:56:22,S1290,I06,Poha,Breakfast,1,31.67,0,Cash
T0002753,2025-07-13 12:55:25,S1295,I06,Poha,Breakfast,1,32.09,0,Cash
T0002753,2025-07-13 12:55:25,S1149,I03,Masala Sandwich,Sandwiches,1,48.87,0,Cash
T0002754,2025-07-13 08:29:22,S1366,I04,Cold Coffee,Beverages,2,58.62,0,Card
T0002755,2025-07-13 09:41:23,S1199,I05,Cutting Chai,Beverages,4,10.34,10,Cash
T0002756,2025-07-13 18:02:47,S1296,I01,Veg Puff,Snacks,1,28.23,0,Card
T0002756,2025-07-13 18:02:47,S1216,I06,Poha,Breakfast,1,31.54,0,Cash
T0002757,2025-07-13 08:02:50,S1231,I03,Masala Sandwich,Sandwiches,1,47.96,0,Cash
T0002757,2025-07-13 08:02:50,S1226,I02,Samosa,Snacks,2,16.02,0,UPI
T0002758,2025-07-13 13:11:05,S1174,I03,Masala Sandwich,Sandwiches,1,48.74,0,UPI
T0002758,2025-07-13 13:11:05,S1014,I02,Samosa,Snacks,1,16.73,5,UPI
T0002759,2025-07-13 08:37:38,S1361,I02,Samosa,Snacks,2,16.46,0,Cash
T0002760,2025-07-13 14:43:03,S1310,I02,Samosa,Snacks,3,15.45,0,Cash
T0002761,2025-07-13 08:15:12,S1240,I06,Poha,Breakfast,2,31.98,0,UPI
T0002762,2025-07-13 08:15:18,S1077,I01,Veg Puff,Snacks,2,28.65,0,UPI
T0002763,2025-07-13 09:10:12,S1021,I05,Cutting Chai,Beverages,3,10.45,0,Cash
T0002764,2025-07-13 13:27:14,S1229,I01,Veg Puff,Snacks,2,27.72,0,Cash
T0002765,2025-07-13 09:18:13,S1022,I02,Samosa,Snacks,1,16.03,0,Cash
T0002766,2025-07-13 12:12:01,S1139,I02,Samosa,Snacks,1,15.13,0,UPI
T0002767,2025-07-13 08:14:06,S1317,I02,Samosa,Snacks,2,16.27,15,Card
T0002768,2025-07-13 09:19:40,S1061,I05,Cutting Chai,Beverages,6,11.76,0,Card
T0002768,2025-07-13 09:19:40,S1289,I06,Poha,Breakfast,3,33.2,0,Cash
T0002769,2025-07-13 09:45:45,S1301,I01,Veg Puff,Snacks,1,27.6,0,Card
T0002770,2025-07-13 12:16:38,S1066,I03,Masala Sandwich,Sandwiches,2,47.77,0,Cash
T0002771,2025-07-13 12:35:18,S1074,I02,Samosa,Snacks,1,14.98,0,UPI
T0002771,2025-07-13 12:35:18,S1214,I06,Poha,Breakfast,2,31.91,0,UPI
T0002772,2025-07-13 12:15:23,S1322,I03,Masala Sandwich,Sandwiches,1,47.91,0,Card
T0002773,2025-07-13 08:43:22,S1331,I04,Cold Coffee,Beverages,1,57.36,0,Cash
T0002774,2025-07-13 18:04:24,S1224,I06,Poha,Breakfast,2,32.25,0,Card
T0002775,2025-07-13 13:13:41,S1232,I05,Cutting Chai,Beverages,3,10.1,25,Card
T0002776,2025-07-14 19:52:20,S1239,I02,Samosa,Snacks,3,14.55,0,UPI
T0002777,2025-07-14 08:34:59,S1284,I01,Veg Puff,Snacks,3,27.94,0,Card
T0002778,2025-07-14 13:39:53,S1289,I03,Masala Sandwich,Sandwiches,3,50.33,0,UPI
T0002779,2025-07-14 09:29:58,S1059,I02,Samosa,Snacks,1,16.49,0,UPI
T0002780,2025-07-14 14:26:43,S1282,I01,Veg Puff,Snacks,1,28.87,0,UPI
T0002781,2025-07-14 17:45:26,S1114,I01,Veg Puff,Snacks,1,28.42,0,UPI
T0002782,2025-07-14 13:21:04,S1273,I01,Veg Puff,Snacks,2,28.04,0,Card
T0002783,2025-07-14 19:31:18,S1369,I06,Poha,Breakfast,5,31.46,0,UPI
T0002784,2025-07-14 14:36:36,S1314,I04,Cold Coffee,Beverages,2,58.24,0,Cash
T0002784,2025-07-14 14:36:36,S1253,I05,Cutting Chai,Beverages,1,8.96,0,Card
T0002785,2025-07-14 09:44:24,S1189,I05,Cutting Chai,Beverages,1,10.14,0,Cash
T0002786,2025-07-14 13:21:01,S1305,I05,Cutting Chai,Beverages,1,11.69,0,Cash
T0002786,2025-07-14 13:21:01,S1135,I02,Samosa,Snacks,1,16.61,0,Cash
T0002787,2025-07-14 13:22:01,S1131,I05,Cutting Chai,Beverages,1,9.64,0,UPI
T0002787,2025-07-14 13:22:01,S1156,I01,Veg Puff,Snacks,1,27.51,0,Card
T0002788,2025-07-14 09:01:54,S1125,I02,Samosa,Snacks,2,15.17,0,Card
T0002789,2025-07-14 13:14:41,S1146,I02,Samosa,Snacks,2,15.95,0,Card
T0002789,2025-07-14 13:14:41,S1021,I06,Poha,Breakfast,1,31.89,5,UPI
T0002790,2025-07-14 13:06:30,S1018,I01,Veg Puff,Snacks,2,27.47,0,UPI
T0002790,2025-07-14 13:06:30,S1132,I03,Masala Sandwich,Sandwiches,2,49.42,15,UPI
T0002791,2025-07-14 14:43:12,S1161,I05,Cutting Chai,Beverages,1,9.27,25,Card
T0002792,2025-07-14 13:59:18,S1274,I06,Poha,Breakfast,1,31.66,0,Cash
T0002793,2025-07-14 12:38:39,S1042,I03,Masala Sandwich,Sandwiches,4,50.03,10,Card
T0002793,2025-07-14 12:38:39,S1273,I06,Poha,Breakfast,1,32.12,0,UPI
T0002794,2025-07-14 17:46:37,S1382,I05,Cutting Chai,Beverages,2,9.94,15,Card
T0002794,2025-07-14 17:46:37,S1029,I06,Poha,Breakfast,2,31.0,0,Card
T0002795,2025-07-14 12:46:17,S1375,I02,Samosa,Snacks,1,14.66,0,UPI
T0002796,2025-07-14 17:33:55,S1285,I02,Samosa,Snacks,1,15.85,0,Card
T0002797,2025-07-14 13:22:11,S1085,I03,Masala Sandwich,Sandwiches,1,50.01,0,Cash
T0002798,2025-07-14 08:59:37,S1374,I01,Veg Puff,Snacks,1,27.4,0,Cash
T0002799,2025-07-14 09:02:04,S1274,I02,Samosa,Snacks,2,16.41,0,Card
T0002800,2025-07-14 19:23:13,S1245,I03,Masala Sandwich,Sandwiches,1,49.99,5,Card
T0002800,2025-07-14 19:23:13,S1397,I04,Cold Coffee,Beverages,1,57.93,0,UPI
T0002801,2025-07-14 12:52:10,S1206,I01,Veg Puff,Snacks,1,28.5,0,Card
T0002802,2025-07-14 09:01:16,S1322,I06,Poha,Breakfast,4,31.62,0,Card
T0002802,2025-07-14 09:01:16,S1092,I05,Cutting Chai,Beverages,1,10.38,0,UPI
T0002803,2025-07-14 09:13:02,S1374,I06,Poha,Breakfast,1,32.7,0,Cash
T0002804,2025-07-14 13:02:45,S1157,I02,Samosa,Snacks,1,15.25,10,Cash
T0002805,2025-07-14 12:23:12,S1190,I05,Cutting Chai,Beverages,4,9.29,0,Cash
T0002805,2025-07-14 12:23:12,S1289,I06,Poha,Breakfast,2,31.85,0,UPI
T0002806,2025-07-14 08:20:12,S1181,I04,Cold Coffee,Beverages,4,57.91,0,Cash
T0002807,2025-07-14 12:44:26,S1099,I04,Cold Coffee,Beverages,3,58.24,0,Card
T0002808,2025-07-14 14:52:26,S1248,I02,Samosa,Snacks,1,16.27,0,UPI
T0002809,2025-07-14 17:24:44,S1222,I06,Poha,Breakfast,1,32.56,0,UPI
T0002810,2025-07-14 08:13:57,S1211,I03,Masala Sandwich,Sandwiches,6,49.73,0,Card
T0002811,2025-07-14 08:09:22,S1025,I03,Masala Sandwich,Sandwiches,1,49.39,0,Card
T0002812,2025-07-14 08:36:11,S1059,I02,Samosa,Snacks,1,15.67,0,Card
T0002813,2025-07-14 13:49:52,S1142,I02,Samosa,Snacks,3,16.17,0,UPI
T0002814,2025-07-14 18:40:59,S1211,I06,Poha,Breakfast,2,30.89,0,Card
T0002814,2025-07-14 18:40:59,S1027,I04,Cold Coffee,Beverages,3,58.22,5,UPI
T0002815,2025-07-14 12:09:42,S1202,I04,Cold Coffee,Beverages,1,57.21,10,UPI
T0002816,2025-07-14 08:35:52,S1102,I06,Poha,Breakfast,2,30.82,0,Cash
T0002817,2025-07-14 14:08:01,S1204,I04,Cold Coffee,Beverages,1,59.66,0,UPI
T0002818,2025-07-14 09:43:33,S1033,I01,Veg Puff,Snacks,1,28.45,0,Card
T0002819,2025-07-14 18:35:29,S1203,I04,Cold Coffee,Beverages,2,58.83,0,Cash
T0002819,2025-07-14 18:35:29,S1223,I01,Veg Puff,Snacks,2,28.32,25,Cash
T0002820,2025-07-14 14:12:48,S1289,I01,Veg Puff,Snacks,2,27.8,0,Card
T0002821,2025-07-14 13:59:41,S1350,I06,Poha,Breakfast,2,31.74,0,UPI
T0002821,2025-07-14 13:59:41,S1321,I05,Cutting Chai,Beverages,2,9.65,15,UPI
T0002822,2025-07-14 18:39:52,S1016,I01,Veg Puff,Snacks,3,28.17,0,Cash
T0002823,2025-07-14 14:32:27,S1063,I04,Cold Coffee,Beverages,2,58.41,0,Cash
T0002824,2025-07-14 13:14:25,S1075,I02,Samosa,Snacks,1,14.99,0,UPI
T0002825,2025-07-14 13:57:34,S1207,I04,Cold Coffee,Beverages,3,57.91,0,Card
T0002826,2025-07-14 19:55:30,S1349,I02,Samosa,Snacks,2,16.23,0,UPI
T0002827,2025-07-14 13:41:00,S1225,I04,Cold Coffee,Beverages,1,57.75,0,Cash
T0002827,2025-07-14 13:41:00,S1272,I03,Masala Sandwich,Sandwiches,1,49.67,10,Cash
T0002828,2025-07-14 14:21:07,S1089,I02,Samosa,Snacks,3,15.5,0,UPI
T0002829,2025-07-14 09:49:12,S1229,I02,Samosa,Snacks,1,16.64,0,UPI
T0002830,2025-07-14 09:50:56,S1396,I03,Masala Sandwich,Sandwiches,1,49.57,0,UPI
T0002831,2025-07-14 18:21:18,S1349,I04,Cold Coffee,Beverages,5,58.03,0,Card
T0002832,2025-07-14 17:49:05,S1044,I01,Veg Puff,Snacks,2,28.67,0,UPI
T0002833,2025-07-14 19:38:43,S1282,I02,Samosa,Snacks,1,16.32,0,UPI
T0002834,2025-07-14 19:01:45,S1259,I05,Cutting Chai,Beverages,3,10.18,0,UPI
T0002835,2025-07-14 13:37:34,S1336,I06,Poha,Breakfast,1,31.19,10,UPI
T0002835,2025-07-14 13:37:34,S1246,I01,Veg Puff,Snacks,1,27.4,10,UPI
T0002836,2025-07-14 12:53:54,S1072,I04,Cold Coffee,Beverages,2,58.15,0,UPI
T0002836,2025-07-14 12:53:54,S1225,I03,Masala Sandwich,Sandwiches,2,49.9,0,UPI
T0002837,2025-07-14 13:56:24,S1263,I05,Cutting Chai,Beverages,4,10.47,0,Card
T0002837,2025-07-14 13:56:24,S1120,I03,Masala Sandwich,Sandwiches,2,50.48,0,Card
T0002838,2025-07-14 09:55:15,S1380,I06,Poha,Breakfast,1,32.33,0,Card
T0002838,2025-07-14 09:55:15,S1303,I05,Cutting Chai,Beverages,1,10.36,0,UPI
T0002839,2025-07-14 14:09:00,S1215,I02,Samosa,Snacks,1,15.78,0,Card
T0002840,2025-07-14 08:08:56,S1074,I06,Poha,Breakfast,4,32.03,0,Cash
T0002841,2025-07-14 18:50:50,S1055,I05,Cutting Chai,Beverages,1,10.12,0,UPI
T0002841,2025-07-14 18:50:50,S1034,I06,Poha,Breakfast,4,32.21,0,Cash
T0002842,2025-07-14 08:10:43,S1339,I05,Cutting Chai,Beverages,1,9.95,0,Card
T0002842,2025-07-14 08:10:43,S1268,I06,Poha,Breakfast,2,32.6,0,Card
T0002843,2025-07-14 09:32:12,S1235,I05,Cutting Chai,Beverages,2,10.17,0,Card
T0002844,2025-07-14 13:01:08,S1024,I05,Cutting Chai,Beverages,1,10.23,5,UPI
T0002845,2025-07-14 14:34:25,S1049,I06,Poha,Breakfast,2,31.68,0,Cash
T0002846,2025-07-14 09:30:41,S1243,I04,Cold Coffee,Beverages,1,58.31,0,Cash
T0002847,2025-07-14 08:59:51,S1146,I05,Cutting Chai,Beverages,2,9.96,0,UPI
T0002847,2025-07-14 08:59:51,S1164,I03,Masala Sandwich,Sandwiches,3,50.18,15,Card
T0002848,2025-07-14 18:28:52,S1112,I02,Samosa,Snacks,3,16.36,5,Cash
T0002849,2025-07-14 12:10:24,S1020,I04,Cold Coffee,Beverages,4,58.48,0,Card
T0002850,2025-07-14 12:43:51,S1125,I01,Veg Puff,Snacks,2,28.99,0,UPI
T0002851,2025-07-14 09:51:07,S1100,I06,Poha,Breakfast,1,31.38,0,UPI
T0002851,2025-07-14 09:51:07,S1251,I02,Samosa,Snacks,1,14.96,0,Cash
T0002852,2025-07-14 18:14:18,S1255,I06,Poha,Breakfast,2,31.49,0,Cash
T0002853,2025-07-14 08:07:46,S1152,I05,Cutting Chai,Beverages,1,8.92,0,Cash
T0002854,2025-07-14 18:27:27,S1232,I01,Veg Puff,Snacks,1,26.85,0,Cash
T0002855,2025-07-14 08:56:54,S1233,I04,Cold Coffee,Beverages,1,58.97,5,Card
T0002856,2025-07-14 18:00:21,S1135,I02,Samosa,Snacks,1,14.93,0,UPI
T0002857,2025-07-14 09:14:58,S1136,I04,Cold Coffee,Beverages,2,57.09,0,Card
T0002857,2025-07-14 09:14:58,S1282,I06,Poha,Breakfast,3,32.0,0,Cash
T0002858,2025-07-14 14:56:24,S1067,I05,Cutting Chai,Beverages,4,10.02,0,UPI
T0002858,2025-07-14 14:56:24,S1081,I03,Masala Sandwich,Sandwiches,3,49.44,0,UPI
T0002859,2025-07-14 14:19:10,S1356,I04,Cold Coffee,Beverages,2,57.46,25,Card
T0002860,2025-07-14 12:20:23,S1229,I04,Cold Coffee,Beverages,2,57.79,0,Cash
T0002860,2025-07-14 12:20:23,S1311,I01,Veg Puff,Snacks,1,27.11,0,UPI
T0002861,2025-07-14 19:20:31,S1301,I01,Veg Puff,Snacks,1,27.32,0,UPI
T0002862,2025-07-14 14:31:02,S1332,I05,Cutting Chai,Beverages,1,10.76,0,Card
T0002863,2025-07-14 12:16:04,S1295,I01,Veg Puff,Snacks,7,28.15,0,Cash
T0002864,2025-07-14 08:35:23,S1246,I04,Cold Coffee,Beverages,3,57.85,0,Card
T0002865,2025-07-14 17:15:26,S1305,I03,Masala Sandwich,Sandwiches,1,50.28,0,Cash
T0002866,2025-07-14 14:13:46,S1333,I04,Cold Coffee,Beverages,1,59.35,0,UPI
T0002867,2025-07-14 13:48:11,S1377,I05,Cutting Chai,Beverages,2,9.57,5,UPI
T0002867,2025-07-14 13:48:11,S1016,I06,Poha,Breakfast,2,32.08,0,Cash
T0002868,2025-07-14 17:44:29,S1009,I03,Masala Sandwich,Sandwiches,1,50.02,0,Card
T0002869,2025-07-14 13:37:32,S1243,I04,Cold Coffee,Beverages,1,57.81,0,Card
T0002870,2025-07-14 09:27:38,S1348,I01,Veg Puff,Snacks,1,27.9,0,Cash
T0002870,2025-07-14 09:27:38,S1120,I03,Masala Sandwich,Sandwiches,1,49.51,25,Cash
T0002871,2025-07-14 08:18:58,S1222,I03,Masala Sandwich,Sandwiches,1,49.26,0,UPI
T0002871,2025-07-14 08:18:58,S1014,I05,Cutting Chai,Beverages,1,9.52,0,UPI
T0002872,2025-07-14 08:00:07,S1183,I06,Poha,Breakfast,1,31.78,0,Cash
T0002873,2025-07-14 14:40:30,S1386,I04,Cold Coffee,Beverages,2,58.28,0,Cash
T0002874,2025-07-14 18:15:17,S1222,I01,Veg Puff,Snacks,1,28.38,0,Cash
T0002874,2025-07-14 18:15:17,S1282,I03,Masala Sandwich,Sandwiches,1,50.69,0,UPI
T0002875,2025-07-14 12:54:07,S1159,I06,Poha,Breakfast,1,31.7,0,UPI
T0002876,2025-07-14 09:11:41,S1008,I06,Poha,Breakfast,1,32.67,0,Card
T0002877,2025-07-14 08:01:13,S1328,I01,Veg Puff,Snacks,1,28.0,0,UPI
T0002877,2025-07-14 08:01:13,S1005,I06,Poha,Breakfast,2,32.7,0,Card
T0002878,2025-07-14 13:32:15,S1254,I01,Veg Puff,Snacks,3,28.74,0,Card
T0002878,2025-07-14 13:32:15,S1256,I03,Masala Sandwich,Sandwiches,3,49.88,0,UPI
T0002879,2025-07-14 09:24:52,S1259,I04,Cold Coffee,Beverages,3,58.24,0,Card
T0002879,2025-07-14 09:24:52,S1327,I02,Samosa,Snacks,1,16.82,0,Card
T0002880,2025-07-14 09:49:48,S1063,I03,Masala Sandwich,Sandwiches,4,51.46,0,Cash
T0002880,2025-07-14 09:49:48,S1155,I05,Cutting Chai,Beverages,3,10.62,5,Card
T0002881,2025-07-14 19:47:54,S1140,I06,Poha,Breakfast,1,32.51,0,UPI
T0002882,2025-07-14 08:56:26,S1140,I02,Samosa,Snacks,2,15.33,5,UPI
T0002883,2025-07-14 19:22:43,S1346,I02,Samosa,Snacks,1,16.07,0,Card
T0002884,2025-07-14 17:26:56,S1051,I02,Samosa,Snacks,3,15.85,0,UPI
T0002884,2025-07-14 17:26:56,S1296,I05,Cutting Chai,Beverages,2,9.97,15,Cash
T0002885,2025-07-14 19:46:49,S1038,I04,Cold Coffee,Beverages,5,57.48,0,UPI
T0002886,2025-07-14 13:36:27,S1229,I05,Cutting Chai,Beverages,1,9.63,0,Cash
T0002887,2025-07-14 08:12:03,S1301,I02,Samosa,Snacks,1,15.84,0,Cash
T0002887,2025-07-14 08:12:03,S1045,I04,Cold Coffee,Beverages,2,57.81,0,Card
T0002888,2025-07-14 12:59:50,S1224,I06,Poha,Breakfast,2,30.76,0,Cash
T0002889,2025-07-14 13:53:23,S1035,I05,Cutting Chai,Beverages,1,9.74,0,UPI
T0002890,2025-07-14 09:32:26,S1309,I01,Veg Puff,Snacks,1,28.81,0,Cash
T0002891,2025-07-14 08:25:56,S1312,I01,Veg Puff,Snacks,2,29.04,0,Cash
T0002892,2025-07-14 09:33:38,S1311,I05,Cutting Chai,Beverages,1,10.02,0,Card
T0002893,2025-07-14 09:05:02,S1392,I06,Poha,Breakfast,1,32.2,0,Card
T0002894,2025-07-14 14:30:39,S1061,I05,Cutting Chai,Beverages,1,9.46,0,Card
T0002895,2025-07-14 09:26:34,S1245,I04,Cold Coffee,Beverages,3,57.44,0,Cash
T0002896,2025-07-14 08:30:24,S1156,I03,Masala Sandwich,Sandwiches,4,50.49,0,Cash
T0002896,2025-07-14 08:30:24,S1010,I05,Cutting Chai,Beverages,1,10.4,0,Cash
T0002897,2025-07-14 08:18:25,S1161,I04,Cold Coffee,Beverages,2,57.47,0,UPI
T0002897,2025-07-14 08:18:25,S1224,I05,Cutting Chai,Beverages,3,10.27,0,UPI
T0002898,2025-07-14 14:45:51,S1217,I05,Cutting Chai,Beverages,3,10.59,15,Card
T0002899,2025-07-14 08:50:35,S1171,I03,Masala Sandwich,Sandwiches,1,48.57,15,Card
T0002900,2025-07-14 13:01:46,S1113,I04,Cold Coffee,Beverages,1,57.26,15,Cash
T0002901,2025-07-14 08:04:08,S1162,I03,Masala Sandwich,Sandwiches,2,49.82,0,Cash
T0002902,2025-07-14 12:20:00,S1229,I06,Poha,Breakfast,2,31.31,0,Card
T0002903,2025-07-14 08:03:17,S1177,I01,Veg Puff,Snacks,3,27.59,0,Card
T0002903,2025-07-14 08:03:17,S1355,I02,Samosa,Snacks,1,15.02,0,Card
T0002904,2025-07-14 13:09:17,S1069,I04,Cold Coffee,Beverages,2,57.72,0,Cash
T0002904,2025-07-14 13:09:17,S1369,I01,Veg Puff,Snacks,2,28.48,0,Card
T0002905,2025-07-14 08:49:23,S1156,I02,Samosa,Snacks,3,15.82,0,Card
T0002905,2025-07-14 08:49:23,S1102,I05,Cutting Chai,Beverages,1,9.5,15,UPI
T0002906,2025-07-14 17:25:32,S1367,I04,Cold Coffee,Beverages,2,57.94,0,Card
T0002906,2025-07-14 17:25:32,S1248,I02,Samosa,Snacks,3,15.81,0,Cash
T0002907,2025-07-14 13:53:37,S1176,I03,Masala Sandwich,Sandwiches,1,49.7,0,UPI
T0002908,2025-07-14 09:55:53,S1084,I04,Cold Coffee,Beverages,3,58.57,0,UPI
T0002909,2025-07-14 13:28:56,S1173,I06,Poha,Breakfast,1,32.45,5,UPI
T0002910,2025-07-14 08:43:19,S1273,I04,Cold Coffee,Beverages,1,57.56,0,UPI
T0002911,2025-07-14 08:38:54,S1323,I03,Masala Sandwich,Sandwiches,3,50.94,0,UPI
T0002912,2025-07-14 09:00:31,S1337,I04,Cold Coffee,Beverages,1,57.81,0,Card
T0002912,2025-07-14 09:00:31,S1100,I06,Poha,Breakfast,1,32.63,0,Cash
T0002913,2025-07-14 12:28:32,S1096,I03,Masala Sandwich,Sandwiches,4,49.97,0,Cash
T0002914,2025-07-14 13:47:26,S1150,I05,Cutting Chai,Beverages,2,9.67,5,Cash
T0002915,2025-07-14 09:46:30,S1286,I06,Poha,Breakfast,1,31.81,0,Card
T0002916,2025-07-14 09:35:24,S1126,I02,Samosa,Snacks,1,15.09,0,UPI
T0002916,2025-07-14 09:35:24,S1168,I05,Cutting Chai,Beverages,1,9.18,5,Cash
T0002917,2025-07-14 09:38:43,S1068,I03,Masala Sandwich,Sandwiches,1,49.61,0,Cash
T0002918,2025-07-14 09:07:31,S1347,I05,Cutting Chai,Beverages,1,10.24,0,Cash
T0002918,2025-07-14 09:07:31,S1199,I03,Masala Sandwich,Sandwiches,1,50.05,0,UPI
T0002919,2025-07-14 12:59:39,S1156,I06,Poha,Breakfast,1,32.31,10,Card
T0002919,2025-07-14 12:59:39,S1388,I04,Cold Coffee,Beverages,1,57.94,0,Cash
T0002920,2025-07-14 13:08:59,S1294,I05,Cutting Chai,Beverages,5,9.13,0,Cash
T0002921,2025-07-14 12:13:12,S1029,I06,Poha,Breakfast,1,30.88,0,Card
T0002922,2025-07-14 09:39:19,S1324,I05,Cutting Chai,Beverages,2,9.21,25,Card
T0002922,2025-07-14 09:39:19,S1321,I04,Cold Coffee,Beverages,2,57.61,0,Cash
T0002923,2025-07-14 09:32:58,S1385,I04,Cold Coffee,Beverages,3,58.09,25,Card
T0002923,2025-07-14 09:32:58,S1262,I01,Veg Puff,Snacks,2,27.54,0,Card
T0002924,2025-07-14 09:40:30,S1094,I06,Poha,Breakfast,1,32.8,0,Cash
T0002925,2025-07-14 09:40:45,S1057,I05,Cutting Chai,Beverages,4,9.58,10,UPI
T0002926,2025-07-14 08:24:02,S1218,I02,Samosa,Snacks,1,15.88,0,Cash
T0002927,2025-07-14 14:36:15,S1234,I03,Masala Sandwich,Sandwiches,1,49.27,0,Card
T0002927,2025-07-14 14:36:15,S1344,I05,Cutting Chai,Beverages,2,9.57,15,Cash
T0002928,2025-07-14 08:04:14,S1316,I02,Samosa,Snacks,1,15.41,0,UPI
T0002929,2025-07-14 14:30:04,S1287,I04,Cold Coffee,Beverages,5,57.83,10,Card
T0002930,2025-07-14 19:35:15,S1028,I05,Cutting Chai,Beverages,2,10.64,0,UPI
T0002930,2025-07-14 19:35:15,S1331,I01,Veg Puff,Snacks,1,28.05,10,Cash
T0002931,2025-07-14 09:34:31,S1126,I03,Masala Sandwich,Sandwiches,1,51.45,0,Card
T0002932,2025-07-14 12:08:12,S1109,I01,Veg Puff,Snacks,1,27.86,10,UPI
T0002932,2025-07-14 12:08:12,S1043,I02,Samosa,Snacks,1,15.5,0,Cash
T0002933,2025-07-14 17:30:14,S1067,I01,Veg Puff,Snacks,1,27.69,0,UPI
T0002934,2025-07-14 08:38:28,S1244,I04,Cold Coffee,Beverages,2,57.89,15,UPI
T0002934,2025-07-14 08:38:28,S1132,I03,Masala Sandwich,Sandwiches,1,49.67,15,Cash
T0002935,2025-07-14 18:29:39,S1229,I03,Masala Sandwich,Sandwiches,4,51.27,0,Cash
T0002936,2025-07-14 08:04:28,S1383,I05,Cutting Chai,Beverages,3,9.85,25,Card
T0002936,2025-07-14 08:04:28,S1253,I06,Poha,Breakfast,1,32.29,0,UPI
T0002937,2025-07-14 08:52:36,S1210,I04,Cold Coffee,Beverages,1,58.16,5,Cash
T0002937,2025-07-14 08:52:36,S1381,I03,Masala Sandwich,Sandwiches,1,49.9,0,Card
T0002938,2025-07-14 08:25:31,S1267,I01,Veg Puff,Snacks,2,27.54,0,Cash
T0002939,2025-07-14 17:33:24,S1202,I01,Veg Puff,Snacks,1,28.94,0,Cash
T0002940,2025-07-14 14:08:57,S1194,I01,Veg Puff,Snacks,1,27.88,0,Card
T0002940,2025-07-14 14:08:57,S1115,I03,Masala Sandwich,Sandwiches,1,50.67,10,UPI
T0002941,2025-07-14 09:51:49,S1032,I06,Poha,Breakfast,1,31.66,0,Card
T0002942,2025-07-14 13:43:40,S1032,I05,Cutting Chai,Beverages,1,10.25,0,Cash
T0002943,2025-07-14 14:15:33,S1081,I01,Veg Puff,Snacks,2,28.69,0,UPI
T0002944,2025-07-14 17:03:08,S1322,I04,Cold Coffee,Beverages,1,58.22,0,UPI
T0002945,2025-07-14 08:58:58,S1358,I05,Cutting Chai,Beverages,2,10.02,0,UPI
T0002946,2025-07-14 18:05:31,S1094,I04,Cold Coffee,Beverages,3,59.0,0,UPI
T0002947,2025-07-14 08:35:13,S1289,I04,Cold Coffee,Beverages,1,59.1,0,Cash
T0002948,2025-07-14 13:57:25,S1219,I06,Poha,Breakfast,1,32.69,0,UPI
T0002949,2025-07-14 18:33:24,S1325,I06,Poha,Breakfast,1,31.72,0,Cash
T0002950,2025-07-14 09:28:38,S1246,I03,Masala Sandwich,Sandwiches,3,50.79,0,UPI
T0002951,2025-07-14 09:24:42,S1084,I06,Poha,Breakfast,2,30.96,0,UPI
T0002952,2025-07-14 08:45:39,S1218,I03,Masala Sandwich,Sandwiches,1,50.37,0,Cash
T0002952,2025-07-14 08:45:39,S1059,I02,Samosa,Snacks,1,15.82,0,UPI
T0002953,2025-07-14 14:47:56,S1100,I01,Veg Puff,Snacks,3,27.75,0,UPI
T0002953,2025-07-14 14:47:56,S1013,I04,Cold Coffee,Beverages,4,57.13,0,Card
T0002954,2025-07-14 17:32:29,S1286,I03,Masala Sandwich,Sandwiches,1,49.45,0,UPI
T0002955,2025-07-14 13:17:56,S1121,I02,Samosa,Snacks,2,16.83,0,UPI
T0002955,2025-07-14 13:17:56,S1339,I06,Poha,Breakfast,4,32.59,0,Card
T0002956,2025-07-14 14:49:09,S1033,I03,Masala Sandwich,Sandwiches,1,49.82,0,Cash
T0002956,2025-07-14 14:49:09,S1284,I06,Poha,Breakfast,2,31.41,0,Cash
T0002957,2025-07-15 08:19:26,S1004,I01,Veg Puff,Snacks,1,26.57,0,Cash
T0002958,2025-07-15 14:14:16,S1120,I02,Samosa,Snacks,4,15.58,0,Card
T0002959,2025-07-15 17:23:36,S1399,I06,Poha,Breakfast,1,32.26,0,Cash
T0002959,2025-07-15 17:23:36,S1107,I03,Masala Sandwich,Sandwiches,1,50.72,0,Cash
T0002960,2025-07-15 14:51:57,S1230,I01,Veg Puff,Snacks,4,27.01,0,Cash
T0002961,2025-07-15 08:32:02,S1264,I03,Masala Sandwich,Sandwiches,1,50.76,0,Cash
T0002962,2025-07-15 18:59:29,S1100,I03,Masala Sandwich,Sandwiches,2,49.85,0,Cash
T0002963,2025-07-15 12:39:07,S1006,I01,Veg Puff,Snacks,2,25.44,0,Card
T0002964,2025-07-15 09:33:40,S1206,I06,Poha,Breakfast,1,32.33,0,Card
T0002964,2025-07-15 09:33:40,S1263,I01,Veg Puff,Snacks,2,26.5,0,Card
T0002965,2025-07-15 13:41:34,S1121,I04,Cold Coffee,Beverages,2,59.37,0,UPI
T0002966,2025-07-15 12:23:30,S1240,I06,Poha,Breakfast,1,32.3,0,UPI
T0002967,2025-07-15 09:39:17,S1301,I04,Cold Coffee,Beverages,2,58.05,0,Cash
T0002968,2025-07-15 12:44:00,S1129,I01,Veg Puff,Snacks,1,26.23,0,Card
T0002968,2025-07-15 12:44:00,S1120,I02,Samosa,Snacks,1,15.66,0,UPI
T0002969,2025-07-15 08:32:43,S1325,I01,Veg Puff,Snacks,2,26.13,15,UPI
T0002970,2025-07-15 09:58:28,S1042,I05,Cutting Chai,Beverages,1,11.27,25,Cash
T0002971,2025-07-15 19:41:14,S1036,I06,Poha,Breakfast,2,32.08,0,Cash
T0002972,2025-07-15 09:49:43,S1192,I01,Veg Puff,Snacks,2,25.03,10,Card
T0002973,2025-07-15 17:37:09,S1157,I04,Cold Coffee,Beverages,2,57.67,0,UPI
T0002973,2025-07-15 17:37:09,S1283,I05,Cutting Chai,Beverages,3,8.99,15,UPI
T0002974,2025-07-15 12:23:54,S1135,I03,Masala Sandwich,Sandwiches,1,50.13,0,Cash
T0002975,2025-07-15 08:02:14,S1011,I02,Samosa,Snacks,2,15.91,0,UPI
T0002976,2025-07-15 13:24:29,S1331,I05,Cutting Chai,Beverages,4,9.93,0,Card
T0002977,2025-07-15 14:26:32,S1185,I01,Veg Puff,Snacks,1,25.54,0,UPI
T0002978,2025-07-15 12:06:34,S1091,I06,Poha,Breakfast,2,31.83,0,Cash
T0002979,2025-07-15 09:26:40,S1133,I02,Samosa,Snacks,2,15.66,0,UPI
T0002979,2025-07-15 09:26:40,S1053,I05,Cutting Chai,Beverages,1,10.28,0,UPI
T0002980,2025-07-15 08:53:18,S1298,I03,Masala Sandwich,Sandwiches,1,49.71,0,Card
T0002980,2025-07-15 08:53:18,S1384,I01,Veg Puff,Snacks,1,25.81,0,UPI
T0002981,2025-07-15 12:59:14,S1281,I05,Cutting Chai,Beverages,3,10.3,0,UPI
T0002982,2025-07-15 12:08:45,S1103,I05,Cutting Chai,Beverages,1,10.88,0,UPI
T0002983,2025-07-15 09:40:25,S1333,I06,Poha,Breakfast,3,30.5,0,Card
T0002984,2025-07-15 09:15:29,S1293,I04,Cold Coffee,Beverages,1,57.94,0,UPI
T0002985,2025-07-15 14:59:26,S1157,I06,Poha,Breakfast,2,32.39,0,Cash
T0002986,2025-07-15 17:27:22,S1175,I03,Masala Sandwich,Sandwiches,2,49.76,0,Cash
T0002986,2025-07-15 17:27:22,S1065,I04,Cold Coffee,Beverages,2,57.65,15,Card
T0002987,2025-07-15 12:08:36,S1326,I03,Masala Sandwich,Sandwiches,1,49.67,0,Card
T0002987,2025-07-15 12:08:36,S1350,I06,Poha,Breakfast,1,31.93,0,Cash
T0002988,2025-07-15 14:16:58,S1104,I05,Cutting Chai,Beverages,3,9.31,0,Card
T0002989,2025-07-15 09:42:47,S1298,I06,Poha,Breakfast,1,31.41,5,UPI
T0002990,2025-07-15 13:46:33,S1083,I01,Veg Puff,Snacks,1,26.4,0,Card
T0002990,2025-07-15 13:46:33,S1080,I06,Poha,Breakfast,2,31.74,0,Card
T0002991,2025-07-15 19:56:37,S1208,I06,Poha,Breakfast,2,32.08,0,UPI
T0002992,2025-07-15 09:26:55,S1306,I02,Samosa,Snacks,3,16.39,10,Card
T0002992,2025-07-15 09:26:55,S1304,I03,Masala Sandwich,Sandwiches,1,49.74,0,UPI
T0002993,2025-07-15 12:03:38,S1365,I06,Poha,Breakfast,1,32.53,10,Cash
T0002993,2025-07-15 12:03:38,S1148,I05,Cutting Chai,Beverages,1,11.02,0,Card
T0002994,2025-07-15 09:11:17,S1221,I02,Samosa,Snacks,1,16.7,0,Card
T0002994,2025-07-15 09:11:17,S1307,I06,Poha,Breakfast,3,31.57,0,Cash
T0002995,2025-07-15 08:17:52,S1314,I05,Cutting Chai,Beverages,2,9.32,0,Card
T0002996,2025-07-15 14:33:29,S1266,I02,Samosa,Snacks,3,15.96,5,UPI
T0002997,2025-07-15 09:47:28,S1319,I06,Poha,Breakfast,2,32.24,0,Cash
T0002998,2025-07-15 08:37:25,S1037,I04,Cold Coffee,Beverages,1,57.42,0,Cash
T0002998,2025-07-15 08:37:25,S1219,I02,Samosa,Snacks,1,16.05,0,Card
T0002999,2025-07-15 14:34:45,S1079,I05,Cutting Chai,Beverages,2,8.78,0,UPI
T0003000,2025-07-15 09:05:40,S1193,I05,Cutting Chai,Beverages,1,9.95,0,Card
T0003000,2025-07-15 09:05:40,S1367,I03,Masala Sandwich,Sandwiches,1,49.71,0,Cash
T0003001,2025-07-15 09:58:13,S1112,I02,Samosa,Snacks,1,15.78,0,UPI
T0003002,2025-07-15 13:30:42,S1227,I01,Veg Puff,Snacks,2,25.54,15,UPI
T0003002,2025-07-15 13:30:42,S1346,I05,Cutting Chai,Beverages,1,8.48,0,Card
T0003003,2025-07-15 09:55:29,S1261,I06,Poha,Breakfast,4,32.0,0,Cash
T0003004,2025-07-15 14:33:38,S1082,I06,Poha,Breakfast,1,31.72,0,Cash
T0003005,2025-07-15 18:33:45,S1398,I04,Cold Coffee,Beverages,1,57.41,10,UPI
T0003006,2025-07-15 14:09:06,S1330,I02,Samosa,Snacks,2,16.42,0,UPI
T0003007,2025-07-15 12:09:57,S1226,I06,Poha,Breakfast,1,32.28,5,UPI
T0003007,2025-07-15 12:09:57,S1058,I01,Veg Puff,Snacks,1,26.04,0,Card
T0003008,2025-07-15 13:09:54,S1290,I05,Cutting Chai,Beverages,2,10.37,0,Card
T0003009,2025-07-15 13:29:29,S1208,I05,Cutting Chai,Beverages,3,10.58,0,UPI
T0003010,2025-07-15 13:55:09,S1094,I01,Veg Puff,Snacks,1,25.19,15,Card
T0003011,2025-07-15 08:52:07,S1387,I06,Poha,Breakfast,1,31.34,0,Card
T0003011,2025-07-15 08:52:07,S1355,I04,Cold Coffee,Beverages,1,58.89,0,Cash
T0003012,2025-07-15 09:05:05,S1274,I03,Masala Sandwich,Sandwiches,1,49.89,0,UPI
T0003013,2025-07-15 18:48:30,S1115,I03,Masala Sandwich,Sandwiches,1,49.17,0,Card
T0003013,2025-07-15 18:48:30,S1079,I02,Samosa,Snacks,1,15.98,0,UPI
T0003014,2025-07-15 08:49:38,S1093,I05,Cutting Chai,Beverages,2,9.33,0,UPI
T0003015,2025-07-15 08:40:08,S1195,I04,Cold Coffee,Beverages,1,58.94,0,Cash
T0003016,2025-07-15 13:16:14,S1124,I05,Cutting Chai,Beverages,2,10.28,0,UPI
T0003017,2025-07-15 18:49:09,S1056,I02,Samosa,Snacks,1,15.72,10,Card
T0003018,2025-07-15 13:14:43,S1385,I02,Samosa,Snacks,3,15.26,5,UPI
T0003019,2025-07-15 12:41:53,S1295,I01,Veg Puff,Snacks,1,26.61,0,Cash
T0003019,2025-07-15 12:41:53,S1022,I05,Cutting Chai,Beverages,2,10.62,0,Cash
T0003020,2025-07-15 12:49:25,S1315,I04,Cold Coffee,Beverages,2,58.0,0,Card
T0003021,2025-07-15 14:14:27,S1082,I05,Cutting Chai,Beverages,1,10.75,10,Cash
T0003022,2025-07-15 13:37:45,S1080,I05,Cutting Chai,Beverages,2,9.74,0,Cash
T0003023,2025-07-15 14:01:52,S1119,I01,Veg Puff,Snacks,2,23.39,0,UPI
T0003023,2025-07-15 14:01:52,S1159,I05,Cutting Chai,Beverages,1,10.55,0,Card
T0003024,2025-07-15 12:13:22,S1291,I02,Samosa,Snacks,1,15.12,0,UPI
T0003024,2025-07-15 12:13:22,S1088,I01,Veg Puff,Snacks,4,26.09,0,UPI
T0003025,2025-07-15 13:46:22,S1113,I06,Poha,Breakfast,1,32.21,0,UPI
T0003025,2025-07-15 13:46:22,S1248,I05,Cutting Chai,Beverages,5,10.34,0,UPI
T0003026,2025-07-15 09:16:10,S1186,I03,Masala Sandwich,Sandwiches,1,50.45,0,UPI
T0003027,2025-07-15 14:18:59,S1002,I06,Poha,Breakfast,2,30.94,0,Cash
T0003028,2025-07-15 12:39:03,S1191,I02,Samosa,Snacks,1,16.29,0,UPI
T0003029,2025-07-15 13:00:12,S1106,I06,Poha,Breakfast,3,31.75,0,Cash
T0003030,2025-07-15 13:58:44,S1117,I02,Samosa,Snacks,1,16.87,0,UPI
T0003030,2025-07-15 13:58:44,S1078,I01,Veg Puff,Snacks,2,26.14,10,Card
T0003031,2025-07-15 13:18:02,S1160,I03,Masala Sandwich,Sandwiches,2,50.91,0,UPI
T0003032,2025-07-15 08:49:50,S1324,I03,Masala Sandwich,Sandwiches,2,49.97,0,Card
T0003033,2025-07-15 18:18:51,S1095,I03,Masala Sandwich,Sandwiches,1,50.5,5,Card
T0003033,2025-07-15 18:18:51,S1050,I01,Veg Puff,Snacks,2,26.15,0,UPI
T0003034,2025-07-15 09:14:47,S1325,I05,Cutting Chai,Beverages,1,10.15,0,Card
T0003035,2025-07-15 09:03:11,S1195,I05,Cutting Chai,Beverages,2,9.38,0,Card
T0003036,2025-07-15 09:29:47,S1164,I06,Poha,Breakfast,1,33.38,0,Cash
T0003037,2025-07-15 09:22:13,S1281,I02,Samosa,Snacks,1,15.91,0,UPI
T0003037,2025-07-15 09:22:13,S1270,I05,Cutting Chai,Beverages,1,9.74,10,UPI
T0003038,2025-07-15 08:54:13,S1152,I01,Veg Puff,Snacks,2,26.85,0,Cash
T0003039,2025-07-15 08:07:21,S1266,I03,Masala Sandwich,Sandwiches,1,50.26,0,UPI
T0003040,2025-07-15 14:08:57,S1193,I04,Cold Coffee,Beverages,1,57.34,0,UPI
T0003040,2025-07-15 14:08:57,S1023,I03,Masala Sandwich,Sandwiches,2,48.5,0,UPI
T0003041,2025-07-15 13:43:17,S1297,I03,Masala Sandwich,Sandwiches,2,50.27,0,Cash
T0003042,2025-07-15 08:15:45,S1324,I03,Masala Sandwich,Sandwiches,1,49.46,0,UPI
T0003042,2025-07-15 08:15:45,S1359,I06,Poha,Breakfast,1,31.58,0,Cash
T0003043,2025-07-15 12:25:09,S1315,I02,Samosa,Snacks,2,15.82,0,UPI
T0003043,2025-07-15 12:25:09,S1070,I05,Cutting Chai,Beverages,1,9.06,0,Card
T0003044,2025-07-15 12:43:33,S1166,I04,Cold Coffee,Beverages,2,57.81,0,Cash
T0003045,2025-07-15 08:19:07,S1081,I06,Poha,Breakfast,3,31.82,0,Card
T0003045,2025-07-15 08:19:07,S1377,I02,Samosa,Snacks,1,16.03,10,Card
T0003046,2025-07-15 13:04:53,S1355,I02,Samosa,Snacks,1,15.86,0,Cash
T0003047,2025-07-15 08:52:40,S1168,I05,Cutting Chai,Beverages,2,10.25,10,UPI
T0003047,2025-07-15 08:52:40,S1088,I04,Cold Coffee,Beverages,3,57.66,10,Card
T0003048,2025-07-15 13:03:47,S1014,I05,Cutting Chai,Beverages,2,9.17,0,Card
T0003048,2025-07-15 13:03:47,S1091,I04,Cold Coffee,Beverages,2,58.3,0,UPI
T0003049,2025-07-15 12:30:07,S1092,I05,Cutting Chai,Beverages,2,9.74,0,Cash
T0003049,2025-07-15 12:30:07,S1002,I03,Masala Sandwich,Sandwiches,1,50.2,0,UPI
T0003050,2025-07-15 19:23:18,S1330,I02,Samosa,Snacks,1,15.87,10,Card
T0003051,2025-07-15 09:45:01,S1225,I02,Samosa,Snacks,1,16.54,0,UPI
T0003052,2025-07-15 09:44:59,S1293,I03,Masala Sandwich,Sandwiches,2,50.59,0,Card
T0003053,2025-07-15 14:01:55,S1092,I04,Cold Coffee,Beverages,1,58.1,10,Card
T0003054,2025-07-15 13:38:48,S1075,I04,Cold Coffee,Beverages,1,58.38,0,Card
T0003054,2025-07-15 13:38:48,S1124,I02,Samosa,Snacks,2,16.0,0,Cash
T0003055,2025-07-15 14:54:48,S1170,I02,Samosa,Snacks,3,14.38,0,Cash
T0003056,2025-07-15 14:25:29,S1165,I01,Veg Puff,Snacks,1,26.48,25,UPI
T0003056,2025-07-15 14:25:29,S1386,I05,Cutting Chai,Beverages,1,10.16,0,Card
T0003057,2025-07-15 08:04:22,S1044,I02,Samosa,Snacks,3,15.43,0,Cash
T0003058,2025-07-15 13:02:52,S1034,I03,Masala Sandwich,Sandwiches,3,49.06,0,Cash
T0003059,2025-07-15 08:42:40,S1005,I02,Samosa,Snacks,1,15.82,0,Card
T0003060,2025-07-15 17:25:04,S1146,I01,Veg Puff,Snacks,3,25.87,0,UPI
T0003061,2025-07-15 13:17:13,S1366,I03,Masala Sandwich,Sandwiches,1,49.43,0,Card
T0003062,2025-07-15 13:33:32,S1186,I01,Veg Puff,Snacks,3,24.38,0,Cash
T0003063,2025-07-15 17:11:24,S1309,I01,Veg Puff,Snacks,2,25.71,25,Card
T0003063,2025-07-15 17:11:24,S1357,I06,Poha,Breakfast,1,33.18,0,Cash
T0003064,2025-07-15 09:40:52,S1171,I03,Masala Sandwich,Sandwiches,1,49.12,0,Cash
T0003064,2025-07-15 09:40:52,S1214,I06,Poha,Breakfast,3,31.65,0,UPI
T0003065,2025-07-15 14:39:07,S1154,I01,Veg Puff,Snacks,2,25.46,0,UPI
T0003066,2025-07-15 13:22:05,S1233,I04,Cold Coffee,Beverages,4,57.69,5,UPI
T0003067,2025-07-15 19:03:27,S1325,I01,Veg Puff,Snacks,2,25.41,10,UPI
T0003068,2025-07-15 13:43:43,S1010,I01,Veg Puff,Snacks,1,26.48,0,Card
T0003069,2025-07-15 12:00:21,S1338,I01,Veg Puff,Snacks,3,25.64,0,Cash
T0003070,2025-07-15 09:51:41,S1108,I01,Veg Puff,Snacks,2,25.01,0,UPI
T0003071,2025-07-15 09:20:05,S1003,I01,Veg Puff,Snacks,2,26.12,10,Cash
T0003071,2025-07-15 09:20:05,S1342,I05,Cutting Chai,Beverages,3,10.42,0,Card
T0003072,2025-07-15 08:09:53,S1383,I04,Cold Coffee,Beverages,1,58.1,0,Card
T0003073,2025-07-15 12:28:53,S1350,I06,Poha,Breakfast,1,32.32,0,Card
T0003074,2025-07-15 18:44:56,S1281,I04,Cold Coffee,Beverages,1,58.77,15,Cash
T0003075,2025-07-15 09:07:59,S1270,I06,Poha,Breakfast,1,32.66,0,Card
T0003076,2025-07-15 12:45:38,S1340,I02,Samosa,Snacks,1,15.35,0,Cash
T0003076,2025-07-15 12:45:38,S1343,I06,Poha,Breakfast,1,31.67,0,Card
T0003077,2025-07-15 13:07:32,S1086,I06,Poha,Breakfast,1,31.5,0,Cash
T0003078,2025-07-15 09:15:14,S1006,I05,Cutting Chai,Beverages,4,12.25,10,UPI
T0003079,2025-07-15 09:37:42,S1047,I05,Cutting Chai,Beverages,2,9.88,0,Card
T0003080,2025-07-15 12:04:04,S1385,I02,Samosa,Snacks,1,15.23,0,UPI
T0003081,2025-07-15 12:55:08,S1189,I03,Masala Sandwich,Sandwiches,1,49.21,0,UPI
T0003081,2025-07-15 12:55:08,S1137,I01,Veg Puff,Snacks,1,25.64,0,Cash
T0003082,2025-07-15 14:43:39,S1382,I03,Masala Sandwich,Sandwiches,1,48.45,0,Card
T0003082,2025-07-15 14:43:39,S1269,I04,Cold Coffee,Beverages,1,57.64,0,Card
T0003083,2025-07-15 14:12:01,S1087,I04,Cold Coffee,Beverages,1,57.75,5,Card
T0003084,2025-07-15 09:12:26,S1169,I02,Samosa,Snacks,4,16.32,0,UPI
T0003085,2025-07-15 17:54:25,S1043,I06,Poha,Breakfast,1,31.92,0,Card
T0003085,2025-07-15 17:54:25,S1230,I04,Cold Coffee,Beverages,2,57.66,0,Card
T0003086,2025-07-15 13:00:09,S1217,I05,Cutting Chai,Beverages,3,9.76,5,Card
T0003087,2025-07-15 12:21:46,S1166,I01,Veg Puff,Snacks,2,26.14,0,UPI
T0003088,2025-07-15 19:23:27,S1274,I03,Masala Sandwich,Sandwiches,1,49.41,0,Cash
T0003089,2025-07-15 12:27:20,S1271,I03,Masala Sandwich,Sandwiches,1,50.19,0,UPI
T0003090,2025-07-15 14:44:04,S1176,I02,Samosa,Snacks,2,15.18,0,Cash
T0003091,2025-07-15 13:21:40,S1343,I01,Veg Puff,Snacks,1,25.92,0,UPI
T0003092,2025-07-15 09:01:15,S1114,I01,Veg Puff,Snacks,2,26.05,0,Cash
T0003093,2025-07-15 19:06:04,S1029,I01,Veg Puff,Snacks,2,25.94,0,Cash
T0003094,2025-07-15 14:18:38,S1311,I05,Cutting Chai,Beverages,2,10.52,10,Cash
T0003095,2025-07-15 13:17:54,S1071,I01,Veg Puff,Snacks,1,25.92,0,UPI
T0003096,2025-07-15 12:06:39,S1268,I04,Cold Coffee,Beverages,1,57.91,10,Cash
T0003096,2025-07-15 12:06:39,S1262,I02,Samosa,Snacks,3,16.13,0,Card
T0003097,2025-07-15 14:24:53,S1022,I03,Masala Sandwich,Sandwiches,1,50.33,10,Card
T0003098,2025-07-15 14:12:38,S1029,I06,Poha,Breakfast,1,31.72,0,UPI
T0003098,2025-07-15 14:12:38,S1209,I02,Samosa,Snacks,1,16.34,0,Card
T0003099,2025-07-15 12:50:00,S1125,I01,Veg Puff,Snacks,2,25.76,0,Cash
T0003100,2025-07-15 13:52:54,S1138,I01,Veg Puff,Snacks,1,26.54,0,Cash
T0003100,2025-07-15 13:52:54,S1147,I05,Cutting Chai,Beverages,2,8.79,0,Card
T0003101,2025-07-15 14:39:55,S1353,I04,Cold Coffee,Beverages,2,56.45,0,UPI
T0003102,2025-07-15 19:18:42,S1005,I01,Veg Puff,Snacks,5,26.38,0,UPI
T0003103,2025-07-15 13:27:44,S1077,I01,Veg Puff,Snacks,1,25.55,0,Card
T0003104,2025-07-15 18:16:45,S1379,I04,Cold Coffee,Beverages,3,58.67,5,UPI
T0003105,2025-07-15 19:58:44,S1101,I06,Poha,Breakfast,2,31.05,15,Cash
T0003106,2025-07-15 18:29:30,S1348,I03,Masala Sandwich,Sandwiches,1,50.41,0,Card
T0003106,2025-07-15 18:29:30,S1323,I01,Veg Puff,Snacks,1,25.4,5,UPI
T0003107,2025-07-15 19:35:55,S1334,I01,Veg Puff,Snacks,1,25.68,25,UPI
T0003107,2025-07-15 19:35:55,S1328,I05,Cutting Chai,Beverages,3,9.68,0,Cash
T0003108,2025-07-15 14:35:34,S1143,I02,Samosa,Snacks,1,16.26,0,Card
T0003109,2025-07-15 08:08:20,S1034,I02,Samosa,Snacks,1,15.08,0,Cash
T0003110,2025-07-15 14:04:38,S1276,I06,Poha,Breakfast,2,31.6,0,Card
T0003111,2025-07-15 13:26:08,S1284,I01,Veg Puff,Snacks,2,25.55,0,Cash
T0003111,2025-07-15 13:26:08,S1044,I05,Cutting Chai,Beverages,1,9.39,10,Card
T0003112,2025-07-15 14:49:38,S1320,I06,Poha,Breakfast,3,31.45,0,UPI
T0003113,2025-07-15 09:14:07,S1039,I04,Cold Coffee,Beverages,2,58.36,0,Cash
T0003114,2025-07-15 18:21:08,S1272,I02,Samosa,Snacks,2,15.94,0,Cash
T0003115,2025-07-15 12:07:27,S1184,I05,Cutting Chai,Beverages,4,10.82,10,UPI
T0003115,2025-07-15 12:07:27,S1007,I03,Masala Sandwich,Sandwiches,2,49.77,5,UPI
T0003116,2025-07-15 13:21:07,S1389,I02,Samosa,Snacks,1,16.85,15,Cash
T0003117,2025-07-15 17:19:59,S1058,I01,Veg Puff,Snacks,3,26.18,0,UPI
T0003117,2025-07-15 17:19:59,S1256,I03,Masala Sandwich,Sandwiches,3,50.26,5,Card
T0003118,2025-07-15 14:14:20,S1216,I04,Cold Coffee,Beverages,3,58.23,0,Card
T0003119,2025-07-15 14:14:44,S1203,I04,Cold Coffee,Beverages,1,59.07,0,Cash
T0003119,2025-07-15 14:14:44,S1368,I03,Masala Sandwich,Sandwiches,2,49.75,10,Card
T0003120,2025-07-15 19:50:40,S1097,I01,Veg Puff,Snacks,1,26.32,0,UPI
T0003121,2025-07-15 09:08:30,S1307,I01,Veg Puff,Snacks,2,25.83,0,UPI
T0003122,2025-07-15 13:02:54,S1075,I03,Masala Sandwich,Sandwiches,3,50.46,0,Card
T0003123,2025-07-15 08:51:26,S1107,I05,Cutting Chai,Beverages,4,11.24,0,Card
T0003123,2025-07-15 08:51:26,S1339,I03,Masala Sandwich,Sandwiches,2,49.97,0,Card
T0003124,2025-07-15 13:46:49,S1115,I06,Poha,Breakfast,1,32.25,5,Cash
T0003125,2025-07-15 09:21:03,S1019,I04,Cold Coffee,Beverages,2,59.45,10,UPI
T0003126,2025-07-15 14:08:48,S1380,I03,Masala Sandwich,Sandwiches,1,50.51,0,Card
T0003127,2025-07-15 19:54:54,S1108,I06,Poha,Breakfast,1,31.93,0,UPI
T0003128,2025-07-15 13:35:57,S1176,I02,Samosa,Snacks,1,16.82,0,Cash
T0003129,2025-07-15 14:46:34,S1326,I05,Cutting Chai,Beverages,1,10.1,0,UPI
T0003130,2025-07-15 19:06:07,S1230,I02,Samosa,Snacks,2,16.08,0,Card
T0003131,2025-07-15 19:17:53,S1071,I04,Cold Coffee,Beverages,1,57.88,0,UPI
T0003131,2025-07-15 19:17:53,S1334,I06,Poha,Breakfast,1,30.62,0,UPI
T0003132,2025-07-15 13:34:02,S1009,I03,Masala Sandwich,Sandwiches,1,49.27,0,Cash
T0003133,2025-07-15 08:48:41,S1285,I05,Cutting Chai,Beverages,1,9.95,0,Cash
T0003133,2025-07-15 08:48:41,S1338,I06,Poha,Breakfast,1,32.21,25,UPI
T0003134,2025-07-15 08:48:08,S1047,I03,Masala Sandwich,Sandwiches,1,50.77,15,UPI
T0003135,2025-07-16 12:37:08,S1094,I01,Veg Puff,Snacks,2,26.39,0,UPI
T0003135,2025-07-16 12:37:08,S1157,I05,Cutting Chai,Beverages,1,9.95,0,Cash
T0003136,2025-07-16 12:29:46,S1089,I06,Poha,Breakfast,2,32.28,0,Card
T0003136,2025-07-16 12:29:46,S1154,I01,Veg Puff,Snacks,2,27.6,5,Cash
T0003137,2025-07-16 14:39:22,S1085,I05,Cutting Chai,Beverages,3,10.37,0,Card
T0003138,2025-07-16 08:51:58,S1112,I02,Samosa,Snacks,2,15.01,0,UPI
T0003139,2025-07-16 13:45:24,S1163,I02,Samosa,Snacks,1,16.31,0,Cash
T0003139,2025-07-16 13:45:24,S1103,I06,Poha,Breakfast,2,32.27,0,Cash
T0003140,2025-07-16 08:07:43,S1399,I05,Cutting Chai,Beverages,2,9.97,0,Cash
T0003141,2025-07-16 17:03:17,S1305,I06,Poha,Breakfast,2,30.88,0,Card
T0003141,2025-07-16 17:03:17,S1327,I02,Samosa,Snacks,1,15.6,0,Cash
T0003142,2025-07-16 13:30:41,S1163,I06,Poha,Breakfast,1,31.73,0,Cash
T0003143,2025-07-16 19:16:22,S1356,I06,Poha,Breakfast,1,31.59,0,UPI
T0003144,2025-07-16 12:41:45,S1344,I04,Cold Coffee,Beverages,3,58.34,0,Card
T0003145,2025-07-16 13:10:13,S1270,I02,Samosa,Snacks,4,15.88,0,Cash
T0003146,2025-07-16 09:07:20,S1030,I03,Masala Sandwich,Sandwiches,1,49.94,0,Card
T0003147,2025-07-16 12:04:39,S1360,I03,Masala Sandwich,Sandwiches,1,51.04,0,UPI
T0003148,2025-07-16 12:43:39,S1244,I01,Veg Puff,Snacks,1,25.8,0,Cash
T0003149,2025-07-16 08:57:35,S1048,I03,Masala Sandwich,Sandwiches,1,50.0,0,Card
T0003149,2025-07-16 08:57:35,S1247,I02,Samosa,Snacks,1,15.33,0,UPI
T0003150,2025-07-16 09:34:28,S1051,I03,Masala Sandwich,Sandwiches,1,50.34,10,Card
T0003150,2025-07-16 09:34:28,S1047,I02,Samosa,Snacks,1,16.68,0,Card
T0003151,2025-07-16 18:09:14,S1235,I05,Cutting Chai,Beverages,2,9.87,0,Cash
T0003152,2025-07-16 12:31:58,S1191,I06,Poha,Breakfast,6,30.75,0,UPI
T0003153,2025-07-16 17:43:16,S1342,I02,Samosa,Snacks,1,15.61,0,Cash
T0003154,2025-07-16 14:29:40,S1134,I02,Samosa,Snacks,1,16.56,0,Card
T0003155,2025-07-16 12:50:27,S1042,I05,Cutting Chai,Beverages,1,9.33,0,UPI
T0003156,2025-07-16 09:06:03,S1086,I04,Cold Coffee,Beverages,2,57.97,0,Cash
T0003156,2025-07-16 09:06:03,S1268,I05,Cutting Chai,Beverages,2,9.55,0,Card
T0003157,2025-07-16 12:27:14,S1124,I06,Poha,Breakfast,2,32.51,0,UPI
T0003158,2025-07-16 18:54:30,S1193,I05,Cutting Chai,Beverages,4,9.97,0,Cash
T0003159,2025-07-16 19:18:24,S1258,I01,Veg Puff,Snacks,3,25.83,0,Cash
T0003160,2025-07-16 14:15:07,S1137,I02,Samosa,Snacks,3,15.61,0,UPI
T0003160,2025-07-16 14:15:07,S1234,I04,Cold Coffee,Beverages,2,59.57,0,Cash
T0003161,2025-07-16 17:58:41,S1347,I02,Samosa,Snacks,1,16.41,0,UPI
T0003162,2025-07-16 08:54:19,S1094,I05,Cutting Chai,Beverages,2,9.39,5,Cash
T0003163,2025-07-16 13:18:17,S1234,I02,Samosa,Snacks,1,15.82,10,UPI
T0003164,2025-07-16 14:55:48,S1002,I04,Cold Coffee,Beverages,3,58.12,0,Card
T0003165,2025-07-16 09:03:51,S1207,I05,Cutting Chai,Beverages,1,9.32,0,Card
T0003166,2025-07-16 13:05:37,S1163,I05,Cutting Chai,Beverages,1,10.28,0,Cash
T0003167,2025-07-16 09:17:09,S1016,I06,Poha,Breakfast,2,32.1,0,Card
T0003168,2025-07-16 09:58:02,S1155,I05,Cutting Chai,Beverages,3,10.1,0,Card
T0003169,2025-07-16 13:27:49,S1007,I04,Cold Coffee,Beverages,4,57.54,0,UPI
T0003169,2025-07-16 13:27:49,S1205,I03,Masala Sandwich,Sandwiches,1,50.89,0,UPI
T0003170,2025-07-16 09:59:04,S1113,I02,Samosa,Snacks,1,15.88,0,Cash
T0003171,2025-07-16 14:11:08,S1053,I02,Samosa,Snacks,2,16.29,0,Cash
T0003172,2025-07-16 13:37:42,S1105,I04,Cold Coffee,Beverages,2,58.42,0,Card
T0003173,2025-07-16 12:26:49,S1213,I05,Cutting Chai,Beverages,3,9.44,0,Card
T0003174,2025-07-16 13:53:48,S1068,I01,Veg Puff,Snacks,1,26.03,0,Cash
T0003174,2025-07-16 13:53:48,S1126,I05,Cutting Chai,Beverages,2,9.51,0,UPI
T0003175,2025-07-16 09:21:25,S1353,I06,Poha,Breakfast,3,31.66,0,UPI
T0003175,2025-07-16 09:21:25,S1397,I03,Masala Sandwich,Sandwiches,2,49.99,0,Cash
T0003176,2025-07-16 12:49:32,S1301,I05,Cutting Chai,Beverages,1,10.9,0,Cash
T0003176,2025-07-16 12:49:32,S1121,I06,Poha,Breakfast,2,31.75,0,UPI
T0003177,2025-07-16 13:22:01,S1030,I03,Masala Sandwich,Sandwiches,1,50.31,0,Cash
T0003178,2025-07-16 19:09:15,S1111,I01,Veg Puff,Snacks,1,26.32,0,Card
T0003179,2025-07-16 09:41:07,S1291,I06,Poha,Breakfast,3,32.31,0,Card
T0003179,2025-07-16 09:41:07,S1100,I04,Cold Coffee,Beverages,1,57.66,5,Card
T0003180,2025-07-16 12:16:16,S1200,I03,Masala Sandwich,Sandwiches,1,49.46,0,Cash
T0003181,2025-07-16 14:41:20,S1370,I03,Masala Sandwich,Sandwiches,1,49.66,0,Card
T0003182,2025-07-16 14:55:09,S1005,I05,Cutting Chai,Beverages,1,9.65,0,UPI
T0003183,2025-07-16 12:30:26,S1153,I01,Veg Puff,Snacks,1,25.44,0,Card
T0003184,2025-07-16 13:25:54,S1044,I04,Cold Coffee,Beverages,1,56.76,0,Card
T0003185,2025-07-16 08:19:42,S1101,I03,Masala Sandwich,Sandwiches,1,48.98,0,Cash
T0003186,2025-07-16 08:18:50,S1272,I05,Cutting Chai,Beverages,3,10.61,0,UPI
T0003187,2025-07-16 09:24:50,S1280,I02,Samosa,Snacks,1,15.34,10,UPI
T0003188,2025-07-16 08:23:47,S1377,I03,Masala Sandwich,Sandwiches,2,50.45,0,Cash
T0003188,2025-07-16 08:23:47,S1089,I04,Cold Coffee,Beverages,4,58.9,0,Card
T0003189,2025-07-16 12:19:35,S1221,I01,Veg Puff,Snacks,2,27.14,0,Card
T0003190,2025-07-16 12:03:06,S1253,I03,Masala Sandwich,Sandwiches,4,49.94,5,Cash
T0003191,2025-07-16 09:21:52,S1221,I02,Samosa,Snacks,1,15.85,15,Card
T0003191,2025-07-16 09:21:52,S1395,I05,Cutting Chai,Beverages,4,8.66,0,UPI
T0003192,2025-07-16 09:06:52,S1324,I03,Masala Sandwich,Sandwiches,1,50.74,0,Cash
T0003193,2025-07-16 08:42:39,S1238,I01,Veg Puff,Snacks,1,26.5,0,Card
T0003193,2025-07-16 08:42:39,S1018,I05,Cutting Chai,Beverages,3,10.61,0,UPI
T0003194,2025-07-16 17:54:10,S1014,I01,Veg Puff,Snacks,1,25.95,5,Card
T0003195,2025-07-16 09:38:08,S1104,I05,Cutting Chai,Beverages,4,9.41,0,UPI
T0003196,2025-07-16 13:40:36,S1051,I03,Masala Sandwich,Sandwiches,2,50.82,0,Card
T0003196,2025-07-16 13:40:36,S1101,I06,Poha,Breakfast,1,33.01,0,Cash
T0003197,2025-07-16 09:02:22,S1028,I04,Cold Coffee,Beverages,1,58.0,0,Card
T0003198,2025-07-16 13:42:21,S1395,I02,Samosa,Snacks,3,16.97,10,Card
T0003198,2025-07-16 13:42:21,S1103,I03,Masala Sandwich,Sandwiches,1,48.94,0,Cash
T0003199,2025-07-16 08:22:06,S1311,I02,Samosa,Snacks,1,16.02,0,UPI
T0003200,2025-07-16 13:39:28,S1096,I06,Poha,Breakfast,1,31.2,0,UPI
T0003201,2025-07-16 18:12:30,S1398,I02,Samosa,Snacks,2,15.31,0,Card
T0003201,2025-07-16 18:12:30,S1361,I04,Cold Coffee,Beverages,5,57.48,0,Cash
T0003202,2025-07-16 12:39:56,S1184,I06,Poha,Breakfast,2,32.12,0,Card
T0003202,2025-07-16 12:39:56,S1162,I02,Samosa,Snacks,1,16.95,0,Card
T0003203,2025-07-16 13:37:10,S1259,I03,Masala Sandwich,Sandwiches,2,49.82,0,Cash
T0003204,2025-07-16 17:39:24,S1364,I01,Veg Puff,Snacks,1,26.77,0,Card
T0003205,2025-07-16 14:21:21,S1341,I06,Poha,Breakfast,1,31.81,0,UPI
T0003206,2025-07-16 14:22:16,S1299,I04,Cold Coffee,Beverages,2,57.58,0,Card
T0003206,2025-07-16 14:22:16,S1202,I03,Masala Sandwich,Sandwiches,3,49.77,5,Cash
T0003207,2025-07-16 14:36:23,S1111,I06,Poha,Breakfast,1,31.67,0,Card
T0003207,2025-07-16 14:36:23,S1265,I05,Cutting Chai,Beverages,3,9.85,0,Cash
T0003208,2025-07-16 08:04:47,S1299,I05,Cutting Chai,Beverages,1,9.96,0,UPI
T0003209,2025-07-16 19:36:44,S1207,I02,Samosa,Snacks,1,15.81,0,Card
T0003210,2025-07-16 09:17:49,S1252,I02,Samosa,Snacks,1,15.93,0,Card
T0003211,2025-07-16 14:58:16,S1206,I04,Cold Coffee,Beverages,1,58.09,0,Cash
T0003211,2025-07-16 14:58:16,S1022,I01,Veg Puff,Snacks,3,25.79,25,UPI
T0003212,2025-07-16 17:40:31,S1121,I03,Masala Sandwich,Sandwiches,1,49.77,0,UPI
T0003213,2025-07-16 14:49:06,S1056,I05,Cutting Chai,Beverages,2,10.28,0,UPI
T0003213,2025-07-16 14:49:06,S1369,I01,Veg Puff,Snacks,2,27.0,0,UPI
T0003214,2025-07-16 09:01:12,S1383,I06,Poha,Breakfast,1,31.71,0,Cash
T0003215,2025-07-16 08:54:50,S1033,I05,Cutting Chai,Beverages,2,10.61,0,UPI
T0003216,2025-07-16 13:17:30,S1240,I06,Poha,Breakfast,2,32.11,0,Card
T0003217,2025-07-16 08:00:23,S1151,I03,Masala Sandwich,Sandwiches,2,49.1,5,Card
T0003218,2025-07-16 13:54:38,S1300,I05,Cutting Chai,Beverages,1,9.85,0,UPI
T0003219,2025-07-16 18:54:58,S1394,I01,Veg Puff,Snacks,1,27.11,0,Cash
T0003220,2025-07-16 18:36:00,S1037,I02,Samosa,Snacks,1,16.21,0,Cash
T0003221,2025-07-16 09:51:11,S1056,I01,Veg Puff,Snacks,1,25.69,0,Cash
T0003221,2025-07-16 09:51:11,S1259,I05,Cutting Chai,Beverages,1,10.93,0,Card
T0003222,2025-07-16 08:38:34,S1198,I02,Samosa,Snacks,3,15.38,25,UPI
T0003222,2025-07-16 08:38:34,S1031,I01,Veg Puff,Snacks,3,26.87,0,UPI
T0003223,2025-07-16 08:23:48,S1075,I05,Cutting Chai,Beverages,2,11.57,0,UPI
T0003224,2025-07-16 19:49:55,S1368,I01,Veg Puff,Snacks,3,26.17,0,Cash
T0003225,2025-07-16 09:30:32,S1172,I01,Veg Puff,Snacks,1,25.7,0,UPI
T0003226,2025-07-16 19:17:12,S1118,I03,Masala Sandwich,Sandwiches,1,49.89,0,UPI
T0003226,2025-07-16 19:17:12,S1144,I01,Veg Puff,Snacks,1,25.47,0,UPI
T0003227,2025-07-16 18:21:36,S1262,I01,Veg Puff,Snacks,1,25.62,0,UPI
T0003227,2025-07-16 18:21:36,S1029,I05,Cutting Chai,Beverages,4,10.11,15,Card
T0003228,2025-07-16 08:45:32,S1253,I03,Masala Sandwich,Sandwiches,1,50.01,0,UPI
T0003229,2025-07-16 12:36:55,S1358,I03,Masala Sandwich,Sandwiches,2,50.01,10,Cash
T0003229,2025-07-16 12:36:55,S1398,I02,Samosa,Snacks,3,16.23,0,UPI
T0003230,2025-07-16 12:38:10,S1399,I04,Cold Coffee,Beverages,3,57.35,0,UPI
T0003231,2025-07-16 13:58:53,S1056,I05,Cutting Chai,Beverages,4,9.34,0,UPI
T0003232,2025-07-16 09:53:38,S1088,I05,Cutting Chai,Beverages,2,9.71,0,Cash
T0003233,2025-07-16 13:44:44,S1078,I05,Cutting Chai,Beverages,2,9.72,0,Card
T0003234,2025-07-16 13:09:08,S1103,I01,Veg Puff,Snacks,1,24.62,0,Cash
T0003235,2025-07-16 12:34:53,S1399,I03,Masala Sandwich,Sandwiches,1,48.65,0,Cash
T0003236,2025-07-16 18:12:36,S1212,I06,Poha,Breakfast,3,31.18,0,Card
T0003236,2025-07-16 18:12:36,S1184,I04,Cold Coffee,Beverages,3,57.47,0,Card
T0003237,2025-07-16 09:38:38,S1364,I02,Samosa,Snacks,2,15.32,0,UPI
T0003237,2025-07-16 09:38:38,S1339,I05,Cutting Chai,Beverages,5,8.94,15,UPI
T0003238,2025-07-16 12:52:35,S1013,I06,Poha,Breakfast,1,31.09,5,Card
T0003239,2025-07-16 09:03:24,S1006,I01,Veg Puff,Snacks,1,25.95,0,UPI
T0003240,2025-07-16 14:27:40,S1269,I05,Cutting Chai,Beverages,1,9.44,0,Card
T0003241,2025-07-16 19:32:33,S1109,I01,Veg Puff,Snacks,1,26.78,5,Cash
T0003241,2025-07-16 19:32:33,S1093,I04,Cold Coffee,Beverages,2,58.48,0,UPI
T0003242,2025-07-16 09:21:33,S1251,I05,Cutting Chai,Beverages,4,11.01,0,Card
T0003243,2025-07-16 12:50:26,S1191,I05,Cutting Chai,Beverages,3,9.48,15,Card
T0003243,2025-07-16 12:50:26,S1247,I04,Cold Coffee,Beverages,4,58.2,0,Cash
T0003244,2025-07-16 08:44:56,S1291,I06,Poha,Breakfast,1,31.49,15,Card
T0003245,2025-07-16 09:35:08,S1192,I01,Veg Puff,Snacks,1,27.14,0,Cash
T0003246,2025-07-16 09:29:02,S1224,I01,Veg Puff,Snacks,1,25.54,0,UPI
T0003246,2025-07-16 09:29:02,S1112,I04,Cold Coffee,Beverages,2,57.59,0,UPI
T0003247,2025-07-16 09:30:38,S1055,I02,Samosa,Snacks,1,16.09,0,UPI
T0003247,2025-07-16 09:30:38,S1365,I03,Masala Sandwich,Sandwiches,1,50.04,0,UPI
T0003248,2025-07-16 14:00:57,S1249,I02,Samosa,Snacks,1,16.03,0,UPI
T0003249,2025-07-16 14:07:41,S1194,I06,Poha,Breakfast,1,31.55,10,Cash
T0003249,2025-07-16 14:07:41,S1377,I04,Cold Coffee,Beverages,3,58.03,0,UPI
T0003250,2025-07-16 14:05:58,S1076,I02,Samosa,Snacks,1,15.7,0,UPI
T0003251,2025-07-16 19:54:19,S1263,I02,Samosa,Snacks,2,15.71,0,UPI
T0003251,2025-07-16 19:54:19,S1242,I05,Cutting Chai,Beverages,2,9.52,0,Cash
T0003252,2025-07-16 09:29:11,S1266,I03,Masala Sandwich,Sandwiches,2,49.84,5,Cash
T0003253,2025-07-16 12:18:28,S1326,I06,Poha,Breakfast,2,32.88,0,Cash
T0003253,2025-07-16 12:18:28,S1061,I04,Cold Coffee,Beverages,1,57.96,0,UPI
T0003254,2025-07-16 08:29:34,S1077,I02,Samosa,Snacks,3,16.35,0,Cash
T0003254,2025-07-16 08:29:34,S1314,I01,Veg Puff,Snacks,1,27.26,0,Card
T0003255,2025-07-16 12:20:32,S1160,I03,Masala Sandwich,Sandwiches,2,50.24,0,Cash
T0003256,2025-07-16 13:56:53,S1182,I04,Cold Coffee,Beverages,3,58.44,0,Cash
T0003256,2025-07-16 13:56:53,S1206,I06,Poha,Breakfast,1,32.95,0,Card
T0003257,2025-07-16 08:53:02,S1139,I05,Cutting Chai,Beverages,1,11.22,0,Cash
T0003257,2025-07-16 08:53:02,S1065,I06,Poha,Breakfast,1,31.76,10,Card
T0003258,2025-07-16 13:49:57,S1303,I06,Poha,Breakfast,4,32.75,0,Cash
T0003258,2025-07-16 13:49:57,S1377,I02,Samosa,Snacks,2,16.12,0,Card
T0003259,2025-07-16 08:15:35,S1046,I02,Samosa,Snacks,1,15.44,0,UPI
T0003259,2025-07-16 08:15:35,S1254,I05,Cutting Chai,Beverages,1,10.13,0,Card
T0003260,2025-07-16 13:39:57,S1253,I06,Poha,Breakfast,1,31.98,0,Card
T0003260,2025-07-16 13:39:57,S1199,I05,Cutting Chai,Beverages,3,9.97,0,Cash
T0003261,2025-07-16 13:45:08,S1176,I01,Veg Puff,Snacks,1,26.16,0,Cash
T0003262,2025-07-16 08:33:42,S1145,I01,Veg Puff,Snacks,1,26.9,0,Card
T0003262,2025-07-16 08:33:42,S1249,I06,Poha,Breakfast,6,33.25,15,Card
T0003263,2025-07-16 19:19:19,S1087,I02,Samosa,Snacks,1,15.98,0,UPI
T0003264,2025-07-16 08:41:25,S1357,I04,Cold Coffee,Beverages,5,58.09,0,Cash
T0003265,2025-07-16 09:03:09,S1333,I02,Samosa,Snacks,2,15.57,0,Card
T0003265,2025-07-16 09:03:09,S1296,I06,Poha,Breakfast,1,32.38,0,UPI
T0003266,2025-07-16 18:42:56,S1190,I05,Cutting Chai,Beverages,6,10.3,0,Card
T0003267,2025-07-16 17:47:58,S1397,I02,Samosa,Snacks,2,16.67,0,Card
T0003268,2025-07-16 09:24:53,S1195,I05,Cutting Chai,Beverages,3,9.57,10,UPI
T0003268,2025-07-16 09:24:53,S1240,I06,Poha,Breakfast,1,32.29,0,Cash
T0003269,2025-07-16 09:05:12,S1043,I06,Poha,Breakfast,3,30.98,10,Cash
T0003270,2025-07-16 09:45:37,S1373,I05,Cutting Chai,Beverages,1,9.53,0,Card
T0003271,2025-07-16 09:51:26,S1130,I03,Masala Sandwich,Sandwiches,1,51.19,0,Cash
T0003272,2025-07-16 19:54:52,S1060,I05,Cutting Chai,Beverages,1,10.22,0,Cash
T0003272,2025-07-16 19:54:52,S1289,I02,Samosa,Snacks,1,15.97,0,Card
T0003273,2025-07-16 14:55:54,S1307,I01,Veg Puff,Snacks,1,27.23,0,UPI
T0003274,2025-07-16 09:05:56,S1093,I02,Samosa,Snacks,1,15.86,0,UPI
T0003275,2025-07-16 12:13:21,S1308,I02,Samosa,Snacks,3,16.43,0,UPI
T0003276,2025-07-16 08:08:00,S1015,I01,Veg Puff,Snacks,1,26.74,0,Card
T0003277,2025-07-16 08:50:54,S1228,I02,Samosa,Snacks,1,15.05,0,Card
T0003278,2025-07-16 13:45:45,S1298,I02,Samosa,Snacks,1,15.89,0,Card
T0003279,2025-07-16 08:29:12,S1227,I03,Masala Sandwich,Sandwiches,1,50.24,15,UPI
T0003280,2025-07-16 12:08:42,S1238,I04,Cold Coffee,Beverages,1,57.86,0,UPI
T0003281,2025-07-16 08:39:00,S1234,I02,Samosa,Snacks,1,15.43,0,Card
T0003281,2025-07-16 08:39:00,S1020,I04,Cold Coffee,Beverages,2,57.02,0,UPI
T0003282,2025-07-16 13:40:09,S1006,I03,Masala Sandwich,Sandwiches,2,49.96,0,UPI
T0003283,2025-07-16 13:30:16,S1199,I03,Masala Sandwich,Sandwiches,1,49.6,0,Card
T0003284,2025-07-16 08:23:11,S1293,I01,Veg Puff,Snacks,1,26.41,15,Cash
T0003285,2025-07-16 12:54:14,S1180,I01,Veg Puff,Snacks,4,26.23,0,Card
T0003286,2025-07-16 09:22:44,S1003,I01,Veg Puff,Snacks,1,26.12,0,Card
T0003286,2025-07-16 09:22:44,S1222,I06,Poha,Breakfast,1,32.81,0,UPI
T0003287,2025-07-16 12:09:10,S1229,I02,Samosa,Snacks,4,16.04,0,UPI
T0003288,2025-07-16 09:59:10,S1004,I02,Samosa,Snacks,3,16.31,0,Card
T0003289,2025-07-16 14:56:28,S1144,I05,Cutting Chai,Beverages,1,9.56,0,UPI
T0003289,2025-07-16 14:56:28,S1161,I06,Poha,Breakfast,1,32.31,0,UPI
T0003290,2025-07-16 08:40:09,S1393,I06,Poha,Breakfast,1,31.05,0,UPI
T0003291,2025-07-16 12:36:20,S1224,I01,Veg Puff,Snacks,4,26.15,0,UPI
T0003292,2025-07-16 09:20:03,S1134,I06,Poha,Breakfast,2,31.46,0,UPI
T0003293,2025-07-16 12:40:03,S1032,I04,Cold Coffee,Beverages,2,58.39,15,Card
T0003294,2025-07-16 14:01:11,S1004,I05,Cutting Chai,Beverages,2,10.05,0,UPI
T0003295,2025-07-16 09:58:04,S1256,I05,Cutting Chai,Beverages,1,10.68,0,Cash
T0003295,2025-07-16 09:58:04,S1044,I01,Veg Puff,Snacks,1,26.26,0,Cash
T0003296,2025-07-16 09:13:01,S1076,I03,Masala Sandwich,Sandwiches,1,49.73,0,Card
T0003296,2025-07-16 09:13:01,S1171,I04,Cold Coffee,Beverages,4,59.11,0,UPI
T0003297,2025-07-16 17:41:03,S1294,I01,Veg Puff,Snacks,1,25.23,0,Cash
T0003298,2025-07-16 14:20:45,S1267,I06,Poha,Breakfast,1,31.67,0,Card
T0003299,2025-07-16 08:38:16,S1139,I06,Poha,Breakfast,1,31.68,0,UPI
T0003300,2025-07-16 14:07:06,S1065,I01,Veg Puff,Snacks,1,26.11,0,UPI
T0003301,2025-07-16 13:12:12,S1340,I02,Samosa,Snacks,2,15.95,0,Card
T0003302,2025-07-16 09:22:10,S1210,I01,Veg Puff,Snacks,1,26.68,0,Card
T0003303,2025-07-16 13:53:05,S1202,I01,Veg Puff,Snacks,2,25.39,0,Cash
T0003304,2025-07-16 08:25:57,S1235,I04,Cold Coffee,Beverages,1,57.62,0,Cash
T0003304,2025-07-16 08:25:57,S1376,I05,Cutting Chai,Beverages,1,9.9,0,Card
T0003305,2025-07-16 12:53:29,S1265,I03,Masala Sandwich,Sandwiches,1,50.43,0,Card
T0003306,2025-07-16 19:45:56,S1178,I01,Veg Puff,Snacks,2,25.14,0,Card
T0003307,2025-07-16 08:14:10,S1113,I06,Poha,Breakfast,1,31.4,0,UPI
T0003307,2025-07-16 08:14:10,S1152,I04,Cold Coffee,Beverages,1,57.42,0,Cash
T0003308,2025-07-16 08:27:31,S1075,I04,Cold Coffee,Beverages,1,57.02,0,Card
T0003309,2025-07-16 13:36:32,S1159,I04,Cold Coffee,Beverages,5,57.59,0,UPI
T0003310,2025-07-16 18:54:39,S1192,I02,Samosa,Snacks,1,16.08,0,Cash
T0003311,2025-07-16 08:04:08,S1212,I04,Cold Coffee,Beverages,2,58.4,0,UPI
T0003311,2025-07-16 08:04:08,S1379,I06,Poha,Breakfast,1,32.13,0,Card
T0003312,2025-07-16 08:58:30,S1223,I01,Veg Puff,Snacks,1,25.86,0,Cash
T0003313,2025-07-16 17:28:14,S1087,I03,Masala Sandwich,Sandwiches,2,49.09,0,Cash
T0003314,2025-07-16 12:28:35,S1212,I02,Samosa,Snacks,1,16.37,0,Cash
T0003315,2025-07-16 09:20:13,S1167,I03,Masala Sandwich,Sandwiches,1,50.2,0,Cash
T0003315,2025-07-16 09:20:13,S1297,I01,Veg Puff,Snacks,1,24.4,0,Card
T0003316,2025-07-16 19:56:44,S1243,I01,Veg Puff,Snacks,1,25.83,0,UPI
T0003316,2025-07-16 19:56:44,S1225,I05,Cutting Chai,Beverages,2,9.78,0,UPI
T0003317,2025-07-16 14:25:20,S1159,I01,Veg Puff,Snacks,2,26.19,0,UPI
T0003318,2025-07-16 13:17:11,S1026,I01,Veg Puff,Snacks,2,26.17,0,Card
T0003319,2025-07-16 09:08:08,S1343,I02,Samosa,Snacks,1,16.03,0,Cash
T0003319,2025-07-16 09:08:08,S1163,I06,Poha,Breakfast,1,30.87,0,Card
T0003320,2025-07-16 12:16:29,S1323,I04,Cold Coffee,Beverages,2,59.22,0,UPI
T0003321,2025-07-16 08:07:03,S1032,I03,Masala Sandwich,Sandwiches,1,50.33,0,UPI
T0003322,2025-07-16 13:57:17,S1305,I06,Poha,Breakfast,1,31.88,0,Card
T0003322,2025-07-16 13:57:17,S1279,I03,Masala Sandwich,Sandwiches,1,49.13,0,UPI
T0003323,2025-07-16 08:12:24,S1055,I02,Samosa,Snacks,3,15.78,0,Cash
T0003324,2025-07-16 18:26:41,S1140,I04,Cold Coffee,Beverages,2,57.27,0,UPI
T0003325,2025-07-16 09:52:11,S1381,I02,Samosa,Snacks,1,15.53,0,Cash
T0003326,2025-07-16 17:52:12,S1050,I05,Cutting Chai,Beverages,1,10.23,0,Cash
T0003327,2025-07-16 17:15:27,S1093,I02,Samosa,Snacks,4,15.2,15,UPI
T0003327,2025-07-16 17:15:27,S1049,I03,Masala Sandwich,Sandwiches,2,49.37,5,Card
T0003328,2025-07-16 09:42:18,S1341,I05,Cutting Chai,Beverages,3,10.64,0,UPI
T0003328,2025-07-16 09:42:18,S1366,I03,Masala Sandwich,Sandwiches,1,49.78,0,Card
T0003329,2025-07-16 08:52:03,S1072,I04,Cold Coffee,Beverages,2,58.36,0,Card
T0003329,2025-07-16 08:52:03,S1330,I06,Poha,Breakfast,2,32.4,0,Cash
T0003330,2025-07-16 12:05:33,S1033,I02,Samosa,Snacks,4,16.52,0,Cash
T0003330,2025-07-16 12:05:33,S1083,I01,Veg Puff,Snacks,2,26.88,0,UPI
T0003331,2025-07-17 14:51:23,S1068,I02,Samosa,Snacks,3,15.15,0,Cash
T0003331,2025-07-17 14:51:23,S1319,I05,Cutting Chai,Beverages,7,9.76,0,Cash
T0003332,2025-07-17 12:07:56,S1296,I02,Samosa,Snacks,2,15.73,0,Card
T0003332,2025-07-17 12:07:56,S1308,I06,Poha,Breakfast,5,32.18,10,Cash
T0003333,2025-07-17 19:44:06,S1186,I03,Masala Sandwich,Sandwiches,3,49.8,0,Cash
T0003334,2025-07-17 13:19:32,S1169,I01,Veg Puff,Snacks,3,26.8,0,UPI
T0003335,2025-07-17 19:48:25,S1175,I06,Poha,Breakfast,1,32.18,10,UPI
T0003335,2025-07-17 19:48:25,S1198,I02,Samosa,Snacks,1,16.45,0,UPI
T0003336,2025-07-17 08:19:27,S1299,I04,Cold Coffee,Beverages,4,61.79,0,Card
T0003337,2025-07-17 08:13:08,S1340,I01,Veg Puff,Snacks,1,26.03,0,Card
T0003338,2025-07-17 19:20:15,S1111,I04,Cold Coffee,Beverages,2,62.14,0,Card
T0003338,2025-07-17 19:20:15,S1096,I02,Samosa,Snacks,1,15.45,10,UPI
T0003339,2025-07-17 13:54:20,S1089,I05,Cutting Chai,Beverages,1,8.75,0,Cash
T0003339,2025-07-17 13:54:20,S1366,I01,Veg Puff,Snacks,2,25.95,15,Card
T0003340,2025-07-17 14:25:34,S1065,I02,Samosa,Snacks,1,16.52,0,UPI
T0003341,2025-07-17 09:00:12,S1006,I04,Cold Coffee,Beverages,3,61.08,0,UPI
T0003341,2025-07-17 09:00:12,S1297,I05,Cutting Chai,Beverages,3,9.81,0,Cash
T0003342,2025-07-17 14:46:45,S1328,I01,Veg Puff,Snacks,1,26.2,0,Cash
T0003342,2025-07-17 14:46:45,S1078,I04,Cold Coffee,Beverages,1,61.85,0,Cash
T0003343,2025-07-17 08:10:48,S1247,I05,Cutting Chai,Beverages,3,10.14,0,UPI
T0003343,2025-07-17 08:10:48,S1144,I01,Veg Puff,Snacks,1,25.97,0,UPI
T0003344,2025-07-17 08:06:48,S1335,I03,Masala Sandwich,Sandwiches,1,50.55,15,Card
T0003345,2025-07-17 19:56:40,S1012,I06,Poha,Breakfast,1,31.74,0,UPI
T0003345,2025-07-17 19:56:40,S1200,I05,Cutting Chai,Beverages,3,8.92,0,Cash
T0003346,2025-07-17 17:08:38,S1020,I05,Cutting Chai,Beverages,3,8.96,0,UPI
T0003347,2025-07-17 17:23:59,S1299,I02,Samosa,Snacks,1,16.45,15,UPI
T0003348,2025-07-17 18:48:16,S1032,I05,Cutting Chai,Beverages,1,9.66,0,Card
T0003348,2025-07-17 18:48:16,S1212,I06,Poha,Breakfast,1,32.93,0,UPI
T0003349,2025-07-17 09:36:53,S1161,I05,Cutting Chai,Beverages,2,8.25,0,UPI
T0003349,2025-07-17 09:36:53,S1184,I04,Cold Coffee,Beverages,2,61.64,0,Card
T0003350,2025-07-17 13:44:23,S1113,I05,Cutting Chai,Beverages,1,9.89,0,UPI
T0003351,2025-07-17 14:47:50,S1073,I04,Cold Coffee,Beverages,2,62.39,0,Cash
T0003352,2025-07-17 08:46:25,S1154,I04,Cold Coffee,Beverages,1,61.61,15,Card
T0003352,2025-07-17 08:46:25,S1275,I06,Poha,Breakfast,2,32.48,0,UPI
T0003353,2025-07-17 09:44:31,S1180,I04,Cold Coffee,Beverages,1,61.42,0,Card
T0003353,2025-07-17 09:44:31,S1034,I03,Masala Sandwich,Sandwiches,1,49.9,0,Cash
T0003354,2025-07-17 12:27:37,S1320,I05,Cutting Chai,Beverages,2,9.41,5,Cash
T0003355,2025-07-17 14:36:16,S1235,I03,Masala Sandwich,Sandwiches,3,50.03,0,Card
T0003356,2025-07-17 18:58:34,S1011,I03,Masala Sandwich,Sandwiches,1,50.01,5,UPI
T0003357,2025-07-17 18:19:21,S1334,I01,Veg Puff,Snacks,2,26.45,10,UPI
T0003358,2025-07-17 17:59:20,S1241,I03,Masala Sandwich,Sandwiches,2,50.06,0,Card
T0003359,2025-07-17 18:25:56,S1034,I06,Poha,Breakfast,2,31.99,0,Cash
T0003360,2025-07-17 09:36:37,S1082,I02,Samosa,Snacks,2,15.87,0,Card
T0003361,2025-07-17 09:05:48,S1278,I03,Masala Sandwich,Sandwiches,1,49.48,0,UPI
T0003362,2025-07-17 14:23:59,S1257,I03,Masala Sandwich,Sandwiches,2,50.76,0,Card
T0003363,2025-07-17 08:56:51,S1290,I06,Poha,Breakfast,1,31.98,0,UPI
T0003364,2025-07-17 09:17:09,S1264,I04,Cold Coffee,Beverages,1,61.87,0,Cash
T0003365,2025-07-17 13:36:15,S1183,I01,Veg Puff,Snacks,1,26.42,0,UPI
T0003366,2025-07-17 09:59:23,S1173,I03,Masala Sandwich,Sandwiches,2,49.81,5,Cash
T0003367,2025-07-17 12:13:30,S1193,I05,Cutting Chai,Beverages,2,9.55,0,Card
T0003368,2025-07-17 17:04:51,S1114,I03,Masala Sandwich,Sandwiches,1,49.79,0,Cash
T0003369,2025-07-17 13:35:30,S1132,I04,Cold Coffee,Beverages,1,62.14,0,Cash
T0003370,2025-07-17 13:15:00,S1339,I06,Poha,Breakfast,1,31.39,0,Card
T0003370,2025-07-17 13:15:00,S1279,I04,Cold Coffee,Beverages,3,61.29,5,Card
T0003371,2025-07-17 19:53:02,S1259,I06,Poha,Breakfast,2,32.11,0,Cash
T0003372,2025-07-17 08:22:52,S1262,I06,Poha,Breakfast,3,31.77,0,UPI
T0003373,2025-07-17 14:15:20,S1115,I06,Poha,Breakfast,2,32.71,0,Card
T0003374,2025-07-17 09:41:49,S1098,I02,Samosa,Snacks,2,16.5,0,Card
T0003375,2025-07-17 13:24:45,S1210,I01,Veg Puff,Snacks,3,25.98,0,UPI
T0003376,2025-07-17 14:41:39,S1321,I01,Veg Puff,Snacks,1,27.0,0,Cash
T0003377,2025-07-17 14:25:56,S1002,I02,Samosa,Snacks,2,17.27,0,UPI
T0003378,2025-07-17 14:02:54,S1031,I06,Poha,Breakfast,3,31.31,10,Cash
T0003379,2025-07-17 12:30:17,S1399,I04,Cold Coffee,Beverages,1,61.68,0,Card
T0003380,2025-07-17 08:37:24,S1379,I01,Veg Puff,Snacks,2,26.27,0,Card
T0003381,2025-07-17 12:30:20,S1115,I06,Poha,Breakfast,1,32.15,0,Card
T0003381,2025-07-17 12:30:20,S1348,I05,Cutting Chai,Beverages,1,9.5,0,Card
T0003382,2025-07-17 13:06:06,S1169,I06,Poha,Breakfast,1,32.12,0,UPI
T0003382,2025-07-17 13:06:06,S1133,I03,Masala Sandwich,Sandwiches,1,49.82,0,UPI
T0003383,2025-07-17 18:38:37,S1268,I02,Samosa,Snacks,2,16.04,0,Cash
T0003383,2025-07-17 18:38:37,S1236,I05,Cutting Chai,Beverages,1,9.37,0,Card
T0003384,2025-07-17 08:23:26,S1013,I01,Veg Puff,Snacks,2,25.13,0,Cash
T0003385,2025-07-17 12:35:08,S1128,I01,Veg Puff,Snacks,2,26.05,0,Cash
T0003385,2025-07-17 12:35:08,S1176,I04,Cold Coffee,Beverages,2,62.06,0,Card
T0003386,2025-07-17 13:04:50,S1343,I05,Cutting Chai,Beverages,4,11.31,0,UPI
T0003386,2025-07-17 13:04:50,S1255,I06,Poha,Breakfast,3,31.68,5,Card
T0003387,2025-07-17 08:43:55,S1101,I06,Poha,Breakfast,3,31.59,0,Card
T0003388,2025-07-17 18:35:53,S1280,I04,Cold Coffee,Beverages,2,61.72,5,Card
T0003388,2025-07-17 18:35:53,S1375,I05,Cutting Chai,Beverages,2,10.72,5,Cash
T0003389,2025-07-17 17:56:38,S1398,I06,Poha,Breakfast,2,32.41,0,Cash
T0003390,2025-07-17 12:14:21,S1215,I03,Masala Sandwich,Sandwiches,1,50.56,0,Cash
T0003391,2025-07-17 18:18:28,S1255,I03,Masala Sandwich,Sandwiches,1,50.01,10,Card
T0003392,2025-07-17 19:27:20,S1013,I02,Samosa,Snacks,2,15.68,15,Card
T0003393,2025-07-17 08:10:55,S1125,I03,Masala Sandwich,Sandwiches,1,49.31,0,Cash
T0003394,2025-07-17 12:30:40,S1317,I03,Masala Sandwich,Sandwiches,1,49.27,15,UPI
T0003394,2025-07-17 12:30:40,S1154,I02,Samosa,Snacks,1,16.13,0,Card
T0003395,2025-07-17 14:43:56,S1071,I05,Cutting Chai,Beverages,2,9.89,0,Card
T0003395,2025-07-17 14:43:56,S1081,I04,Cold Coffee,Beverages,1,63.06,0,UPI
T0003396,2025-07-17 08:54:11,S1026,I03,Masala Sandwich,Sandwiches,2,49.64,0,Cash
T0003396,2025-07-17 08:54:11,S1041,I05,Cutting Chai,Beverages,5,10.05,0,Card
T0003397,2025-07-17 18:02:32,S1265,I02,Samosa,Snacks,2,16.04,0,UPI
T0003398,2025-07-17 14:17:36,S1250,I02,Samosa,Snacks,3,15.79,0,Card
T0003399,2025-07-17 08:38:06,S1229,I02,Samosa,Snacks,1,17.14,15,Card
T0003400,2025-07-17 08:33:21,S1054,I02,Samosa,Snacks,1,16.23,0,UPI
T0003401,2025-07-17 12:35:06,S1267,I06,Poha,Breakfast,5,32.16,0,Cash
T0003401,2025-07-17 12:35:06,S1353,I01,Veg Puff,Snacks,1,26.18,0,Cash
T0003402,2025-07-17 12:04:52,S1084,I05,Cutting Chai,Beverages,1,10.21,0,UPI
T0003403,2025-07-17 09:09:47,S1323,I05,Cutting Chai,Beverages,2,10.27,15,Card
T0003403,2025-07-17 09:09:47,S1217,I02,Samosa,Snacks,1,15.42,0,Cash
T0003404,2025-07-17 09:23:23,S1332,I05,Cutting Chai,Beverages,1,9.35,0,UPI
T0003405,2025-07-17 14:54:18,S1329,I05,Cutting Chai,Beverages,3,9.85,0,UPI
T0003405,2025-07-17 14:54:18,S1036,I02,Samosa,Snacks,1,16.05,0,Cash
T0003406,2025-07-17 08:22:52,S1174,I06,Poha,Breakfast,2,31.4,5,Card
T0003407,2025-07-17 09:20:31,S1026,I02,Samosa,Snacks,1,15.71,0,Card
T0003407,2025-07-17 09:20:31,S1195,I03,Masala Sandwich,Sandwiches,2,50.17,0,Card
T0003408,2025-07-17 08:56:22,S1038,I06,Poha,Breakfast,1,32.36,0,Cash
T0003409,2025-07-17 09:56:03,S1182,I05,Cutting Chai,Beverages,1,11.01,0,UPI
T0003410,2025-07-17 17:19:04,S1192,I03,Masala Sandwich,Sandwiches,1,49.41,0,UPI
T0003411,2025-07-17 13:19:15,S1137,I05,Cutting Chai,Beverages,2,10.11,0,Cash
T0003412,2025-07-17 13:31:43,S1219,I06,Poha,Breakfast,2,31.03,0,Card
T0003412,2025-07-17 13:31:43,S1291,I04,Cold Coffee,Beverages,1,61.65,0,Card
T0003413,2025-07-17 14:47:06,S1215,I01,Veg Puff,Snacks,2,26.56,0,Cash
T0003413,2025-07-17 14:47:06,S1025,I02,Samosa,Snacks,4,15.32,0,Cash
T0003414,2025-07-17 08:04:06,S1087,I02,Samosa,Snacks,1,15.37,0,Cash
T0003415,2025-07-17 08:05:23,S1282,I06,Poha,Breakfast,1,31.25,0,Card
T0003416,2025-07-17 09:26:34,S1326,I02,Samosa,Snacks,2,16.32,0,UPI
T0003416,2025-07-17 09:26:34,S1230,I03,Masala Sandwich,Sandwiches,3,50.47,15,UPI
T0003417,2025-07-17 13:09:02,S1304,I03,Masala Sandwich,Sandwiches,1,49.32,0,Card
T0003418,2025-07-17 18:01:02,S1039,I02,Samosa,Snacks,1,15.54,0,Cash
T0003419,2025-07-17 13:30:04,S1232,I03,Masala Sandwich,Sandwiches,2,49.2,0,Card
T0003420,2025-07-17 08:29:42,S1340,I02,Samosa,Snacks,1,16.21,0,UPI
T0003420,2025-07-17 08:29:42,S1001,I06,Poha,Breakfast,4,32.3,10,Cash
T0003421,2025-07-17 13:42:27,S1197,I02,Samosa,Snacks,2,16.09,0,Card
T0003421,2025-07-17 13:42:27,S1021,I06,Poha,Breakfast,3,31.48,5,UPI
T0003422,2025-07-17 13:30:03,S1357,I05,Cutting Chai,Beverages,3,10.05,15,Cash
T0003422,2025-07-17 13:30:03,S1263,I03,Masala Sandwich,Sandwiches,1,50.03,0,Card
T0003423,2025-07-17 09:42:39,S1275,I01,Veg Puff,Snacks,1,26.94,0,UPI
T0003423,2025-07-17 09:42:39,S1174,I02,Samosa,Snacks,1,15.11,5,Cash
T0003424,2025-07-17 14:28:47,S1186,I05,Cutting Chai,Beverages,2,10.78,0,Cash
T0003425,2025-07-17 14:35:38,S1279,I01,Veg Puff,Snacks,1,24.89,0,UPI
T0003426,2025-07-17 14:45:54,S1284,I02,Samosa,Snacks,1,15.14,0,Cash
T0003427,2025-07-17 09:18:24,S1272,I03,Masala Sandwich,Sandwiches,2,50.51,0,UPI
T0003428,2025-07-17 14:19:00,S1075,I02,Samosa,Snacks,1,15.87,0,UPI
T0003428,2025-07-17 14:19:00,S1279,I01,Veg Puff,Snacks,1,25.28,10,Card
T0003429,2025-07-17 12:07:42,S1270,I01,Veg Puff,Snacks,2,26.19,0,Cash
T0003430,2025-07-17 12:23:19,S1121,I01,Veg Puff,Snacks,1,25.69,0,Cash
T0003431,2025-07-17 12:44:39,S1121,I04,Cold Coffee,Beverages,2,63.31,0,Card
T0003432,2025-07-17 13:43:08,S1181,I04,Cold Coffee,Beverages,1,62.05,0,UPI
T0003433,2025-07-17 14:00:01,S1057,I06,Poha,Breakfast,1,31.76,15,UPI
T0003433,2025-07-17 14:00:01,S1258,I02,Samosa,Snacks,1,15.47,0,Card
T0003434,2025-07-17 14:59:49,S1236,I03,Masala Sandwich,Sandwiches,2,49.8,0,UPI
T0003435,2025-07-17 13:05:38,S1225,I06,Poha,Breakfast,1,33.36,0,Card
T0003436,2025-07-17 19:36:25,S1376,I02,Samosa,Snacks,2,16.17,25,Card
T0003437,2025-07-17 08:19:33,S1206,I01,Veg Puff,Snacks,2,26.47,0,Card
T0003438,2025-07-17 12:16:26,S1290,I06,Poha,Breakfast,1,32.6,0,Card
T0003439,2025-07-17 14:16:40,S1268,I01,Veg Puff,Snacks,1,26.07,0,Cash
T0003440,2025-07-17 12:03:18,S1213,I02,Samosa,Snacks,3,16.56,0,UPI
T0003440,2025-07-17 12:03:18,S1188,I03,Masala Sandwich,Sandwiches,2,49.99,0,UPI
T0003441,2025-07-17 09:41:24,S1256,I06,Poha,Breakfast,1,33.19,5,UPI
T0003442,2025-07-17 09:53:51,S1219,I04,Cold Coffee,Beverages,3,61.22,0,UPI
T0003443,2025-07-17 09:55:14,S1091,I04,Cold Coffee,Beverages,1,62.14,15,Cash
T0003443,2025-07-17 09:55:14,S1350,I01,Veg Puff,Snacks,1,26.18,0,UPI
T0003444,2025-07-17 09:18:18,S1127,I05,Cutting Chai,Beverages,2,9.29,0,Cash
T0003444,2025-07-17 09:18:18,S1028,I03,Masala Sandwich,Sandwiches,1,50.04,0,Cash
T0003445,2025-07-17 14:59:28,S1104,I05,Cutting Chai,Beverages,4,10.21,0,Card
T0003445,2025-07-17 14:59:28,S1012,I01,Veg Puff,Snacks,2,25.9,0,Card
T0003446,2025-07-17 13:54:54,S1395,I02,Samosa,Snacks,2,16.35,0,Card
T0003447,2025-07-17 14:03:33,S1087,I04,Cold Coffee,Beverages,1,61.88,15,UPI
T0003448,2025-07-17 09:05:38,S1240,I03,Masala Sandwich,Sandwiches,1,50.09,10,Card
T0003449,2025-07-17 08:10:00,S1135,I01,Veg Puff,Snacks,4,26.02,0,UPI
T0003450,2025-07-17 14:19:12,S1054,I03,Masala Sandwich,Sandwiches,2,49.12,0,Cash
T0003451,2025-07-17 08:23:30,S1285,I01,Veg Puff,Snacks,1,25.58,0,Card
T0003452,2025-07-17 08:52:39,S1333,I02,Samosa,Snacks,2,14.74,15,Card
T0003453,2025-07-17 14:19:17,S1080,I04,Cold Coffee,Beverages,3,62.71,0,UPI
T0003454,2025-07-17 12:46:51,S1284,I02,Samosa,Snacks,3,16.65,0,UPI
T0003455,2025-07-17 13:43:10,S1196,I03,Masala Sandwich,Sandwiches,3,48.89,15,UPI
T0003455,2025-07-17 13:43:10,S1341,I02,Samosa,Snacks,1,17.39,0,Cash
T0003456,2025-07-17 14:46:55,S1326,I04,Cold Coffee,Beverages,1,62.12,0,Card
T0003456,2025-07-17 14:46:55,S1385,I03,Masala Sandwich,Sandwiches,2,50.06,15,UPI
T0003457,2025-07-17 13:28:33,S1179,I05,Cutting Chai,Beverages,2,10.98,10,Card
T0003458,2025-07-17 14:30:56,S1087,I04,Cold Coffee,Beverages,2,63.03,0,UPI
T0003459,2025-07-17 14:16:44,S1237,I06,Poha,Breakfast,2,30.98,15,UPI
T0003460,2025-07-17 13:00:37,S1204,I06,Poha,Breakfast,3,32.41,0,Card
T0003460,2025-07-17 13:00:37,S1279,I02,Samosa,Snacks,1,15.79,15,Card
T0003461,2025-07-17 17:58:02,S1121,I02,Samosa,Snacks,1,16.33,0,Card
T0003462,2025-07-17 09:26:25,S1344,I06,Poha,Breakfast,1,31.4,0,Card
T0003463,2025-07-17 18:53:23,S1079,I05,Cutting Chai,Beverages,4,9.67,0,Cash
T0003464,2025-07-17 12:14:50,S1136,I03,Masala Sandwich,Sandwiches,1,50.35,0,Cash
T0003464,2025-07-17 12:14:50,S1351,I04,Cold Coffee,Beverages,1,61.72,0,Cash
T0003465,2025-07-17 09:17:15,S1116,I06,Poha,Breakfast,1,31.48,5,UPI
T0003466,2025-07-17 13:35:29,S1193,I04,Cold Coffee,Beverages,2,63.01,0,UPI
T0003467,2025-07-17 17:57:39,S1360,I06,Poha,Breakfast,1,32.44,0,Cash
T0003468,2025-07-17 19:34:35,S1392,I03,Masala Sandwich,Sandwiches,1,49.56,0,Cash
T0003469,2025-07-17 09:59:54,S1104,I05,Cutting Chai,Beverages,2,10.55,0,UPI
T0003469,2025-07-17 09:59:54,S1140,I04,Cold Coffee,Beverages,3,61.96,0,Card
T0003470,2025-07-17 13:53:25,S1082,I03,Masala Sandwich,Sandwiches,1,49.64,0,UPI
T0003471,2025-07-17 14:10:59,S1296,I01,Veg Puff,Snacks,1,25.13,0,UPI
T0003471,2025-07-17 14:10:59,S1125,I04,Cold Coffee,Beverages,1,62.14,0,Card
T0003472,2025-07-17 14:03:41,S1364,I06,Poha,Breakfast,1,32.67,0,Cash
T0003472,2025-07-17 14:03:41,S1148,I02,Samosa,Snacks,2,16.36,0,Cash
T0003473,2025-07-17 12:35:07,S1355,I02,Samosa,Snacks,1,15.81,0,Cash
T0003473,2025-07-17 12:35:07,S1322,I04,Cold Coffee,Beverages,1,62.17,0,UPI
T0003474,2025-07-17 13:38:37,S1119,I06,Poha,Breakfast,1,32.11,0,UPI
T0003475,2025-07-17 08:14:30,S1028,I02,Samosa,Snacks,1,16.9,0,Cash
T0003476,2025-07-17 14:15:25,S1054,I03,Masala Sandwich,Sandwiches,1,50.25,10,Cash
T0003477,2025-07-17 13:43:59,S1315,I03,Masala Sandwich,Sandwiches,1,50.98,0,Cash
T0003478,2025-07-17 18:46:05,S1181,I01,Veg Puff,Snacks,1,25.95,0,Cash
T0003479,2025-07-17 09:41:53,S1208,I01,Veg Puff,Snacks,2,26.83,0,Card
T0003480,2025-07-17 19:23:08,S1054,I01,Veg Puff,Snacks,1,26.73,0,Cash
T0003481,2025-07-17 08:16:53,S1163,I04,Cold Coffee,Beverages,1,61.3,0,UPI
T0003482,2025-07-17 14:03:12,S1022,I04,Cold Coffee,Beverages,1,61.8,0,Cash
T0003483,2025-07-17 09:49:30,S1236,I04,Cold Coffee,Beverages,2,60.48,0,Cash
T0003484,2025-07-17 08:10:37,S1290,I06,Poha,Breakfast,1,31.59,0,Cash
T0003484,2025-07-17 08:10:37,S1171,I05,Cutting Chai,Beverages,2,9.37,0,UPI
T0003485,2025-07-17 14:56:47,S1239,I05,Cutting Chai,Beverages,3,11.21,0,Cash
T0003486,2025-07-17 14:42:02,S1395,I02,Samosa,Snacks,1,16.68,0,Cash
T0003487,2025-07-17 09:46:16,S1157,I01,Veg Puff,Snacks,1,25.85,10,Card
T0003487,2025-07-17 09:46:16,S1252,I06,Poha,Breakfast,1,32.02,0,Card
T0003488,2025-07-17 12:51:27,S1325,I01,Veg Puff,Snacks,1,25.73,0,UPI
T0003489,2025-07-17 08:47:14,S1394,I04,Cold Coffee,Beverages,1,60.84,0,Cash
T0003490,2025-07-17 17:57:44,S1298,I06,Poha,Breakfast,1,32.15,0,Cash
T0003491,2025-07-17 09:12:01,S1251,I06,Poha,Breakfast,1,30.86,0,Card
T0003491,2025-07-17 09:12:01,S1315,I02,Samosa,Snacks,2,16.4,15,Cash
T0003492,2025-07-17 17:44:21,S1395,I02,Samosa,Snacks,4,16.04,0,Cash
T0003493,2025-07-17 08:09:11,S1263,I04,Cold Coffee,Beverages,2,61.84,0,Card
T0003494,2025-07-17 19:00:04,S1361,I01,Veg Puff,Snacks,1,26.67,5,UPI
T0003494,2025-07-17 19:00:04,S1137,I06,Poha,Breakfast,1,32.25,0,Cash
T0003495,2025-07-17 09:04:16,S1224,I02,Samosa,Snacks,2,15.96,0,UPI
T0003495,2025-07-17 09:04:16,S1159,I04,Cold Coffee,Beverages,1,62.35,0,Card
T0003496,2025-07-17 14:43:53,S1255,I03,Masala Sandwich,Sandwiches,1,50.17,0,UPI
T0003496,2025-07-17 14:43:53,S1108,I04,Cold Coffee,Beverages,1,60.8,0,Card
T0003497,2025-07-17 09:25:08,S1347,I03,Masala Sandwich,Sandwiches,3,49.28,0,UPI
T0003497,2025-07-17 09:25:08,S1225,I02,Samosa,Snacks,1,15.35,0,UPI
T0003498,2025-07-17 12:08:24,S1042,I04,Cold Coffee,Beverages,3,62.42,0,Cash
T0003498,2025-07-17 12:08:24,S1073,I06,Poha,Breakfast,1,33.06,0,Card
T0003499,2025-07-17 09:34:22,S1098,I02,Samosa,Snacks,2,16.92,15,UPI
T0003500,2025-07-17 12:07:58,S1042,I05,Cutting Chai,Beverages,2,10.94,0,UPI
T0003501,2025-07-17 14:14:20,S1160,I01,Veg Puff,Snacks,1,25.53,0,UPI
T0003501,2025-07-17 14:14:20,S1170,I04,Cold Coffee,Beverages,1,61.87,0,Card
T0003502,2025-07-17 09:59:17,S1157,I01,Veg Puff,Snacks,2,27.42,0,Cash
T0003502,2025-07-17 09:59:17,S1004,I04,Cold Coffee,Beverages,1,64.11,10,Cash
T0003503,2025-07-17 08:59:54,S1040,I06,Poha,Breakfast,1,31.2,0,UPI
T0003503,2025-07-17 08:59:54,S1024,I02,Samosa,Snacks,1,15.88,5,Cash
T0003504,2025-07-17 08:28:32,S1357,I02,Samosa,Snacks,4,16.15,0,Card
T0003504,2025-07-17 08:28:32,S1112,I06,Poha,Breakfast,1,32.24,0,Card
T0003505,2025-07-17 14:30:30,S1273,I06,Poha,Breakfast,4,31.67,0,Card
T0003506,2025-07-17 14:26:38,S1353,I04,Cold Coffee,Beverages,2,62.11,0,UPI
T0003507,2025-07-17 14:57:54,S1006,I03,Masala Sandwich,Sandwiches,1,51.25,0,UPI
T0003508,2025-07-17 19:19:28,S1114,I05,Cutting Chai,Beverages,2,10.6,0,UPI
T0003508,2025-07-17 19:19:28,S1104,I02,Samosa,Snacks,3,15.98,15,Cash
T0003509,2025-07-17 14:51:21,S1183,I02,Samosa,Snacks,1,16.29,15,Cash
T0003509,2025-07-17 14:51:21,S1089,I04,Cold Coffee,Beverages,2,62.07,0,UPI
T0003510,2025-07-17 12:48:19,S1384,I02,Samosa,Snacks,1,16.2,0,Card
T0003510,2025-07-17 12:48:19,S1005,I05,Cutting Chai,Beverages,1,9.86,15,UPI
T0003511,2025-07-17 12:44:43,S1243,I05,Cutting Chai,Beverages,2,10.34,0,UPI
T0003512,2025-07-17 09:56:40,S1258,I01,Veg Puff,Snacks,2,25.65,0,Cash
T0003512,2025-07-17 09:56:40,S1380,I05,Cutting Chai,Beverages,1,10.0,0,Card
T0003513,2025-07-17 12:04:20,S1321,I04,Cold Coffee,Beverages,2,61.38,0,Card
T0003514,2025-07-17 12:22:55,S1349,I01,Veg Puff,Snacks,1,26.78,0,Card
T0003514,2025-07-17 12:22:55,S1240,I06,Poha,Breakfast,2,31.65,0,UPI
T0003515,2025-07-17 19:56:21,S1072,I06,Poha,Breakfast,1,32.07,5,UPI
T0003516,2025-07-17 08:59:16,S1066,I02,Samosa,Snacks,5,15.59,0,UPI
T0003517,2025-07-18 18:34:19,S1387,I02,Samosa,Snacks,1,16.63,15,Cash
T0003518,2025-07-18 09:56:04,S1286,I01,Veg Puff,Snacks,2,25.93,5,Cash
T0003519,2025-07-18 09:34:38,S1315,I04,Cold Coffee,Beverages,4,61.49,0,Cash
T0003520,2025-07-18 12:17:50,S1179,I03,Masala Sandwich,Sandwiches,1,49.58,0,Card
T0003521,2025-07-18 14:05:11,S1227,I03,Masala Sandwich,Sandwiches,3,50.27,5,Cash
T0003521,2025-07-18 14:05:11,S1280,I02,Samosa,Snacks,1,15.46,0,Card
T0003522,2025-07-18 14:11:18,S1039,I05,Cutting Chai,Beverages,1,9.87,0,Card
T0003523,2025-07-18 12:20:01,S1130,I06,Poha,Breakfast,2,32.19,0,Card
T0003524,2025-07-18 13:34:01,S1101,I04,Cold Coffee,Beverages,3,61.18,0,UPI
T0003525,2025-07-18 14:37:06,S1254,I04,Cold Coffee,Beverages,2,61.73,0,Card
T0003526,2025-07-18 12:40:14,S1036,I05,Cutting Chai,Beverages,2,10.67,0,UPI
T0003526,2025-07-18 12:40:14,S1213,I02,Samosa,Snacks,4,15.73,0,Cash
T0003527,2025-07-18 13:14:06,S1257,I05,Cutting Chai,Beverages,2,9.28,5,Card
T0003527,2025-07-18 13:14:06,S1191,I02,Samosa,Snacks,4,15.48,0,Cash
T0003528,2025-07-18 12:11:09,S1135,I01,Veg Puff,Snacks,4,26.35,0,Card
T0003529,2025-07-18 19:02:54,S1001,I06,Poha,Breakfast,1,33.8,0,UPI
T0003529,2025-07-18 19:02:54,S1202,I01,Veg Puff,Snacks,2,25.66,0,Card
T0003530,2025-07-18 08:20:11,S1213,I03,Masala Sandwich,Sandwiches,2,49.26,0,Cash
T0003531,2025-07-18 18:42:23,S1159,I02,Samosa,Snacks,1,15.71,0,Cash
T0003532,2025-07-18 13:36:22,S1172,I05,Cutting Chai,Beverages,3,9.13,0,Cash
T0003533,2025-07-18 08:12:47,S1112,I02,Samosa,Snacks,2,15.34,0,UPI
T0003534,2025-07-18 18:47:46,S1349,I01,Veg Puff,Snacks,2,26.43,0,Cash
T0003534,2025-07-18 18:47:46,S1108,I04,Cold Coffee,Beverages,1,62.83,10,Cash
T0003535,2025-07-18 19:53:43,S1277,I01,Veg Puff,Snacks,1,26.44,0,Card
T0003536,2025-07-18 14:36:27,S1151,I06,Poha,Breakfast,1,31.34,0,Card
T0003537,2025-07-18 14:28:21,S1355,I01,Veg Puff,Snacks,1,25.8,0,Card
T0003538,2025-07-18 12:31:22,S1266,I04,Cold Coffee,Beverages,2,62.66,0,UPI
T0003539,2025-07-18 12:31:31,S1366,I02,Samosa,Snacks,2,15.43,0,Cash
T0003540,2025-07-18 14:36:36,S1131,I06,Poha,Breakfast,2,30.25,10,UPI
T0003540,2025-07-18 14:36:36,S1094,I01,Veg Puff,Snacks,3,25.98,0,UPI
T0003541,2025-07-18 14:40:42,S1341,I01,Veg Puff,Snacks,1,25.95,0,UPI
T0003541,2025-07-18 14:40:42,S1120,I03,Masala Sandwich,Sandwiches,2,50.13,0,Card
T0003542,2025-07-18 12:23:52,S1186,I04,Cold Coffee,Beverages,1,61.98,0,Card
T0003542,2025-07-18 12:23:52,S1232,I06,Poha,Breakfast,1,31.24,5,Cash
T0003543,2025-07-18 12:08:31,S1171,I06,Poha,Breakfast,1,32.01,0,UPI
T0003544,2025-07-18 08:06:47,S1133,I03,Masala Sandwich,Sandwiches,1,50.74,0,Cash
T0003545,2025-07-18 08:50:14,S1053,I02,Samosa,Snacks,1,15.1,0,UPI
T0003545,2025-07-18 08:50:14,S1298,I03,Masala Sandwich,Sandwiches,4,50.5,5,Cash
T0003546,2025-07-18 08:00:24,S1300,I02,Samosa,Snacks,2,17.01,15,Cash
T0003547,2025-07-18 13:14:35,S1283,I02,Samosa,Snacks,1,16.83,0,Card
T0003548,2025-07-18 12:05:27,S1106,I04,Cold Coffee,Beverages,1,62.01,0,Cash
T0003548,2025-07-18 12:05:27,S1187,I01,Veg Puff,Snacks,2,26.16,0,UPI
T0003549,2025-07-18 14:38:11,S1279,I03,Masala Sandwich,Sandwiches,2,49.15,0,UPI
T0003550,2025-07-18 08:04:59,S1081,I06,Poha,Breakfast,1,32.74,0,Card
T0003551,2025-07-18 08:06:05,S1073,I02,Samosa,Snacks,1,16.21,0,Card
T0003551,2025-07-18 08:06:05,S1071,I04,Cold Coffee,Beverages,6,61.77,5,Card
T0003552,2025-07-18 17:20:55,S1139,I04,Cold Coffee,Beverages,4,62.09,0,UPI
T0003553,2025-07-18 09:27:26,S1094,I01,Veg Puff,Snacks,1,26.49,0,Card
T0003554,2025-07-18 12:31:28,S1199,I05,Cutting Chai,Beverages,1,11.46,0,UPI
T0003555,2025-07-18 09:00:02,S1283,I03,Masala Sandwich,Sandwiches,2,49.5,0,Cash
T0003556,2025-07-18 09:06:54,S1104,I03,Masala Sandwich,Sandwiches,1,49.36,0,Cash
T0003556,2025-07-18 09:06:54,S1375,I04,Cold Coffee,Beverages,1,62.02,0,Cash
T0003557,2025-07-18 13:23:06,S1080,I06,Poha,Breakfast,1,32.69,15,Card
T0003558,2025-07-18 19:16:17,S1160,I04,Cold Coffee,Beverages,1,61.99,0,UPI
T0003559,2025-07-18 14:33:06,S1363,I02,Samosa,Snacks,1,15.34,5,Cash
T0003560,2025-07-18 09:02:57,S1381,I03,Masala Sandwich,Sandwiches,3,49.89,0,Card
T0003561,2025-07-18 14:32:59,S1099,I05,Cutting Chai,Beverages,1,9.98,25,Cash
T0003562,2025-07-18 08:33:36,S1385,I04,Cold Coffee,Beverages,1,62.52,0,UPI
T0003563,2025-07-18 08:46:22,S1241,I01,Veg Puff,Snacks,1,25.45,0,Card
T0003563,2025-07-18 08:46:22,S1126,I02,Samosa,Snacks,2,15.78,0,UPI
T0003564,2025-07-18 19:32:35,S1023,I04,Cold Coffee,Beverages,1,62.27,0,Cash
T0003565,2025-07-18 18:27:34,S1299,I01,Veg Puff,Snacks,1,26.26,0,Card
T0003566,2025-07-18 12:26:32,S1312,I06,Poha,Breakfast,3,33.38,10,Cash
T0003567,2025-07-18 14:04:47,S1092,I01,Veg Puff,Snacks,2,25.46,0,UPI
T0003568,2025-07-18 08:50:43,S1311,I06,Poha,Breakfast,1,33.09,0,Card
T0003569,2025-07-18 08:59:05,S1208,I05,Cutting Chai,Beverages,1,9.78,0,Cash
T0003569,2025-07-18 08:59:05,S1068,I06,Poha,Breakfast,3,31.2,0,Cash
T0003570,2025-07-18 08:04:20,S1097,I03,Masala Sandwich,Sandwiches,1,50.19,0,UPI
T0003571,2025-07-18 08:37:53,S1079,I04,Cold Coffee,Beverages,2,61.75,0,UPI
T0003572,2025-07-18 08:54:57,S1352,I03,Masala Sandwich,Sandwiches,1,49.23,0,Card
T0003573,2025-07-18 08:07:34,S1172,I06,Poha,Breakfast,1,31.38,0,UPI
T0003574,2025-07-18 18:20:02,S1007,I03,Masala Sandwich,Sandwiches,1,51.26,0,Card
T0003574,2025-07-18 18:20:02,S1207,I06,Poha,Breakfast,2,32.37,0,Cash
T0003575,2025-07-18 14:02:34,S1073,I02,Samosa,Snacks,3,16.33,0,UPI
T0003576,2025-07-18 14:59:09,S1364,I02,Samosa,Snacks,1,15.98,0,UPI
T0003577,2025-07-18 09:07:12,S1253,I03,Masala Sandwich,Sandwiches,1,49.79,0,Card
T0003578,2025-07-18 08:10:22,S1110,I04,Cold Coffee,Beverages,2,61.81,0,UPI
T0003579,2025-07-18 12:45:14,S1152,I05,Cutting Chai,Beverages,1,10.42,0,Cash
T0003580,2025-07-18 13:54:51,S1254,I03,Masala Sandwich,Sandwiches,1,50.43,0,UPI
T0003581,2025-07-18 08:32:53,S1068,I03,Masala Sandwich,Sandwiches,1,49.96,0,Cash
T0003581,2025-07-18 08:32:53,S1249,I06,Poha,Breakfast,1,31.9,0,Cash
T0003582,2025-07-18 13:01:36,S1064,I06,Poha,Breakfast,1,31.3,0,Card
T0003583,2025-07-18 19:11:58,S1312,I01,Veg Puff,Snacks,3,26.21,0,Cash
T0003583,2025-07-18 19:11:58,S1196,I06,Poha,Breakfast,1,31.68,0,UPI
T0003584,2025-07-18 14:25:01,S1275,I02,Samosa,Snacks,1,15.17,0,Cash
T0003585,2025-07-18 14:49:52,S1156,I04,Cold Coffee,Beverages,2,62.32,0,UPI
T0003586,2025-07-18 09:00:56,S1265,I06,Poha,Breakfast,2,32.51,0,Cash
T0003586,2025-07-18 09:00:56,S1291,I05,Cutting Chai,Beverages,3,10.06,0,Card
T0003587,2025-07-18 18:51:53,S1117,I06,Poha,Breakfast,1,33.13,0,UPI
T0003588,2025-07-18 17:45:46,S1215,I02,Samosa,Snacks,1,15.82,0,UPI
T0003589,2025-07-18 19:47:48,S1122,I06,Poha,Breakfast,1,32.76,0,Card
T0003590,2025-07-18 09:56:02,S1084,I05,Cutting Chai,Beverages,1,9.29,0,Cash
T0003590,2025-07-18 09:56:02,S1106,I02,Samosa,Snacks,1,16.16,0,Cash
T0003591,2025-07-18 14:28:57,S1265,I06,Poha,Breakfast,4,32.6,0,Card
T0003591,2025-07-18 14:28:57,S1278,I01,Veg Puff,Snacks,1,25.95,0,Cash
T0003592,2025-07-18 14:18:21,S1048,I02,Samosa,Snacks,1,15.1,0,Cash
T0003593,2025-07-18 08:42:08,S1004,I03,Masala Sandwich,Sandwiches,1,49.26,0,Card
T0003593,2025-07-18 08:42:08,S1305,I01,Veg Puff,Snacks,1,26.13,0,Cash
T0003594,2025-07-18 13:39:58,S1353,I02,Samosa,Snacks,4,16.01,0,Cash
T0003595,2025-07-18 08:02:13,S1047,I04,Cold Coffee,Beverages,6,61.87,0,Card
T0003596,2025-07-18 14:19:08,S1256,I06,Poha,Breakfast,1,31.6,0,UPI
T0003597,2025-07-18 08:27:46,S1089,I02,Samosa,Snacks,3,14.05,0,UPI
T0003598,2025-07-18 13:11:20,S1108,I05,Cutting Chai,Beverages,1,9.84,0,Card
T0003599,2025-07-18 08:45:29,S1372,I01,Veg Puff,Snacks,1,26.84,0,Cash
T0003600,2025-07-18 19:54:32,S1388,I04,Cold Coffee,Beverages,1,62.82,15,Cash
T0003601,2025-07-18 17:49:45,S1214,I04,Cold Coffee,Beverages,1,61.95,0,Cash
T0003601,2025-07-18 17:49:45,S1095,I01,Veg Puff,Snacks,1,26.08,0,Card
T0003602,2025-07-18 12:43:46,S1232,I04,Cold Coffee,Beverages,2,60.93,0,Cash
T0003603,2025-07-18 18:17:52,S1301,I03,Masala Sandwich,Sandwiches,1,48.82,0,UPI
T0003604,2025-07-18 14:03:52,S1289,I04,Cold Coffee,Beverages,1,62.3,15,Cash
T0003605,2025-07-18 09:34:11,S1342,I01,Veg Puff,Snacks,1,26.57,0,UPI
T0003606,2025-07-18 14:40:36,S1235,I06,Poha,Breakfast,1,30.91,25,Cash
T0003607,2025-07-18 08:49:41,S1276,I02,Samosa,Snacks,2,16.67,0,Card
T0003608,2025-07-18 14:17:54,S1277,I02,Samosa,Snacks,1,17.0,0,Cash
T0003609,2025-07-18 12:36:25,S1127,I03,Masala Sandwich,Sandwiches,2,50.07,0,Card
T0003610,2025-07-18 14:50:01,S1261,I02,Samosa,Snacks,3,17.37,5,UPI
T0003611,2025-07-18 13:21:19,S1042,I04,Cold Coffee,Beverages,1,61.86,0,Cash
T0003611,2025-07-18 13:21:19,S1111,I05,Cutting Chai,Beverages,1,9.66,0,Card
T0003612,2025-07-18 08:56:46,S1033,I05,Cutting Chai,Beverages,2,9.97,0,Cash
T0003613,2025-07-18 08:31:13,S1388,I06,Poha,Breakfast,1,31.65,0,Card
T0003613,2025-07-18 08:31:13,S1206,I03,Masala Sandwich,Sandwiches,2,49.65,0,Card
T0003614,2025-07-18 13:26:56,S1068,I04,Cold Coffee,Beverages,2,62.18,0,UPI
T0003614,2025-07-18 13:26:56,S1061,I02,Samosa,Snacks,1,15.53,0,UPI
T0003615,2025-07-18 09:22:43,S1277,I06,Poha,Breakfast,2,32.63,0,Cash
T0003616,2025-07-18 14:30:03,S1169,I06,Poha,Breakfast,5,31.25,0,Cash
T0003617,2025-07-18 13:19:21,S1249,I06,Poha,Breakfast,1,32.45,10,UPI
T0003618,2025-07-18 18:03:09,S1184,I01,Veg Puff,Snacks,1,26.33,5,Card
T0003619,2025-07-18 14:44:51,S1304,I05,Cutting Chai,Beverages,4,9.6,0,UPI
T0003620,2025-07-18 14:26:41,S1373,I05,Cutting Chai,Beverages,1,9.48,0,Card
T0003620,2025-07-18 14:26:41,S1358,I04,Cold Coffee,Beverages,2,61.42,0,UPI
T0003621,2025-07-18 13:32:17,S1188,I06,Poha,Breakfast,2,31.43,0,Card
T0003622,2025-07-18 12:58:59,S1353,I02,Samosa,Snacks,2,16.31,0,Card
T0003622,2025-07-18 12:58:59,S1074,I01,Veg Puff,Snacks,1,27.32,0,UPI
T0003623,2025-07-18 14:20:07,S1311,I05,Cutting Chai,Beverages,1,11.06,0,Card
T0003624,2025-07-18 09:06:42,S1154,I05,Cutting Chai,Beverages,2,9.94,0,Cash
T0003625,2025-07-18 12:38:41,S1235,I01,Veg Puff,Snacks,2,25.65,10,UPI
T0003626,2025-07-18 17:19:35,S1071,I02,Samosa,Snacks,2,17.28,5,Card
T0003627,2025-07-18 12:32:12,S1176,I04,Cold Coffee,Beverages,2,62.56,0,UPI
T0003628,2025-07-18 18:24:14,S1082,I05,Cutting Chai,Beverages,4,10.05,0,UPI
T0003629,2025-07-18 08:56:08,S1036,I02,Samosa,Snacks,2,15.83,0,Card
T0003630,2025-07-18 13:43:34,S1015,I01,Veg Puff,Snacks,1,26.72,0,Card
T0003631,2025-07-18 08:17:10,S1217,I03,Masala Sandwich,Sandwiches,2,50.7,0,Card
T0003631,2025-07-18 08:17:10,S1332,I01,Veg Puff,Snacks,2,26.18,0,Cash
T0003632,2025-07-18 17:25:31,S1173,I04,Cold Coffee,Beverages,1,61.52,0,UPI
T0003633,2025-07-18 14:56:42,S1317,I02,Samosa,Snacks,2,15.91,0,UPI
T0003634,2025-07-18 09:29:50,S1054,I06,Poha,Breakfast,1,31.65,0,UPI
T0003635,2025-07-18 08:38:01,S1283,I04,Cold Coffee,Beverages,3,61.78,15,UPI
T0003636,2025-07-18 09:40:00,S1014,I02,Samosa,Snacks,2,15.81,0,Cash
T0003636,2025-07-18 09:40:00,S1233,I03,Masala Sandwich,Sandwiches,1,50.51,0,Card
T0003637,2025-07-18 17:08:36,S1384,I05,Cutting Chai,Beverages,2,9.1,0,Card
T0003637,2025-07-18 17:08:36,S1053,I06,Poha,Breakfast,2,33.07,0,Card
T0003638,2025-07-18 17:13:00,S1144,I03,Masala Sandwich,Sandwiches,1,49.53,0,Cash
T0003639,2025-07-18 13:40:22,S1180,I06,Poha,Breakfast,1,31.72,0,Card
T0003639,2025-07-18 13:40:22,S1038,I01,Veg Puff,Snacks,2,25.67,0,Card
T0003640,2025-07-18 13:33:40,S1370,I05,Cutting Chai,Beverages,2,9.49,0,UPI
T0003641,2025-07-18 12:54:30,S1163,I04,Cold Coffee,Beverages,1,60.91,0,Cash
T0003642,2025-07-18 13:02:48,S1042,I01,Veg Puff,Snacks,1,25.86,0,UPI
T0003642,2025-07-18 13:02:48,S1067,I02,Samosa,Snacks,1,15.75,0,Cash
T0003643,2025-07-18 17:39:10,S1291,I02,Samosa,Snacks,1,16.08,0,Cash
T0003643,2025-07-18 17:39:10,S1209,I06,Poha,Breakfast,1,32.15,15,UPI
T0003644,2025-07-18 12:34:17,S1137,I03,Masala Sandwich,Sandwiches,2,50.49,0,UPI
T0003645,2025-07-18 18:03:09,S1104,I02,Samosa,Snacks,1,16.12,15,UPI
T0003646,2025-07-18 08:12:26,S1212,I06,Poha,Breakfast,1,32.26,0,UPI
T0003647,2025-07-18 09:23:07,S1327,I03,Masala Sandwich,Sandwiches,1,50.31,0,UPI
T0003647,2025-07-18 09:23:07,S1256,I06,Poha,Breakfast,1,32.05,15,Cash
T0003648,2025-07-18 17:45:54,S1176,I03,Masala Sandwich,Sandwiches,1,51.0,0,UPI
T0003648,2025-07-18 17:45:54,S1199,I01,Veg Puff,Snacks,1,27.0,0,Cash
T0003649,2025-07-18 12:19:48,S1315,I04,Cold Coffee,Beverages,1,63.07,0,UPI
T0003649,2025-07-18 12:19:48,S1340,I02,Samosa,Snacks,1,14.9,0,UPI
T0003650,2025-07-18 19:20:41,S1144,I01,Veg Puff,Snacks,1,25.39,0,UPI
T0003651,2025-07-18 17:30:34,S1250,I02,Samosa,Snacks,1,16.27,0,Cash
T0003652,2025-07-18 12:10:06,S1087,I01,Veg Puff,Snacks,1,25.44,0,Card
T0003653,2025-07-18 09:43:44,S1046,I04,Cold Coffee,Beverages,3,60.84,10,Card
T0003654,2025-07-18 12:01:21,S1353,I05,Cutting Chai,Beverages,1,9.86,0,Card
T0003654,2025-07-18 12:01:21,S1180,I03,Masala Sandwich,Sandwiches,2,50.36,15,Cash
T0003655,2025-07-18 19:08:23,S1115,I03,Masala Sandwich,Sandwiches,1,51.44,0,UPI
T0003656,2025-07-18 13:32:52,S1237,I03,Masala Sandwich,Sandwiches,1,48.73,0,UPI
T0003657,2025-07-18 08:45:17,S1365,I06,Poha,Breakfast,3,31.08,0,Card
T0003657,2025-07-18 08:45:17,S1074,I02,Samosa,Snacks,2,16.26,0,Cash
T0003658,2025-07-18 13:28:11,S1351,I03,Masala Sandwich,Sandwiches,3,49.65,0,Card
T0003658,2025-07-18 13:28:11,S1193,I04,Cold Coffee,Beverages,2,61.63,0,Cash
T0003659,2025-07-18 14:18:10,S1079,I03,Masala Sandwich,Sandwiches,1,49.79,0,UPI
T0003659,2025-07-18 14:18:10,S1169,I06,Poha,Breakfast,1,32.42,0,Card
T0003660,2025-07-18 17:00:18,S1079,I03,Masala Sandwich,Sandwiches,2,48.62,0,Cash
T0003660,2025-07-18 17:00:18,S1165,I04,Cold Coffee,Beverages,2,62.53,0,UPI
T0003661,2025-07-18 08:09:06,S1144,I03,Masala Sandwich,Sandwiches,1,49.94,0,Card
T0003662,2025-07-18 17:12:49,S1161,I04,Cold Coffee,Beverages,1,62.5,10,Card
T0003663,2025-07-18 09:34:49,S1122,I01,Veg Puff,Snacks,2,25.81,0,Card
T0003663,2025-07-18 09:34:49,S1248,I04,Cold Coffee,Beverages,2,61.58,0,UPI
T0003664,2025-07-18 19:07:37,S1116,I02,Samosa,Snacks,2,15.58,0,UPI
T0003665,2025-07-18 18:55:11,S1193,I03,Masala Sandwich,Sandwiches,2,50.79,15,Card
T0003666,2025-07-18 18:30:54,S1365,I05,Cutting Chai,Beverages,1,9.62,0,Cash
T0003666,2025-07-18 18:30:54,S1080,I06,Poha,Breakfast,3,31.5,15,Cash
T0003667,2025-07-18 09:02:21,S1187,I03,Masala Sandwich,Sandwiches,1,50.74,15,Cash
T0003667,2025-07-18 09:02:21,S1324,I01,Veg Puff,Snacks,2,26.05,0,Card
T0003668,2025-07-18 13:24:48,S1149,I04,Cold Coffee,Beverages,1,62.14,10,Card
T0003668,2025-07-18 13:24:48,S1261,I01,Veg Puff,Snacks,3,25.85,0,Cash
T0003669,2025-07-19 17:43:04,S1207,I03,Masala Sandwich,Sandwiches,1,50.21,0,Card
T0003670,2025-07-19 19:06:43,S1016,I06,Poha,Breakfast,1,31.53,0,Card
T0003671,2025-07-19 18:33:36,S1043,I05,Cutting Chai,Beverages,3,10.91,5,Cash
T0003671,2025-07-19 18:33:36,S1088,I03,Masala Sandwich,Sandwiches,2,49.69,0,Cash
T0003672,2025-07-19 19:55:34,S1148,I01,Veg Puff,Snacks,3,25.76,0,Card
T0003673,2025-07-19 08:45:51,S1083,I05,Cutting Chai,Beverages,1,10.01,10,UPI
T0003674,2025-07-19 09:01:09,S1384,I06,Poha,Breakfast,4,31.92,0,UPI
T0003674,2025-07-19 09:01:09,S1103,I02,Samosa,Snacks,2,16.4,0,UPI
T0003675,2025-07-19 08:25:56,S1290,I05,Cutting Chai,Beverages,2,8.81,0,Card
T0003675,2025-07-19 08:25:56,S1177,I01,Veg Puff,Snacks,1,26.08,0,Cash
T0003676,2025-07-19 09:35:59,S1048,I04,Cold Coffee,Beverages,1,62.37,0,Card
T0003677,2025-07-19 12:44:54,S1117,I01,Veg Puff,Snacks,1,25.95,0,Card
T0003677,2025-07-19 12:44:54,S1006,I05,Cutting Chai,Beverages,1,9.96,0,Cash
T0003678,2025-07-19 08:49:44,S1019,I06,Poha,Breakfast,2,31.81,0,UPI
T0003679,2025-07-19 13:51:56,S1238,I06,Poha,Breakfast,2,32.18,10,Cash
T0003680,2025-07-19 09:09:08,S1034,I03,Masala Sandwich,Sandwiches,1,49.12,0,UPI
T0003680,2025-07-19 09:09:08,S1396,I04,Cold Coffee,Beverages,3,61.21,0,UPI
T0003681,2025-07-19 17:00:16,S1341,I04,Cold Coffee,Beverages,6,62.2,0,UPI
T0003682,2025-07-19 12:12:22,S1072,I03,Masala Sandwich,Sandwiches,1,49.53,5,UPI
T0003683,2025-07-19 19:28:17,S1069,I02,Samosa,Snacks,1,15.29,10,Card
T0003683,2025-07-19 19:28:17,S1130,I05,Cutting Chai,Beverages,3,9.17,0,Card
T0003684,2025-07-19 13:56:14,S1014,I05,Cutting Chai,Beverages,1,9.66,0,UPI
T0003685,2025-07-19 13:42:00,S1013,I03,Masala Sandwich,Sandwiches,1,49.14,0,UPI
T0003685,2025-07-19 13:42:00,S1177,I01,Veg Puff,Snacks,1,25.41,0,UPI
T0003686,2025-07-19 12:03:11,S1180,I06,Poha,Breakfast,1,33.34,15,Card
T0003687,2025-07-19 09:54:25,S1141,I06,Poha,Breakfast,2,32.17,0,UPI
T0003687,2025-07-19 09:54:25,S1344,I02,Samosa,Snacks,1,16.09,0,Card
T0003688,2025-07-19 09:55:34,S1195,I03,Masala Sandwich,Sandwiches,4,48.97,0,Card
T0003689,2025-07-19 13:53:26,S1027,I05,Cutting Chai,Beverages,1,10.83,0,Card
T0003689,2025-07-19 13:53:26,S1303,I01,Veg Puff,Snacks,1,26.01,0,UPI
T0003690,2025-07-19 09:24:02,S1285,I04,Cold Coffee,Beverages,2,63.66,0,Cash
T0003691,2025-07-19 14:12:36,S1005,I02,Samosa,Snacks,1,15.6,5,UPI
T0003692,2025-07-19 13:28:05,S1114,I05,Cutting Chai,Beverages,1,11.46,0,Cash
T0003693,2025-07-19 14:15:52,S1141,I04,Cold Coffee,Beverages,2,62.75,10,Card
T0003693,2025-07-19 14:15:52,S1356,I01,Veg Puff,Snacks,2,26.09,0,Card
T0003694,2025-07-19 14:33:49,S1193,I03,Masala Sandwich,Sandwiches,1,50.67,0,Cash
T0003695,2025-07-19 14:06:04,S1128,I06,Poha,Breakfast,2,31.63,15,Cash
T0003696,2025-07-19 14:41:22,S1356,I06,Poha,Breakfast,1,31.72,0,UPI
T0003696,2025-07-19 14:41:22,S1134,I05,Cutting Chai,Beverages,4,10.55,0,Cash
T0003697,2025-07-19 17:29:21,S1119,I05,Cutting Chai,Beverages,3,9.44,0,Card
T0003698,2025-07-19 09:50:28,S1077,I04,Cold Coffee,Beverages,5,62.55,0,Card
T0003699,2025-07-19 19:18:00,S1165,I02,Samosa,Snacks,1,16.2,0,Card
T0003700,2025-07-19 17:44:44,S1392,I01,Veg Puff,Snacks,1,26.35,0,Card
T0003701,2025-07-19 17:32:30,S1200,I01,Veg Puff,Snacks,1,25.62,0,UPI
T0003701,2025-07-19 17:32:30,S1343,I06,Poha,Breakfast,1,32.62,10,Cash
T0003702,2025-07-19 08:31:03,S1276,I06,Poha,Breakfast,1,31.87,0,Card
T0003703,2025-07-19 13:26:35,S1300,I05,Cutting Chai,Beverages,1,8.99,0,Card
T0003704,2025-07-19 17:17:34,S1239,I05,Cutting Chai,Beverages,2,10.3,0,Cash
T0003705,2025-07-19 09:30:42,S1324,I02,Samosa,Snacks,1,15.58,0,Card
T0003706,2025-07-19 12:03:57,S1184,I06,Poha,Breakfast,1,32.13,0,UPI
T0003707,2025-07-19 13:06:22,S1373,I03,Masala Sandwich,Sandwiches,1,50.35,0,UPI
T0003708,2025-07-19 14:57:37,S1008,I05,Cutting Chai,Beverages,4,10.79,0,Cash
T0003708,2025-07-19 14:57:37,S1139,I03,Masala Sandwich,Sandwiches,1,50.6,0,UPI
T0003709,2025-07-19 13:32:01,S1216,I01,Veg Puff,Snacks,1,26.34,0,Cash
T0003710,2025-07-19 08:26:53,S1303,I06,Poha,Breakfast,1,32.24,0,Card
T0003711,2025-07-19 19:16:32,S1375,I04,Cold Coffee,Beverages,2,62.3,5,Card
T0003711,2025-07-19 19:16:32,S1099,I03,Masala Sandwich,Sandwiches,1,49.82,0,Cash
T0003712,2025-07-19 09:54:03,S1271,I05,Cutting Chai,Beverages,1,10.02,0,Cash
T0003712,2025-07-19 09:54:03,S1344,I06,Poha,Breakfast,2,32.87,0,Card
T0003713,2025-07-19 14:32:06,S1319,I06,Poha,Breakfast,1,32.59,0,Card
T0003714,2025-07-19 18:37:36,S1272,I05,Cutting Chai,Beverages,2,10.13,5,UPI
T0003715,2025-07-19 14:55:04,S1095,I06,Poha,Breakfast,3,32.23,0,Card
T0003716,2025-07-19 08:13:58,S1102,I04,Cold Coffee,Beverages,2,61.32,15,UPI
T0003717,2025-07-19 14:56:36,S1340,I02,Samosa,Snacks,3,16.28,0,Cash
T0003718,2025-07-19 14:51:10,S1358,I03,Masala Sandwich,Sandwiches,4,50.21,5,Card
T0003718,2025-07-19 14:51:10,S1193,I06,Poha,Breakfast,2,31.67,0,UPI
T0003719,2025-07-19 12:32:17,S1307,I06,Poha,Breakfast,2,31.63,0,Card
T0003720,2025-07-19 12:05:22,S1153,I03,Masala Sandwich,Sandwiches,2,48.99,0,Card
T0003721,2025-07-19 17:38:32,S1268,I02,Samosa,Snacks,1,15.69,0,Cash
T0003722,2025-07-19 08:13:49,S1001,I03,Masala Sandwich,Sandwiches,1,49.82,0,UPI
T0003722,2025-07-19 08:13:49,S1207,I01,Veg Puff,Snacks,1,26.18,0,UPI
T0003723,2025-07-19 12:52:31,S1385,I05,Cutting Chai,Beverages,3,9.57,0,Card
T0003724,2025-07-19 12:22:46,S1251,I03,Masala Sandwich,Sandwiches,6,50.76,0,UPI
T0003724,2025-07-19 12:22:46,S1188,I06,Poha,Breakfast,1,32.1,5,Cash
T0003725,2025-07-19 17:41:45,S1050,I02,Samosa,Snacks,1,16.14,0,Cash
T0003726,2025-07-19 12:18:23,S1209,I04,Cold Coffee,Beverages,1,62.33,0,Cash
T0003726,2025-07-19 12:18:23,S1338,I06,Poha,Breakfast,1,31.88,0,UPI
T0003727,2025-07-19 19:38:36,S1054,I01,Veg Puff,Snacks,1,25.45,0,Card
T0003728,2025-07-19 14:30:18,S1375,I03,Masala Sandwich,Sandwiches,3,49.65,0,Cash
T0003729,2025-07-19 08:43:13,S1367,I01,Veg Puff,Snacks,1,26.94,0,Cash
T0003729,2025-07-19 08:43:13,S1252,I06,Poha,Breakfast,4,32.07,0,UPI
T0003730,2025-07-19 09:51:12,S1195,I05,Cutting Chai,Beverages,1,8.82,0,Cash
T0003731,2025-07-19 09:10:52,S1036,I03,Masala Sandwich,Sandwiches,1,51.33,0,Cash
T0003731,2025-07-19 09:10:52,S1323,I02,Samosa,Snacks,1,16.7,0,UPI
T0003732,2025-07-19 14:17:34,S1336,I05,Cutting Chai,Beverages,2,10.95,0,UPI
T0003732,2025-07-19 14:17:34,S1070,I01,Veg Puff,Snacks,2,26.43,0,Card
T0003733,2025-07-19 13:45:07,S1144,I02,Samosa,Snacks,1,16.61,0,Cash
T0003734,2025-07-19 09:46:39,S1265,I01,Veg Puff,Snacks,4,25.63,0,UPI
T0003734,2025-07-19 09:46:39,S1176,I02,Samosa,Snacks,3,15.54,0,UPI
T0003735,2025-07-19 17:38:42,S1232,I06,Poha,Breakfast,2,32.41,0,Cash
T0003736,2025-07-19 13:09:46,S1253,I05,Cutting Chai,Beverages,2,9.09,0,UPI
T0003736,2025-07-19 13:09:46,S1082,I03,Masala Sandwich,Sandwiches,1,50.41,0,UPI
T0003737,2025-07-19 14:25:04,S1261,I05,Cutting Chai,Beverages,4,9.44,0,Cash
T0003738,2025-07-19 14:46:36,S1285,I02,Samosa,Snacks,1,15.81,0,Card
T0003739,2025-07-19 09:33:48,S1250,I06,Poha,Breakfast,2,32.68,0,Card
T0003739,2025-07-19 09:33:48,S1097,I01,Veg Puff,Snacks,2,26.28,0,Card
T0003740,2025-07-19 08:51:07,S1281,I05,Cutting Chai,Beverages,1,10.33,0,Cash
T0003741,2025-07-19 08:32:26,S1056,I02,Samosa,Snacks,1,15.52,0,Cash
T0003742,2025-07-19 18:14:05,S1317,I02,Samosa,Snacks,2,15.97,0,Cash
T0003743,2025-07-19 14:34:48,S1046,I06,Poha,Breakfast,6,31.74,0,UPI
T0003744,2025-07-19 14:03:00,S1294,I01,Veg Puff,Snacks,1,25.73,0,Cash
T0003744,2025-07-19 14:03:00,S1044,I03,Masala Sandwich,Sandwiches,1,49.89,0,Card
T0003745,2025-07-19 12:26:19,S1148,I05,Cutting Chai,Beverages,1,9.14,0,Cash
T0003746,2025-07-19 08:09:44,S1040,I02,Samosa,Snacks,1,15.56,0,Card
T0003746,2025-07-19 08:09:44,S1141,I05,Cutting Chai,Beverages,2,10.29,0,Cash
T0003747,2025-07-19 08:04:45,S1136,I06,Poha,Breakfast,1,32.16,0,Card
T0003748,2025-07-19 09:56:18,S1259,I06,Poha,Breakfast,1,31.7,0,UPI
T0003749,2025-07-19 19:04:40,S1290,I06,Poha,Breakfast,1,31.41,0,Card
T0003750,2025-07-19 12:48:11,S1002,I05,Cutting Chai,Beverages,2,10.25,0,Card
T0003751,2025-07-19 14:06:48,S1193,I01,Veg Puff,Snacks,4,25.83,0,Cash
T0003751,2025-07-19 14:06:48,S1387,I04,Cold Coffee,Beverages,1,62.55,0,UPI
T0003752,2025-07-19 08:26:17,S1045,I03,Masala Sandwich,Sandwiches,1,49.22,0,UPI
T0003752,2025-07-19 08:26:17,S1282,I05,Cutting Chai,Beverages,1,9.3,5,Cash
T0003753,2025-07-19 17:10:17,S1323,I04,Cold Coffee,Beverages,3,63.42,0,Cash
T0003754,2025-07-19 09:53:31,S1221,I01,Veg Puff,Snacks,3,25.68,0,Cash
T0003755,2025-07-19 08:26:09,S1109,I02,Samosa,Snacks,3,15.92,0,Card
T0003756,2025-07-19 12:10:14,S1011,I03,Masala Sandwich,Sandwiches,2,49.78,0,Card
T0003757,2025-07-19 09:20:44,S1203,I01,Veg Puff,Snacks,3,26.12,0,Cash
T0003758,2025-07-19 09:22:20,S1352,I02,Samosa,Snacks,1,15.98,5,Card
T0003759,2025-07-19 14:46:50,S1304,I01,Veg Puff,Snacks,1,26.22,10,UPI
T0003760,2025-07-19 14:20:30,S1221,I06,Poha,Breakfast,1,31.28,10,Cash
T0003760,2025-07-19 14:20:30,S1105,I03,Masala Sandwich,Sandwiches,1,50.36,0,UPI
T0003761,2025-07-19 14:02:15,S1184,I06,Poha,Breakfast,3,31.05,0,Card
T0003762,2025-07-19 19:01:02,S1381,I02,Samosa,Snacks,1,16.46,15,Card
T0003763,2025-07-19 18:05:46,S1336,I01,Veg Puff,Snacks,1,25.86,0,Card
T0003763,2025-07-19 18:05:46,S1192,I02,Samosa,Snacks,2,16.72,0,Cash
T0003764,2025-07-19 17:48:30,S1288,I04,Cold Coffee,Beverages,2,61.55,5,Card
T0003765,2025-07-19 12:52:32,S1212,I01,Veg Puff,Snacks,1,25.12,0,UPI
T0003765,2025-07-19 12:52:32,S1099,I06,Poha,Breakfast,1,32.27,10,UPI
T0003766,2025-07-19 09:58:21,S1295,I04,Cold Coffee,Beverages,1,61.5,0,UPI
T0003767,2025-07-19 13:36:55,S1263,I01,Veg Puff,Snacks,2,25.47,0,UPI
T0003768,2025-07-19 12:19:13,S1150,I03,Masala Sandwich,Sandwiches,1,50.23,10,UPI
T0003768,2025-07-19 12:19:13,S1385,I04,Cold Coffee,Beverages,2,62.25,0,Card
T0003769,2025-07-19 14:45:55,S1343,I05,Cutting Chai,Beverages,2,10.27,0,Card
T0003770,2025-07-19 13:55:51,S1134,I01,Veg Puff,Snacks,2,25.35,0,Cash
T0003771,2025-07-19 08:58:41,S1188,I03,Masala Sandwich,Sandwiches,2,50.16,0,Cash
T0003772,2025-07-19 14:17:16,S1156,I01,Veg Puff,Snacks,2,24.58,0,UPI
T0003773,2025-07-19 08:32:08,S1084,I01,Veg Puff,Snacks,1,25.77,0,UPI
T0003774,2025-07-19 09:56:28,S1163,I04,Cold Coffee,Beverages,5,62.85,0,Card
T0003775,2025-07-19 18:34:06,S1228,I02,Samosa,Snacks,2,17.35,15,Cash
T0003776,2025-07-19 08:21:51,S1205,I01,Veg Puff,Snacks,2,25.37,0,Card
T0003777,2025-07-19 08:07:25,S1128,I01,Veg Puff,Snacks,1,26.23,0,UPI
T0003777,2025-07-19 08:07:25,S1382,I06,Poha,Breakfast,1,32.79,15,Cash
T0003778,2025-07-19 14:57:24,S1179,I02,Samosa,Snacks,1,16.52,0,UPI
T0003778,2025-07-19 14:57:24,S1329,I03,Masala Sandwich,Sandwiches,1,49.97,0,Cash
T0003779,2025-07-19 12:00:29,S1306,I04,Cold Coffee,Beverages,2,60.75,0,Cash
T0003780,2025-07-19 14:17:26,S1278,I01,Veg Puff,Snacks,2,25.53,0,Cash
T0003781,2025-07-19 13:06:57,S1126,I05,Cutting Chai,Beverages,4,9.98,0,UPI
T0003782,2025-07-19 13:00:02,S1037,I03,Masala Sandwich,Sandwiches,2,49.8,0,Cash
T0003782,2025-07-19 13:00:02,S1332,I04,Cold Coffee,Beverages,1,61.86,0,Cash
T0003783,2025-07-19 13:51:14,S1092,I04,Cold Coffee,Beverages,1,62.72,0,UPI
T0003784,2025-07-19 08:46:15,S1117,I02,Samosa,Snacks,2,17.29,0,Cash
T0003785,2025-07-19 19:00:07,S1290,I06,Poha,Breakfast,1,31.14,15,UPI
T0003786,2025-07-19 13:11:18,S1105,I02,Samosa,Snacks,4,15.57,0,UPI
T0003787,2025-07-19 08:35:50,S1052,I01,Veg Puff,Snacks,1,26.92,0,Cash
T0003788,2025-07-19 18:46:25,S1255,I06,Poha,Breakfast,1,31.25,5,UPI
T0003789,2025-07-19 13:55:18,S1234,I01,Veg Puff,Snacks,3,26.32,15,Cash
T0003790,2025-07-19 12:28:18,S1137,I04,Cold Coffee,Beverages,5,62.27,10,Cash
T0003791,2025-07-19 12:48:41,S1141,I01,Veg Puff,Snacks,1,25.88,0,UPI
T0003791,2025-07-19 12:48:41,S1157,I02,Samosa,Snacks,1,14.73,5,UPI
T0003792,2025-07-19 08:33:13,S1250,I04,Cold Coffee,Beverages,3,62.96,0,Card
T0003793,2025-07-19 13:03:05,S1100,I02,Samosa,Snacks,1,15.58,5,Card
T0003793,2025-07-19 13:03:05,S1047,I01,Veg Puff,Snacks,3,25.93,25,Card
T0003794,2025-07-19 09:40:49,S1112,I04,Cold Coffee,Beverages,1,62.61,0,Card
T0003794,2025-07-19 09:40:49,S1398,I03,Masala Sandwich,Sandwiches,1,50.21,0,UPI
T0003795,2025-07-19 13:01:42,S1374,I01,Veg Puff,Snacks,1,26.49,15,Card
T0003796,2025-07-19 13:38:19,S1355,I01,Veg Puff,Snacks,1,25.84,0,Card
T0003797,2025-07-19 09:50:32,S1211,I01,Veg Puff,Snacks,2,25.56,0,UPI
T0003798,2025-07-19 09:32:18,S1283,I05,Cutting Chai,Beverages,1,9.56,0,Card
T0003798,2025-07-19 09:32:18,S1197,I04,Cold Coffee,Beverages,3,62.31,0,Cash
T0003799,2025-07-19 14:38:10,S1044,I02,Samosa,Snacks,3,16.02,0,UPI
T0003799,2025-07-19 14:38:10,S1145,I01,Veg Puff,Snacks,1,26.9,10,Cash
T0003800,2025-07-19 09:24:45,S1056,I04,Cold Coffee,Beverages,1,62.62,0,Cash
T0003801,2025-07-19 17:22:17,S1127,I04,Cold Coffee,Beverages,1,61.35,10,Cash
T0003802,2025-07-19 08:46:35,S1007,I01,Veg Puff,Snacks,2,25.33,0,Cash
T0003803,2025-07-19 13:43:25,S1008,I01,Veg Puff,Snacks,1,26.44,0,UPI
T0003803,2025-07-19 13:43:25,S1209,I05,Cutting Chai,Beverages,3,10.61,0,Cash
T0003804,2025-07-19 18:03:13,S1198,I06,Poha,Breakfast,1,31.41,0,Card
T0003805,2025-07-19 09:19:20,S1136,I01,Veg Puff,Snacks,3,24.83,0,Card
T0003805,2025-07-19 09:19:20,S1052,I02,Samosa,Snacks,2,16.11,0,UPI
T0003806,2025-07-19 09:36:26,S1230,I04,Cold Coffee,Beverages,3,61.61,0,Card
T0003806,2025-07-19 09:36:26,S1177,I02,Samosa,Snacks,1,15.89,0,Cash
T0003807,2025-07-19 13:56:10,S1327,I06,Poha,Breakfast,1,32.56,0,Cash
T0003808,2025-07-19 18:51:03,S1146,I02,Samosa,Snacks,3,17.03,5,Card
T0003809,2025-07-19 17:50:47,S1191,I04,Cold Coffee,Beverages,3,62.78,10,Cash
T0003810,2025-07-19 12:19:21,S1123,I05,Cutting Chai,Beverages,4,9.96,0,Card
T0003811,2025-07-19 14:56:09,S1243,I01,Veg Puff,Snacks,2,25.45,0,Cash
T0003812,2025-07-19 09:54:05,S1233,I04,Cold Coffee,Beverages,1,61.48,10,UPI
T0003813,2025-07-19 12:31:52,S1195,I03,Masala Sandwich,Sandwiches,1,49.13,0,UPI
T0003814,2025-07-19 12:40:53,S1324,I06,Poha,Breakfast,1,32.25,0,UPI
T0003815,2025-07-19 08:49:56,S1048,I04,Cold Coffee,Beverages,1,61.72,25,Card
T0003816,2025-07-19 09:04:37,S1381,I04,Cold Coffee,Beverages,1,62.4,0,Card
T0003817,2025-07-19 13:20:15,S1123,I03,Masala Sandwich,Sandwiches,5,50.71,0,Card
T0003818,2025-07-19 19:06:17,S1109,I01,Veg Puff,Snacks,1,25.51,0,UPI
T0003818,2025-07-19 19:06:17,S1240,I04,Cold Coffee,Beverages,4,61.29,25,Card
T0003819,2025-07-19 13:02:07,S1250,I04,Cold Coffee,Beverages,1,62.0,0,Cash
T0003819,2025-07-19 13:02:07,S1079,I01,Veg Puff,Snacks,2,25.18,0,Cash
T0003820,2025-07-19 14:37:38,S1353,I04,Cold Coffee,Beverages,1,61.56,0,Cash
T0003821,2025-07-19 08:05:46,S1214,I01,Veg Puff,Snacks,1,25.79,0,Cash
T0003822,2025-07-19 09:58:01,S1303,I06,Poha,Breakfast,2,31.05,15,UPI
T0003822,2025-07-19 09:58:01,S1274,I01,Veg Puff,Snacks,3,25.67,0,Card
T0003823,2025-07-19 14:23:44,S1063,I03,Masala Sandwich,Sandwiches,3,49.86,0,Card
T0003824,2025-07-19 13:11:33,S1066,I05,Cutting Chai,Beverages,5,10.28,0,UPI
T0003825,2025-07-19 13:33:15,S1136,I06,Poha,Breakfast,5,31.76,0,Card
T0003826,2025-07-19 09:46:35,S1178,I06,Poha,Breakfast,1,30.67,0,UPI
T0003827,2025-07-19 12:43:16,S1342,I04,Cold Coffee,Beverages,1,63.31,15,Cash
T0003828,2025-07-19 12:11:37,S1393,I02,Samosa,Snacks,2,15.96,0,Card
T0003829,2025-07-19 09:20:02,S1390,I06,Poha,Breakfast,1,31.98,10,UPI
T0003829,2025-07-19 09:20:02,S1227,I04,Cold Coffee,Beverages,3,62.01,0,Card
T0003830,2025-07-19 14:02:18,S1079,I02,Samosa,Snacks,3,15.88,0,Card
T0003831,2025-07-19 12:36:52,S1264,I04,Cold Coffee,Beverages,1,61.92,10,Cash
T0003832,2025-07-19 08:34:58,S1237,I01,Veg Puff,Snacks,3,26.57,0,UPI
T0003833,2025-07-19 19:50:27,S1092,I02,Samosa,Snacks,1,16.34,0,Cash
T0003834,2025-07-19 09:03:12,S1189,I03,Masala Sandwich,Sandwiches,1,50.79,0,UPI
T0003834,2025-07-19 09:03:12,S1309,I06,Poha,Breakfast,1,32.56,0,Card
T0003835,2025-07-19 09:14:15,S1240,I04,Cold Coffee,Beverages,2,61.12,10,Cash
T0003836,2025-07-19 14:54:15,S1279,I05,Cutting Chai,Beverages,1,10.37,0,Cash
T0003836,2025-07-19 14:54:15,S1079,I04,Cold Coffee,Beverages,3,62.17,0,UPI
T0003837,2025-07-19 09:38:36,S1061,I03,Masala Sandwich,Sandwiches,1,49.86,0,Card
T0003837,2025-07-19 09:38:36,S1370,I06,Poha,Breakfast,1,32.08,15,Cash
T0003838,2025-07-19 08:29:42,S1040,I04,Cold Coffee,Beverages,1,62.66,0,Card
T0003839,2025-07-19 12:50:47,S1311,I02,Samosa,Snacks,1,17.34,10,Cash
T0003839,2025-07-19 12:50:47,S1260,I03,Masala Sandwich,Sandwiches,2,50.74,0,UPI
T0003840,2025-07-19 14:40:32,S1316,I06,Poha,Breakfast,3,31.84,0,Cash
T0003841,2025-07-19 14:53:36,S1197,I01,Veg Puff,Snacks,2,25.69,0,Cash
T0003842,2025-07-19 14:19:03,S1248,I02,Samosa,Snacks,3,16.39,0,UPI
T0003843,2025-07-19 14:05:49,S1334,I06,Poha,Breakfast,4,30.59,0,UPI
T0003843,2025-07-19 14:05:49,S1362,I02,Samosa,Snacks,1,15.49,0,Cash
T0003844,2025-07-19 08:34:21,S1218,I01,Veg Puff,Snacks,3,25.87,0,UPI
T0003845,2025-07-19 13:43:55,S1106,I02,Samosa,Snacks,4,16.75,0,Cash
T0003845,2025-07-19 13:43:55,S1172,I03,Masala Sandwich,Sandwiches,1,50.38,0,UPI
T0003846,2025-07-19 14:49:24,S1239,I06,Poha,Breakfast,1,32.39,0,UPI
T0003847,2025-07-19 13:24:05,S1210,I03,Masala Sandwich,Sandwiches,1,49.91,0,UPI
T0003848,2025-07-19 08:02:48,S1104,I03,Masala Sandwich,Sandwiches,1,50.45,10,UPI
T0003849,2025-07-19 08:04:41,S1116,I03,Masala Sandwich,Sandwiches,1,50.25,10,UPI
T0003850,2025-07-19 08:52:37,S1040,I06,Poha,Breakfast,1,32.17,0,Card
T0003851,2025-07-19 14:01:51,S1246,I01,Veg Puff,Snacks,1,25.77,0,Cash
T0003852,2025-07-19 19:52:34,S1024,I05,Cutting Chai,Beverages,1,10.68,0,Cash
T0003853,2025-07-19 14:44:04,S1392,I05,Cutting Chai,Beverages,4,9.81,0,UPI
T0003853,2025-07-19 14:44:04,S1182,I01,Veg Puff,Snacks,1,26.52,0,Card
T0003854,2025-07-19 17:34:30,S1003,I04,Cold Coffee,Beverages,2,62.44,0,Cash
T0003855,2025-07-19 14:45:43,S1056,I06,Poha,Breakfast,1,31.67,0,UPI
T0003856,2025-07-19 17:40:59,S1209,I04,Cold Coffee,Beverages,3,62.06,0,UPI
T0003856,2025-07-19 17:40:59,S1354,I06,Poha,Breakfast,4,32.84,0,UPI
T0003857,2025-07-19 08:20:59,S1387,I05,Cutting Chai,Beverages,2,9.39,0,Cash
T0003857,2025-07-19 08:20:59,S1341,I03,Masala Sandwich,Sandwiches,2,50.12,0,Card
T0003858,2025-07-19 12:19:58,S1266,I03,Masala Sandwich,Sandwiches,1,51.0,0,Cash
T0003859,2025-07-19 14:46:08,S1236,I03,Masala Sandwich,Sandwiches,2,49.41,0,Card
T0003860,2025-07-19 13:16:16,S1109,I04,Cold Coffee,Beverages,2,61.17,0,Card
T0003860,2025-07-19 13:16:16,S1225,I02,Samosa,Snacks,1,15.62,0,Cash
T0003861,2025-07-19 14:55:11,S1193,I05,Cutting Chai,Beverages,2,10.56,0,Card
T0003862,2025-07-19 12:05:22,S1000,I03,Masala Sandwich,Sandwiches,3,49.56,0,Cash
T0003863,2025-07-19 09:53:49,S1045,I04,Cold Coffee,Beverages,3,61.41,0,Cash
T0003864,2025-07-19 14:51:19,S1065,I03,Masala Sandwich,Sandwiches,2,49.1,0,Cash
T0003865,2025-07-19 12:42:31,S1359,I02,Samosa,Snacks,2,16.0,0,Cash
T0003865,2025-07-19 12:42:31,S1129,I03,Masala Sandwich,Sandwiches,1,49.15,0,UPI
T0003866,2025-07-19 14:35:29,S1266,I03,Masala Sandwich,Sandwiches,2,50.14,5,Cash
T0003866,2025-07-19 14:35:29,S1278,I06,Poha,Breakfast,1,31.26,0,Cash
T0003867,2025-07-19 13:21:37,S1199,I05,Cutting Chai,Beverages,1,9.87,10,Card
T0003868,2025-07-19 13:09:12,S1078,I06,Poha,Breakfast,2,32.09,0,UPI
T0003868,2025-07-19 13:09:12,S1034,I02,Samosa,Snacks,1,16.34,0,UPI
T0003869,2025-07-19 17:54:09,S1305,I04,Cold Coffee,Beverages,2,63.27,0,Cash
T0003869,2025-07-19 17:54:09,S1146,I02,Samosa,Snacks,1,15.84,0,Card
T0003870,2025-07-19 09:57:46,S1101,I05,Cutting Chai,Beverages,1,10.18,0,Cash
T0003870,2025-07-19 09:57:46,S1059,I01,Veg Puff,Snacks,2,26.4,15,UPI
T0003871,2025-07-19 14:19:55,S1395,I03,Masala Sandwich,Sandwiches,1,49.37,0,UPI
T0003872,2025-07-19 14:09:02,S1352,I06,Poha,Breakfast,3,32.05,0,Cash
T0003872,2025-07-19 14:09:02,S1393,I04,Cold Coffee,Beverages,4,62.33,0,UPI
T0003873,2025-07-19 14:38:21,S1329,I03,Masala Sandwich,Sandwiches,1,51.18,0,UPI
T0003874,2025-07-19 13:22:14,S1048,I05,Cutting Chai,Beverages,1,10.7,0,UPI
T0003874,2025-07-19 13:22:14,S1210,I04,Cold Coffee,Beverages,2,62.98,0,UPI
T0003875,2025-07-19 12:13:07,S1310,I01,Veg Puff,Snacks,2,26.1,0,UPI
T0003876,2025-07-19 14:57:19,S1273,I06,Poha,Breakfast,3,31.82,0,UPI
T0003877,2025-07-19 14:21:24,S1136,I06,Poha,Breakfast,1,31.82,15,Cash
T0003878,2025-07-19 12:50:44,S1217,I04,Cold Coffee,Beverages,2,62.61,10,Card
T0003878,2025-07-19 12:50:44,S1283,I02,Samosa,Snacks,2,16.54,0,UPI
T0003879,2025-07-19 14:37:52,S1353,I04,Cold Coffee,Beverages,1,60.95,0,UPI
T0003879,2025-07-19 14:37:52,S1185,I06,Poha,Breakfast,2,32.38,0,Cash
T0003880,2025-07-19 08:33:03,S1243,I04,Cold Coffee,Beverages,2,61.72,0,Cash
T0003881,2025-07-19 14:21:38,S1042,I04,Cold Coffee,Beverages,3,62.3,0,Card
T0003881,2025-07-19 14:21:38,S1314,I03,Masala Sandwich,Sandwiches,1,52.09,0,UPI
T0003882,2025-07-19 08:23:25,S1139,I02,Samosa,Snacks,1,14.9,0,Cash
T0003882,2025-07-19 08:23:25,S1026,I03,Masala Sandwich,Sandwiches,4,50.08,0,Cash
T0003883,2025-07-19 18:08:32,S1389,I05,Cutting Chai,Beverages,1,10.59,0,Cash
T0003883,2025-07-19 18:08:32,S1072,I02,Samosa,Snacks,5,15.95,0,Cash
T0003884,2025-07-19 14:07:21,S1097,I04,Cold Coffee,Beverages,1,62.68,0,UPI
T0003885,2025-07-19 17:54:18,S1312,I02,Samosa,Snacks,1,15.82,0,UPI
T0003886,2025-07-19 09:33:13,S1197,I05,Cutting Chai,Beverages,1,9.96,5,UPI
T0003887,2025-07-19 18:29:51,S1076,I02,Samosa,Snacks,1,16.11,0,Card
T0003888,2025-07-19 14:31:36,S1054,I01,Veg Puff,Snacks,1,26.84,0,Card
T0003889,2025-07-19 13:48:36,S1232,I02,Samosa,Snacks,1,16.21,0,Cash
T0003889,2025-07-19 13:48:36,S1134,I05,Cutting Chai,Beverages,1,9.12,25,UPI
T0003890,2025-07-19 17:54:49,S1006,I03,Masala Sandwich,Sandwiches,1,50.05,15,Card
T0003891,2025-07-19 13:25:32,S1149,I05,Cutting Chai,Beverages,1,10.2,0,Card
T0003891,2025-07-19 13:25:32,S1211,I01,Veg Puff,Snacks,1,26.43,15,Card
T0003892,2025-07-19 19:46:01,S1053,I02,Samosa,Snacks,4,15.89,0,Card
T0003893,2025-07-19 14:57:33,S1018,I01,Veg Puff,Snacks,1,25.59,5,Cash
T0003893,2025-07-19 14:57:33,S1374,I04,Cold Coffee,Beverages,1,62.1,5,Cash
T0003894,2025-07-19 14:29:50,S1077,I05,Cutting Chai,Beverages,2,10.39,0,Cash
T0003895,2025-07-19 17:10:42,S1295,I03,Masala Sandwich,Sandwiches,1,49.83,10,UPI
T0003896,2025-07-19 13:30:21,S1214,I03,Masala Sandwich,Sandwiches,2,49.12,0,UPI
T0003896,2025-07-19 13:30:21,S1338,I04,Cold Coffee,Beverages,2,61.26,0,UPI
T0003897,2025-07-19 18:33:12,S1124,I06,Poha,Breakfast,1,30.79,0,Cash
T0003898,2025-07-19 08:21:33,S1020,I03,Masala Sandwich,Sandwiches,2,49.63,0,UPI
T0003899,2025-07-19 13:59:11,S1281,I03,Masala Sandwich,Sandwiches,2,50.15,0,Card
T0003900,2025-07-19 14:58:17,S1120,I01,Veg Puff,Snacks,1,25.85,0,UPI
T0003900,2025-07-19 14:58:17,S1233,I05,Cutting Chai,Beverages,1,10.1,0,Card
T0003901,2025-07-19 12:00:18,S1359,I04,Cold Coffee,Beverages,1,62.12,0,UPI
T0003902,2025-07-19 08:29:33,S1185,I03,Masala Sandwich,Sandwiches,3,49.78,0,Card
T0003903,2025-07-19 17:47:49,S1193,I02,Samosa,Snacks,1,16.26,0,Card
T0003903,2025-07-19 17:47:49,S1191,I03,Masala Sandwich,Sandwiches,1,50.0,15,Card
T0003904,2025-07-19 12:58:55,S1211,I01,Veg Puff,Snacks,1,25.56,25,UPI
T0003904,2025-07-19 12:58:55,S1384,I06,Poha,Breakfast,1,31.37,0,Card
T0003905,2025-07-19 09:03:18,S1227,I01,Veg Puff,Snacks,4,25.16,0,Cash
T0003906,2025-07-19 14:43:49,S1354,I02,Samosa,Snacks,1,16.38,0,UPI
T0003907,2025-07-19 12:53:01,S1392,I02,Samosa,Snacks,1,15.37,5,Card
T0003907,2025-07-19 12:53:01,S1354,I04,Cold Coffee,Beverages,1,63.36,0,UPI
T0003908,2025-07-19 12:38:34,S1226,I04,Cold Coffee,Beverages,2,60.8,0,Card
T0003908,2025-07-19 12:38:34,S1376,I02,Samosa,Snacks,1,17.05,15,Cash
T0003909,2025-07-19 14:07:18,S1135,I04,Cold Coffee,Beverages,2,62.12,10,Cash
T0003910,2025-07-19 08:30:10,S1216,I02,Samosa,Snacks,2,15.62,0,Card
T0003911,2025-07-19 08:36:54,S1318,I04,Cold Coffee,Beverages,2,61.35,0,Cash
T0003912,2025-07-19 17:36:46,S1272,I05,Cutting Chai,Beverages,3,10.11,0,Cash
T0003913,2025-07-19 09:38:42,S1156,I03,Masala Sandwich,Sandwiches,1,51.21,0,Cash
T0003914,2025-07-19 09:49:51,S1131,I01,Veg Puff,Snacks,1,25.3,0,UPI
T0003915,2025-07-19 08:26:05,S1197,I03,Masala Sandwich,Sandwiches,3,50.28,0,Card
T0003916,2025-07-19 08:15:41,S1030,I05,Cutting Chai,Beverages,1,9.75,0,UPI
T0003916,2025-07-19 08:15:41,S1036,I01,Veg Puff,Snacks,2,25.06,0,UPI
T0003917,2025-07-19 08:35:51,S1241,I04,Cold Coffee,Beverages,2,61.72,0,Cash
T0003918,2025-07-19 17:50:53,S1041,I02,Samosa,Snacks,2,15.4,0,Card
T0003918,2025-07-19 17:50:53,S1302,I03,Masala Sandwich,Sandwiches,2,50.33,0,UPI
T0003919,2025-07-19 14:19:21,S1305,I05,Cutting Chai,Beverages,1,9.74,0,Cash
T0003919,2025-07-19 14:19:21,S1048,I02,Samosa,Snacks,2,15.51,10,UPI
T0003920,2025-07-19 08:49:58,S1032,I04,Cold Coffee,Beverages,5,62.24,5,Cash
T0003921,2025-07-19 08:53:46,S1030,I03,Masala Sandwich,Sandwiches,1,50.26,0,Cash
T0003921,2025-07-19 08:53:46,S1137,I02,Samosa,Snacks,1,16.55,0,UPI
T0003922,2025-07-19 09:56:45,S1142,I03,Masala Sandwich,Sandwiches,1,50.53,10,Cash
T0003923,2025-07-19 14:56:17,S1276,I02,Samosa,Snacks,2,16.07,0,Cash
T0003923,2025-07-19 14:56:17,S1165,I03,Masala Sandwich,Sandwiches,1,50.22,25,Cash
T0003924,2025-07-19 19:45:53,S1382,I02,Samosa,Snacks,2,16.09,0,Card
T0003925,2025-07-19 08:19:05,S1006,I05,Cutting Chai,Beverages,4,10.03,0,Cash
T0003926,2025-07-19 18:02:35,S1369,I06,Poha,Breakfast,1,31.08,15,Cash
T0003927,2025-07-19 14:50:34,S1184,I02,Samosa,Snacks,2,15.07,15,Cash
T0003928,2025-07-19 08:36:16,S1069,I04,Cold Coffee,Beverages,1,61.94,15,Card
T0003929,2025-07-19 14:15:58,S1288,I05,Cutting Chai,Beverages,1,9.23,0,Cash
T0003930,2025-07-19 13:04:59,S1247,I01,Veg Puff,Snacks,1,26.7,0,Cash
T0003931,2025-07-19 12:22:47,S1249,I03,Masala Sandwich,Sandwiches,1,50.19,0,Card
T0003932,2025-07-19 17:39:10,S1352,I04,Cold Coffee,Beverages,2,61.23,0,Card
T0003932,2025-07-19 17:39:10,S1021,I03,Masala Sandwich,Sandwiches,2,50.24,0,Cash
T0003933,2025-07-19 08:05:32,S1011,I06,Poha,Breakfast,1,32.07,0,UPI
T0003933,2025-07-19 08:05:32,S1367,I01,Veg Puff,Snacks,2,25.11,0,Cash
T0003934,2025-07-19 18:43:17,S1301,I01,Veg Puff,Snacks,1,26.88,0,Card
T0003935,2025-07-19 13:51:10,S1021,I04,Cold Coffee,Beverages,1,62.62,0,Cash
T0003936,2025-07-19 13:59:50,S1306,I04,Cold Coffee,Beverages,2,61.06,0,Card
T0003937,2025-07-19 14:51:57,S1026,I04,Cold Coffee,Beverages,3,61.47,0,Cash
T0003937,2025-07-19 14:51:57,S1359,I02,Samosa,Snacks,1,16.29,15,Card
T0003938,2025-07-19 08:17:00,S1377,I02,Samosa,Snacks,2,16.73,0,UPI
T0003939,2025-07-19 18:25:15,S1186,I02,Samosa,Snacks,1,16.76,0,Cash
T0003940,2025-07-19 08:26:16,S1240,I02,Samosa,Snacks,1,16.02,0,Cash
T0003940,2025-07-19 08:26:16,S1310,I01,Veg Puff,Snacks,2,25.83,0,UPI
T0003941,2025-07-19 13:05:50,S1257,I05,Cutting Chai,Beverages,1,10.28,0,Cash
T0003942,2025-07-20 13:23:22,S1125,I02,Samosa,Snacks,1,15.66,0,Card
T0003943,2025-07-20 14:27:38,S1152,I06,Poha,Breakfast,3,32.95,0,Card
T0003944,2025-07-20 14:24:20,S1346,I04,Cold Coffee,Beverages,1,62.89,0,Cash
T0003945,2025-07-20 17:53:55,S1227,I01,Veg Puff,Snacks,1,26.73,0,UPI
T0003946,2025-07-20 12:25:21,S1056,I04,Cold Coffee,Beverages,3,62.41,0,Cash
T0003946,2025-07-20 12:25:21,S1266,I06,Poha,Breakfast,1,31.5,5,Card
T0003947,2025-07-20 09:18:13,S1156,I01,Veg Puff,Snacks,2,25.94,0,Card
T0003948,2025-07-20 17:34:15,S1371,I04,Cold Coffee,Beverages,2,62.77,0,Cash
T0003948,2025-07-20 17:34:15,S1024,I01,Veg Puff,Snacks,2,24.93,0,UPI
T0003949,2025-07-20 18:23:13,S1284,I04,Cold Coffee,Beverages,2,62.62,0,Cash
T0003950,2025-07-20 14:36:39,S1048,I06,Poha,Breakfast,1,31.68,0,Cash
T0003951,2025-07-20 12:52:32,S1336,I05,Cutting Chai,Beverages,2,10.07,0,UPI
T0003952,2025-07-20 19:40:39,S1384,I03,Masala Sandwich,Sandwiches,1,49.9,10,UPI
T0003953,2025-07-20 17:41:29,S1152,I03,Masala Sandwich,Sandwiches,3,50.13,0,Card
T0003954,2025-07-20 17:24:24,S1291,I02,Samosa,Snacks,1,16.05,0,Cash
T0003955,2025-07-20 14:15:48,S1191,I03,Masala Sandwich,Sandwiches,2,49.75,0,Cash
T0003956,2025-07-20 14:57:22,S1276,I06,Poha,Breakfast,1,31.92,10,Card
T0003957,2025-07-20 09:49:37,S1202,I02,Samosa,Snacks,1,15.01,0,Card
T0003957,2025-07-20 09:49:37,S1275,I06,Poha,Breakfast,2,32.64,0,Card
T0003958,2025-07-20 12:44:43,S1240,I03,Masala Sandwich,Sandwiches,1,49.99,0,UPI
T0003959,2025-07-20 18:17:16,S1107,I02,Samosa,Snacks,1,15.83,25,Cash
T0003960,2025-07-20 19:32:44,S1014,I04,Cold Coffee,Beverages,1,62.25,0,Cash
T0003961,2025-07-20 17:47:27,S1382,I06,Poha,Breakfast,1,31.56,0,UPI
T0003962,2025-07-20 13:55:10,S1321,I04,Cold Coffee,Beverages,1,61.3,0,UPI
T0003962,2025-07-20 13:55:10,S1383,I05,Cutting Chai,Beverages,3,10.78,0,Cash
T0003963,2025-07-20 14:25:54,S1320,I04,Cold Coffee,Beverages,2,62.58,0,Cash
T0003963,2025-07-20 14:25:54,S1169,I06,Poha,Breakfast,2,32.59,0,UPI
T0003964,2025-07-20 18:07:33,S1091,I05,Cutting Chai,Beverages,1,10.05,0,UPI
T0003965,2025-07-20 09:14:59,S1144,I05,Cutting Chai,Beverages,1,10.92,0,UPI
T0003965,2025-07-20 09:14:59,S1355,I03,Masala Sandwich,Sandwiches,1,50.07,5,Card
T0003966,2025-07-20 08:12:33,S1218,I04,Cold Coffee,Beverages,2,61.17,0,UPI
T0003967,2025-07-20 14:42:12,S1151,I04,Cold Coffee,Beverages,1,62.2,15,UPI
T0003968,2025-07-20 12:58:26,S1346,I04,Cold Coffee,Beverages,2,61.83,0,Cash
T0003969,2025-07-20 18:54:15,S1327,I04,Cold Coffee,Beverages,1,60.98,0,Cash
T0003970,2025-07-20 13:06:38,S1357,I01,Veg Puff,Snacks,1,24.33,5,Card
T0003971,2025-07-20 14:38:49,S1013,I05,Cutting Chai,Beverages,1,8.91,25,UPI
T0003972,2025-07-20 18:55:57,S1095,I04,Cold Coffee,Beverages,2,61.73,0,Card
T0003972,2025-07-20 18:55:57,S1053,I06,Poha,Breakfast,1,31.59,0,Cash
T0003973,2025-07-20 18:53:45,S1394,I01,Veg Puff,Snacks,2,25.92,0,Card
T0003973,2025-07-20 18:53:45,S1222,I06,Poha,Breakfast,2,31.82,0,Cash
T0003974,2025-07-20 13:09:40,S1187,I04,Cold Coffee,Beverages,3,63.12,0,UPI
T0003975,2025-07-20 14:28:56,S1151,I06,Poha,Breakfast,2,33.82,0,Card
T0003976,2025-07-20 09:39:57,S1381,I02,Samosa,Snacks,1,15.76,0,Card
T0003976,2025-07-20 09:39:57,S1238,I06,Poha,Breakfast,2,31.36,0,Card
T0003977,2025-07-20 08:02:43,S1077,I05,Cutting Chai,Beverages,2,10.66,0,UPI
T0003978,2025-07-20 09:13:13,S1339,I05,Cutting Chai,Beverages,2,10.72,0,Card
T0003978,2025-07-20 09:13:13,S1064,I06,Poha,Breakfast,3,32.29,0,Card
T0003979,2025-07-20 08:36:52,S1209,I03,Masala Sandwich,Sandwiches,2,49.54,0,Cash
T0003980,2025-07-20 08:26:26,S1036,I06,Poha,Breakfast,1,31.96,0,UPI
T0003980,2025-07-20 08:26:26,S1187,I04,Cold Coffee,Beverages,3,62.86,0,Card
T0003981,2025-07-20 18:01:43,S1008,I01,Veg Puff,Snacks,1,26.61,0,Card
T0003982,2025-07-20 17:44:50,S1178,I02,Samosa,Snacks,1,15.8,0,Card
T0003982,2025-07-20 17:44:50,S1238,I01,Veg Puff,Snacks,1,25.27,0,Cash
T0003983,2025-07-20 14:25:15,S1033,I05,Cutting Chai,Beverages,1,9.23,0,Card
T0003984,2025-07-20 09:35:35,S1221,I05,Cutting Chai,Beverages,2,9.57,0,UPI
T0003985,2025-07-20 08:49:39,S1374,I05,Cutting Chai,Beverages,1,10.72,0,Card
T0003986,2025-07-20 08:48:25,S1315,I05,Cutting Chai,Beverages,2,10.36,15,Cash
T0003986,2025-07-20 08:48:25,S1394,I01,Veg Puff,Snacks,1,26.65,25,Cash
T0003987,2025-07-20 12:16:37,S1182,I02,Samosa,Snacks,1,16.18,0,UPI
T0003987,2025-07-20 12:16:37,S1378,I04,Cold Coffee,Beverages,3,62.7,10,UPI
T0003988,2025-07-20 17:02:01,S1173,I03,Masala Sandwich,Sandwiches,3,49.82,0,UPI
T0003989,2025-07-20 17:30:01,S1324,I03,Masala Sandwich,Sandwiches,1,50.6,0,Card
T0003989,2025-07-20 17:30:01,S1350,I05,Cutting Chai,Beverages,1,10.44,0,UPI
T0003990,2025-07-20 19:37:35,S1246,I01,Veg Puff,Snacks,2,26.42,0,Card
T0003990,2025-07-20 19:37:35,S1395,I06,Poha,Breakfast,1,32.86,0,Card
T0003991,2025-07-20 13:35:34,S1018,I04,Cold Coffee,Beverages,3,61.2,0,UPI
T0003992,2025-07-20 09:47:16,S1087,I02,Samosa,Snacks,3,15.03,0,Card
T0003993,2025-07-20 14:52:35,S1065,I04,Cold Coffee,Beverages,2,61.55,0,UPI
T0003994,2025-07-20 08:15:13,S1150,I01,Veg Puff,Snacks,1,25.0,0,Cash
T0003995,2025-07-20 18:39:28,S1231,I01,Veg Puff,Snacks,1,25.21,15,Card
T0003995,2025-07-20 18:39:28,S1142,I02,Samosa,Snacks,1,15.86,0,UPI
T0003996,2025-07-20 12:19:44,S1105,I02,Samosa,Snacks,1,16.22,10,Card
T0003997,2025-07-20 08:05:25,S1038,I06,Poha,Breakfast,2,32.01,10,Cash
T0003998,2025-07-20 09:17:42,S1172,I02,Samosa,Snacks,2,16.87,0,Cash
T0003999,2025-07-20 09:06:09,S1129,I06,Poha,Breakfast,1,32.73,0,UPI
T0004000,2025-07-20 09:30:56,S1269,I05,Cutting Chai,Beverages,2,10.18,0,Cash
T0004001,2025-07-20 09:06:33,S1355,I02,Samosa,Snacks,2,15.92,0,UPI
T0004002,2025-07-20 18:03:19,S1269,I01,Veg Puff,Snacks,1,25.87,0,UPI
T0004003,2025-07-20 13:44:28,S1105,I05,Cutting Chai,Beverages,5,10.23,0,UPI
T0004004,2025-07-20 09:40:42,S1222,I06,Poha,Breakfast,1,32.98,0,Card
T0004005,2025-07-20 12:00:03,S1158,I05,Cutting Chai,Beverages,4,9.05,10,Cash
T0004005,2025-07-20 12:00:03,S1305,I02,Samosa,Snacks,6,16.03,0,Card
T0004006,2025-07-20 12:16:30,S1109,I02,Samosa,Snacks,1,15.69,0,UPI
T0004006,2025-07-20 12:16:30,S1222,I03,Masala Sandwich,Sandwiches,1,49.75,5,Cash
T0004007,2025-07-20 13:47:31,S1140,I06,Poha,Breakfast,2,31.9,10,Cash
T0004007,2025-07-20 13:47:31,S1092,I04,Cold Coffee,Beverages,4,61.69,0,Cash
T0004008,2025-07-20 09:36:51,S1153,I02,Samosa,Snacks,1,16.26,0,UPI
T0004009,2025-07-20 09:02:45,S1371,I05,Cutting Chai,Beverages,1,9.68,0,UPI
T0004010,2025-07-20 14:51:34,S1374,I04,Cold Coffee,Beverages,1,62.71,0,Card
T0004011,2025-07-20 14:40:21,S1264,I02,Samosa,Snacks,1,16.98,0,Card
T0004012,2025-07-20 14:09:30,S1072,I05,Cutting Chai,Beverages,1,10.63,0,Cash
T0004013,2025-07-20 13:35:47,S1196,I04,Cold Coffee,Beverages,1,63.38,0,Cash
T0004014,2025-07-20 09:59:52,S1306,I01,Veg Puff,Snacks,3,24.42,5,UPI
T0004015,2025-07-20 08:12:57,S1157,I06,Poha,Breakfast,1,31.74,0,UPI
T0004016,2025-07-20 13:46:54,S1333,I03,Masala Sandwich,Sandwiches,1,51.23,0,UPI
T0004017,2025-07-20 09:31:46,S1067,I01,Veg Puff,Snacks,1,25.36,0,Card
T0004018,2025-07-20 09:10:34,S1291,I06,Poha,Breakfast,2,32.38,0,Card
T0004019,2025-07-20 09:39:54,S1304,I01,Veg Puff,Snacks,1,26.53,0,Cash
T0004020,2025-07-20 09:50:49,S1136,I05,Cutting Chai,Beverages,1,9.17,0,Cash
T0004021,2025-07-20 14:59:43,S1258,I04,Cold Coffee,Beverages,1,62.37,0,UPI
T0004021,2025-07-20 14:59:43,S1086,I03,Masala Sandwich,Sandwiches,2,48.97,0,Card
T0004022,2025-07-20 08:39:20,S1302,I06,Poha,Breakfast,1,32.38,0,UPI
T0004023,2025-07-20 08:32:33,S1304,I05,Cutting Chai,Beverages,1,9.63,0,Card
T0004024,2025-07-20 08:18:53,S1270,I06,Poha,Breakfast,1,31.48,0,Cash
T0004025,2025-07-20 18:23:25,S1389,I04,Cold Coffee,Beverages,2,61.82,0,Cash
T0004026,2025-07-20 12:35:49,S1282,I06,Poha,Breakfast,3,29.75,0,Cash
T0004027,2025-07-20 13:35:58,S1090,I01,Veg Puff,Snacks,1,24.93,0,Card
T0004028,2025-07-20 18:07:35,S1160,I06,Poha,Breakfast,1,32.01,0,Cash
T0004029,2025-07-20 12:56:43,S1254,I04,Cold Coffee,Beverages,1,62.58,0,Cash
T0004029,2025-07-20 12:56:43,S1317,I03,Masala Sandwich,Sandwiches,1,50.16,5,UPI
T0004030,2025-07-20 17:10:30,S1152,I05,Cutting Chai,Beverages,1,10.11,0,Cash
T0004031,2025-07-20 12:38:02,S1336,I05,Cutting Chai,Beverages,2,10.16,0,Card
T0004031,2025-07-20 12:38:02,S1329,I02,Samosa,Snacks,2,16.05,25,Card
T0004032,2025-07-20 08:57:08,S1155,I06,Poha,Breakfast,2,32.28,0,Card
T0004032,2025-07-20 08:57:08,S1379,I03,Masala Sandwich,Sandwiches,2,49.87,10,Cash
T0004033,2025-07-20 17:28:40,S1310,I02,Samosa,Snacks,1,16.6,0,Card
T0004034,2025-07-20 14:36:39,S1101,I02,Samosa,Snacks,1,15.98,0,UPI
T0004034,2025-07-20 14:36:39,S1269,I04,Cold Coffee,Beverages,4,62.39,5,Card
T0004035,2025-07-20 12:27:45,S1127,I02,Samosa,Snacks,2,15.74,0,Cash
T0004035,2025-07-20 12:27:45,S1246,I04,Cold Coffee,Beverages,2,62.19,0,Cash
T0004036,2025-07-20 19:28:17,S1360,I05,Cutting Chai,Beverages,3,10.19,0,Card
T0004036,2025-07-20 19:28:17,S1021,I04,Cold Coffee,Beverages,3,60.6,0,Cash
T0004037,2025-07-20 19:45:27,S1294,I03,Masala Sandwich,Sandwiches,1,50.29,0,Cash
T0004038,2025-07-20 14:22:19,S1183,I04,Cold Coffee,Beverages,1,62.49,0,UPI
T0004039,2025-07-20 13:56:03,S1058,I02,Samosa,Snacks,3,16.62,0,Card
T0004039,2025-07-20 13:56:03,S1272,I05,Cutting Chai,Beverages,2,10.84,0,UPI
T0004040,2025-07-20 17:36:16,S1308,I06,Poha,Breakfast,1,32.08,0,Card
T0004041,2025-07-20 14:33:15,S1260,I06,Poha,Breakfast,1,33.03,0,Cash
T0004042,2025-07-20 09:57:32,S1147,I01,Veg Puff,Snacks,2,25.87,0,Card
T0004042,2025-07-20 09:57:32,S1124,I04,Cold Coffee,Beverages,1,61.18,0,UPI
T0004043,2025-07-20 13:30:28,S1304,I04,Cold Coffee,Beverages,1,61.38,10,Card
T0004044,2025-07-20 19:35:01,S1243,I03,Masala Sandwich,Sandwiches,1,49.93,0,UPI
T0004045,2025-07-20 12:27:39,S1150,I05,Cutting Chai,Beverages,1,10.15,0,Cash
T0004046,2025-07-20 09:58:07,S1366,I01,Veg Puff,Snacks,3,25.78,0,Cash
T0004047,2025-07-20 19:33:39,S1237,I01,Veg Puff,Snacks,1,26.01,15,Cash
T0004048,2025-07-20 17:53:22,S1230,I02,Samosa,Snacks,2,16.33,0,Card
T0004049,2025-07-20 09:35:34,S1153,I06,Poha,Breakfast,1,32.72,0,Card
T0004049,2025-07-20 09:35:34,S1202,I04,Cold Coffee,Beverages,1,61.88,5,Card
T0004050,2025-07-20 13:26:48,S1284,I02,Samosa,Snacks,1,16.07,0,Card
T0004051,2025-07-20 12:29:57,S1037,I06,Poha,Breakfast,3,32.51,15,Card
T0004052,2025-07-20 12:29:38,S1277,I06,Poha,Breakfast,2,31.86,25,UPI
T0004053,2025-07-20 17:12:35,S1217,I05,Cutting Chai,Beverages,1,10.11,15,Card
T0004054,2025-07-20 18:37:21,S1082,I05,Cutting Chai,Beverages,3,10.51,0,UPI
T0004055,2025-07-20 09:16:07,S1233,I02,Samosa,Snacks,5,16.19,0,UPI
T0004055,2025-07-20 09:16:07,S1066,I01,Veg Puff,Snacks,1,26.21,0,Cash
T0004056,2025-07-20 09:27:10,S1012,I02,Samosa,Snacks,1,15.91,0,Cash
T0004057,2025-07-20 08:53:28,S1186,I03,Masala Sandwich,Sandwiches,1,50.21,0,Cash
T0004058,2025-07-20 18:57:33,S1182,I01,Veg Puff,Snacks,1,25.92,0,UPI
T0004059,2025-07-20 12:43:08,S1135,I02,Samosa,Snacks,1,17.24,0,Card
T0004059,2025-07-20 12:43:08,S1366,I01,Veg Puff,Snacks,3,27.18,0,Card
T0004060,2025-07-20 08:09:52,S1023,I02,Samosa,Snacks,1,16.23,0,Cash
T0004061,2025-07-20 09:05:06,S1126,I03,Masala Sandwich,Sandwiches,1,49.14,0,Card
T0004062,2025-07-20 13:59:58,S1193,I03,Masala Sandwich,Sandwiches,1,49.41,0,UPI
T0004063,2025-07-20 13:31:33,S1336,I06,Poha,Breakfast,2,31.9,0,Card
T0004063,2025-07-20 13:31:33,S1151,I02,Samosa,Snacks,1,16.15,0,Card
T0004064,2025-07-20 19:24:23,S1035,I06,Poha,Breakfast,3,32.2,0,UPI
T0004065,2025-07-20 12:19:41,S1102,I01,Veg Puff,Snacks,1,25.97,0,Card
T0004066,2025-07-20 09:00:54,S1097,I01,Veg Puff,Snacks,2,25.99,0,Cash
T0004067,2025-07-20 13:33:32,S1086,I01,Veg Puff,Snacks,1,26.18,0,Cash
T0004068,2025-07-20 13:05:59,S1112,I05,Cutting Chai,Beverages,2,9.6,0,Card
T0004069,2025-07-20 19:27:28,S1187,I05,Cutting Chai,Beverages,1,11.25,0,Card
T0004070,2025-07-20 17:38:09,S1053,I03,Masala Sandwich,Sandwiches,1,49.27,0,Cash
T0004071,2025-07-20 08:53:19,S1098,I05,Cutting Chai,Beverages,2,8.95,0,Cash
T0004072,2025-07-20 12:31:10,S1291,I02,Samosa,Snacks,1,15.66,0,UPI
T0004072,2025-07-20 12:31:10,S1139,I05,Cutting Chai,Beverages,1,9.74,0,UPI
T0004073,2025-07-20 08:25:57,S1247,I01,Veg Puff,Snacks,1,26.05,5,Cash
T0004074,2025-07-20 09:17:55,S1089,I01,Veg Puff,Snacks,1,25.33,10,Cash
T0004075,2025-07-20 19:22:38,S1006,I01,Veg Puff,Snacks,1,26.03,0,Cash
T0004076,2025-07-20 08:10:58,S1280,I06,Poha,Breakfast,2,32.4,0,Cash
T0004077,2025-07-20 09:01:17,S1226,I03,Masala Sandwich,Sandwiches,1,49.55,0,UPI
T0004078,2025-07-20 09:30:40,S1276,I03,Masala Sandwich,Sandwiches,1,49.71,0,UPI
T0004079,2025-07-20 14:22:37,S1124,I02,Samosa,Snacks,1,15.79,15,Card
T0004080,2025-07-20 13:48:37,S1218,I01,Veg Puff,Snacks,2,25.36,0,Cash
T0004081,2025-07-20 13:12:16,S1361,I05,Cutting Chai,Beverages,4,10.42,10,Cash
T0004082,2025-07-20 12:18:09,S1089,I06,Poha,Breakfast,1,31.79,0,Cash
T0004083,2025-07-20 14:03:04,S1380,I06,Poha,Breakfast,2,31.68,10,Card
T0004084,2025-07-20 08:41:01,S1199,I01,Veg Puff,Snacks,3,25.2,0,UPI
T0004085,2025-07-20 12:07:09,S1185,I03,Masala Sandwich,Sandwiches,1,49.24,10,UPI
T0004085,2025-07-20 12:07:09,S1341,I02,Samosa,Snacks,4,16.29,0,Cash
T0004086,2025-07-20 14:20:28,S1315,I04,Cold Coffee,Beverages,3,61.63,0,Cash
T0004086,2025-07-20 14:20:28,S1075,I03,Masala Sandwich,Sandwiches,4,49.52,5,UPI
T0004087,2025-07-20 08:50:06,S1239,I04,Cold Coffee,Beverages,1,62.51,0,Cash
T0004088,2025-07-20 14:56:45,S1273,I02,Samosa,Snacks,1,15.98,0,UPI
T0004089,2025-07-20 13:29:30,S1141,I04,Cold Coffee,Beverages,3,60.85,0,UPI
T0004090,2025-07-20 09:50:30,S1059,I04,Cold Coffee,Beverages,1,62.52,0,Cash
T0004091,2025-07-20 08:11:48,S1227,I04,Cold Coffee,Beverages,2,63.45,5,UPI
T0004092,2025-07-20 18:05:03,S1144,I02,Samosa,Snacks,1,16.02,0,UPI
T0004093,2025-07-20 14:14:11,S1064,I04,Cold Coffee,Beverages,3,62.28,5,Card
T0004094,2025-07-20 09:20:59,S1324,I04,Cold Coffee,Beverages,1,61.56,0,Card
T0004094,2025-07-20 09:20:59,S1256,I05,Cutting Chai,Beverages,2,10.88,0,Card
T0004095,2025-07-20 12:55:40,S1131,I03,Masala Sandwich,Sandwiches,3,50.73,0,Card
T0004096,2025-07-20 19:29:53,S1199,I06,Poha,Breakfast,2,31.56,0,UPI
T0004097,2025-07-20 08:58:06,S1385,I01,Veg Puff,Snacks,2,27.02,25,Card
T0004097,2025-07-20 08:58:06,S1288,I03,Masala Sandwich,Sandwiches,2,50.12,0,UPI
T0004098,2025-07-20 18:03:07,S1042,I01,Veg Puff,Snacks,1,26.12,0,Cash
T0004099,2025-07-20 08:24:24,S1349,I06,Poha,Breakfast,1,32.61,10,Cash
T0004100,2025-07-20 13:30:03,S1217,I06,Poha,Breakfast,2,32.04,0,Cash
T0004100,2025-07-20 13:30:03,S1396,I03,Masala Sandwich,Sandwiches,1,49.79,0,Cash
T0004101,2025-07-20 18:58:13,S1395,I01,Veg Puff,Snacks,1,26.21,0,Cash
T0004101,2025-07-20 18:58:13,S1271,I02,Samosa,Snacks,1,16.41,15,Card
T0004102,2025-07-20 13:58:16,S1214,I01,Veg Puff,Snacks,2,26.24,0,UPI
T0004102,2025-07-20 13:58:16,S1123,I02,Samosa,Snacks,3,15.46,0,Card
T0004103,2025-07-20 12:16:30,S1284,I04,Cold Coffee,Beverages,1,63.11,5,Card
T0004103,2025-07-20 12:16:30,S1024,I01,Veg Puff,Snacks,2,25.44,0,UPI
T0004104,2025-07-20 09:52:28,S1240,I03,Masala Sandwich,Sandwiches,1,49.57,15,UPI
T0004104,2025-07-20 09:52:28,S1092,I01,Veg Puff,Snacks,4,26.14,0,Card
T0004105,2025-07-20 13:55:32,S1131,I03,Masala Sandwich,Sandwiches,3,48.59,0,Cash
T0004106,2025-07-20 13:26:57,S1313,I01,Veg Puff,Snacks,1,26.23,0,UPI
T0004107,2025-07-20 14:13:12,S1186,I05,Cutting Chai,Beverages,1,10.45,0,UPI
T0004107,2025-07-20 14:13:12,S1206,I02,Samosa,Snacks,1,15.98,0,Cash
T0004108,2025-07-20 13:42:51,S1301,I06,Poha,Breakfast,4,31.72,0,UPI
T0004109,2025-07-20 09:08:20,S1378,I04,Cold Coffee,Beverages,1,63.32,0,UPI
T0004109,2025-07-20 09:08:20,S1323,I03,Masala Sandwich,Sandwiches,2,50.88,15,UPI
T0004110,2025-07-20 12:29:50,S1329,I01,Veg Puff,Snacks,1,25.98,0,Cash
T0004111,2025-07-20 08:15:00,S1002,I06,Poha,Breakfast,1,32.87,0,Cash
T0004112,2025-07-20 14:42:59,S1182,I04,Cold Coffee,Beverages,3,63.0,0,Card
T0004113,2025-07-20 17:37:05,S1152,I05,Cutting Chai,Beverages,2,9.7,0,Cash
T0004114,2025-07-20 17:10:18,S1171,I04,Cold Coffee,Beverages,2,62.19,15,Cash
T0004114,2025-07-20 17:10:18,S1170,I03,Masala Sandwich,Sandwiches,2,49.82,0,UPI
T0004115,2025-07-20 17:25:55,S1218,I06,Poha,Breakfast,1,31.23,0,Card
T0004116,2025-07-20 12:01:06,S1109,I03,Masala Sandwich,Sandwiches,2,49.68,0,Cash
T0004117,2025-07-20 08:12:15,S1020,I03,Masala Sandwich,Sandwiches,1,50.6,0,UPI
T0004118,2025-07-20 18:48:20,S1277,I02,Samosa,Snacks,2,15.33,0,UPI
T0004119,2025-07-20 18:03:45,S1398,I02,Samosa,Snacks,3,15.88,0,Card
T0004119,2025-07-20 18:03:45,S1227,I04,Cold Coffee,Beverages,1,61.89,10,Card
T0004120,2025-07-20 12:26:39,S1115,I01,Veg Puff,Snacks,1,25.13,0,UPI
T0004121,2025-07-20 08:19:15,S1105,I06,Poha,Breakfast,2,31.52,0,Card
T0004122,2025-07-20 19:58:16,S1202,I01,Veg Puff,Snacks,1,25.52,0,Cash
T0004123,2025-07-20 14:02:06,S1073,I03,Masala Sandwich,Sandwiches,1,50.19,15,Card
T0004124,2025-07-20 12:30:30,S1392,I06,Poha,Breakfast,3,31.57,15,UPI
T0004125,2025-07-20 13:49:37,S1109,I03,Masala Sandwich,Sandwiches,1,50.42,0,Card
T0004125,2025-07-20 13:49:37,S1028,I04,Cold Coffee,Beverages,1,62.65,0,Cash
T0004126,2025-07-20 08:17:31,S1247,I04,Cold Coffee,Beverages,1,61.71,15,Card
T0004127,2025-07-20 14:44:54,S1058,I01,Veg Puff,Snacks,1,25.81,5,Cash
T0004127,2025-07-20 14:44:54,S1101,I04,Cold Coffee,Beverages,1,62.33,0,Card
T0004128,2025-07-20 09:20:04,S1205,I02,Samosa,Snacks,4,15.72,15,UPI
T0004128,2025-07-20 09:20:04,S1382,I06,Poha,Breakfast,1,31.37,0,Cash
T0004129,2025-07-20 09:17:58,S1254,I04,Cold Coffee,Beverages,2,61.66,0,Cash
T0004129,2025-07-20 09:17:58,S1132,I03,Masala Sandwich,Sandwiches,3,50.29,0,Card
T0004130,2025-07-20 13:21:35,S1121,I05,Cutting Chai,Beverages,4,8.94,5,UPI
T0004131,2025-07-20 19:19:34,S1286,I02,Samosa,Snacks,1,14.78,0,Cash
T0004132,2025-07-20 08:11:54,S1093,I01,Veg Puff,Snacks,2,26.95,0,Card
T0004132,2025-07-20 08:11:54,S1101,I02,Samosa,Snacks,1,16.23,0,UPI
T0004133,2025-07-20 14:12:46,S1336,I03,Masala Sandwich,Sandwiches,1,50.0,0,Cash
T0004134,2025-07-20 18:40:31,S1010,I06,Poha,Breakfast,3,31.37,0,UPI
T0004135,2025-07-20 14:48:28,S1317,I01,Veg Puff,Snacks,1,26.01,0,Card
T0004135,2025-07-20 14:48:28,S1084,I04,Cold Coffee,Beverages,2,62.39,0,Card
T0004136,2025-07-20 18:31:01,S1378,I04,Cold Coffee,Beverages,2,61.62,0,UPI
T0004136,2025-07-20 18:31:01,S1115,I06,Poha,Breakfast,2,31.41,0,UPI
T0004137,2025-07-20 18:44:03,S1092,I02,Samosa,Snacks,4,15.7,0,Cash
T0004138,2025-07-20 12:54:56,S1015,I04,Cold Coffee,Beverages,1,62.39,0,UPI
T0004139,2025-07-20 17:31:41,S1050,I05,Cutting Chai,Beverages,1,9.86,0,Card
T0004140,2025-07-20 12:55:09,S1337,I06,Poha,Breakfast,7,32.1,0,UPI
T0004140,2025-07-20 12:55:09,S1226,I01,Veg Puff,Snacks,3,26.01,0,UPI
T0004141,2025-07-20 08:39:17,S1390,I02,Samosa,Snacks,1,15.41,0,UPI
T0004142,2025-07-20 13:04:54,S1078,I01,Veg Puff,Snacks,2,25.94,0,UPI
T0004143,2025-07-20 14:10:47,S1107,I01,Veg Puff,Snacks,2,25.73,0,Cash
T0004144,2025-07-20 13:18:12,S1210,I04,Cold Coffee,Beverages,2,61.67,0,UPI
T0004144,2025-07-20 13:18:12,S1003,I02,Samosa,Snacks,1,15.4,25,Cash
T0004145,2025-07-20 13:41:33,S1242,I03,Masala Sandwich,Sandwiches,3,50.27,0,UPI
T0004146,2025-07-20 08:10:03,S1389,I04,Cold Coffee,Beverages,3,62.97,15,UPI
T0004147,2025-07-20 08:45:25,S1141,I05,Cutting Chai,Beverages,1,10.1,15,UPI
T0004148,2025-07-20 09:25:27,S1374,I02,Samosa,Snacks,1,16.81,10,Cash
T0004148,2025-07-20 09:25:27,S1269,I03,Masala Sandwich,Sandwiches,2,50.84,0,UPI
T0004149,2025-07-20 09:13:47,S1261,I01,Veg Puff,Snacks,2,25.83,0,UPI
T0004150,2025-07-20 08:15:59,S1242,I02,Samosa,Snacks,2,15.33,25,Card
T0004151,2025-07-20 17:38:50,S1388,I04,Cold Coffee,Beverages,2,60.73,0,UPI
T0004152,2025-07-20 09:23:58,S1080,I02,Samosa,Snacks,3,15.69,0,Cash
T0004152,2025-07-20 09:23:58,S1290,I03,Masala Sandwich,Sandwiches,1,49.7,10,UPI
T0004153,2025-07-20 19:21:56,S1062,I02,Samosa,Snacks,1,15.07,0,Card
T0004154,2025-07-20 09:20:17,S1108,I04,Cold Coffee,Beverages,3,62.33,5,UPI
T0004155,2025-07-20 12:06:44,S1168,I05,Cutting Chai,Beverages,1,10.13,25,Cash
T0004155,2025-07-20 12:06:44,S1251,I06,Poha,Breakfast,1,31.73,0,Card
T0004156,2025-07-20 14:47:35,S1225,I03,Masala Sandwich,Sandwiches,2,51.04,0,Card
T0004157,2025-07-20 08:52:25,S1115,I05,Cutting Chai,Beverages,2,11.01,0,Card
T0004157,2025-07-20 08:52:25,S1167,I06,Poha,Breakfast,1,31.55,25,Card
T0004158,2025-07-20 13:41:57,S1000,I04,Cold Coffee,Beverages,5,62.05,0,Cash
T0004158,2025-07-20 13:41:57,S1282,I06,Poha,Breakfast,2,31.79,0,Card
T0004159,2025-07-20 12:28:48,S1180,I02,Samosa,Snacks,1,15.85,0,UPI
T0004159,2025-07-20 12:28:48,S1228,I05,Cutting Chai,Beverages,3,10.03,0,Cash
T0004160,2025-07-20 14:35:17,S1109,I01,Veg Puff,Snacks,3,25.36,0,UPI
T0004161,2025-07-20 12:28:37,S1093,I03,Masala Sandwich,Sandwiches,1,49.91,0,UPI
T0004162,2025-07-20 13:27:10,S1386,I03,Masala Sandwich,Sandwiches,1,50.19,10,UPI
T0004162,2025-07-20 13:27:10,S1111,I04,Cold Coffee,Beverages,1,62.28,0,Card
T0004163,2025-07-20 13:34:17,S1122,I04,Cold Coffee,Beverages,1,62.24,0,Cash
T0004164,2025-07-20 12:01:23,S1279,I03,Masala Sandwich,Sandwiches,1,49.27,0,Card
T0004165,2025-07-20 08:06:45,S1332,I04,Cold Coffee,Beverages,2,62.22,0,UPI
T0004166,2025-07-20 08:36:50,S1185,I03,Masala Sandwich,Sandwiches,1,49.8,0,Card
T0004166,2025-07-20 08:36:50,S1055,I05,Cutting Chai,Beverages,3,10.44,0,Card
T0004167,2025-07-20 09:22:05,S1009,I04,Cold Coffee,Beverages,3,60.59,15,UPI
T0004168,2025-07-20 18:24:40,S1110,I05,Cutting Chai,Beverages,1,9.28,0,Card
T0004169,2025-07-20 19:04:27,S1370,I02,Samosa,Snacks,1,14.92,0,Card
T0004170,2025-07-20 19:20:32,S1076,I03,Masala Sandwich,Sandwiches,1,50.55,0,Cash
T0004171,2025-07-20 08:11:29,S1264,I05,Cutting Chai,Beverages,3,10.97,0,Card
T0004172,2025-07-20 14:37:58,S1182,I01,Veg Puff,Snacks,1,26.31,0,UPI
T0004173,2025-07-20 09:59:14,S1151,I03,Masala Sandwich,Sandwiches,1,49.71,0,Cash
T0004174,2025-07-20 12:43:12,S1334,I06,Poha,Breakfast,4,32.13,0,Cash
T0004175,2025-07-20 09:23:33,S1146,I04,Cold Coffee,Beverages,1,62.5,0,Card
T0004176,2025-07-20 09:25:44,S1061,I02,Samosa,Snacks,1,15.8,0,Card
T0004177,2025-07-20 14:31:05,S1358,I05,Cutting Chai,Beverages,2,9.42,0,UPI
T0004177,2025-07-20 14:31:05,S1307,I01,Veg Puff,Snacks,1,25.66,0,UPI
T0004178,2025-07-20 13:25:51,S1281,I06,Poha,Breakfast,1,32.28,0,UPI
T0004179,2025-07-20 09:05:11,S1231,I04,Cold Coffee,Beverages,1,61.67,0,Card
T0004179,2025-07-20 09:05:11,S1333,I03,Masala Sandwich,Sandwiches,1,50.62,0,Card
T0004180,2025-07-20 08:08:00,S1250,I04,Cold Coffee,Beverages,1,62.27,0,UPI
T0004181,2025-07-20 12:06:38,S1184,I06,Poha,Breakfast,2,31.76,0,UPI
T0004182,2025-07-20 13:39:51,S1031,I06,Poha,Breakfast,3,31.94,0,Cash
T0004183,2025-07-20 12:56:08,S1166,I05,Cutting Chai,Beverages,1,10.25,0,UPI
T0004183,2025-07-20 12:56:08,S1208,I03,Masala Sandwich,Sandwiches,2,49.07,0,UPI
T0004184,2025-07-20 14:24:53,S1358,I03,Masala Sandwich,Sandwiches,3,50.52,0,Cash
T0004184,2025-07-20 14:24:53,S1306,I04,Cold Coffee,Beverages,3,61.34,0,UPI
T0004185,2025-07-20 17:18:10,S1085,I01,Veg Puff,Snacks,4,25.83,0,Card
T0004186,2025-07-20 17:54:25,S1014,I06,Poha,Breakfast,3,32.63,15,Cash
T0004186,2025-07-20 17:54:25,S1393,I01,Veg Puff,Snacks,1,25.75,15,Cash
T0004187,2025-07-20 19:31:35,S1021,I02,Samosa,Snacks,3,16.05,0,Card
T0004188,2025-07-20 09:27:08,S1121,I06,Poha,Breakfast,1,32.26,0,Card
T0004188,2025-07-20 09:27:08,S1066,I02,Samosa,Snacks,2,16.37,0,UPI
T0004189,2025-07-20 14:19:09,S1170,I01,Veg Puff,Snacks,1,25.2,0,UPI
T0004190,2025-07-20 13:14:20,S1257,I04,Cold Coffee,Beverages,1,61.23,0,UPI
T0004191,2025-07-20 09:38:33,S1070,I02,Samosa,Snacks,1,15.51,0,Card
T0004192,2025-07-20 09:39:15,S1263,I03,Masala Sandwich,Sandwiches,1,50.53,10,Card
T0004193,2025-07-20 18:25:28,S1243,I02,Samosa,Snacks,1,15.12,0,UPI
T0004194,2025-07-20 08:15:10,S1288,I04,Cold Coffee,Beverages,3,62.5,5,Cash
T0004195,2025-07-20 08:00:38,S1066,I06,Poha,Breakfast,1,32.82,0,Card
T0004195,2025-07-20 08:00:38,S1161,I05,Cutting Chai,Beverages,4,9.5,0,Card
T0004196,2025-07-20 12:35:18,S1228,I02,Samosa,Snacks,1,16.52,15,UPI
T0004196,2025-07-20 12:35:18,S1384,I05,Cutting Chai,Beverages,6,10.99,0,Cash
T0004197,2025-07-20 14:53:27,S1264,I03,Masala Sandwich,Sandwiches,2,50.03,0,Cash
T0004197,2025-07-20 14:53:27,S1224,I04,Cold Coffee,Beverages,2,61.28,0,UPI
T0004198,2025-07-20 09:56:29,S1319,I06,Poha,Breakfast,2,32.38,0,UPI
T0004199,2025-07-20 18:53:27,S1370,I04,Cold Coffee,Beverages,1,62.49,0,Cash
T0004199,2025-07-20 18:53:27,S1291,I05,Cutting Chai,Beverages,2,9.83,0,Cash
T0004200,2025-07-20 14:57:36,S1382,I02,Samosa,Snacks,6,16.91,0,UPI
T0004201,2025-07-20 13:02:44,S1047,I02,Samosa,Snacks,2,15.6,0,Cash
T0004202,2025-07-20 14:50:51,S1083,I01,Veg Puff,Snacks,1,25.76,0,UPI
T0004203,2025-07-20 09:21:08,S1025,I04,Cold Coffee,Beverages,3,62.72,0,Cash
T0004204,2025-07-20 08:10:55,S1290,I05,Cutting Chai,Beverages,1,10.49,0,UPI
T0004205,2025-07-20 14:28:59,S1040,I04,Cold Coffee,Beverages,1,61.87,0,UPI
T0004205,2025-07-20 14:28:59,S1000,I03,Masala Sandwich,Sandwiches,3,49.77,0,Card
T0004206,2025-07-20 08:25:26,S1084,I03,Masala Sandwich,Sandwiches,1,50.87,0,Cash
T0004207,2025-07-20 12:50:39,S1119,I06,Poha,Breakfast,2,32.09,0,Cash
T0004208,2025-07-20 13:09:27,S1009,I03,Masala Sandwich,Sandwiches,1,50.51,0,UPI
T0004209,2025-07-20 14:06:46,S1077,I05,Cutting Chai,Beverages,2,10.37,0,Cash
T0004209,2025-07-20 14:06:46,S1206,I04,Cold Coffee,Beverages,2,61.52,0,Cash
T0004210,2025-07-20 14:24:11,S1245,I02,Samosa,Snacks,2,15.22,0,Cash
T0004211,2025-07-20 13:33:31,S1221,I06,Poha,Breakfast,2,31.35,0,Cash
T0004211,2025-07-20 13:33:31,S1155,I02,Samosa,Snacks,1,17.03,5,Cash
T0004212,2025-07-20 09:39:37,S1335,I04,Cold Coffee,Beverages,2,61.58,0,UPI
T0004213,2025-07-20 14:54:08,S1385,I04,Cold Coffee,Beverages,2,61.52,0,Cash
T0004214,2025-07-20 09:20:16,S1228,I04,Cold Coffee,Beverages,1,62.74,10,Card
T0004215,2025-07-20 14:50:40,S1385,I04,Cold Coffee,Beverages,4,62.16,0,Card
T0004216,2025-07-20 09:05:21,S1191,I04,Cold Coffee,Beverages,1,61.32,0,Cash
T0004217,2025-07-20 14:12:48,S1068,I06,Poha,Breakfast,4,31.6,0,Card
T0004218,2025-07-20 09:47:45,S1092,I06,Poha,Breakfast,1,31.34,0,Card
T0004219,2025-07-20 18:53:42,S1346,I02,Samosa,Snacks,1,16.97,0,Card
T0004219,2025-07-20 18:53:42,S1274,I06,Poha,Breakfast,2,31.68,0,Card
T0004220,2025-07-20 18:55:56,S1269,I01,Veg Puff,Snacks,1,26.42,0,Cash
T0004220,2025-07-20 18:55:56,S1218,I03,Masala Sandwich,Sandwiches,2,49.08,0,Cash
T0004221,2025-07-20 13:34:33,S1253,I04,Cold Coffee,Beverages,3,62.5,25,Cash
T0004222,2025-07-20 13:28:10,S1034,I02,Samosa,Snacks,2,15.47,10,UPI
T0004222,2025-07-20 13:28:10,S1046,I04,Cold Coffee,Beverages,3,62.56,0,Cash
T0004223,2025-07-21 08:33:27,S1270,I04,Cold Coffee,Beverages,3,62.16,0,Cash
T0004224,2025-07-21 09:10:42,S1286,I04,Cold Coffee,Beverages,3,62.52,0,UPI
T0004225,2025-07-21 13:32:58,S1262,I03,Masala Sandwich,Sandwiches,1,49.82,0,Card
T0004226,2025-07-21 17:30:41,S1358,I01,Veg Puff,Snacks,2,24.51,0,Card
T0004226,2025-07-21 17:30:41,S1028,I02,Samosa,Snacks,2,16.41,0,Cash
T0004227,2025-07-21 13:52:03,S1088,I01,Veg Puff,Snacks,1,27.09,0,UPI
T0004228,2025-07-21 12:27:06,S1270,I05,Cutting Chai,Beverages,3,10.82,0,Cash
T0004229,2025-07-21 19:39:56,S1019,I02,Samosa,Snacks,1,17.03,10,UPI
T0004230,2025-07-21 13:37:03,S1386,I03,Masala Sandwich,Sandwiches,1,49.42,10,Card
T0004230,2025-07-21 13:37:03,S1112,I04,Cold Coffee,Beverages,3,61.88,0,Cash
T0004231,2025-07-21 14:01:22,S1264,I04,Cold Coffee,Beverages,2,61.58,0,Card
T0004231,2025-07-21 14:01:22,S1173,I01,Veg Puff,Snacks,1,25.78,0,UPI
T0004232,2025-07-21 14:17:20,S1080,I03,Masala Sandwich,Sandwiches,1,50.33,10,UPI
T0004233,2025-07-21 09:39:16,S1344,I03,Masala Sandwich,Sandwiches,1,49.92,0,Cash
T0004234,2025-07-21 14:23:42,S1258,I03,Masala Sandwich,Sandwiches,1,50.03,0,Cash
T0004235,2025-07-21 14:42:10,S1355,I02,Samosa,Snacks,1,15.13,0,Card
T0004235,2025-07-21 14:42:10,S1310,I06,Poha,Breakfast,1,31.77,0,Card
T0004236,2025-07-21 14:21:32,S1364,I03,Masala Sandwich,Sandwiches,1,50.33,0,UPI
T0004237,2025-07-21 14:17:02,S1183,I01,Veg Puff,Snacks,4,26.44,0,Cash
T0004237,2025-07-21 14:17:02,S1283,I04,Cold Coffee,Beverages,1,62.56,0,Cash
T0004238,2025-07-21 09:31:47,S1330,I01,Veg Puff,Snacks,2,24.8,0,UPI
T0004239,2025-07-21 13:21:25,S1136,I04,Cold Coffee,Beverages,4,61.49,0,Cash
T0004240,2025-07-21 14:19:16,S1179,I06,Poha,Breakfast,1,31.61,0,Cash
T0004241,2025-07-21 18:17:03,S1142,I02,Samosa,Snacks,1,16.02,25,UPI
T0004242,2025-07-21 13:31:50,S1118,I01,Veg Puff,Snacks,2,26.61,0,UPI
T0004243,2025-07-21 19:49:55,S1104,I04,Cold Coffee,Beverages,1,62.34,0,Cash
T0004244,2025-07-21 08:20:19,S1256,I03,Masala Sandwich,Sandwiches,2,49.59,0,Cash
T0004245,2025-07-21 08:20:40,S1082,I03,Masala Sandwich,Sandwiches,1,50.01,0,Cash
T0004245,2025-07-21 08:20:40,S1190,I02,Samosa,Snacks,1,15.44,0,UPI
T0004246,2025-07-21 18:32:12,S1119,I01,Veg Puff,Snacks,4,26.1,15,UPI
T0004246,2025-07-21 18:32:12,S1132,I03,Masala Sandwich,Sandwiches,1,49.51,0,Cash
T0004247,2025-07-21 09:46:49,S1162,I02,Samosa,Snacks,1,14.73,0,Cash
T0004247,2025-07-21 09:46:49,S1250,I03,Masala Sandwich,Sandwiches,3,50.28,5,Cash
T0004248,2025-07-21 09:40:50,S1272,I01,Veg Puff,Snacks,1,25.84,0,Cash
T0004249,2025-07-21 08:25:53,S1079,I06,Poha,Breakfast,1,32.32,0,UPI
T0004250,2025-07-21 14:26:55,S1280,I03,Masala Sandwich,Sandwiches,1,49.89,10,UPI
T0004251,2025-07-21 09:37:20,S1337,I04,Cold Coffee,Beverages,2,62.63,0,Card
T0004252,2025-07-21 09:18:19,S1355,I03,Masala Sandwich,Sandwiches,4,49.92,0,UPI
T0004252,2025-07-21 09:18:19,S1284,I02,Samosa,Snacks,1,14.84,0,Cash
T0004253,2025-07-21 09:38:59,S1381,I06,Poha,Breakfast,1,31.78,0,UPI
T0004253,2025-07-21 09:38:59,S1311,I04,Cold Coffee,Beverages,1,61.74,0,Cash
T0004254,2025-07-21 09:25:17,S1331,I01,Veg Puff,Snacks,1,25.84,0,UPI
T0004255,2025-07-21 08:46:22,S1257,I02,Samosa,Snacks,1,16.75,0,Cash
T0004256,2025-07-21 12:26:59,S1299,I05,Cutting Chai,Beverages,1,10.07,0,UPI
T0004257,2025-07-21 14:06:36,S1372,I02,Samosa,Snacks,1,16.51,0,Cash
T0004258,2025-07-21 09:59:13,S1041,I05,Cutting Chai,Beverages,3,9.26,0,Card
T0004258,2025-07-21 09:59:13,S1295,I06,Poha,Breakfast,1,32.81,0,Card
T0004259,2025-07-21 13:48:48,S1301,I04,Cold Coffee,Beverages,2,61.92,15,UPI
T0004259,2025-07-21 13:48:48,S1177,I01,Veg Puff,Snacks,1,26.36,0,Card
T0004260,2025-07-21 17:17:24,S1031,I06,Poha,Breakfast,1,31.91,0,UPI
T0004261,2025-07-21 12:15:27,S1289,I04,Cold Coffee,Beverages,3,62.28,25,Cash
T0004262,2025-07-21 13:46:37,S1395,I02,Samosa,Snacks,1,15.52,10,UPI
T0004263,2025-07-21 12:30:30,S1065,I02,Samosa,Snacks,1,16.38,0,Cash
T0004264,2025-07-21 08:45:54,S1025,I02,Samosa,Snacks,2,16.3,0,Cash
T0004265,2025-07-21 08:39:50,S1061,I04,Cold Coffee,Beverages,1,61.9,0,Cash
T0004266,2025-07-21 08:32:29,S1289,I01,Veg Puff,Snacks,4,27.12,5,Cash
T0004267,2025-07-21 08:57:17,S1297,I02,Samosa,Snacks,2,16.29,0,Card
T0004268,2025-07-21 09:08:09,S1243,I01,Veg Puff,Snacks,4,25.94,0,Cash
T0004268,2025-07-21 09:08:09,S1259,I03,Masala Sandwich,Sandwiches,1,49.82,0,Card
T0004269,2025-07-21 18:02:38,S1186,I06,Poha,Breakfast,3,31.51,0,Card
T0004269,2025-07-21 18:02:38,S1041,I03,Masala Sandwich,Sandwiches,1,50.44,10,UPI
T0004270,2025-07-21 12:06:53,S1349,I03,Masala Sandwich,Sandwiches,4,50.22,0,Card
T0004271,2025-07-21 13:06:03,S1278,I05,Cutting Chai,Beverages,3,10.25,0,Cash
T0004271,2025-07-21 13:06:03,S1331,I01,Veg Puff,Snacks,2,26.49,0,Cash
T0004272,2025-07-21 17:07:11,S1102,I06,Poha,Breakfast,1,31.1,0,Cash
T0004273,2025-07-21 08:23:50,S1314,I05,Cutting Chai,Beverages,3,10.49,0,Card
T0004273,2025-07-21 08:23:50,S1200,I01,Veg Puff,Snacks,1,26.04,0,Cash
T0004274,2025-07-21 12:14:27,S1390,I02,Samosa,Snacks,1,15.27,0,Card
T0004275,2025-07-21 14:45:41,S1171,I03,Masala Sandwich,Sandwiches,2,51.05,0,Cash
T0004275,2025-07-21 14:45:41,S1329,I06,Poha,Breakfast,5,32.73,0,UPI
T0004276,2025-07-21 09:20:35,S1108,I04,Cold Coffee,Beverages,6,61.98,0,Card
T0004276,2025-07-21 09:20:35,S1114,I02,Samosa,Snacks,2,15.96,0,Card
T0004277,2025-07-21 19:48:02,S1041,I02,Samosa,Snacks,1,16.05,0,Cash
T0004278,2025-07-21 09:13:26,S1024,I05,Cutting Chai,Beverages,1,9.27,0,Card
T0004279,2025-07-21 18:24:29,S1218,I04,Cold Coffee,Beverages,6,60.29,10,Card
T0004279,2025-07-21 18:24:29,S1352,I03,Masala Sandwich,Sandwiches,1,51.16,5,UPI
T0004280,2025-07-21 08:11:25,S1300,I06,Poha,Breakfast,1,30.95,0,Cash
T0004280,2025-07-21 08:11:25,S1131,I03,Masala Sandwich,Sandwiches,1,48.39,0,UPI
T0004281,2025-07-21 08:45:10,S1317,I03,Masala Sandwich,Sandwiches,2,50.55,0,Cash
T0004282,2025-07-21 17:57:16,S1195,I03,Masala Sandwich,Sandwiches,2,50.18,0,Cash
T0004282,2025-07-21 17:57:16,S1393,I02,Samosa,Snacks,1,16.16,0,UPI
T0004283,2025-07-21 08:03:37,S1100,I06,Poha,Breakfast,4,33.0,0,UPI
T0004284,2025-07-21 09:13:52,S1119,I04,Cold Coffee,Beverages,2,62.57,0,UPI
T0004285,2025-07-21 08:48:05,S1130,I05,Cutting Chai,Beverages,1,8.94,0,Cash
T0004286,2025-07-21 08:10:38,S1249,I05,Cutting Chai,Beverages,3,9.78,0,Card
T0004286,2025-07-21 08:10:38,S1325,I01,Veg Puff,Snacks,1,25.43,0,Cash
T0004287,2025-07-21 08:41:49,S1199,I01,Veg Puff,Snacks,3,25.95,0,UPI
T0004287,2025-07-21 08:41:49,S1133,I04,Cold Coffee,Beverages,3,61.08,5,Card
T0004288,2025-07-21 08:53:00,S1230,I06,Poha,Breakfast,1,31.88,0,Cash
T0004289,2025-07-21 12:10:14,S1340,I05,Cutting Chai,Beverages,1,9.03,0,UPI
T0004289,2025-07-21 12:10:14,S1025,I03,Masala Sandwich,Sandwiches,2,50.12,0,Cash
T0004290,2025-07-21 12:48:16,S1368,I02,Samosa,Snacks,1,16.46,0,UPI
T0004291,2025-07-21 09:15:57,S1310,I06,Poha,Breakfast,2,32.45,0,Cash
T0004292,2025-07-21 18:36:23,S1036,I05,Cutting Chai,Beverages,1,9.97,0,Card
T0004293,2025-07-21 08:47:18,S1354,I05,Cutting Chai,Beverages,1,9.76,0,Cash
T0004294,2025-07-21 08:25:27,S1191,I01,Veg Puff,Snacks,1,26.49,0,UPI
T0004294,2025-07-21 08:25:27,S1171,I02,Samosa,Snacks,1,15.87,0,UPI
T0004295,2025-07-21 12:36:15,S1150,I01,Veg Puff,Snacks,2,25.43,0,Card
T0004296,2025-07-21 14:23:38,S1061,I04,Cold Coffee,Beverages,3,62.58,0,Card
T0004297,2025-07-21 08:49:55,S1368,I03,Masala Sandwich,Sandwiches,1,50.31,25,Card
T0004298,2025-07-21 13:11:36,S1073,I01,Veg Puff,Snacks,1,25.89,25,Card
T0004298,2025-07-21 13:11:36,S1361,I03,Masala Sandwich,Sandwiches,1,50.01,10,Cash
T0004299,2025-07-21 09:58:32,S1261,I01,Veg Puff,Snacks,1,26.72,0,UPI
T0004299,2025-07-21 09:58:32,S1073,I02,Samosa,Snacks,1,15.38,0,UPI
T0004300,2025-07-21 13:03:49,S1295,I02,Samosa,Snacks,1,16.82,0,Cash
T0004301,2025-07-21 09:19:57,S1359,I01,Veg Puff,Snacks,1,25.35,0,Card
T0004301,2025-07-21 09:19:57,S1238,I04,Cold Coffee,Beverages,1,62.07,0,UPI
T0004302,2025-07-21 18:54:16,S1201,I04,Cold Coffee,Beverages,4,61.88,0,Card
T0004303,2025-07-21 17:01:07,S1118,I01,Veg Puff,Snacks,2,26.36,0,UPI
T0004304,2025-07-21 09:53:18,S1348,I03,Masala Sandwich,Sandwiches,1,50.11,0,Card
T0004304,2025-07-21 09:53:18,S1212,I02,Samosa,Snacks,3,14.86,10,Cash
T0004305,2025-07-21 12:43:50,S1102,I02,Samosa,Snacks,2,16.07,0,Card
T0004305,2025-07-21 12:43:50,S1205,I01,Veg Puff,Snacks,2,24.65,0,UPI
T0004306,2025-07-21 17:47:55,S1251,I01,Veg Puff,Snacks,1,26.04,15,Cash
T0004306,2025-07-21 17:47:55,S1296,I04,Cold Coffee,Beverages,1,61.18,0,Card
T0004307,2025-07-21 18:34:25,S1243,I03,Masala Sandwich,Sandwiches,1,50.16,5,Card
T0004307,2025-07-21 18:34:25,S1171,I01,Veg Puff,Snacks,2,26.11,0,Cash
T0004308,2025-07-21 12:05:06,S1236,I01,Veg Puff,Snacks,1,27.19,0,UPI
T0004309,2025-07-21 12:24:48,S1383,I04,Cold Coffee,Beverages,5,62.47,0,Cash
T0004310,2025-07-21 12:38:00,S1075,I04,Cold Coffee,Beverages,2,61.93,0,UPI
T0004310,2025-07-21 12:38:00,S1314,I01,Veg Puff,Snacks,2,25.67,0,Card
T0004311,2025-07-21 12:25:03,S1017,I03,Masala Sandwich,Sandwiches,1,49.7,0,Card
T0004312,2025-07-21 08:45:10,S1021,I02,Samosa,Snacks,1,15.48,0,Cash
T0004313,2025-07-21 14:50:23,S1077,I02,Samosa,Snacks,3,15.51,0,UPI
T0004313,2025-07-21 14:50:23,S1358,I01,Veg Puff,Snacks,4,25.43,0,UPI
T0004314,2025-07-21 13:15:33,S1361,I04,Cold Coffee,Beverages,2,61.94,0,Card
T0004315,2025-07-21 09:43:54,S1133,I04,Cold Coffee,Beverages,1,62.54,0,Card
T0004316,2025-07-21 19:09:02,S1235,I06,Poha,Breakfast,1,31.9,10,Cash
T0004316,2025-07-21 19:09:02,S1373,I04,Cold Coffee,Beverages,2,61.94,25,Cash
T0004317,2025-07-21 13:34:37,S1017,I05,Cutting Chai,Beverages,1,9.87,0,UPI
T0004317,2025-07-21 13:34:37,S1168,I02,Samosa,Snacks,1,16.33,0,UPI
T0004318,2025-07-21 13:55:54,S1241,I03,Masala Sandwich,Sandwiches,3,50.12,0,Card
T0004319,2025-07-21 08:48:19,S1302,I02,Samosa,Snacks,2,15.34,0,Card
T0004319,2025-07-21 08:48:19,S1186,I06,Poha,Breakfast,1,31.29,0,Cash
T0004320,2025-07-21 09:23:52,S1326,I06,Poha,Breakfast,1,32.24,0,Card
T0004320,2025-07-21 09:23:52,S1082,I02,Samosa,Snacks,2,16.12,0,Card
T0004321,2025-07-21 12:28:33,S1052,I01,Veg Puff,Snacks,1,25.95,15,Card
T0004322,2025-07-21 18:16:20,S1065,I01,Veg Puff,Snacks,3,24.87,0,Cash
T0004322,2025-07-21 18:16:20,S1162,I04,Cold Coffee,Beverages,3,62.18,5,UPI
T0004323,2025-07-21 18:15:36,S1182,I03,Masala Sandwich,Sandwiches,2,50.88,0,Card
T0004324,2025-07-21 09:10:20,S1388,I05,Cutting Chai,Beverages,3,10.0,0,Cash
T0004325,2025-07-21 18:30:58,S1028,I05,Cutting Chai,Beverages,1,9.95,10,Cash
T0004325,2025-07-21 18:30:58,S1256,I02,Samosa,Snacks,2,15.94,0,Cash
T0004326,2025-07-21 12:07:30,S1196,I01,Veg Puff,Snacks,2,26.52,0,Cash
T0004327,2025-07-21 09:39:26,S1183,I01,Veg Puff,Snacks,3,25.49,10,Cash
T0004328,2025-07-21 08:01:06,S1383,I04,Cold Coffee,Beverages,3,60.7,0,Cash
T0004328,2025-07-21 08:01:06,S1053,I05,Cutting Chai,Beverages,2,10.85,0,UPI
T0004329,2025-07-21 12:04:52,S1300,I03,Masala Sandwich,Sandwiches,1,50.02,0,UPI
T0004329,2025-07-21 12:04:52,S1300,I05,Cutting Chai,Beverages,3,9.04,0,UPI
T0004330,2025-07-21 14:07:33,S1094,I03,Masala Sandwich,Sandwiches,1,49.22,0,UPI
T0004331,2025-07-21 08:41:35,S1140,I06,Poha,Breakfast,2,32.39,0,UPI
T0004331,2025-07-21 08:41:35,S1142,I03,Masala Sandwich,Sandwiches,2,50.66,0,Card
T0004332,2025-07-21 12:35:14,S1252,I06,Poha,Breakfast,2,32.51,25,UPI
T0004332,2025-07-21 12:35:14,S1164,I02,Samosa,Snacks,1,16.04,0,UPI
T0004333,2025-07-21 08:08:39,S1203,I04,Cold Coffee,Beverages,1,61.35,25,Cash
T0004334,2025-07-21 08:34:32,S1255,I06,Poha,Breakfast,4,31.99,0,UPI
T0004335,2025-07-21 08:33:38,S1082,I03,Masala Sandwich,Sandwiches,1,49.89,10,Card
T0004336,2025-07-21 13:04:57,S1197,I04,Cold Coffee,Beverages,1,63.05,0,Card
T0004336,2025-07-21 13:04:57,S1363,I05,Cutting Chai,Beverages,1,10.12,5,UPI
T0004337,2025-07-21 19:01:28,S1398,I06,Poha,Breakfast,1,31.37,0,Cash
T0004338,2025-07-21 14:20:56,S1011,I02,Samosa,Snacks,1,15.73,0,UPI
T0004339,2025-07-21 12:09:04,S1395,I02,Samosa,Snacks,1,16.31,0,Cash
T0004340,2025-07-21 18:37:23,S1360,I05,Cutting Chai,Beverages,1,10.28,0,Card
T0004341,2025-07-21 12:04:49,S1097,I05,Cutting Chai,Beverages,1,11.18,10,Card
T0004342,2025-07-21 18:43:59,S1141,I04,Cold Coffee,Beverages,1,61.98,0,UPI
T0004343,2025-07-21 18:20:06,S1283,I06,Poha,Breakfast,1,31.56,0,Cash
T0004343,2025-07-21 18:20:06,S1043,I01,Veg Puff,Snacks,1,26.3,0,Cash
T0004344,2025-07-21 13:30:16,S1284,I05,Cutting Chai,Beverages,3,10.87,0,Cash
T0004344,2025-07-21 13:30:16,S1319,I02,Samosa,Snacks,2,15.79,0,Card
T0004345,2025-07-21 14:12:19,S1258,I02,Samosa,Snacks,1,16.47,0,Cash
T0004346,2025-07-21 12:26:48,S1138,I04,Cold Coffee,Beverages,1,62.23,0,Card
T0004346,2025-07-21 12:26:48,S1172,I06,Poha,Breakfast,1,31.3,0,Card
T0004347,2025-07-21 12:25:27,S1263,I06,Poha,Breakfast,1,33.93,0,Card
T0004347,2025-07-21 12:25:27,S1084,I05,Cutting Chai,Beverages,1,10.02,0,UPI
T0004348,2025-07-21 13:38:13,S1135,I03,Masala Sandwich,Sandwiches,1,50.07,10,UPI
T0004349,2025-07-21 13:39:55,S1294,I06,Poha,Breakfast,1,31.49,0,Cash
T0004349,2025-07-21 13:39:55,S1271,I05,Cutting Chai,Beverages,1,10.19,0,Cash
T0004350,2025-07-21 09:13:33,S1370,I01,Veg Puff,Snacks,1,26.21,0,Card
T0004351,2025-07-21 08:59:19,S1369,I06,Poha,Breakfast,1,33.38,0,UPI
T0004351,2025-07-21 08:59:19,S1277,I01,Veg Puff,Snacks,1,25.74,0,Cash
T0004352,2025-07-21 14:12:38,S1188,I04,Cold Coffee,Beverages,1,62.03,0,UPI
T0004352,2025-07-21 14:12:38,S1107,I03,Masala Sandwich,Sandwiches,1,49.73,0,UPI
T0004353,2025-07-21 14:01:03,S1026,I05,Cutting Chai,Beverages,5,10.5,15,Card
T0004354,2025-07-21 14:41:22,S1149,I04,Cold Coffee,Beverages,1,61.8,0,Cash
T0004355,2025-07-21 13:41:46,S1209,I04,Cold Coffee,Beverages,1,61.57,0,Card
T0004355,2025-07-21 13:41:46,S1199,I05,Cutting Chai,Beverages,1,9.92,0,Card
T0004356,2025-07-21 08:22:26,S1173,I01,Veg Puff,Snacks,1,26.12,0,Cash
T0004356,2025-07-21 08:22:26,S1129,I06,Poha,Breakfast,2,31.23,0,UPI
T0004357,2025-07-21 13:05:55,S1180,I03,Masala Sandwich,Sandwiches,1,48.8,15,Cash
T0004358,2025-07-21 17:40:39,S1107,I06,Poha,Breakfast,2,32.05,0,UPI
T0004359,2025-07-21 09:58:31,S1273,I04,Cold Coffee,Beverages,2,61.36,0,Cash
T0004359,2025-07-21 09:58:31,S1088,I03,Masala Sandwich,Sandwiches,1,49.26,0,Card
T0004360,2025-07-21 12:54:57,S1378,I04,Cold Coffee,Beverages,1,62.73,0,Card
T0004360,2025-07-21 12:54:57,S1355,I06,Poha,Breakfast,3,31.0,0,Cash
T0004361,2025-07-21 08:12:14,S1265,I03,Masala Sandwich,Sandwiches,3,50.14,10,UPI
T0004362,2025-07-21 08:58:06,S1196,I01,Veg Puff,Snacks,2,25.66,0,Cash
T0004362,2025-07-21 08:58:06,S1069,I03,Masala Sandwich,Sandwiches,1,49.09,0,Card
T0004363,2025-07-21 12:41:00,S1090,I01,Veg Puff,Snacks,2,25.42,0,Card
T0004364,2025-07-21 12:15:27,S1345,I04,Cold Coffee,Beverages,1,61.38,0,Card
T0004365,2025-07-21 13:24:15,S1121,I02,Samosa,Snacks,1,15.94,0,UPI
T0004366,2025-07-21 18:02:22,S1061,I02,Samosa,Snacks,3,16.77,0,Card
T0004367,2025-07-21 08:45:06,S1358,I02,Samosa,Snacks,3,16.51,0,UPI
T0004368,2025-07-21 14:16:20,S1224,I02,Samosa,Snacks,4,16.1,0,Card
T0004369,2025-07-21 09:56:35,S1068,I05,Cutting Chai,Beverages,1,9.04,0,Card
T0004369,2025-07-21 09:56:35,S1359,I03,Masala Sandwich,Sandwiches,2,49.95,0,Cash
T0004370,2025-07-21 13:25:02,S1262,I02,Samosa,Snacks,1,15.45,0,Cash
T0004371,2025-07-21 17:45:33,S1291,I06,Poha,Breakfast,2,32.02,25,Card
T0004372,2025-07-21 19:39:14,S1107,I05,Cutting Chai,Beverages,1,10.15,0,Card
T0004373,2025-07-21 08:09:23,S1340,I06,Poha,Breakfast,1,32.17,0,UPI
T0004373,2025-07-21 08:09:23,S1318,I03,Masala Sandwich,Sandwiches,3,50.21,0,UPI
T0004374,2025-07-21 12:35:48,S1125,I03,Masala Sandwich,Sandwiches,1,50.52,0,UPI
T0004375,2025-07-21 08:59:24,S1214,I03,Masala Sandwich,Sandwiches,2,48.59,0,Card
T0004376,2025-07-21 08:56:11,S1074,I04,Cold Coffee,Beverages,4,61.5,5,Cash
T0004377,2025-07-21 17:17:56,S1208,I04,Cold Coffee,Beverages,5,62.69,0,Cash
T0004377,2025-07-21 17:17:56,S1142,I01,Veg Puff,Snacks,3,25.18,0,Card
T0004378,2025-07-21 13:37:11,S1121,I03,Masala Sandwich,Sandwiches,2,50.13,0,UPI
T0004379,2025-07-21 09:40:01,S1107,I04,Cold Coffee,Beverages,3,62.11,0,Card
T0004380,2025-07-21 09:50:17,S1385,I04,Cold Coffee,Beverages,1,61.97,0,Cash
T0004381,2025-07-21 09:37:44,S1009,I01,Veg Puff,Snacks,3,26.3,0,Card
T0004382,2025-07-21 08:47:00,S1389,I03,Masala Sandwich,Sandwiches,2,50.42,0,Cash
T0004383,2025-07-21 08:22:53,S1011,I06,Poha,Breakfast,1,31.7,15,UPI
T0004384,2025-07-21 09:53:57,S1087,I01,Veg Puff,Snacks,1,26.0,0,Card
T0004385,2025-07-21 09:58:50,S1236,I04,Cold Coffee,Beverages,2,61.79,0,UPI
T0004385,2025-07-21 09:58:50,S1187,I01,Veg Puff,Snacks,3,25.75,0,UPI
T0004386,2025-07-21 09:48:14,S1178,I01,Veg Puff,Snacks,1,26.04,0,Card
T0004387,2025-07-21 12:49:04,S1232,I04,Cold Coffee,Beverages,2,60.46,5,Cash
T0004387,2025-07-21 12:49:04,S1317,I03,Masala Sandwich,Sandwiches,1,49.37,0,Card
T0004388,2025-07-21 17:25:09,S1158,I05,Cutting Chai,Beverages,2,9.57,0,Card
T0004389,2025-07-21 09:48:39,S1368,I06,Poha,Breakfast,1,32.19,0,Card
T0004390,2025-07-21 12:33:57,S1065,I02,Samosa,Snacks,1,14.94,0,UPI
T0004391,2025-07-21 08:30:08,S1114,I02,Samosa,Snacks,2,15.46,0,Card
T0004392,2025-07-21 18:35:00,S1098,I01,Veg Puff,Snacks,2,26.01,15,UPI
T0004392,2025-07-21 18:35:00,S1252,I04,Cold Coffee,Beverages,3,61.9,0,Card
T0004393,2025-07-21 14:30:04,S1247,I05,Cutting Chai,Beverages,1,9.47,0,Card
T0004394,2025-07-21 08:12:30,S1107,I01,Veg Puff,Snacks,2,26.43,0,Cash
T0004395,2025-07-21 08:05:27,S1218,I01,Veg Puff,Snacks,3,26.34,0,Card
T0004395,2025-07-21 08:05:27,S1309,I04,Cold Coffee,Beverages,3,61.22,15,UPI
T0004396,2025-07-21 08:37:55,S1199,I05,Cutting Chai,Beverages,1,9.78,0,Cash
T0004397,2025-07-21 13:25:00,S1138,I06,Poha,Breakfast,4,32.44,0,Cash
T0004398,2025-07-21 13:57:12,S1109,I05,Cutting Chai,Beverages,3,10.25,0,Card
T0004399,2025-07-21 09:11:29,S1007,I06,Poha,Breakfast,1,31.45,0,Card
T0004400,2025-07-21 13:47:31,S1016,I05,Cutting Chai,Beverages,1,9.88,10,Card
T0004400,2025-07-21 13:47:31,S1332,I06,Poha,Breakfast,1,32.75,0,Card
T0004401,2025-07-21 14:49:25,S1172,I03,Masala Sandwich,Sandwiches,2,50.65,0,Cash
T0004401,2025-07-21 14:49:25,S1122,I02,Samosa,Snacks,1,15.73,0,Cash
T0004402,2025-07-21 14:26:01,S1101,I04,Cold Coffee,Beverages,1,62.67,0,UPI
T0004403,2025-07-21 09:28:12,S1072,I06,Poha,Breakfast,2,31.69,0,Card
T0004404,2025-07-21 13:51:51,S1330,I05,Cutting Chai,Beverages,3,11.03,0,UPI
T0004405,2025-07-21 17:23:24,S1013,I04,Cold Coffee,Beverages,4,61.56,0,Cash
T0004405,2025-07-21 17:23:24,S1108,I02,Samosa,Snacks,2,16.34,0,Card
T0004406,2025-07-21 12:13:44,S1389,I05,Cutting Chai,Beverages,7,9.87,0,Cash
T0004406,2025-07-21 12:13:44,S1321,I06,Poha,Breakfast,2,31.23,0,Cash
T0004407,2025-07-21 14:55:38,S1386,I02,Samosa,Snacks,1,16.63,15,Card
T0004408,2025-07-21 09:24:42,S1193,I04,Cold Coffee,Beverages,1,61.54,0,UPI
T0004409,2025-07-21 08:32:27,S1163,I01,Veg Puff,Snacks,3,25.97,5,Cash
T0004409,2025-07-21 08:32:27,S1337,I02,Samosa,Snacks,3,15.8,0,Cash
T0004410,2025-07-21 18:52:31,S1019,I03,Masala Sandwich,Sandwiches,1,49.31,0,UPI
T0004410,2025-07-21 18:52:31,S1279,I05,Cutting Chai,Beverages,4,9.99,0,Cash
T0004411,2025-07-21 09:13:01,S1081,I03,Masala Sandwich,Sandwiches,1,49.0,10,UPI
T0004412,2025-07-21 13:17:50,S1366,I04,Cold Coffee,Beverages,3,61.75,15,Cash
T0004413,2025-07-21 14:13:52,S1334,I05,Cutting Chai,Beverages,1,10.45,0,Card
T0004413,2025-07-21 14:13:52,S1328,I02,Samosa,Snacks,3,15.99,0,UPI
T0004414,2025-07-21 14:00:43,S1309,I04,Cold Coffee,Beverages,1,61.43,0,UPI
T0004415,2025-07-21 18:24:43,S1054,I02,Samosa,Snacks,1,15.71,0,Card
T0004416,2025-07-21 09:33:57,S1325,I04,Cold Coffee,Beverages,1,62.63,5,UPI
T0004417,2025-07-21 08:55:39,S1340,I02,Samosa,Snacks,1,16.28,0,UPI
T0004417,2025-07-21 08:55:39,S1102,I01,Veg Puff,Snacks,1,26.46,0,Card
T0004418,2025-07-21 09:54:17,S1080,I04,Cold Coffee,Beverages,1,61.73,15,UPI
T0004419,2025-07-21 18:13:05,S1392,I04,Cold Coffee,Beverages,4,61.47,0,Cash
T0004419,2025-07-21 18:13:05,S1373,I06,Poha,Breakfast,1,32.31,0,Cash
T0004420,2025-07-21 08:59:07,S1350,I01,Veg Puff,Snacks,4,25.96,0,UPI
T0004421,2025-07-21 17:06:43,S1387,I01,Veg Puff,Snacks,1,25.63,0,UPI
T0004421,2025-07-21 17:06:43,S1167,I04,Cold Coffee,Beverages,3,62.24,0,UPI
T0004422,2025-07-21 12:42:41,S1202,I05,Cutting Chai,Beverages,3,10.38,5,Cash
T0004423,2025-07-21 14:04:42,S1111,I03,Masala Sandwich,Sandwiches,2,49.91,0,UPI
T0004424,2025-07-21 12:39:33,S1036,I03,Masala Sandwich,Sandwiches,2,50.78,5,Cash
T0004424,2025-07-21 12:39:33,S1256,I01,Veg Puff,Snacks,2,26.76,0,Card
T0004425,2025-07-21 12:40:11,S1213,I02,Samosa,Snacks,1,15.63,5,Cash
T0004426,2025-07-21 17:42:42,S1046,I05,Cutting Chai,Beverages,2,9.63,0,UPI
T0004426,2025-07-21 17:42:42,S1256,I02,Samosa,Snacks,1,16.54,0,Card
T0004427,2025-07-21 18:43:16,S1390,I01,Veg Puff,Snacks,1,25.57,25,Card
T0004428,2025-07-21 14:22:15,S1257,I06,Poha,Breakfast,1,32.98,0,UPI
T0004429,2025-07-21 19:37:33,S1176,I05,Cutting Chai,Beverages,1,9.6,0,UPI
T0004429,2025-07-21 19:37:33,S1376,I01,Veg Puff,Snacks,1,26.03,0,Cash
T0004430,2025-07-21 17:55:03,S1299,I03,Masala Sandwich,Sandwiches,1,51.16,0,Card
T0004431,2025-07-21 12:41:09,S1307,I05,Cutting Chai,Beverages,1,8.21,0,Card
T0004432,2025-07-21 14:11:57,S1030,I02,Samosa,Snacks,1,16.42,0,Card
T0004432,2025-07-21 14:11:57,S1123,I03,Masala Sandwich,Sandwiches,3,49.6,0,Cash
T0004433,2025-07-21 08:41:29,S1112,I04,Cold Coffee,Beverages,3,62.0,0,Cash
T0004434,2025-07-21 14:15:13,S1178,I05,Cutting Chai,Beverages,2,10.27,0,Cash
T0004435,2025-07-21 09:04:57,S1215,I05,Cutting Chai,Beverages,5,10.39,0,UPI
T0004436,2025-07-21 18:35:48,S1035,I06,Poha,Breakfast,1,31.76,0,Card
T0004437,2025-07-21 13:28:15,S1156,I02,Samosa,Snacks,1,15.45,15,UPI
T0004438,2025-07-21 09:16:00,S1115,I02,Samosa,Snacks,3,17.52,5,Card
T0004439,2025-07-21 09:25:09,S1120,I04,Cold Coffee,Beverages,2,62.59,0,UPI
T0004439,2025-07-21 09:25:09,S1126,I01,Veg Puff,Snacks,3,26.77,0,UPI
T0004440,2025-07-21 18:41:25,S1117,I05,Cutting Chai,Beverages,1,10.25,5,Cash
T0004441,2025-07-21 13:18:47,S1339,I01,Veg Puff,Snacks,2,25.33,0,Cash
T0004442,2025-07-21 19:15:44,S1121,I05,Cutting Chai,Beverages,3,10.11,0,Cash
T0004443,2025-07-21 14:18:58,S1375,I03,Masala Sandwich,Sandwiches,1,49.9,5,Card
T0004443,2025-07-21 14:18:58,S1094,I02,Samosa,Snacks,1,16.61,0,Card

