employee_id,first_name,last_name,email,phone,gender,birth_date,hire_date,status,employment_type,department_id,office_id,title_id,manager_id
1,Aarav,Kulkarni,aarav.kulkarni1@example.com,+91-9101375634,M,1979-04-09,2019-03-31,ACTIVE,FTE,806,111,738,
2,Myra,Mehta,myra.mehta2@example.com,+91-9946892378,O,1993-07-23,2017-10-30,INACTIVE,FTE,388,360,560,1.0
3,Kabir,Khan,kabir.khan3@example.com,+91-9467013765,M,1995-09-17,2016-04-03,ACTIVE,FTE,21,327,268,1.0
4,Myra,Khan,myra.khan4@example.com,+91-9133278698,F,1970-02-08,2024-04-22,INACTIVE,INTERN,347,609,629,3.0
5,Aryan,Gowda,aryan.gowda5@example.com,+91-9809311588,F,1994-07-20,2017-09-03,ACTIVE,FTE,998,195,420,3.0
6,Om,Jadhav,om.jadhav6@example.com,+91-9194090232,F,1971-07-13,2015-11-05,ACTIVE,FTE,503,158,56,4.0
7,Ishita,Chauhan,ishita.chauhan7@example.com,+91-9942754807,F,1978-08-03,2016-08-25,ACTIVE,FTE,299,84,485,3.0
8,Saanvi,Chauhan,saanvi.chauhan8@example.com,+91-9147907058,F,1983-01-13,2016-07-20,ACTIVE,FTE,380,907,391,4.0
9,Sara,Mehta,sara.mehta9@example.com,+91-9817411121,F,1982-12-04,2018-11-06,LEAVE,FTE,155,771,714,2.0
10,Zara,Desai,zara.desai10@example.com,+91-9714947283,M,1980-06-25,2024-06-01,ACTIVE,FTE,536,429,989,8.0
11,Saanvi,Mishra,saanvi.mishra11@example.com,+91-9827497537,O,1970-05-17,2021-09-19,INACTIVE,FTE,515,585,923,10.0
12,Shaurya,Reddy,shaurya.reddy12@example.com,+91-9184147554,O,1995-07-23,2017-12-10,INACTIVE,FTE,217,828,198,7.0
13,Navya,Singh,navya.singh13@example.com,+91-9697391512,F,1975-01-24,2025-02-14,ACTIVE,CONTRACTOR,937,827,69,
14,Riya,Ghosh,riya.ghosh14@example.com,+91-9550535448,M,1983-10-19,2023-11-04,ACTIVE,CONTRACTOR,806,718,639,13.0
15,Anika,Gupta,anika.gupta15@example.com,+91-9208437656,F,1975-02-01,2024-08-21,ACTIVE,FTE,963,103,948,13.0
16,Zara,Pandey,zara.pandey16@example.com,+91-9395723682,F,1988-05-26,2021-12-28,ACTIVE,FTE,586,624,485,
17,Shaurya,Gowda,shaurya.gowda17@example.com,+91-9499905152,M,1992-05-03,2015-08-29,ACTIVE,CONTRACTOR,708,244,51,9.0
18,Ira,Saxena,ira.saxena18@example.com,+91-9244295352,F,1985-08-16,2020-04-16,ACTIVE,FTE,713,702,101,8.0
19,Sara,Mukherjee,sara.mukherjee19@example.com,+91-9895583423,F,1986-11-02,2019-08-02,ACTIVE,FTE,92,193,453,14.0
20,Mira,Bose,mira.bose20@example.com,+91-9710607239,M,1990-06-12,2015-12-16,ACTIVE,FTE,319,727,519,17.0
21,Reyansh,Singh,reyansh.singh21@example.com,+91-9984233149,F,1978-08-30,2015-12-25,ACTIVE,FTE,941,370,722,12.0
22,Aanya,Chandra,aanya.chandra22@example.com,+91-9691990078,F,1973-06-06,2015-07-09,ACTIVE,FTE,457,182,984,19.0
23,Diya,Khan,diya.khan23@example.com,+91-9337673911,O,1982-08-09,2016-07-15,ACTIVE,FTE,167,875,586,7.0
24,Kabir,Pawar,kabir.pawar24@example.com,+91-9609057994,M,1979-01-26,2019-07-31,ACTIVE,FTE,886,800,991,1.0
25,Reyansh,Gowda,reyansh.gowda25@example.com,+91-9555059083,F,1965-07-30,2018-10-22,ACTIVE,FTE,313,730,991,9.0
26,Diya,Mehta,diya.mehta26@example.com,+91-9649233665,O,1982-02-24,2018-09-17,ACTIVE,FTE,845,639,407,1.0
27,Aadhya,Yadav,aadhya.yadav27@example.com,+91-9380404354,O,1984-03-27,2020-01-29,ACTIVE,FTE,345,284,656,9.0
28,Om,Singh,om.singh28@example.com,+91-9809239039,F,1975-03-16,2023-10-20,ACTIVE,CONTRACTOR,825,878,822,13.0
29,Rohan,Das,rohan.das29@example.com,+91-9860283250,O,1966-09-25,2023-06-18,INACTIVE,FTE,429,415,398,19.0
30,Mohammed,Ghosh,mohammed.ghosh30@example.com,+91-9282521788,O,1980-02-18,2024-02-05,ACTIVE,FTE,964,688,368,28.0
31,Riya,Khan,riya.khan31@example.com,+91-9829835592,F,1984-12-29,2016-08-29,ACTIVE,FTE,743,828,573,6.0
32,Sai,Jadhav,sai.jadhav32@example.com,+91-9415734988,F,1989-03-06,2018-10-19,ACTIVE,FTE,808,909,340,19.0
33,Ishaan,Chauhan,ishaan.chauhan33@example.com,+91-9668909764,F,1968-08-27,2024-12-05,ACTIVE,FTE,484,911,200,25.0
34,Anika,Sharma,anika.sharma34@example.com,+91-9439714150,O,1975-04-06,2017-05-03,INACTIVE,FTE,584,915,929,10.0
35,Reyansh,Mukherjee,reyansh.mukherjee35@example.com,+91-9393698307,M,1970-07-02,2023-04-18,ACTIVE,INTERN,321,650,60,
36,Aryan,Rao,aryan.rao36@example.com,+91-9560662565,F,1975-10-13,2023-05-01,ACTIVE,FTE,133,630,445,26.0
37,Myra,Patel,myra.patel37@example.com,+91-9304630191,M,1967-07-27,2024-01-30,ACTIVE,FTE,15,914,330,34.0
38,Aarav,Joshi,aarav.joshi38@example.com,+91-9279336562,M,1981-12-07,2018-11-06,ACTIVE,FTE,133,106,393,20.0
39,Vivaan,Mishra,vivaan.mishra39@example.com,+91-9468006578,F,1984-10-16,2022-10-04,ACTIVE,FTE,346,445,910,9.0
40,Diya,Mukherjee,diya.mukherjee40@example.com,+91-9326763783,O,1977-10-28,2017-10-21,INACTIVE,CONTRACTOR,414,20,234,9.0
41,Vihaan,Rao,vihaan.rao41@example.com,+91-9928123020,O,1999-05-05,2017-11-16,ACTIVE,FTE,812,39,385,17.0
42,Meera,Sharma,meera.sharma42@example.com,+91-9687639985,F,1968-04-07,2016-11-02,ACTIVE,FTE,707,119,427,8.0
43,Saanvi,Bhandari,saanvi.bhandari43@example.com,+91-9389885759,O,1975-06-03,2018-06-30,ACTIVE,FTE,309,431,678,34.0
44,Ishita,Bhandari,ishita.bhandari44@example.com,+91-9634443249,M,1974-05-03,2022-02-15,LEAVE,FTE,737,633,121,7.0
45,Ishita,Singh,ishita.singh45@example.com,+91-9632956813,M,1982-11-24,2023-11-25,INACTIVE,FTE,420,303,165,
46,Saanvi,Ghosh,saanvi.ghosh46@example.com,+91-9196725534,O,1980-12-16,2015-01-18,ACTIVE,FTE,114,856,588,10.0
47,Arjun,Das,arjun.das47@example.com,+91-9973143678,M,1971-11-23,2019-05-10,ACTIVE,FTE,304,271,476,
48,Vivaan,Bose,vivaan.bose48@example.com,+91-9110385578,M,1984-10-10,2021-02-16,ACTIVE,FTE,757,119,98,3.0
49,Aryan,Ghosh,aryan.ghosh49@example.com,+91-9222226183,F,1989-05-01,2022-06-12,INACTIVE,FTE,751,96,382,12.0
50,Aarohi,Mehta,aarohi.mehta50@example.com,+91-9242283221,O,1983-07-02,2021-07-24,ACTIVE,FTE,432,665,908,8.0
51,Aditya,Bose,aditya.bose51@example.com,+91-9507754288,F,1975-11-06,2016-10-06,ACTIVE,FTE,822,583,695,40.0
52,Meera,Patel,meera.patel52@example.com,+91-9803272515,F,1973-11-22,2023-03-21,INACTIVE,FTE,422,452,48,
53,Aarav,Bhandari,aarav.bhandari53@example.com,+91-9838993835,O,2000-09-18,2024-10-23,ACTIVE,FTE,979,686,895,34.0
54,Meera,Reddy,meera.reddy54@example.com,+91-9758111412,M,1994-06-16,2019-03-25,ACTIVE,FTE,657,395,153,36.0
55,Aarav,Joshi,aarav.joshi55@example.com,+91-9358655621,F,1975-09-06,2023-08-08,LEAVE,CONTRACTOR,891,170,77,21.0
56,Yuvraj,Sharma,yuvraj.sharma56@example.com,+91-9715291571,F,1999-07-01,2018-10-15,ACTIVE,FTE,837,241,81,52.0
57,Sai,Bose,sai.bose57@example.com,+91-9138474240,O,1998-12-03,2022-08-09,ACTIVE,INTERN,764,670,19,27.0
58,Riya,Patel,riya.patel58@example.com,+91-9589849525,F,1971-03-10,2025-04-12,INACTIVE,FTE,912,521,576,43.0
59,Aadhya,Saxena,aadhya.saxena59@example.com,+91-9490084550,O,1968-09-11,2018-10-17,LEAVE,FTE,786,635,615,43.0
60,Sara,Reddy,sara.reddy60@example.com,+91-9501461715,O,1971-08-19,2018-10-09,ACTIVE,FTE,649,988,820,34.0
61,Krishna,Sharma,krishna.sharma61@example.com,+91-9301373196,M,1976-03-04,2023-05-18,ACTIVE,FTE,739,420,110,13.0
62,Aarohi,Singh,aarohi.singh62@example.com,+91-9732231115,M,1996-02-07,2018-03-30,ACTIVE,FTE,425,48,949,44.0
63,Sara,Mehta,sara.mehta63@example.com,+91-9728268579,F,1999-04-24,2017-04-16,INACTIVE,FTE,754,50,567,54.0
64,Aanya,Mukherjee,aanya.mukherjee64@example.com,+91-9445577110,O,1977-01-22,2024-11-04,ACTIVE,FTE,107,397,674,57.0
65,Myra,Desai,myra.desai65@example.com,+91-9746955700,O,1981-11-23,2019-08-28,ACTIVE,FTE,302,464,825,53.0
66,Aanya,Mishra,aanya.mishra66@example.com,+91-9837243267,F,2002-04-12,2020-05-04,ACTIVE,CONTRACTOR,648,223,206,38.0
67,Rohan,Bhandari,rohan.bhandari67@example.com,+91-9725783470,O,1977-02-06,2023-07-29,ACTIVE,FTE,728,119,780,62.0
68,Anika,Pawar,anika.pawar68@example.com,+91-9256043375,M,2001-05-02,2019-11-12,INACTIVE,FTE,14,536,110,
69,Aditya,Singh,aditya.singh69@example.com,+91-9319044298,O,1983-03-03,2017-09-27,INACTIVE,FTE,150,860,64,38.0
70,Vivaan,Naidu,vivaan.naidu70@example.com,+91-9355116198,O,1995-10-20,2016-09-28,ACTIVE,FTE,576,886,230,50.0
71,Dev,Bhandari,dev.bhandari71@example.com,+91-9113921319,O,1968-03-13,2021-06-29,ACTIVE,INTERN,1000,702,321,7.0
72,Samar,Singh,samar.singh72@example.com,+91-9933381221,O,1995-02-25,2018-11-02,INACTIVE,FTE,664,377,774,26.0
73,Mohammed,Mishra,mohammed.mishra73@example.com,+91-9143630672,F,1995-07-18,2018-01-07,INACTIVE,FTE,986,178,753,49.0
74,Yuvraj,Yadav,yuvraj.yadav74@example.com,+91-9142885885,M,1982-12-25,2017-03-19,ACTIVE,FTE,6,339,478,20.0
75,Anaya,Gowda,anaya.gowda75@example.com,+91-9941847352,O,1968-06-18,2025-08-21,ACTIVE,FTE,503,809,587,10.0
76,Anaya,Verma,anaya.verma76@example.com,+91-9475168561,M,1979-12-21,2018-02-16,ACTIVE,FTE,164,426,557,12.0
77,Dhruv,Pawar,dhruv.pawar77@example.com,+91-9984428681,O,1987-08-03,2020-08-19,ACTIVE,FTE,771,634,544,72.0
78,Aarav,Reddy,aarav.reddy78@example.com,+91-9509495719,M,1988-07-19,2022-08-01,ACTIVE,FTE,941,637,250,42.0
79,Myra,Kulkarni,myra.kulkarni79@example.com,+91-9622702576,M,2001-10-06,2019-10-24,ACTIVE,FTE,789,384,527,58.0
80,Dev,Pandey,dev.pandey80@example.com,+91-9107871158,O,1978-02-06,2020-06-13,ACTIVE,CONTRACTOR,172,995,980,69.0
81,Arjun,Singh,arjun.singh81@example.com,+91-9794239754,M,1979-07-05,2022-03-20,LEAVE,FTE,849,720,900,56.0
82,Shaurya,Patel,shaurya.patel82@example.com,+91-9982207031,M,1996-04-02,2020-08-23,ACTIVE,FTE,183,814,258,74.0
83,Samar,Desai,samar.desai83@example.com,+91-9788722430,O,1991-05-29,2022-09-04,ACTIVE,FTE,18,399,690,1.0
84,Meera,Iyer,meera.iyer84@example.com,+91-9751295118,M,2004-11-07,2015-10-10,ACTIVE,FTE,951,515,109,39.0
85,Dev,Mukherjee,dev.mukherjee85@example.com,+91-9955525741,O,1994-10-14,2021-06-28,ACTIVE,FTE,486,161,547,51.0
86,Dev,Joshi,dev.joshi86@example.com,+91-9694342064,O,1974-10-22,2020-01-27,ACTIVE,CONTRACTOR,815,888,747,2.0
87,Shaurya,Reddy,shaurya.reddy87@example.com,+91-9327350811,F,1967-11-05,2015-02-01,ACTIVE,FTE,561,970,88,45.0
88,Aanya,Gupta,aanya.gupta88@example.com,+91-9158398995,O,1975-12-15,2018-02-17,ACTIVE,FTE,199,118,186,73.0
89,Pari,Joshi,pari.joshi89@example.com,+91-9483474399,M,2002-05-28,2016-03-30,ACTIVE,FTE,101,203,744,43.0
90,Ritvik,Reddy,ritvik.reddy90@example.com,+91-9844594995,O,1984-05-28,2025-07-16,ACTIVE,FTE,498,462,337,40.0
91,Shaurya,Rao,shaurya.rao91@example.com,+91-9864717990,O,2003-07-30,2021-03-14,ACTIVE,INTERN,173,5,321,29.0
92,Navya,Kulkarni,navya.kulkarni92@example.com,+91-9622881542,O,1989-06-19,2017-04-14,ACTIVE,FTE,492,474,457,40.0
93,Krishna,Khan,krishna.khan93@example.com,+91-9182100852,O,1970-07-31,2019-10-10,LEAVE,FTE,552,202,270,81.0
94,Arjun,Pandey,arjun.pandey94@example.com,+91-9692269551,F,1966-04-09,2023-08-18,ACTIVE,FTE,593,415,788,5.0
95,Zara,Pandey,zara.pandey95@example.com,+91-9412457968,M,2001-09-22,2023-01-12,ACTIVE,FTE,402,229,913,94.0
96,Pari,Verma,pari.verma96@example.com,+91-9834612989,M,1999-09-26,2016-07-16,ACTIVE,FTE,679,245,869,79.0
97,Aanya,Gupta,aanya.gupta97@example.com,+91-9619157832,F,1995-05-14,2017-09-16,ACTIVE,CONTRACTOR,676,894,991,94.0
98,Vivaan,Jadhav,vivaan.jadhav98@example.com,+91-9516711804,F,1998-03-09,2018-12-11,ACTIVE,FTE,44,685,212,47.0
99,Pari,Pandey,pari.pandey99@example.com,+91-9996437267,O,1968-02-29,2015-09-05,INACTIVE,FTE,721,992,534,36.0
100,Samar,Rao,samar.rao100@example.com,+91-9654762561,F,2002-01-16,2024-09-12,ACTIVE,FTE,375,602,670,10.0
101,Myra,Thakur,myra.thakur101@example.com,+91-9107084208,O,1980-03-03,2023-10-14,ACTIVE,FTE,354,499,812,78.0
102,Rohan,Mehta,rohan.mehta102@example.com,+91-9870197919,M,1976-04-09,2018-11-30,ACTIVE,FTE,217,154,192,78.0
103,Kabir,Desai,kabir.desai103@example.com,+91-9124101254,M,1987-06-22,2016-12-05,ACTIVE,FTE,216,605,166,53.0
104,Vivaan,Gupta,vivaan.gupta104@example.com,+91-9377304178,M,2004-01-11,2025-01-28,ACTIVE,FTE,41,913,587,22.0
105,Mira,Chandra,mira.chandra105@example.com,+91-9582328432,O,2003-05-10,2015-04-26,INACTIVE,FTE,842,291,970,
106,Saanvi,Bose,saanvi.bose106@example.com,+91-9769168506,O,1997-10-11,2017-11-25,ACTIVE,FTE,147,814,597,24.0
107,Aanya,Kulkarni,aanya.kulkarni107@example.com,+91-9117783990,M,1976-05-31,2020-10-30,INACTIVE,FTE,71,236,388,14.0
108,Mira,Bose,mira.bose108@example.com,+91-9941672107,O,1999-04-28,2022-02-21,LEAVE,FTE,182,488,924,5.0
109,Aanya,Mukherjee,aanya.mukherjee109@example.com,+91-9932010779,O,1972-12-30,2016-08-02,ACTIVE,FTE,618,553,848,
110,Navya,Verma,navya.verma110@example.com,+91-9925354925,F,1993-08-18,2021-04-20,INACTIVE,FTE,440,235,961,102.0
111,Diya,Rao,diya.rao111@example.com,+91-9742411514,O,2004-03-16,2016-08-30,ACTIVE,FTE,785,239,932,37.0
112,Anika,Kulkarni,anika.kulkarni112@example.com,+91-9802813548,M,1977-11-12,2015-02-03,ACTIVE,FTE,592,536,121,49.0
113,Anaya,Desai,anaya.desai113@example.com,+91-9492607356,O,1989-08-27,2016-10-24,ACTIVE,FTE,260,268,876,73.0
114,Yuvraj,Pawar,yuvraj.pawar114@example.com,+91-9372491666,F,1992-01-18,2018-06-19,ACTIVE,FTE,495,184,380,62.0
115,Aisha,Naidu,aisha.naidu115@example.com,+91-9207673349,M,1992-02-04,2017-05-07,LEAVE,FTE,766,236,458,21.0
116,Aanya,Chandra,aanya.chandra116@example.com,+91-9963685029,M,1988-01-12,2024-05-14,ACTIVE,FTE,54,165,399,1.0
117,Shaurya,Chauhan,shaurya.chauhan117@example.com,+91-9759240529,O,1994-08-18,2016-07-01,ACTIVE,FTE,82,624,39,52.0
118,Mira,Mishra,mira.mishra118@example.com,+91-9407097155,M,1968-11-29,2017-12-25,ACTIVE,FTE,207,871,673,67.0
119,Vivaan,Pillai,vivaan.pillai119@example.com,+91-9269055029,M,1999-09-29,2023-10-11,ACTIVE,FTE,691,37,369,1.0
120,Yuvraj,Mukherjee,yuvraj.mukherjee120@example.com,+91-9196814848,O,1992-03-07,2021-01-03,ACTIVE,FTE,206,531,16,9.0
121,Dev,Das,dev.das121@example.com,+91-9533744956,O,2003-01-18,2024-12-01,ACTIVE,INTERN,284,232,621,59.0
122,Aarav,Kulkarni,aarav.kulkarni122@example.com,+91-9651137378,F,1976-11-29,2021-12-04,ACTIVE,FTE,516,302,349,103.0
123,Zara,Saxena,zara.saxena123@example.com,+91-9932792876,F,2004-02-15,2019-04-04,ACTIVE,INTERN,577,496,789,44.0
124,Pari,Pandey,pari.pandey124@example.com,+91-9852882107,M,2004-12-07,2015-06-19,ACTIVE,FTE,392,649,808,87.0
125,Anaya,Desai,anaya.desai125@example.com,+91-9823377624,O,1989-01-11,2023-10-15,ACTIVE,FTE,270,255,295,
126,Ira,Iyer,ira.iyer126@example.com,+91-9833480882,M,2002-09-27,2018-01-14,ACTIVE,FTE,916,588,276,96.0
127,Kiara,Das,kiara.das127@example.com,+91-9764213363,F,1978-08-03,2018-12-30,ACTIVE,CONTRACTOR,212,235,208,108.0
128,Shaurya,Mukherjee,shaurya.mukherjee128@example.com,+91-9681403225,M,1972-04-05,2017-01-14,INACTIVE,FTE,680,505,629,
129,Saanvi,Naidu,saanvi.naidu129@example.com,+91-9527219856,M,1986-06-19,2023-05-18,INACTIVE,CONTRACTOR,589,890,282,72.0
130,Aisha,Gupta,aisha.gupta130@example.com,+91-9590910502,M,1968-09-07,2023-12-11,ACTIVE,FTE,554,34,515,45.0
131,Mira,Mehta,mira.mehta131@example.com,+91-9300953401,O,1986-06-25,2015-02-22,ACTIVE,FTE,595,104,334,67.0
132,Samar,Jadhav,samar.jadhav132@example.com,+91-9491999503,F,1983-05-03,2023-01-07,INACTIVE,FTE,189,511,435,96.0
133,Yuvraj,Mehta,yuvraj.mehta133@example.com,+91-9696291839,F,1977-03-30,2024-09-20,ACTIVE,FTE,235,834,103,61.0
134,Myra,Singh,myra.singh134@example.com,+91-9673359435,O,1974-12-04,2017-07-18,ACTIVE,FTE,432,512,138,133.0
135,Anaya,Pillai,anaya.pillai135@example.com,+91-9331356272,F,1998-02-12,2020-02-08,ACTIVE,CONTRACTOR,49,408,102,16.0
136,Saanvi,Saxena,saanvi.saxena136@example.com,+91-9469517811,M,1971-07-22,2022-08-27,ACTIVE,FTE,369,574,571,66.0
137,Anika,Reddy,anika.reddy137@example.com,+91-9481295430,F,1988-11-22,2025-04-20,ACTIVE,FTE,665,552,179,73.0
138,Aanya,Chauhan,aanya.chauhan138@example.com,+91-9552922001,O,1995-06-01,2016-05-02,ACTIVE,FTE,647,980,149,87.0
139,Meera,Rao,meera.rao139@example.com,+91-9750027161,O,1992-07-18,2016-03-19,ACTIVE,FTE,322,325,669,69.0
140,Aarohi,Kulkarni,aarohi.kulkarni140@example.com,+91-9234260583,O,1995-04-12,2021-03-06,ACTIVE,FTE,462,424,172,6.0
141,Ritvik,Pawar,ritvik.pawar141@example.com,+91-9128309105,F,1982-02-15,2016-05-12,ACTIVE,FTE,98,66,960,14.0
142,Mira,Mukherjee,mira.mukherjee142@example.com,+91-9365639987,O,1970-09-01,2016-10-07,ACTIVE,FTE,671,954,907,59.0
143,Dev,Mehta,dev.mehta143@example.com,+91-9611267257,F,1973-08-08,2017-03-26,ACTIVE,FTE,36,680,366,84.0
144,Zara,Thakur,zara.thakur144@example.com,+91-9777582116,O,1983-07-16,2024-05-01,ACTIVE,INTERN,715,553,182,117.0
145,Aisha,Desai,aisha.desai145@example.com,+91-9430570947,F,2000-08-15,2024-01-30,ACTIVE,FTE,553,233,825,
146,Anika,Kulkarni,anika.kulkarni146@example.com,+91-9674558056,M,1975-08-07,2020-03-01,ACTIVE,FTE,777,869,140,121.0
147,Kiara,Mukherjee,kiara.mukherjee147@example.com,+91-9501197060,M,1997-06-19,2020-02-05,ACTIVE,FTE,300,612,237,141.0
148,Anika,Pandey,anika.pandey148@example.com,+91-9382372922,M,2003-02-23,2022-06-09,ACTIVE,FTE,755,662,400,57.0
149,Navya,Joshi,navya.joshi149@example.com,+91-9968451673,F,1981-04-21,2023-10-16,ACTIVE,CONTRACTOR,827,711,702,137.0
150,Anika,Singh,anika.singh150@example.com,+91-9301637382,F,1969-08-29,2018-02-07,ACTIVE,FTE,467,633,464,126.0
151,Vihaan,Gupta,vihaan.gupta151@example.com,+91-9349978373,M,1968-05-18,2024-02-07,ACTIVE,INTERN,289,276,129,3.0
152,Shaurya,Patel,shaurya.patel152@example.com,+91-9454601784,M,1998-08-03,2018-09-11,ACTIVE,FTE,819,511,381,9.0
153,Shaurya,Sharma,shaurya.sharma153@example.com,+91-9989328868,M,1983-02-19,2021-09-04,ACTIVE,FTE,197,918,862,98.0
154,Ishaan,Mukherjee,ishaan.mukherjee154@example.com,+91-9659568869,O,1981-12-10,2021-07-19,ACTIVE,FTE,756,35,204,25.0
155,Dhruv,Chauhan,dhruv.chauhan155@example.com,+91-9231148450,F,1991-06-25,2020-04-23,INACTIVE,FTE,746,44,763,134.0
156,Saanvi,Joshi,saanvi.joshi156@example.com,+91-9448443704,M,1985-05-03,2018-05-19,ACTIVE,FTE,683,224,997,112.0
157,Aryan,Pillai,aryan.pillai157@example.com,+91-9839170893,O,1983-10-16,2024-12-12,ACTIVE,FTE,10,993,44,122.0
158,Shaurya,Naidu,shaurya.naidu158@example.com,+91-9164183056,F,1971-02-03,2019-03-26,ACTIVE,FTE,634,347,954,16.0
159,Shaurya,Bhandari,shaurya.bhandari159@example.com,+91-9887255513,M,2001-07-02,2016-10-29,ACTIVE,FTE,572,808,661,113.0
160,Vihaan,Bhandari,vihaan.bhandari160@example.com,+91-9682756272,O,1990-09-16,2021-02-03,ACTIVE,FTE,41,497,724,76.0
161,Kiara,Singh,kiara.singh161@example.com,+91-9272167429,M,2003-07-26,2018-03-05,ACTIVE,FTE,480,282,889,142.0
162,Mira,Gupta,mira.gupta162@example.com,+91-9887759003,M,1995-08-01,2020-01-12,ACTIVE,FTE,465,1,795,98.0
163,Vihaan,Gowda,vihaan.gowda163@example.com,+91-9662715631,O,1989-10-11,2025-07-20,ACTIVE,FTE,675,991,552,49.0
164,Kiara,Mukherjee,kiara.mukherjee164@example.com,+91-9807478862,M,2002-07-12,2017-08-15,ACTIVE,FTE,657,330,114,
165,Vivaan,Saxena,vivaan.saxena165@example.com,+91-9789075603,F,1973-10-31,2018-01-15,INACTIVE,FTE,498,197,102,
166,Kiara,Verma,kiara.verma166@example.com,+91-9993436624,M,1982-06-02,2015-11-02,ACTIVE,FTE,73,14,953,126.0
167,Pari,Pillai,pari.pillai167@example.com,+91-9984379899,O,1969-02-17,2021-02-20,ACTIVE,CONTRACTOR,426,842,378,15.0
168,Yuvraj,Verma,yuvraj.verma168@example.com,+91-9878647434,M,1967-10-08,2016-03-13,LEAVE,FTE,222,984,532,
169,Zara,Chandra,zara.chandra169@example.com,+91-9545801065,O,1977-11-23,2018-04-15,ACTIVE,FTE,641,971,184,143.0
170,Krishna,Mukherjee,krishna.mukherjee170@example.com,+91-9690520920,F,2004-03-27,2021-02-02,ACTIVE,FTE,438,905,107,47.0
171,Aanya,Ghosh,aanya.ghosh171@example.com,+91-9499130788,F,1975-10-07,2024-01-31,INACTIVE,FTE,361,925,323,84.0
172,Navya,Saxena,navya.saxena172@example.com,+91-9486556226,F,1987-01-05,2025-05-08,ACTIVE,FTE,385,785,564,66.0
173,Sara,Chandra,sara.chandra173@example.com,+91-9338249032,M,1965-01-05,2015-08-04,INACTIVE,FTE,531,139,912,77.0
174,Anaya,Patel,anaya.patel174@example.com,+91-9481882460,M,1983-10-12,2024-06-02,ACTIVE,FTE,586,159,97,
175,Rohan,Kulkarni,rohan.kulkarni175@example.com,+91-9888412068,M,1989-12-24,2024-11-26,ACTIVE,FTE,308,95,585,56.0
176,Anaya,Pillai,anaya.pillai176@example.com,+91-9789615654,F,1997-11-02,2017-12-10,ACTIVE,CONTRACTOR,720,591,840,153.0
177,Vivaan,Das,vivaan.das177@example.com,+91-9547236783,M,2004-03-20,2021-06-28,ACTIVE,FTE,790,343,357,112.0
178,Kabir,Das,kabir.das178@example.com,+91-9849223390,M,1965-10-12,2021-07-04,ACTIVE,FTE,327,553,579,129.0
179,Shaurya,Sharma,shaurya.sharma179@example.com,+91-9258927104,M,1991-09-27,2022-07-31,ACTIVE,FTE,93,228,443,101.0
180,Ira,Iyer,ira.iyer180@example.com,+91-9239989275,M,1997-05-20,2024-09-20,ACTIVE,FTE,269,88,409,179.0
181,Saanvi,Yadav,saanvi.yadav181@example.com,+91-9176927143,F,1978-06-26,2023-04-20,ACTIVE,FTE,575,631,754,63.0
182,Navya,Ghosh,navya.ghosh182@example.com,+91-9803740977,M,2004-03-14,2016-07-10,ACTIVE,FTE,375,357,196,153.0
183,Om,Khan,om.khan183@example.com,+91-9978505410,M,1988-10-19,2025-06-26,LEAVE,FTE,639,150,452,
184,Mohammed,Pawar,mohammed.pawar184@example.com,+91-9258567048,F,1990-06-10,2017-08-27,ACTIVE,CONTRACTOR,116,758,56,159.0
185,Aarav,Ghosh,aarav.ghosh185@example.com,+91-9661852456,F,1972-07-28,2020-03-10,ACTIVE,FTE,215,758,551,140.0
186,Riya,Chauhan,riya.chauhan186@example.com,+91-9315495749,O,1974-08-15,2015-04-25,ACTIVE,CONTRACTOR,540,45,262,73.0
187,Meera,Kulkarni,meera.kulkarni187@example.com,+91-9486782357,M,1968-08-12,2022-11-29,ACTIVE,FTE,398,677,278,169.0
188,Vihaan,Mishra,vihaan.mishra188@example.com,+91-9670758903,M,1991-04-22,2018-12-07,INACTIVE,FTE,727,102,926,153.0
189,Reyansh,Singh,reyansh.singh189@example.com,+91-9626061386,F,1999-01-26,2022-10-16,ACTIVE,FTE,41,254,945,86.0
190,Aryan,Patel,aryan.patel190@example.com,+91-9376681108,F,1988-08-07,2020-12-26,ACTIVE,FTE,514,283,832,
191,Vihaan,Yadav,vihaan.yadav191@example.com,+91-9827991473,O,1984-01-26,2018-11-02,ACTIVE,CONTRACTOR,673,141,90,134.0
192,Kabir,Desai,kabir.desai192@example.com,+91-9322003929,O,1981-05-11,2024-09-29,ACTIVE,INTERN,932,620,338,34.0
193,Rohan,Rao,rohan.rao193@example.com,+91-9926834891,M,2001-11-03,2018-06-11,LEAVE,FTE,723,921,537,111.0
194,Aisha,Thakur,aisha.thakur194@example.com,+91-9880695706,M,1975-10-04,2020-05-26,ACTIVE,FTE,737,122,189,38.0
195,Anaya,Pandey,anaya.pandey195@example.com,+91-9263162642,M,1993-03-06,2021-12-30,ACTIVE,FTE,842,916,653,71.0
196,Krishna,Gupta,krishna.gupta196@example.com,+91-9349304100,M,1977-07-28,2015-06-12,ACTIVE,FTE,274,621,581,153.0
197,Vihaan,Naidu,vihaan.naidu197@example.com,+91-9627685695,F,1970-05-30,2023-02-09,ACTIVE,FTE,481,730,666,100.0
198,Rohan,Khan,rohan.khan198@example.com,+91-9897110135,O,1978-02-25,2018-11-07,ACTIVE,FTE,16,948,277,57.0
199,Mohammed,Mukherjee,mohammed.mukherjee199@example.com,+91-9591285126,M,1978-12-03,2016-02-15,ACTIVE,INTERN,450,888,632,84.0
200,Navya,Chandra,navya.chandra200@example.com,+91-9737594123,O,1967-11-06,2025-05-05,ACTIVE,FTE,321,404,627,147.0
201,Mira,Joshi,mira.joshi201@example.com,+91-9677532596,F,1967-08-16,2023-11-10,ACTIVE,FTE,899,44,899,133.0
202,Vivaan,Yadav,vivaan.yadav202@example.com,+91-9930729364,F,1991-05-13,2023-10-13,ACTIVE,INTERN,195,299,451,78.0
203,Pari,Khan,pari.khan203@example.com,+91-9585007134,M,1993-10-01,2020-01-04,ACTIVE,FTE,530,926,146,166.0
204,Aanya,Reddy,aanya.reddy204@example.com,+91-9292069408,F,1977-03-27,2024-12-16,INACTIVE,FTE,139,403,424,7.0
205,Aditi,Pandey,aditi.pandey205@example.com,+91-9887334437,M,1978-09-29,2022-09-26,ACTIVE,FTE,665,929,729,184.0
206,Sai,Reddy,sai.reddy206@example.com,+91-9506603082,O,1995-08-01,2021-03-05,ACTIVE,FTE,745,811,999,41.0
207,Myra,Sharma,myra.sharma207@example.com,+91-9864555170,M,1976-08-18,2020-09-13,ACTIVE,FTE,154,167,890,197.0
208,Anika,Mishra,anika.mishra208@example.com,+91-9921837488,F,1986-01-24,2022-08-04,ACTIVE,FTE,921,135,984,160.0
209,Aarav,Mehta,aarav.mehta209@example.com,+91-9610791858,F,1998-11-12,2023-06-26,ACTIVE,FTE,904,506,244,169.0
210,Anika,Mehta,anika.mehta210@example.com,+91-9152526165,M,1970-05-28,2025-03-24,ACTIVE,FTE,561,285,635,54.0
211,Shaurya,Sharma,shaurya.sharma211@example.com,+91-9152647028,M,1988-10-01,2015-08-17,ACTIVE,FTE,592,859,618,23.0
212,Anika,Khan,anika.khan212@example.com,+91-9904592121,O,1975-12-25,2019-11-03,ACTIVE,FTE,610,587,807,117.0
213,Aadhya,Thakur,aadhya.thakur213@example.com,+91-9558835473,O,1967-06-10,2016-08-01,ACTIVE,FTE,920,389,840,
214,Arjun,Mishra,arjun.mishra214@example.com,+91-9324466780,O,1997-01-15,2017-04-16,ACTIVE,CONTRACTOR,338,540,424,179.0
215,Aditya,Reddy,aditya.reddy215@example.com,+91-9408365022,F,2003-11-19,2023-12-31,INACTIVE,FTE,706,620,957,181.0
216,Ishita,Bose,ishita.bose216@example.com,+91-9658029852,O,1986-07-16,2019-06-02,ACTIVE,INTERN,363,950,133,128.0
217,Kiara,Chauhan,kiara.chauhan217@example.com,+91-9771583357,M,1977-03-30,2025-05-14,ACTIVE,FTE,199,2,122,
218,Dhruv,Pillai,dhruv.pillai218@example.com,+91-9316023047,O,1993-03-20,2022-01-16,ACTIVE,FTE,826,653,218,
219,Dev,Kulkarni,dev.kulkarni219@example.com,+91-9525254727,O,1969-08-14,2020-03-27,ACTIVE,FTE,786,7,117,88.0
220,Aisha,Gowda,aisha.gowda220@example.com,+91-9138180381,O,1966-12-25,2017-12-27,ACTIVE,FTE,945,689,491,205.0
221,Rohan,Chauhan,rohan.chauhan221@example.com,+91-9160153467,O,1975-07-30,2022-11-02,INACTIVE,FTE,344,474,803,191.0
222,Om,Rao,om.rao222@example.com,+91-9479670326,M,1986-06-21,2024-06-11,ACTIVE,FTE,702,340,819,204.0
223,Shaurya,Kulkarni,shaurya.kulkarni223@example.com,+91-9739082402,M,1967-02-14,2020-10-08,INACTIVE,FTE,863,170,585,48.0
224,Om,Bhandari,om.bhandari224@example.com,+91-9332078427,O,1986-05-27,2015-07-16,ACTIVE,FTE,899,244,381,78.0
225,Om,Khan,om.khan225@example.com,+91-9618255654,O,1972-08-21,2021-05-14,ACTIVE,FTE,936,95,455,205.0
226,Shaurya,Singh,shaurya.singh226@example.com,+91-9982764505,O,1988-02-23,2023-03-24,ACTIVE,FTE,795,336,147,26.0
227,Rohan,Singh,rohan.singh227@example.com,+91-9738111425,M,1967-06-28,2022-10-25,ACTIVE,CONTRACTOR,119,5,319,176.0
228,Ira,Mehta,ira.mehta228@example.com,+91-9325320091,F,1968-02-21,2016-10-02,ACTIVE,FTE,320,24,592,164.0
229,Mohammed,Singh,mohammed.singh229@example.com,+91-9222900917,M,1984-07-02,2019-09-16,ACTIVE,FTE,688,121,280,71.0
230,Meera,Yadav,meera.yadav230@example.com,+91-9404156374,O,1999-12-26,2016-09-28,ACTIVE,FTE,327,278,145,206.0
231,Ritvik,Khan,ritvik.khan231@example.com,+91-9825308245,M,1969-11-06,2020-04-18,ACTIVE,FTE,455,52,134,
232,Krishna,Chandra,krishna.chandra232@example.com,+91-9850937987,F,1968-08-30,2016-06-19,ACTIVE,FTE,611,913,607,177.0
233,Meera,Naidu,meera.naidu233@example.com,+91-9911472797,F,1986-04-06,2020-08-27,ACTIVE,FTE,687,829,547,
234,Aisha,Gupta,aisha.gupta234@example.com,+91-9340297471,M,1971-04-29,2022-12-19,ACTIVE,FTE,660,728,785,60.0
235,Meera,Kulkarni,meera.kulkarni235@example.com,+91-9623456368,M,1989-09-25,2021-09-02,ACTIVE,CONTRACTOR,339,808,882,117.0
236,Arjun,Chauhan,arjun.chauhan236@example.com,+91-9645406800,M,1972-09-06,2020-12-23,ACTIVE,FTE,290,787,357,33.0
237,Aarohi,Saxena,aarohi.saxena237@example.com,+91-9356168265,O,1972-04-13,2020-07-17,ACTIVE,FTE,310,546,473,106.0
238,Ritvik,Yadav,ritvik.yadav238@example.com,+91-9709038381,F,1975-10-28,2023-03-17,ACTIVE,FTE,834,711,606,112.0
239,Zara,Bhandari,zara.bhandari239@example.com,+91-9735830320,O,1981-01-26,2017-12-11,ACTIVE,FTE,954,729,588,30.0
240,Pari,Ghosh,pari.ghosh240@example.com,+91-9974097480,O,2002-10-10,2016-08-29,LEAVE,FTE,979,416,72,176.0
241,Myra,Ghosh,myra.ghosh241@example.com,+91-9100197929,M,1998-08-21,2016-01-18,ACTIVE,FTE,909,595,925,208.0
242,Shaurya,Mehta,shaurya.mehta242@example.com,+91-9712329631,O,2001-02-25,2019-12-17,ACTIVE,FTE,201,211,698,77.0
243,Om,Thakur,om.thakur243@example.com,+91-9415878379,M,1994-08-02,2020-11-09,INACTIVE,FTE,627,523,414,219.0
244,Aadhya,Pandey,aadhya.pandey244@example.com,+91-9352588284,F,2002-05-09,2015-11-27,ACTIVE,FTE,368,113,882,8.0
245,Aditi,Chandra,aditi.chandra245@example.com,+91-9696379379,F,1986-08-26,2021-07-06,ACTIVE,FTE,217,679,178,49.0
246,Aadhya,Saxena,aadhya.saxena246@example.com,+91-9116866122,M,1993-05-24,2017-08-16,ACTIVE,CONTRACTOR,129,138,12,
247,Kiara,Pawar,kiara.pawar247@example.com,+91-9749001242,F,1994-09-21,2017-04-23,ACTIVE,FTE,426,881,467,179.0
248,Meera,Khan,meera.khan248@example.com,+91-9107977894,O,1995-12-04,2023-09-01,ACTIVE,FTE,394,364,232,155.0
249,Kiara,Bose,kiara.bose249@example.com,+91-9618905205,O,1981-02-10,2023-07-15,ACTIVE,CONTRACTOR,591,376,35,146.0
250,Aadhya,Reddy,aadhya.reddy250@example.com,+91-9936305099,F,2004-06-27,2023-03-12,INACTIVE,FTE,748,749,540,193.0
251,Pari,Verma,pari.verma251@example.com,+91-9183839817,O,1970-04-29,2023-11-27,INACTIVE,FTE,484,646,760,172.0
252,Zara,Pillai,zara.pillai252@example.com,+91-9603834447,O,2004-06-11,2020-04-25,ACTIVE,CONTRACTOR,548,798,12,132.0
253,Ira,Desai,ira.desai253@example.com,+91-9705275005,F,1989-01-06,2020-01-05,ACTIVE,FTE,946,612,768,201.0
254,Aditya,Joshi,aditya.joshi254@example.com,+91-9620507291,M,1997-03-14,2024-11-01,ACTIVE,FTE,299,829,756,74.0
255,Rohan,Verma,rohan.verma255@example.com,+91-9219775258,O,1970-03-26,2019-09-23,ACTIVE,FTE,282,879,264,
256,Reyansh,Thakur,reyansh.thakur256@example.com,+91-9666279467,M,1975-04-15,2022-08-07,ACTIVE,FTE,802,718,242,205.0
257,Ira,Iyer,ira.iyer257@example.com,+91-9809386103,F,1974-11-15,2025-02-17,INACTIVE,FTE,508,771,423,122.0
258,Aryan,Singh,aryan.singh258@example.com,+91-9611350152,F,2004-04-26,2020-11-14,ACTIVE,FTE,840,119,54,205.0
259,Saanvi,Das,saanvi.das259@example.com,+91-9112737840,F,2001-03-28,2018-12-22,ACTIVE,FTE,486,269,149,223.0
260,Sara,Chandra,sara.chandra260@example.com,+91-9755503884,O,1986-06-26,2024-01-08,ACTIVE,FTE,940,545,653,222.0
261,Yuvraj,Ghosh,yuvraj.ghosh261@example.com,+91-9888463067,O,1983-05-25,2019-07-18,ACTIVE,FTE,599,401,473,124.0
262,Aditi,Mukherjee,aditi.mukherjee262@example.com,+91-9109101213,M,1978-04-07,2023-11-05,ACTIVE,FTE,185,321,561,
263,Aarav,Desai,aarav.desai263@example.com,+91-9125448191,O,1971-08-26,2023-12-08,ACTIVE,FTE,225,743,291,18.0
264,Sai,Sharma,sai.sharma264@example.com,+91-9804798365,O,1979-10-04,2025-03-13,ACTIVE,FTE,123,89,877,193.0
265,Aisha,Pillai,aisha.pillai265@example.com,+91-9586881528,F,1977-07-29,2016-11-19,ACTIVE,FTE,479,677,959,
266,Navya,Bhandari,navya.bhandari266@example.com,+91-9377281586,F,1987-01-04,2019-05-19,ACTIVE,FTE,796,64,392,31.0
267,Reyansh,Mehta,reyansh.mehta267@example.com,+91-9680499353,F,1969-09-21,2023-05-14,INACTIVE,FTE,403,183,661,74.0
268,Dhruv,Gowda,dhruv.gowda268@example.com,+91-9120148538,F,1972-03-25,2022-07-06,ACTIVE,FTE,75,73,586,229.0
269,Shaurya,Joshi,shaurya.joshi269@example.com,+91-9653388287,O,1965-01-22,2015-08-24,ACTIVE,FTE,717,338,927,2.0
270,Kiara,Chauhan,kiara.chauhan270@example.com,+91-9840088692,F,1994-09-04,2021-11-14,LEAVE,FTE,805,72,554,197.0
271,Ishaan,Rao,ishaan.rao271@example.com,+91-9674050611,F,2001-06-06,2021-02-08,ACTIVE,FTE,57,648,982,188.0
272,Sai,Saxena,sai.saxena272@example.com,+91-9847197907,F,1996-04-12,2019-12-07,ACTIVE,FTE,41,991,394,154.0
273,Krishna,Joshi,krishna.joshi273@example.com,+91-9127235036,O,1989-06-13,2023-04-12,ACTIVE,FTE,753,195,144,
274,Aditi,Jadhav,aditi.jadhav274@example.com,+91-9117629000,M,1998-04-17,2021-08-12,ACTIVE,FTE,316,512,547,231.0
275,Ira,Sharma,ira.sharma275@example.com,+91-9895697985,O,1987-12-26,2015-09-24,ACTIVE,FTE,670,684,536,77.0
276,Kabir,Thakur,kabir.thakur276@example.com,+91-9360578402,O,1969-11-26,2015-08-18,ACTIVE,FTE,20,483,929,24.0
277,Rohan,Patel,rohan.patel277@example.com,+91-9978106253,M,1976-09-21,2015-11-07,INACTIVE,FTE,100,468,626,33.0
278,Ishaan,Chauhan,ishaan.chauhan278@example.com,+91-9229710628,O,1980-01-05,2016-01-28,ACTIVE,FTE,831,856,756,167.0
279,Aisha,Yadav,aisha.yadav279@example.com,+91-9229649486,F,1974-05-07,2020-06-21,LEAVE,FTE,783,47,608,33.0
280,Shaurya,Mukherjee,shaurya.mukherjee280@example.com,+91-9207339659,O,1993-04-02,2017-11-10,ACTIVE,FTE,450,250,948,69.0
281,Meera,Chandra,meera.chandra281@example.com,+91-9799817448,O,1975-09-26,2015-04-08,INACTIVE,FTE,8,184,949,
282,Dev,Desai,dev.desai282@example.com,+91-9755560172,O,1997-05-24,2017-02-27,ACTIVE,FTE,536,462,422,90.0
283,Vivaan,Gowda,vivaan.gowda283@example.com,+91-9698836985,M,1977-04-01,2023-07-04,ACTIVE,FTE,847,802,309,3.0
284,Mohammed,Reddy,mohammed.reddy284@example.com,+91-9396810789,M,2001-01-30,2016-08-17,ACTIVE,CONTRACTOR,553,520,225,107.0
285,Mohammed,Reddy,mohammed.reddy285@example.com,+91-9325045286,F,1975-02-26,2023-01-26,ACTIVE,FTE,945,45,56,146.0
286,Samar,Ghosh,samar.ghosh286@example.com,+91-9652873657,M,1995-11-03,2015-09-27,ACTIVE,FTE,551,181,162,249.0
287,Arjun,Pandey,arjun.pandey287@example.com,+91-9936418338,M,1981-01-05,2022-07-27,ACTIVE,FTE,204,766,694,118.0
288,Anaya,Jadhav,anaya.jadhav288@example.com,+91-9728238027,F,1971-09-04,2019-01-13,ACTIVE,CONTRACTOR,385,913,226,
289,Aditya,Pandey,aditya.pandey289@example.com,+91-9778627510,F,1994-08-30,2017-06-19,ACTIVE,FTE,183,397,383,100.0
290,Yuvraj,Singh,yuvraj.singh290@example.com,+91-9549064417,M,1987-11-10,2017-03-01,ACTIVE,FTE,288,140,114,235.0
291,Ira,Jadhav,ira.jadhav291@example.com,+91-9346640965,M,1985-02-01,2025-04-08,ACTIVE,FTE,976,627,928,284.0
292,Anika,Bose,anika.bose292@example.com,+91-9890466024,M,2000-07-04,2023-04-28,LEAVE,FTE,485,858,474,220.0
293,Ritvik,Ghosh,ritvik.ghosh293@example.com,+91-9548579110,M,1994-07-21,2024-11-09,ACTIVE,CONTRACTOR,969,153,936,3.0
294,Vivaan,Chauhan,vivaan.chauhan294@example.com,+91-9631808267,M,1999-04-25,2015-07-28,ACTIVE,FTE,830,818,714,232.0
295,Sai,Yadav,sai.yadav295@example.com,+91-9615163018,O,1965-11-05,2021-12-01,INACTIVE,FTE,303,245,664,9.0
296,Om,Khan,om.khan296@example.com,+91-9298583968,F,1996-04-03,2024-09-14,ACTIVE,FTE,466,475,791,208.0
297,Pari,Bhandari,pari.bhandari297@example.com,+91-9849530830,O,1965-02-03,2016-03-15,ACTIVE,FTE,544,34,304,139.0
298,Zara,Rao,zara.rao298@example.com,+91-9155364901,M,1979-02-05,2016-05-18,ACTIVE,FTE,955,57,528,187.0
299,Myra,Naidu,myra.naidu299@example.com,+91-9861644944,M,1996-09-01,2025-07-14,ACTIVE,FTE,664,573,722,
300,Rohan,Ghosh,rohan.ghosh300@example.com,+91-9908713884,O,1981-03-29,2024-03-07,ACTIVE,FTE,962,771,595,108.0
301,Kabir,Ghosh,kabir.ghosh301@example.com,+91-9638427940,O,1989-01-01,2019-07-20,ACTIVE,FTE,56,65,382,249.0
302,Ishaan,Chauhan,ishaan.chauhan302@example.com,+91-9302243117,F,2001-03-13,2024-01-25,INACTIVE,FTE,377,820,690,34.0
303,Sai,Iyer,sai.iyer303@example.com,+91-9632928920,M,1991-08-03,2018-01-16,ACTIVE,INTERN,112,169,283,76.0
304,Dhruv,Verma,dhruv.verma304@example.com,+91-9892109271,O,1966-07-18,2019-12-27,ACTIVE,FTE,955,136,486,228.0
305,Vihaan,Mishra,vihaan.mishra305@example.com,+91-9721379342,F,1977-11-13,2016-01-27,ACTIVE,FTE,855,971,533,211.0
306,Anaya,Chauhan,anaya.chauhan306@example.com,+91-9343505251,F,2001-01-29,2024-05-01,ACTIVE,FTE,136,920,809,134.0
307,Aadhya,Mishra,aadhya.mishra307@example.com,+91-9406281188,M,1968-03-22,2017-07-10,ACTIVE,FTE,171,634,947,275.0
308,Reyansh,Saxena,reyansh.saxena308@example.com,+91-9298101702,M,1975-06-12,2017-09-29,ACTIVE,FTE,325,589,130,190.0
309,Riya,Bhandari,riya.bhandari309@example.com,+91-9230448918,M,1967-05-13,2020-05-23,INACTIVE,FTE,460,553,999,155.0
310,Aarohi,Thakur,aarohi.thakur310@example.com,+91-9455709881,O,1998-12-27,2017-06-22,INACTIVE,CONTRACTOR,160,5,994,260.0
311,Dev,Chauhan,dev.chauhan311@example.com,+91-9885593029,F,1984-09-21,2024-10-05,ACTIVE,FTE,747,929,945,58.0
312,Vivaan,Gupta,vivaan.gupta312@example.com,+91-9159091919,O,2002-06-30,2016-12-27,ACTIVE,FTE,862,226,457,168.0
313,Mohammed,Rao,mohammed.rao313@example.com,+91-9826991279,O,2000-10-28,2018-10-12,ACTIVE,FTE,201,24,86,229.0
314,Sai,Verma,sai.verma314@example.com,+91-9526874654,M,1991-11-04,2018-04-23,ACTIVE,FTE,524,967,58,185.0
315,Navya,Naidu,navya.naidu315@example.com,+91-9881526591,F,1991-04-11,2021-05-05,ACTIVE,FTE,316,457,896,111.0
316,Anika,Pillai,anika.pillai316@example.com,+91-9997123679,O,1995-02-11,2019-11-29,ACTIVE,FTE,920,435,747,72.0
317,Ishita,Iyer,ishita.iyer317@example.com,+91-9911871283,F,1974-10-11,2018-07-15,ACTIVE,INTERN,538,344,68,303.0
318,Sai,Patel,sai.patel318@example.com,+91-9299722870,F,1992-11-12,2019-08-26,ACTIVE,FTE,728,582,774,103.0
319,Dev,Yadav,dev.yadav319@example.com,+91-9341076755,M,1998-05-21,2015-09-20,LEAVE,FTE,600,312,506,238.0
320,Aarav,Gupta,aarav.gupta320@example.com,+91-9547918677,M,1982-11-16,2020-02-09,INACTIVE,FTE,484,128,670,148.0
321,Kiara,Thakur,kiara.thakur321@example.com,+91-9615917815,O,1981-08-28,2015-06-26,ACTIVE,FTE,994,69,614,298.0
322,Navya,Bose,navya.bose322@example.com,+91-9274855885,O,1982-07-21,2023-02-06,INACTIVE,FTE,383,525,751,133.0
323,Aditya,Gupta,aditya.gupta323@example.com,+91-9152307230,F,1986-10-03,2022-11-04,INACTIVE,FTE,168,55,280,183.0
324,Dev,Verma,dev.verma324@example.com,+91-9446396476,F,1970-03-25,2023-09-29,ACTIVE,FTE,784,97,614,279.0
325,Om,Kulkarni,om.kulkarni325@example.com,+91-9936238554,F,1989-09-02,2016-08-18,ACTIVE,FTE,148,14,141,191.0
326,Anika,Ghosh,anika.ghosh326@example.com,+91-9840509085,O,1976-02-05,2016-09-28,ACTIVE,FTE,852,193,815,315.0
327,Zara,Bhandari,zara.bhandari327@example.com,+91-9473887547,F,2002-07-03,2016-12-09,ACTIVE,CONTRACTOR,120,839,135,246.0
328,Aadhya,Gupta,aadhya.gupta328@example.com,+91-9974642290,M,1995-01-28,2025-03-02,ACTIVE,INTERN,177,727,312,
329,Kabir,Gupta,kabir.gupta329@example.com,+91-9183467647,M,1974-09-09,2018-11-08,ACTIVE,FTE,81,436,708,58.0
330,Saanvi,Mukherjee,saanvi.mukherjee330@example.com,+91-9227691754,F,1994-05-07,2015-09-22,ACTIVE,FTE,676,526,608,
331,Vivaan,Iyer,vivaan.iyer331@example.com,+91-9298407974,O,1985-07-12,2015-03-05,ACTIVE,FTE,943,617,211,103.0
332,Diya,Patel,diya.patel332@example.com,+91-9938379910,O,1971-03-07,2017-06-23,LEAVE,CONTRACTOR,972,594,357,257.0
333,Meera,Jadhav,meera.jadhav333@example.com,+91-9402641424,M,1999-05-12,2024-09-13,ACTIVE,FTE,782,15,542,99.0
334,Zara,Patel,zara.patel334@example.com,+91-9823192710,M,1971-09-19,2018-08-22,INACTIVE,CONTRACTOR,487,376,715,226.0
335,Reyansh,Saxena,reyansh.saxena335@example.com,+91-9600258136,M,1989-02-23,2021-06-16,ACTIVE,FTE,418,116,780,64.0
336,Mira,Gupta,mira.gupta336@example.com,+91-9404525471,F,1998-09-28,2021-02-22,ACTIVE,FTE,42,85,336,198.0
337,Ishita,Das,ishita.das337@example.com,+91-9829211472,F,1986-03-26,2022-07-21,ACTIVE,FTE,876,439,194,244.0
338,Reyansh,Patel,reyansh.patel338@example.com,+91-9846290420,O,1998-06-16,2016-10-15,ACTIVE,FTE,693,88,123,206.0
339,Krishna,Das,krishna.das339@example.com,+91-9350041868,F,1976-06-25,2016-02-07,ACTIVE,FTE,206,610,865,63.0
340,Kiara,Kulkarni,kiara.kulkarni340@example.com,+91-9534268004,F,2004-08-07,2025-02-05,ACTIVE,FTE,660,966,410,309.0
341,Aanya,Kulkarni,aanya.kulkarni341@example.com,+91-9206948323,O,1975-01-12,2022-09-26,ACTIVE,FTE,510,237,644,16.0
342,Aditya,Saxena,aditya.saxena342@example.com,+91-9767831721,O,1969-08-23,2023-06-23,ACTIVE,INTERN,392,620,696,156.0
343,Krishna,Mukherjee,krishna.mukherjee343@example.com,+91-9380960951,O,1970-03-17,2023-11-05,ACTIVE,FTE,207,301,678,259.0
344,Ira,Pillai,ira.pillai344@example.com,+91-9437755361,F,2001-10-13,2024-04-19,ACTIVE,FTE,441,902,937,231.0
345,Sara,Mehta,sara.mehta345@example.com,+91-9562440328,M,1967-06-14,2015-07-24,ACTIVE,FTE,799,311,906,252.0
346,Om,Bhandari,om.bhandari346@example.com,+91-9604463645,F,1991-06-24,2023-04-17,ACTIVE,FTE,503,676,568,293.0
347,Riya,Bose,riya.bose347@example.com,+91-9922991714,F,1975-08-22,2023-08-15,ACTIVE,FTE,606,995,387,181.0
348,Anaya,Sharma,anaya.sharma348@example.com,+91-9466421402,F,1966-12-01,2025-01-17,ACTIVE,FTE,358,829,760,321.0
349,Krishna,Desai,krishna.desai349@example.com,+91-9191205492,O,1988-06-27,2021-01-29,ACTIVE,FTE,251,254,241,304.0
350,Arjun,Bose,arjun.bose350@example.com,+91-9709938401,O,1985-10-01,2016-12-12,ACTIVE,FTE,334,39,472,217.0
351,Anika,Kulkarni,anika.kulkarni351@example.com,+91-9967934041,F,1966-05-23,2022-12-28,ACTIVE,INTERN,387,585,400,51.0
352,Krishna,Bhandari,krishna.bhandari352@example.com,+91-9568141917,M,1979-01-05,2020-09-18,ACTIVE,FTE,684,348,171,187.0
353,Kiara,Joshi,kiara.joshi353@example.com,+91-9897669938,M,1970-02-16,2024-02-12,ACTIVE,FTE,305,588,412,320.0
354,Aditi,Reddy,aditi.reddy354@example.com,+91-9799582326,F,1987-12-04,2019-08-26,ACTIVE,FTE,487,438,215,40.0
355,Aanya,Pillai,aanya.pillai355@example.com,+91-9821082322,O,1985-05-30,2022-05-14,ACTIVE,FTE,425,412,258,233.0
356,Reyansh,Pandey,reyansh.pandey356@example.com,+91-9387694035,O,1966-04-08,2023-10-13,LEAVE,FTE,219,677,986,240.0
357,Zara,Pillai,zara.pillai357@example.com,+91-9901476885,O,1994-07-08,2024-08-18,ACTIVE,FTE,206,374,474,78.0
358,Om,Bose,om.bose358@example.com,+91-9984452639,F,1994-08-18,2021-12-24,ACTIVE,FTE,66,650,209,137.0
359,Aryan,Kulkarni,aryan.kulkarni359@example.com,+91-9621175333,O,1981-01-26,2021-11-26,ACTIVE,FTE,29,252,817,238.0
360,Navya,Desai,navya.desai360@example.com,+91-9288962695,O,1967-07-09,2018-06-09,ACTIVE,FTE,265,809,823,282.0
361,Vivaan,Das,vivaan.das361@example.com,+91-9490234548,O,1998-01-23,2015-05-04,ACTIVE,CONTRACTOR,322,617,306,209.0
362,Sai,Chandra,sai.chandra362@example.com,+91-9932274313,O,1974-07-26,2019-01-06,ACTIVE,FTE,956,124,535,298.0
363,Samar,Chauhan,samar.chauhan363@example.com,+91-9965265838,O,1971-02-22,2019-01-19,ACTIVE,FTE,321,338,853,200.0
364,Ritvik,Thakur,ritvik.thakur364@example.com,+91-9160049440,F,1993-10-11,2018-09-16,ACTIVE,FTE,994,282,451,302.0
365,Zara,Naidu,zara.naidu365@example.com,+91-9489766149,F,1972-09-08,2020-05-20,ACTIVE,FTE,253,987,285,75.0
366,Aadhya,Saxena,aadhya.saxena366@example.com,+91-9841614639,O,1985-12-21,2015-05-11,ACTIVE,CONTRACTOR,36,862,758,28.0
367,Ritvik,Kulkarni,ritvik.kulkarni367@example.com,+91-9353813127,F,2002-08-13,2021-07-18,ACTIVE,INTERN,372,925,832,274.0
368,Myra,Patel,myra.patel368@example.com,+91-9571207136,O,1991-09-29,2019-05-07,ACTIVE,CONTRACTOR,775,242,305,83.0
369,Anaya,Pandey,anaya.pandey369@example.com,+91-9457257753,O,1992-08-25,2015-07-30,ACTIVE,FTE,799,964,504,212.0
370,Navya,Pandey,navya.pandey370@example.com,+91-9892191168,F,1971-11-01,2017-09-23,ACTIVE,FTE,361,431,617,281.0
371,Pari,Bhandari,pari.bhandari371@example.com,+91-9314829236,O,1966-11-11,2015-11-20,ACTIVE,FTE,455,811,657,206.0
372,Om,Ghosh,om.ghosh372@example.com,+91-9737819952,O,2004-03-08,2016-05-25,ACTIVE,FTE,731,993,787,67.0
373,Anika,Pillai,anika.pillai373@example.com,+91-9958487371,F,1986-09-26,2022-09-06,ACTIVE,FTE,267,178,704,168.0
374,Mohammed,Iyer,mohammed.iyer374@example.com,+91-9124663947,O,1993-03-17,2021-04-03,ACTIVE,CONTRACTOR,968,855,906,11.0
375,Meera,Joshi,meera.joshi375@example.com,+91-9763576795,F,1980-07-25,2016-07-06,INACTIVE,FTE,719,873,173,
376,Ishita,Kulkarni,ishita.kulkarni376@example.com,+91-9930388241,F,1975-02-27,2016-07-07,INACTIVE,FTE,581,121,15,223.0
377,Kiara,Reddy,kiara.reddy377@example.com,+91-9239800466,F,1980-04-11,2018-06-16,ACTIVE,CONTRACTOR,801,273,295,196.0
378,Dhruv,Gowda,dhruv.gowda378@example.com,+91-9381105036,M,1979-09-02,2019-10-25,ACTIVE,FTE,185,419,812,149.0
379,Meera,Mehta,meera.mehta379@example.com,+91-9844128379,F,1981-11-24,2021-04-15,ACTIVE,FTE,88,11,481,166.0
380,Dhruv,Bhandari,dhruv.bhandari380@example.com,+91-9352159078,F,1991-02-05,2022-03-15,ACTIVE,FTE,98,571,61,
381,Diya,Gowda,diya.gowda381@example.com,+91-9144157616,O,1968-02-06,2015-02-03,ACTIVE,FTE,310,405,688,287.0
382,Reyansh,Kulkarni,reyansh.kulkarni382@example.com,+91-9564854683,M,1976-07-24,2023-07-28,ACTIVE,FTE,480,136,92,272.0
383,Samar,Reddy,samar.reddy383@example.com,+91-9403788949,F,1986-04-27,2015-10-02,INACTIVE,FTE,997,855,288,221.0
384,Meera,Saxena,meera.saxena384@example.com,+91-9696651173,O,1982-12-13,2023-10-18,ACTIVE,CONTRACTOR,324,755,504,78.0
385,Sara,Sharma,sara.sharma385@example.com,+91-9224579869,F,1977-11-09,2017-07-12,ACTIVE,FTE,482,267,168,224.0
386,Vivaan,Mehta,vivaan.mehta386@example.com,+91-9200478487,M,1989-04-06,2024-07-17,ACTIVE,FTE,867,738,888,179.0
387,Dev,Khan,dev.khan387@example.com,+91-9664804742,O,1976-06-14,2023-08-28,LEAVE,FTE,680,600,218,3.0
388,Reyansh,Desai,reyansh.desai388@example.com,+91-9230986778,F,1970-03-25,2019-03-10,ACTIVE,FTE,909,337,27,349.0
389,Aadhya,Rao,aadhya.rao389@example.com,+91-9389178469,O,1972-03-21,2020-07-03,ACTIVE,FTE,851,725,676,322.0
390,Aarav,Ghosh,aarav.ghosh390@example.com,+91-9238856506,M,1967-12-26,2025-08-03,INACTIVE,FTE,750,752,929,292.0
391,Aditya,Pillai,aditya.pillai391@example.com,+91-9373980159,M,1984-04-03,2020-07-01,ACTIVE,FTE,561,975,617,205.0
392,Ritvik,Mukherjee,ritvik.mukherjee392@example.com,+91-9802296197,M,1992-02-24,2016-07-08,ACTIVE,FTE,398,799,413,386.0
393,Ishaan,Mishra,ishaan.mishra393@example.com,+91-9203198935,F,1998-05-28,2022-05-10,ACTIVE,CONTRACTOR,926,702,618,341.0
394,Aanya,Singh,aanya.singh394@example.com,+91-9553694944,F,1998-04-27,2022-07-30,INACTIVE,FTE,577,615,434,
395,Meera,Khan,meera.khan395@example.com,+91-9866260270,M,1994-07-17,2022-04-01,ACTIVE,FTE,997,475,693,352.0
396,Kiara,Verma,kiara.verma396@example.com,+91-9834776489,F,2000-09-14,2016-06-05,ACTIVE,FTE,929,821,490,66.0
397,Ritvik,Verma,ritvik.verma397@example.com,+91-9543476209,M,1994-02-09,2020-01-11,ACTIVE,FTE,940,47,526,218.0
398,Pari,Pawar,pari.pawar398@example.com,+91-9597012485,M,2003-09-08,2019-04-24,ACTIVE,FTE,788,516,17,339.0
399,Reyansh,Saxena,reyansh.saxena399@example.com,+91-9819686053,F,1991-09-29,2015-10-09,ACTIVE,CONTRACTOR,305,322,602,388.0
400,Meera,Pillai,meera.pillai400@example.com,+91-9748596832,F,1983-01-15,2020-10-21,INACTIVE,CONTRACTOR,192,217,190,
401,Krishna,Desai,krishna.desai401@example.com,+91-9806218351,O,2001-05-13,2015-04-22,ACTIVE,FTE,176,672,489,208.0
402,Ishita,Das,ishita.das402@example.com,+91-9524125052,F,1998-02-14,2020-02-25,ACTIVE,INTERN,370,708,690,346.0
403,Sai,Gupta,sai.gupta403@example.com,+91-9616595652,O,1974-03-13,2015-03-28,ACTIVE,FTE,713,994,193,108.0
404,Shaurya,Joshi,shaurya.joshi404@example.com,+91-9259091651,F,1981-06-15,2022-05-31,LEAVE,CONTRACTOR,552,196,89,238.0
405,Navya,Patel,navya.patel405@example.com,+91-9728381921,M,1972-12-04,2017-10-29,INACTIVE,FTE,456,987,497,231.0
406,Mohammed,Mishra,mohammed.mishra406@example.com,+91-9632257271,O,2003-10-02,2021-08-31,ACTIVE,FTE,646,868,731,213.0
407,Aditi,Gowda,aditi.gowda407@example.com,+91-9976913390,F,2002-09-21,2019-12-12,ACTIVE,FTE,526,606,743,348.0
408,Kabir,Bhandari,kabir.bhandari408@example.com,+91-9608242781,M,1969-02-17,2023-12-27,ACTIVE,FTE,567,66,275,214.0
409,Kiara,Gowda,kiara.gowda409@example.com,+91-9349218819,O,1988-08-06,2022-08-17,ACTIVE,FTE,295,744,197,225.0
410,Kabir,Rao,kabir.rao410@example.com,+91-9519157914,F,1988-01-30,2025-03-30,LEAVE,FTE,480,135,905,365.0
411,Aadhya,Pillai,aadhya.pillai411@example.com,+91-9314194552,M,1997-02-21,2017-10-03,ACTIVE,FTE,768,89,684,89.0
412,Ishita,Chauhan,ishita.chauhan412@example.com,+91-9119467577,F,1971-11-13,2022-01-28,INACTIVE,FTE,241,215,571,
413,Samar,Naidu,samar.naidu413@example.com,+91-9763103142,M,1975-10-18,2017-12-21,LEAVE,CONTRACTOR,33,827,66,59.0
414,Ishaan,Yadav,ishaan.yadav414@example.com,+91-9387216523,M,1980-04-01,2023-04-11,ACTIVE,FTE,364,788,48,286.0
415,Aanya,Gowda,aanya.gowda415@example.com,+91-9939292867,O,1972-02-02,2015-11-10,INACTIVE,FTE,469,986,862,55.0
416,Meera,Pillai,meera.pillai416@example.com,+91-9268612410,O,1971-12-07,2024-07-27,ACTIVE,FTE,646,121,892,186.0
417,Dev,Bhandari,dev.bhandari417@example.com,+91-9232052491,M,1995-01-17,2023-08-10,ACTIVE,CONTRACTOR,158,663,373,71.0
418,Sara,Desai,sara.desai418@example.com,+91-9499900489,O,1965-06-13,2019-03-05,LEAVE,FTE,294,518,176,
419,Anika,Naidu,anika.naidu419@example.com,+91-9539492534,F,1981-09-14,2017-07-31,ACTIVE,FTE,807,234,142,212.0
420,Mira,Pillai,mira.pillai420@example.com,+91-9463250759,F,1989-08-14,2015-07-04,ACTIVE,FTE,735,826,530,44.0
421,Aarohi,Mukherjee,aarohi.mukherjee421@example.com,+91-9162072829,O,1976-03-08,2022-05-21,ACTIVE,FTE,677,945,657,295.0
422,Mira,Mishra,mira.mishra422@example.com,+91-9108484954,F,1993-07-14,2021-11-02,INACTIVE,FTE,895,312,739,177.0
423,Mira,Gowda,mira.gowda423@example.com,+91-9848903745,F,1974-12-30,2021-11-14,ACTIVE,FTE,558,640,808,227.0
424,Aarohi,Mukherjee,aarohi.mukherjee424@example.com,+91-9658850084,O,1978-06-05,2020-02-17,ACTIVE,FTE,400,743,737,65.0
425,Dev,Singh,dev.singh425@example.com,+91-9955341340,O,1971-04-27,2023-09-15,ACTIVE,FTE,776,651,164,
426,Aditi,Kulkarni,aditi.kulkarni426@example.com,+91-9773224887,O,1981-06-04,2020-03-03,ACTIVE,INTERN,114,750,62,133.0
427,Diya,Reddy,diya.reddy427@example.com,+91-9900751626,O,1968-04-01,2017-02-14,ACTIVE,FTE,6,465,348,413.0
428,Aisha,Bhandari,aisha.bhandari428@example.com,+91-9250293240,O,2001-04-16,2025-02-17,ACTIVE,FTE,683,804,835,345.0
429,Myra,Verma,myra.verma429@example.com,+91-9864118082,F,1981-11-07,2016-10-15,ACTIVE,FTE,843,798,370,76.0
430,Anika,Iyer,anika.iyer430@example.com,+91-9532453497,O,1971-04-12,2016-01-22,ACTIVE,FTE,220,457,80,270.0
431,Riya,Verma,riya.verma431@example.com,+91-9547666960,M,1991-11-13,2019-06-27,ACTIVE,FTE,451,706,954,375.0
432,Shaurya,Verma,shaurya.verma432@example.com,+91-9328323191,F,1973-08-26,2023-04-01,ACTIVE,FTE,722,526,884,356.0
433,Saanvi,Sharma,saanvi.sharma433@example.com,+91-9713927729,F,1975-09-04,2024-07-05,ACTIVE,INTERN,617,873,419,190.0
434,Vivaan,Verma,vivaan.verma434@example.com,+91-9253404845,M,1975-06-08,2017-01-01,ACTIVE,INTERN,311,302,498,
435,Aditi,Desai,aditi.desai435@example.com,+91-9687913699,F,1968-04-24,2020-03-11,INACTIVE,FTE,839,758,501,
436,Arjun,Bose,arjun.bose436@example.com,+91-9995994586,O,1968-01-16,2022-02-07,ACTIVE,FTE,464,922,346,244.0
437,Ishita,Gupta,ishita.gupta437@example.com,+91-9195901227,O,1974-06-05,2023-08-03,ACTIVE,FTE,684,460,153,167.0
438,Meera,Desai,meera.desai438@example.com,+91-9397829240,O,1991-05-09,2018-12-17,INACTIVE,FTE,47,982,687,377.0
439,Sai,Bose,sai.bose439@example.com,+91-9700600523,M,1976-04-09,2015-06-04,ACTIVE,FTE,725,317,575,330.0
440,Mohammed,Gowda,mohammed.gowda440@example.com,+91-9229153072,O,2001-11-15,2024-10-24,ACTIVE,INTERN,535,194,769,10.0
441,Zara,Khan,zara.khan441@example.com,+91-9966424854,O,1966-04-17,2019-09-05,ACTIVE,FTE,723,860,909,44.0
442,Ishita,Ghosh,ishita.ghosh442@example.com,+91-9666830194,F,1992-05-05,2025-01-07,ACTIVE,CONTRACTOR,24,349,448,13.0
443,Myra,Kulkarni,myra.kulkarni443@example.com,+91-9265600378,F,1971-03-13,2016-12-13,INACTIVE,FTE,293,148,188,46.0
444,Anika,Pawar,anika.pawar444@example.com,+91-9443641906,M,1976-07-07,2016-01-02,ACTIVE,FTE,28,731,60,51.0
445,Anika,Pandey,anika.pandey445@example.com,+91-9729243930,M,1987-01-24,2019-05-22,ACTIVE,FTE,124,54,208,306.0
446,Kiara,Verma,kiara.verma446@example.com,+91-9131038055,F,1999-04-30,2021-07-20,INACTIVE,FTE,326,476,567,248.0
447,Kabir,Thakur,kabir.thakur447@example.com,+91-9234831205,F,1966-04-08,2019-07-31,ACTIVE,FTE,104,253,782,403.0
448,Aisha,Desai,aisha.desai448@example.com,+91-9939691516,M,1995-05-08,2016-06-05,LEAVE,FTE,802,992,146,87.0
449,Zara,Desai,zara.desai449@example.com,+91-9100582968,M,2002-10-12,2022-09-08,ACTIVE,FTE,985,850,636,86.0
450,Saanvi,Kulkarni,saanvi.kulkarni450@example.com,+91-9273319432,O,1982-01-27,2021-06-20,INACTIVE,FTE,218,600,861,24.0
451,Zara,Rao,zara.rao451@example.com,+91-9563816134,M,1969-10-05,2020-02-12,ACTIVE,FTE,851,144,743,144.0
452,Meera,Verma,meera.verma452@example.com,+91-9466822211,M,1986-08-30,2020-10-30,ACTIVE,INTERN,725,464,280,165.0
453,Pari,Gowda,pari.gowda453@example.com,+91-9822313006,M,1987-05-09,2015-04-09,INACTIVE,FTE,945,3,624,5.0
454,Anika,Yadav,anika.yadav454@example.com,+91-9976234101,O,1998-04-11,2021-09-06,ACTIVE,FTE,665,667,80,427.0
455,Sara,Pawar,sara.pawar455@example.com,+91-9971738456,O,1973-05-26,2021-01-02,INACTIVE,FTE,616,367,397,394.0
456,Aarav,Reddy,aarav.reddy456@example.com,+91-9861495318,F,1996-06-27,2021-04-21,INACTIVE,FTE,227,761,21,349.0
457,Mohammed,Iyer,mohammed.iyer457@example.com,+91-9859101116,O,1985-08-19,2018-10-06,ACTIVE,FTE,372,38,288,361.0
458,Dhruv,Patel,dhruv.patel458@example.com,+91-9893296383,O,1978-05-06,2021-09-27,ACTIVE,FTE,513,506,175,338.0
459,Ishita,Rao,ishita.rao459@example.com,+91-9661652825,O,1976-12-11,2016-02-11,ACTIVE,FTE,131,266,956,117.0
460,Yuvraj,Singh,yuvraj.singh460@example.com,+91-9822735389,O,1966-07-29,2024-01-25,ACTIVE,FTE,905,465,3,329.0
461,Aditya,Bose,aditya.bose461@example.com,+91-9655400377,M,1986-12-25,2022-05-11,LEAVE,FTE,125,697,531,186.0
462,Kabir,Sharma,kabir.sharma462@example.com,+91-9713986637,M,1983-12-01,2022-02-23,ACTIVE,FTE,402,200,343,
463,Kabir,Bhandari,kabir.bhandari463@example.com,+91-9129928143,F,1993-11-04,2016-04-07,INACTIVE,FTE,338,319,65,50.0
464,Navya,Pillai,navya.pillai464@example.com,+91-9465933326,M,1966-08-21,2025-01-29,ACTIVE,CONTRACTOR,861,257,254,123.0
465,Ira,Verma,ira.verma465@example.com,+91-9191842179,M,1981-02-10,2016-03-29,ACTIVE,FTE,783,98,641,64.0
466,Vivaan,Chandra,vivaan.chandra466@example.com,+91-9563683590,M,1986-04-27,2016-02-09,ACTIVE,FTE,822,453,57,321.0
467,Krishna,Pawar,krishna.pawar467@example.com,+91-9743789670,O,1968-10-18,2024-07-07,ACTIVE,FTE,412,99,633,120.0
468,Meera,Patel,meera.patel468@example.com,+91-9940663765,M,1995-11-09,2021-07-13,ACTIVE,FTE,636,635,104,346.0
469,Pari,Verma,pari.verma469@example.com,+91-9307892029,O,1987-05-03,2024-12-31,ACTIVE,FTE,610,731,70,431.0
470,Rohan,Joshi,rohan.joshi470@example.com,+91-9147320653,M,1999-08-19,2019-05-12,ACTIVE,FTE,636,456,191,409.0
471,Rohan,Mishra,rohan.mishra471@example.com,+91-9256363319,M,2004-10-11,2022-06-01,ACTIVE,FTE,367,319,598,398.0
472,Saanvi,Mishra,saanvi.mishra472@example.com,+91-9644502921,O,1988-05-02,2019-12-14,ACTIVE,FTE,601,674,695,122.0
473,Aditya,Desai,aditya.desai473@example.com,+91-9610805888,O,1988-05-25,2018-04-29,INACTIVE,FTE,207,805,71,342.0
474,Pari,Gowda,pari.gowda474@example.com,+91-9947387796,M,1987-07-15,2024-11-03,ACTIVE,FTE,307,429,337,233.0
475,Kiara,Jadhav,kiara.jadhav475@example.com,+91-9455961632,O,1965-04-02,2018-10-17,ACTIVE,FTE,219,245,493,418.0
476,Myra,Singh,myra.singh476@example.com,+91-9223683564,M,1992-03-29,2018-02-18,LEAVE,FTE,11,76,367,
477,Dev,Mehta,dev.mehta477@example.com,+91-9335090446,F,1978-03-25,2024-12-18,INACTIVE,FTE,999,31,204,90.0
478,Reyansh,Ghosh,reyansh.ghosh478@example.com,+91-9827408955,M,2002-09-26,2019-03-09,ACTIVE,FTE,864,269,933,426.0
479,Myra,Joshi,myra.joshi479@example.com,+91-9665783275,O,1972-07-21,2020-10-03,INACTIVE,FTE,246,379,829,88.0
480,Navya,Pandey,navya.pandey480@example.com,+91-9501853574,F,1969-06-13,2017-01-06,ACTIVE,CONTRACTOR,814,195,197,356.0
481,Ishita,Desai,ishita.desai481@example.com,+91-9365398542,M,1981-08-23,2015-10-15,ACTIVE,FTE,875,549,302,168.0
482,Yuvraj,Bose,yuvraj.bose482@example.com,+91-9812430062,O,1973-08-10,2023-08-25,INACTIVE,CONTRACTOR,215,745,84,405.0
483,Arjun,Khan,arjun.khan483@example.com,+91-9445554954,O,1999-08-12,2021-08-08,ACTIVE,FTE,522,384,511,92.0
484,Aadhya,Verma,aadhya.verma484@example.com,+91-9322478872,M,1997-11-21,2023-06-02,ACTIVE,FTE,654,944,810,19.0
485,Mohammed,Mehta,mohammed.mehta485@example.com,+91-9373298690,O,1980-12-13,2021-09-26,ACTIVE,FTE,387,586,161,192.0
486,Sai,Gupta,sai.gupta486@example.com,+91-9557523905,F,1970-09-20,2020-01-08,ACTIVE,FTE,598,43,477,173.0
487,Pari,Desai,pari.desai487@example.com,+91-9792944501,M,1992-10-30,2021-04-02,ACTIVE,FTE,392,26,184,136.0
488,Diya,Pandey,diya.pandey488@example.com,+91-9205665981,M,1970-08-11,2020-01-05,LEAVE,FTE,660,81,805,117.0
489,Arjun,Naidu,arjun.naidu489@example.com,+91-9833944764,F,1967-08-10,2024-04-15,ACTIVE,FTE,338,257,310,394.0
490,Mohammed,Bhandari,mohammed.bhandari490@example.com,+91-9535679851,O,1974-05-20,2024-03-28,INACTIVE,FTE,307,289,843,207.0
491,Aarav,Chauhan,aarav.chauhan491@example.com,+91-9730290352,O,1999-11-20,2017-07-16,LEAVE,FTE,741,768,215,265.0
492,Pari,Das,pari.das492@example.com,+91-9325039914,F,1996-05-26,2020-10-17,ACTIVE,FTE,193,440,789,214.0
493,Sara,Bose,sara.bose493@example.com,+91-9970161858,O,2003-01-02,2015-07-07,ACTIVE,FTE,132,313,966,256.0
494,Diya,Ghosh,diya.ghosh494@example.com,+91-9730238228,M,1980-05-06,2022-02-17,ACTIVE,FTE,782,798,708,167.0
495,Aisha,Pillai,aisha.pillai495@example.com,+91-9752660297,O,1967-03-12,2017-05-14,ACTIVE,INTERN,339,582,645,468.0
496,Aarohi,Chandra,aarohi.chandra496@example.com,+91-9786124569,F,1978-11-24,2021-08-24,ACTIVE,FTE,487,112,337,232.0
497,Sai,Khan,sai.khan497@example.com,+91-9514350655,F,1972-02-06,2024-05-28,ACTIVE,FTE,618,501,28,36.0
498,Dhruv,Jadhav,dhruv.jadhav498@example.com,+91-9541158894,F,1984-10-23,2023-12-03,ACTIVE,FTE,531,12,176,466.0
499,Aryan,Reddy,aryan.reddy499@example.com,+91-9320844007,F,1973-10-15,2024-02-16,ACTIVE,FTE,399,979,926,67.0
500,Navya,Saxena,navya.saxena500@example.com,+91-9395752497,M,1997-04-23,2017-09-13,ACTIVE,CONTRACTOR,602,208,515,235.0
501,Aarav,Gupta,aarav.gupta501@example.com,+91-9627162809,F,1995-05-02,2016-02-02,LEAVE,FTE,253,539,337,451.0
502,Pari,Rao,pari.rao502@example.com,+91-9419383139,F,1967-08-30,2016-07-20,ACTIVE,CONTRACTOR,468,356,718,406.0
503,Meera,Saxena,meera.saxena503@example.com,+91-9296971836,O,1976-12-01,2022-01-23,ACTIVE,CONTRACTOR,751,443,469,338.0
504,Aisha,Reddy,aisha.reddy504@example.com,+91-9171665678,O,1991-10-13,2015-09-29,ACTIVE,CONTRACTOR,281,904,644,342.0
505,Dhruv,Thakur,dhruv.thakur505@example.com,+91-9936993180,F,1998-08-01,2021-12-30,INACTIVE,FTE,378,79,774,393.0
506,Anika,Mehta,anika.mehta506@example.com,+91-9595965611,F,1976-03-21,2019-04-20,ACTIVE,FTE,28,75,655,384.0
507,Ira,Das,ira.das507@example.com,+91-9903884763,F,1992-03-05,2018-04-22,ACTIVE,FTE,118,727,940,344.0
508,Kiara,Mehta,kiara.mehta508@example.com,+91-9273265999,M,1969-08-24,2016-05-27,ACTIVE,FTE,973,449,144,143.0
509,Vihaan,Gowda,vihaan.gowda509@example.com,+91-9827334609,F,1971-11-04,2018-01-06,ACTIVE,FTE,401,173,80,6.0
510,Shaurya,Mehta,shaurya.mehta510@example.com,+91-9998186261,O,1989-05-15,2018-01-10,ACTIVE,FTE,692,546,222,25.0
511,Mira,Joshi,mira.joshi511@example.com,+91-9316614577,M,1971-12-30,2021-08-24,ACTIVE,FTE,613,5,50,393.0
512,Aadhya,Thakur,aadhya.thakur512@example.com,+91-9167829864,M,1981-03-26,2018-05-27,ACTIVE,FTE,15,346,841,343.0
513,Krishna,Pillai,krishna.pillai513@example.com,+91-9770737907,M,1976-06-04,2017-11-03,ACTIVE,FTE,836,335,331,195.0
514,Zara,Chandra,zara.chandra514@example.com,+91-9112864905,F,1994-02-13,2017-01-20,ACTIVE,FTE,332,178,16,324.0
515,Dhruv,Mehta,dhruv.mehta515@example.com,+91-9334677931,F,1979-12-24,2016-02-15,ACTIVE,FTE,639,378,45,
516,Om,Mukherjee,om.mukherjee516@example.com,+91-9744102442,F,1998-12-31,2016-09-24,ACTIVE,FTE,945,871,583,98.0
517,Myra,Pawar,myra.pawar517@example.com,+91-9459816489,M,1974-01-18,2020-08-25,ACTIVE,FTE,705,326,872,70.0
518,Ishita,Thakur,ishita.thakur518@example.com,+91-9349758689,M,2004-10-24,2022-08-21,ACTIVE,FTE,239,516,602,14.0
519,Meera,Mukherjee,meera.mukherjee519@example.com,+91-9502141680,F,1973-06-11,2020-04-03,ACTIVE,FTE,250,635,82,
520,Dev,Singh,dev.singh520@example.com,+91-9893769688,F,1975-04-28,2021-05-23,ACTIVE,FTE,946,743,613,455.0
521,Rohan,Kulkarni,rohan.kulkarni521@example.com,+91-9886916528,F,1986-08-11,2015-09-04,ACTIVE,INTERN,664,833,296,235.0
522,Ira,Jadhav,ira.jadhav522@example.com,+91-9752902881,F,1979-01-03,2024-03-05,ACTIVE,CONTRACTOR,255,821,704,228.0
523,Mira,Ghosh,mira.ghosh523@example.com,+91-9319279570,M,1977-06-29,2022-07-11,ACTIVE,FTE,504,72,977,145.0
524,Sai,Khan,sai.khan524@example.com,+91-9362986175,F,2002-05-08,2018-06-23,ACTIVE,FTE,743,479,319,203.0
525,Reyansh,Gowda,reyansh.gowda525@example.com,+91-9185916488,F,1981-12-11,2020-02-27,ACTIVE,FTE,651,207,279,493.0
526,Aarohi,Chandra,aarohi.chandra526@example.com,+91-9121271982,F,1976-06-01,2023-01-03,ACTIVE,FTE,753,444,779,494.0
527,Navya,Bose,navya.bose527@example.com,+91-9587052625,F,1970-08-31,2020-02-09,ACTIVE,FTE,745,180,264,314.0
528,Myra,Yadav,myra.yadav528@example.com,+91-9637622321,O,1997-09-21,2016-03-23,ACTIVE,FTE,201,159,939,14.0
529,Aadhya,Chauhan,aadhya.chauhan529@example.com,+91-9538932325,M,1992-07-13,2022-01-27,INACTIVE,INTERN,383,394,502,73.0
530,Ishaan,Chandra,ishaan.chandra530@example.com,+91-9647187810,O,2003-06-29,2017-10-05,ACTIVE,FTE,262,790,936,357.0
531,Kiara,Joshi,kiara.joshi531@example.com,+91-9777480312,O,1990-01-21,2015-12-25,ACTIVE,CONTRACTOR,754,253,249,371.0
532,Vihaan,Bhandari,vihaan.bhandari532@example.com,+91-9113247168,M,1975-01-24,2019-06-12,ACTIVE,CONTRACTOR,151,261,254,166.0
533,Sai,Joshi,sai.joshi533@example.com,+91-9278051737,F,1991-02-27,2021-10-07,ACTIVE,INTERN,83,531,932,434.0
534,Samar,Bhandari,samar.bhandari534@example.com,+91-9217332137,O,1985-07-26,2023-07-08,INACTIVE,FTE,392,601,316,92.0
535,Aisha,Mukherjee,aisha.mukherjee535@example.com,+91-9976591420,F,1988-06-08,2017-06-05,ACTIVE,FTE,767,408,716,173.0
536,Aarav,Reddy,aarav.reddy536@example.com,+91-9855964923,M,1969-10-02,2022-02-09,ACTIVE,FTE,751,442,175,191.0
537,Mohammed,Chauhan,mohammed.chauhan537@example.com,+91-9968848930,M,1977-05-21,2023-07-21,INACTIVE,FTE,834,218,191,188.0
538,Samar,Pandey,samar.pandey538@example.com,+91-9192027258,F,1992-10-26,2022-07-01,ACTIVE,FTE,890,652,171,
539,Ishaan,Kulkarni,ishaan.kulkarni539@example.com,+91-9385702028,M,1969-05-17,2020-10-27,ACTIVE,FTE,497,689,779,63.0
540,Aditi,Pillai,aditi.pillai540@example.com,+91-9621759233,F,1967-11-07,2016-08-24,ACTIVE,FTE,385,618,533,273.0
541,Ira,Gowda,ira.gowda541@example.com,+91-9506342236,O,1994-03-24,2020-09-22,ACTIVE,CONTRACTOR,323,837,246,409.0
542,Aditya,Naidu,aditya.naidu542@example.com,+91-9127574144,O,1987-06-23,2016-09-14,ACTIVE,CONTRACTOR,412,743,856,143.0
543,Ishaan,Bose,ishaan.bose543@example.com,+91-9652884702,F,2001-02-09,2019-10-03,INACTIVE,FTE,255,378,463,487.0
544,Mohammed,Patel,mohammed.patel544@example.com,+91-9350781693,O,1986-12-04,2015-04-14,ACTIVE,CONTRACTOR,993,827,754,455.0
545,Kiara,Chandra,kiara.chandra545@example.com,+91-9888424722,F,1970-07-16,2020-12-04,ACTIVE,CONTRACTOR,954,488,675,103.0
546,Dev,Gowda,dev.gowda546@example.com,+91-9634642954,M,1978-04-11,2017-06-08,LEAVE,CONTRACTOR,804,878,734,131.0
547,Om,Saxena,om.saxena547@example.com,+91-9327247605,M,2002-05-06,2022-12-10,ACTIVE,FTE,119,494,679,250.0
548,Sai,Reddy,sai.reddy548@example.com,+91-9815039775,F,1994-08-06,2015-07-01,ACTIVE,CONTRACTOR,925,393,785,264.0
549,Ishaan,Pawar,ishaan.pawar549@example.com,+91-9791475283,F,1974-03-29,2024-02-04,ACTIVE,FTE,815,709,341,67.0
550,Myra,Thakur,myra.thakur550@example.com,+91-9219596078,M,1990-12-21,2024-07-23,INACTIVE,FTE,239,229,266,90.0
551,Ira,Das,ira.das551@example.com,+91-9433717796,M,1977-10-21,2016-12-22,ACTIVE,FTE,321,977,390,2.0
552,Aditi,Yadav,aditi.yadav552@example.com,+91-9658078796,O,1977-12-02,2021-08-08,INACTIVE,FTE,374,817,696,130.0
553,Ishita,Rao,ishita.rao553@example.com,+91-9998954542,M,1980-02-13,2016-10-24,ACTIVE,FTE,472,324,149,304.0
554,Kiara,Pawar,kiara.pawar554@example.com,+91-9743042838,F,1996-01-07,2017-07-05,ACTIVE,FTE,682,870,821,36.0
555,Om,Verma,om.verma555@example.com,+91-9856065079,F,1973-05-27,2019-08-27,INACTIVE,FTE,490,647,849,299.0
556,Aditya,Pillai,aditya.pillai556@example.com,+91-9933265252,M,1987-09-03,2017-08-06,LEAVE,FTE,751,957,830,54.0
557,Kiara,Das,kiara.das557@example.com,+91-9553588778,O,1991-08-31,2020-02-02,INACTIVE,FTE,869,164,23,346.0
558,Saanvi,Naidu,saanvi.naidu558@example.com,+91-9204496093,M,1991-08-20,2021-08-26,ACTIVE,FTE,290,714,946,404.0
559,Anaya,Mukherjee,anaya.mukherjee559@example.com,+91-9847276554,F,2004-06-30,2015-12-03,LEAVE,FTE,469,671,168,453.0
560,Dev,Pandey,dev.pandey560@example.com,+91-9828338194,M,1974-11-09,2018-07-27,ACTIVE,FTE,753,667,10,105.0
561,Myra,Desai,myra.desai561@example.com,+91-9798037200,F,1976-06-13,2015-12-17,ACTIVE,INTERN,184,968,54,528.0
562,Aditi,Desai,aditi.desai562@example.com,+91-9800935401,O,1975-02-10,2021-11-15,ACTIVE,FTE,407,501,310,177.0
563,Myra,Mukherjee,myra.mukherjee563@example.com,+91-9228849432,M,1971-02-06,2022-11-21,LEAVE,FTE,282,648,669,12.0
564,Sai,Reddy,sai.reddy564@example.com,+91-9952920067,O,1998-04-17,2023-09-03,ACTIVE,FTE,587,492,281,97.0
565,Reyansh,Chandra,reyansh.chandra565@example.com,+91-9298523961,F,1997-12-13,2022-05-18,ACTIVE,FTE,334,66,731,551.0
566,Vihaan,Chandra,vihaan.chandra566@example.com,+91-9909073286,M,2002-11-03,2024-02-16,ACTIVE,FTE,66,532,858,128.0
567,Ishaan,Khan,ishaan.khan567@example.com,+91-9194297000,O,1977-03-31,2015-02-03,ACTIVE,FTE,126,41,132,166.0
568,Samar,Bose,samar.bose568@example.com,+91-9366649918,F,1967-05-21,2016-06-09,INACTIVE,FTE,373,990,558,1.0
569,Vivaan,Verma,vivaan.verma569@example.com,+91-9750872368,O,1984-12-19,2024-02-01,ACTIVE,FTE,712,321,536,361.0
570,Aanya,Singh,aanya.singh570@example.com,+91-9746547614,O,1971-09-27,2015-10-05,ACTIVE,FTE,307,877,853,138.0
571,Dhruv,Rao,dhruv.rao571@example.com,+91-9529560480,F,1989-06-08,2019-09-20,ACTIVE,FTE,77,564,262,168.0
572,Sai,Kulkarni,sai.kulkarni572@example.com,+91-9867129446,F,1993-12-11,2017-06-09,ACTIVE,FTE,751,276,649,198.0
573,Aisha,Pawar,aisha.pawar573@example.com,+91-9183241401,F,1999-10-21,2025-04-16,ACTIVE,FTE,324,807,445,254.0
574,Ishaan,Yadav,ishaan.yadav574@example.com,+91-9257120244,M,1972-06-26,2024-04-30,ACTIVE,FTE,92,372,932,280.0
575,Yuvraj,Patel,yuvraj.patel575@example.com,+91-9665298949,O,1971-09-01,2021-06-01,INACTIVE,FTE,975,108,802,180.0
576,Om,Rao,om.rao576@example.com,+91-9151500184,M,1998-04-27,2016-08-16,ACTIVE,FTE,887,289,565,102.0
577,Anaya,Mukherjee,anaya.mukherjee577@example.com,+91-9612026532,O,1991-07-06,2018-01-27,ACTIVE,FTE,992,808,545,413.0
578,Rohan,Kulkarni,rohan.kulkarni578@example.com,+91-9878913009,O,1965-08-25,2023-09-27,ACTIVE,FTE,147,388,582,55.0
579,Aadhya,Bhandari,aadhya.bhandari579@example.com,+91-9396162658,F,1981-12-14,2025-05-10,ACTIVE,FTE,450,363,818,294.0
580,Mira,Bhandari,mira.bhandari580@example.com,+91-9781478902,M,1980-07-26,2020-03-11,ACTIVE,FTE,313,417,790,93.0
581,Arjun,Das,arjun.das581@example.com,+91-9555248944,O,1981-05-03,2016-08-04,ACTIVE,FTE,762,293,568,11.0
582,Aanya,Thakur,aanya.thakur582@example.com,+91-9114925291,O,1974-04-14,2023-02-28,ACTIVE,FTE,694,910,546,416.0
583,Mohammed,Thakur,mohammed.thakur583@example.com,+91-9834523269,O,1965-07-01,2022-03-25,ACTIVE,FTE,251,757,678,541.0
584,Vivaan,Gowda,vivaan.gowda584@example.com,+91-9243149972,O,1995-07-14,2017-11-13,ACTIVE,CONTRACTOR,537,926,231,376.0
585,Diya,Sharma,diya.sharma585@example.com,+91-9922930671,M,1993-10-07,2023-06-06,ACTIVE,FTE,116,347,936,553.0
586,Dev,Mishra,dev.mishra586@example.com,+91-9790387684,O,1997-11-17,2019-12-30,ACTIVE,FTE,647,583,404,313.0
587,Vivaan,Thakur,vivaan.thakur587@example.com,+91-9215066535,M,1996-07-06,2025-07-05,LEAVE,FTE,7,631,472,363.0
588,Diya,Pandey,diya.pandey588@example.com,+91-9541006226,M,1977-09-01,2021-11-03,ACTIVE,FTE,504,203,87,158.0
589,Kiara,Patel,kiara.patel589@example.com,+91-9971388578,F,1975-08-05,2019-04-04,ACTIVE,FTE,307,374,439,550.0
590,Krishna,Mehta,krishna.mehta590@example.com,+91-9218826331,M,1994-11-25,2017-10-02,ACTIVE,FTE,6,368,905,204.0
591,Dev,Sharma,dev.sharma591@example.com,+91-9814299118,F,1974-02-05,2021-09-17,ACTIVE,FTE,33,165,683,491.0
592,Ishaan,Desai,ishaan.desai592@example.com,+91-9638866546,O,1998-04-13,2024-05-11,ACTIVE,FTE,131,333,770,410.0
593,Myra,Gupta,myra.gupta593@example.com,+91-9155877346,O,1972-06-20,2016-11-01,ACTIVE,FTE,353,513,14,243.0
594,Ira,Desai,ira.desai594@example.com,+91-9883024695,O,1965-07-19,2022-05-22,ACTIVE,FTE,85,780,440,157.0
595,Reyansh,Jadhav,reyansh.jadhav595@example.com,+91-9858556609,M,1984-02-18,2016-12-15,LEAVE,INTERN,254,683,841,486.0
596,Aanya,Gowda,aanya.gowda596@example.com,+91-9141195640,F,1977-05-01,2018-03-18,INACTIVE,FTE,650,153,235,411.0
597,Mohammed,Thakur,mohammed.thakur597@example.com,+91-9851789855,O,1974-12-14,2022-04-02,ACTIVE,FTE,886,53,390,314.0
598,Kabir,Jadhav,kabir.jadhav598@example.com,+91-9401244644,F,1987-11-17,2022-04-01,ACTIVE,FTE,660,53,312,373.0
599,Anika,Jadhav,anika.jadhav599@example.com,+91-9400818814,O,1986-10-07,2015-10-23,ACTIVE,FTE,677,763,330,484.0
600,Krishna,Desai,krishna.desai600@example.com,+91-9927279038,M,1977-07-31,2019-04-17,INACTIVE,FTE,312,115,100,566.0
601,Ira,Naidu,ira.naidu601@example.com,+91-9214209107,M,1989-08-05,2025-01-07,ACTIVE,FTE,666,283,216,90.0
602,Ishita,Reddy,ishita.reddy602@example.com,+91-9180401357,O,1967-10-18,2024-12-23,INACTIVE,CONTRACTOR,838,196,198,102.0
603,Meera,Ghosh,meera.ghosh603@example.com,+91-9691090234,O,1985-07-08,2023-01-25,INACTIVE,FTE,739,158,45,429.0
604,Samar,Pandey,samar.pandey604@example.com,+91-9549902288,O,2003-02-18,2020-11-28,INACTIVE,FTE,735,121,933,495.0
605,Aanya,Pillai,aanya.pillai605@example.com,+91-9952970175,O,1966-06-28,2017-11-03,ACTIVE,FTE,133,297,47,63.0
606,Mohammed,Das,mohammed.das606@example.com,+91-9512478375,O,1992-01-19,2023-06-03,ACTIVE,CONTRACTOR,995,77,170,522.0
607,Myra,Chandra,myra.chandra607@example.com,+91-9948950616,O,1983-06-24,2018-07-09,ACTIVE,FTE,224,607,714,
608,Pari,Verma,pari.verma608@example.com,+91-9148976013,O,2000-09-24,2019-05-28,ACTIVE,FTE,726,275,566,230.0
609,Ritvik,Mishra,ritvik.mishra609@example.com,+91-9984130042,M,1967-08-30,2017-07-09,INACTIVE,FTE,137,277,895,255.0
610,Zara,Reddy,zara.reddy610@example.com,+91-9383508835,O,1965-02-04,2020-11-29,ACTIVE,INTERN,333,86,970,563.0
611,Rohan,Desai,rohan.desai611@example.com,+91-9289768018,F,1985-01-25,2020-07-10,INACTIVE,FTE,11,844,365,287.0
612,Vihaan,Yadav,vihaan.yadav612@example.com,+91-9321361544,F,2004-09-10,2016-10-23,ACTIVE,FTE,969,670,264,565.0
613,Kabir,Ghosh,kabir.ghosh613@example.com,+91-9495824195,M,1983-04-17,2018-06-21,ACTIVE,FTE,771,405,160,445.0
614,Saanvi,Iyer,saanvi.iyer614@example.com,+91-9795316843,F,1998-10-02,2018-02-01,ACTIVE,FTE,181,194,584,185.0
615,Vihaan,Mishra,vihaan.mishra615@example.com,+91-9363339299,F,1976-02-02,2018-01-09,ACTIVE,FTE,193,72,147,
616,Aarohi,Reddy,aarohi.reddy616@example.com,+91-9987514459,M,2000-11-06,2017-05-03,ACTIVE,FTE,618,103,387,113.0
617,Vivaan,Gupta,vivaan.gupta617@example.com,+91-9682365530,O,1981-11-25,2016-06-03,ACTIVE,CONTRACTOR,615,14,812,109.0
618,Ira,Bose,ira.bose618@example.com,+91-9614223965,M,1970-10-13,2018-06-11,ACTIVE,FTE,914,455,836,340.0
619,Ritvik,Sharma,ritvik.sharma619@example.com,+91-9649264485,F,2001-12-27,2019-07-20,ACTIVE,FTE,845,46,106,106.0
620,Shaurya,Patel,shaurya.patel620@example.com,+91-9837409683,O,1980-04-07,2015-05-30,ACTIVE,FTE,362,672,294,394.0
621,Ishaan,Chauhan,ishaan.chauhan621@example.com,+91-9487076952,M,1976-07-16,2016-11-15,ACTIVE,INTERN,289,366,79,122.0
622,Vivaan,Gowda,vivaan.gowda622@example.com,+91-9770829086,F,1975-04-14,2018-01-11,ACTIVE,FTE,186,696,436,309.0
623,Diya,Pandey,diya.pandey623@example.com,+91-9947027818,M,1972-01-28,2019-08-12,INACTIVE,FTE,956,272,831,79.0
624,Shaurya,Mukherjee,shaurya.mukherjee624@example.com,+91-9221508953,O,1974-12-23,2020-06-13,ACTIVE,FTE,816,805,1000,69.0
625,Navya,Das,navya.das625@example.com,+91-9555086222,F,1983-12-14,2017-06-17,ACTIVE,INTERN,187,786,395,507.0
626,Anika,Gowda,anika.gowda626@example.com,+91-9673131867,F,1987-09-11,2017-05-08,ACTIVE,FTE,252,393,429,552.0
627,Zara,Yadav,zara.yadav627@example.com,+91-9854940701,M,1980-08-29,2021-07-17,ACTIVE,FTE,540,592,796,225.0
628,Ritvik,Naidu,ritvik.naidu628@example.com,+91-9163970728,F,1965-03-13,2018-06-17,INACTIVE,FTE,572,486,981,113.0
629,Aadhya,Bose,aadhya.bose629@example.com,+91-9326277525,M,1974-06-26,2020-01-06,ACTIVE,FTE,565,996,954,249.0
630,Aditya,Das,aditya.das630@example.com,+91-9499092905,M,1974-05-19,2016-12-29,INACTIVE,FTE,387,751,27,435.0
631,Krishna,Pawar,krishna.pawar631@example.com,+91-9363115935,M,2004-07-30,2016-04-03,ACTIVE,FTE,162,31,151,81.0
632,Aarav,Rao,aarav.rao632@example.com,+91-9604856763,F,1993-05-06,2017-07-19,ACTIVE,FTE,144,767,541,307.0
633,Ira,Mehta,ira.mehta633@example.com,+91-9272173204,M,1965-11-25,2019-11-17,ACTIVE,FTE,658,33,619,516.0
634,Aarohi,Saxena,aarohi.saxena634@example.com,+91-9554912473,M,1993-10-30,2022-09-23,ACTIVE,FTE,942,586,514,233.0
635,Yuvraj,Iyer,yuvraj.iyer635@example.com,+91-9521219212,M,2000-06-27,2021-06-04,INACTIVE,FTE,217,411,634,
636,Riya,Gowda,riya.gowda636@example.com,+91-9794332141,F,1970-04-04,2022-12-20,ACTIVE,FTE,415,848,390,381.0
637,Mohammed,Kulkarni,mohammed.kulkarni637@example.com,+91-9681504122,M,1972-05-18,2016-10-10,ACTIVE,FTE,867,344,29,167.0
638,Arjun,Singh,arjun.singh638@example.com,+91-9706445962,M,1965-09-30,2020-04-04,ACTIVE,FTE,952,34,247,584.0
639,Aisha,Pillai,aisha.pillai639@example.com,+91-9637102932,M,1997-12-04,2015-10-11,ACTIVE,FTE,317,9,366,408.0
640,Anaya,Mukherjee,anaya.mukherjee640@example.com,+91-9208451023,O,1991-08-02,2021-01-20,INACTIVE,FTE,100,340,418,516.0
641,Shaurya,Patel,shaurya.patel641@example.com,+91-9184560232,O,2004-12-16,2021-07-02,ACTIVE,CONTRACTOR,39,298,166,475.0
642,Sai,Bhandari,sai.bhandari642@example.com,+91-9654373758,O,1980-10-04,2018-09-01,ACTIVE,FTE,788,736,165,514.0
643,Ishita,Joshi,ishita.joshi643@example.com,+91-9142963526,O,2000-08-11,2020-10-22,ACTIVE,FTE,298,369,639,442.0
644,Myra,Jadhav,myra.jadhav644@example.com,+91-9116043585,M,1979-03-19,2025-05-20,ACTIVE,INTERN,581,643,510,
645,Om,Yadav,om.yadav645@example.com,+91-9719024641,F,1970-12-07,2023-06-28,ACTIVE,FTE,957,303,166,
646,Diya,Iyer,diya.iyer646@example.com,+91-9233107713,O,1969-11-04,2018-01-18,ACTIVE,FTE,485,263,782,144.0
647,Kiara,Sharma,kiara.sharma647@example.com,+91-9770693402,F,1989-09-26,2019-11-17,ACTIVE,CONTRACTOR,940,697,133,525.0
648,Aadhya,Iyer,aadhya.iyer648@example.com,+91-9895688388,M,1993-02-12,2023-08-10,ACTIVE,CONTRACTOR,699,44,636,59.0
649,Riya,Patel,riya.patel649@example.com,+91-9818494947,M,1975-07-09,2016-10-16,ACTIVE,FTE,409,875,75,474.0
650,Diya,Mehta,diya.mehta650@example.com,+91-9924866347,F,1996-11-18,2024-02-08,INACTIVE,FTE,88,185,750,407.0
651,Mohammed,Chandra,mohammed.chandra651@example.com,+91-9398902947,F,1987-05-16,2016-02-05,ACTIVE,INTERN,498,218,720,118.0
652,Vivaan,Yadav,vivaan.yadav652@example.com,+91-9968156321,F,1975-08-07,2022-12-30,ACTIVE,FTE,582,33,616,64.0
653,Navya,Chauhan,navya.chauhan653@example.com,+91-9289091970,M,1979-07-11,2015-12-03,ACTIVE,FTE,777,701,434,651.0
654,Shaurya,Iyer,shaurya.iyer654@example.com,+91-9297652556,M,1983-08-22,2021-11-22,ACTIVE,CONTRACTOR,463,893,430,266.0
655,Sai,Pandey,sai.pandey655@example.com,+91-9674995501,O,1994-03-01,2020-10-26,INACTIVE,FTE,204,358,965,487.0
656,Aryan,Bhandari,aryan.bhandari656@example.com,+91-9313202153,M,1994-09-22,2021-01-12,INACTIVE,FTE,843,11,575,612.0
657,Aditi,Gowda,aditi.gowda657@example.com,+91-9115232939,M,1974-11-04,2020-07-04,ACTIVE,FTE,752,761,846,325.0
658,Pari,Thakur,pari.thakur658@example.com,+91-9583784000,M,1975-01-14,2023-07-01,LEAVE,FTE,994,691,417,4.0
659,Sara,Joshi,sara.joshi659@example.com,+91-9745258023,F,2004-05-11,2016-08-28,ACTIVE,FTE,193,431,714,171.0
660,Dhruv,Naidu,dhruv.naidu660@example.com,+91-9429601610,O,1979-04-11,2018-04-02,INACTIVE,FTE,15,380,834,310.0
661,Ishaan,Bhandari,ishaan.bhandari661@example.com,+91-9221740845,M,1998-12-19,2022-10-04,ACTIVE,FTE,849,556,437,344.0
662,Pari,Desai,pari.desai662@example.com,+91-9780867460,F,1990-05-23,2018-01-04,ACTIVE,FTE,447,391,292,448.0
663,Meera,Thakur,meera.thakur663@example.com,+91-9633010732,O,1971-10-03,2016-06-28,ACTIVE,FTE,666,17,632,107.0
664,Meera,Thakur,meera.thakur664@example.com,+91-9327494893,M,2002-01-26,2016-09-11,ACTIVE,FTE,826,34,684,431.0
665,Pari,Yadav,pari.yadav665@example.com,+91-9543385303,O,1990-12-07,2016-12-12,ACTIVE,FTE,128,360,991,476.0
666,Aarohi,Patel,aarohi.patel666@example.com,+91-9822951244,M,1990-06-30,2018-10-23,ACTIVE,FTE,675,271,315,425.0
667,Aarav,Pandey,aarav.pandey667@example.com,+91-9440881854,F,1993-03-18,2015-07-23,ACTIVE,FTE,384,861,837,615.0
668,Aryan,Rao,aryan.rao668@example.com,+91-9560745246,M,1994-04-07,2019-02-11,ACTIVE,FTE,632,660,403,592.0
669,Myra,Das,myra.das669@example.com,+91-9641441883,M,1976-10-27,2021-11-09,INACTIVE,FTE,448,237,102,130.0
670,Aisha,Pillai,aisha.pillai670@example.com,+91-9569677269,M,1991-09-05,2019-06-06,LEAVE,FTE,331,209,96,
671,Aditi,Gupta,aditi.gupta671@example.com,+91-9888308138,M,1966-11-23,2025-07-07,ACTIVE,CONTRACTOR,81,586,392,
672,Pari,Joshi,pari.joshi672@example.com,+91-9927201666,F,1989-05-16,2018-03-05,ACTIVE,CONTRACTOR,305,199,549,388.0
673,Aditya,Kulkarni,aditya.kulkarni673@example.com,+91-9231731291,M,1970-08-25,2017-06-12,ACTIVE,FTE,594,888,106,611.0
674,Shaurya,Mishra,shaurya.mishra674@example.com,+91-9627246915,M,1982-10-30,2018-01-27,ACTIVE,FTE,371,935,859,104.0
675,Anika,Iyer,anika.iyer675@example.com,+91-9968172937,M,1998-02-09,2025-08-23,ACTIVE,FTE,385,912,322,462.0
676,Reyansh,Mishra,reyansh.mishra676@example.com,+91-9619595468,O,1965-09-10,2018-01-15,ACTIVE,FTE,876,33,121,356.0
677,Ishita,Yadav,ishita.yadav677@example.com,+91-9124737048,O,1965-05-05,2017-09-11,ACTIVE,FTE,125,198,621,
678,Aanya,Mukherjee,aanya.mukherjee678@example.com,+91-9881409059,O,1975-05-15,2018-09-06,LEAVE,FTE,223,31,336,86.0
679,Rohan,Kulkarni,rohan.kulkarni679@example.com,+91-9568217996,O,1983-08-17,2023-03-12,ACTIVE,FTE,726,565,668,508.0
680,Aarohi,Thakur,aarohi.thakur680@example.com,+91-9726687538,O,1978-02-20,2019-04-04,ACTIVE,FTE,909,735,288,106.0
681,Om,Khan,om.khan681@example.com,+91-9215490714,O,1979-01-03,2023-04-20,ACTIVE,FTE,611,766,279,638.0
682,Myra,Desai,myra.desai682@example.com,+91-9649065195,F,1978-08-05,2024-08-25,ACTIVE,CONTRACTOR,840,66,461,35.0
683,Aditi,Desai,aditi.desai683@example.com,+91-9293170703,F,1984-12-21,2025-04-10,LEAVE,FTE,989,544,361,118.0
684,Navya,Pillai,navya.pillai684@example.com,+91-9110343356,F,1977-08-26,2021-01-31,ACTIVE,FTE,381,381,149,126.0
685,Aarav,Bhandari,aarav.bhandari685@example.com,+91-9404528485,O,1987-05-20,2018-08-21,ACTIVE,FTE,921,239,576,
686,Dhruv,Verma,dhruv.verma686@example.com,+91-9716272392,O,1979-10-20,2016-10-01,ACTIVE,FTE,969,905,827,77.0
687,Anika,Pawar,anika.pawar687@example.com,+91-9552300048,M,1994-08-14,2020-05-28,ACTIVE,FTE,51,822,506,282.0
688,Ishaan,Mehta,ishaan.mehta688@example.com,+91-9941068017,O,1976-08-24,2025-03-26,ACTIVE,FTE,591,22,292,
689,Aarav,Thakur,aarav.thakur689@example.com,+91-9462269610,O,1996-06-04,2019-11-02,ACTIVE,INTERN,38,918,547,41.0
690,Vihaan,Iyer,vihaan.iyer690@example.com,+91-9185649391,O,1996-12-23,2016-08-14,LEAVE,FTE,309,282,325,410.0
691,Anaya,Chauhan,anaya.chauhan691@example.com,+91-9501478598,O,1968-03-16,2021-09-10,ACTIVE,INTERN,506,870,657,125.0
692,Krishna,Patel,krishna.patel692@example.com,+91-9282741683,M,1980-03-30,2015-10-25,LEAVE,FTE,331,883,705,232.0
693,Mohammed,Das,mohammed.das693@example.com,+91-9218974458,M,1990-02-07,2024-02-23,INACTIVE,CONTRACTOR,889,54,266,45.0
694,Om,Iyer,om.iyer694@example.com,+91-9726478110,F,1982-12-12,2020-08-08,ACTIVE,FTE,389,277,716,142.0
695,Ishaan,Gupta,ishaan.gupta695@example.com,+91-9231397339,O,1986-09-25,2017-07-08,ACTIVE,CONTRACTOR,990,917,424,685.0
696,Mira,Jadhav,mira.jadhav696@example.com,+91-9383266009,F,2004-04-29,2023-02-17,ACTIVE,INTERN,330,792,749,95.0
697,Sai,Naidu,sai.naidu697@example.com,+91-9631078882,M,2003-01-03,2019-02-15,ACTIVE,FTE,211,712,80,
698,Dhruv,Patel,dhruv.patel698@example.com,+91-9651825253,F,1979-09-17,2022-12-18,ACTIVE,FTE,108,349,214,541.0
699,Om,Bhandari,om.bhandari699@example.com,+91-9766233236,O,1995-11-24,2017-08-14,LEAVE,FTE,134,225,939,464.0
700,Mohammed,Mukherjee,mohammed.mukherjee700@example.com,+91-9209590766,M,1992-03-27,2018-03-13,ACTIVE,FTE,703,315,975,664.0
701,Pari,Pandey,pari.pandey701@example.com,+91-9586019487,F,1972-04-17,2016-11-15,ACTIVE,CONTRACTOR,192,274,30,544.0
702,Samar,Reddy,samar.reddy702@example.com,+91-9573885859,F,2002-06-13,2016-06-06,ACTIVE,FTE,407,515,442,55.0
703,Aadhya,Reddy,aadhya.reddy703@example.com,+91-9668613679,O,1968-05-06,2021-07-04,ACTIVE,FTE,302,194,413,283.0
704,Kiara,Verma,kiara.verma704@example.com,+91-9717649055,F,1994-07-04,2016-11-09,ACTIVE,FTE,982,114,225,37.0
705,Ritvik,Iyer,ritvik.iyer705@example.com,+91-9336103257,O,2001-03-19,2016-09-19,ACTIVE,CONTRACTOR,717,734,415,104.0
706,Yuvraj,Chauhan,yuvraj.chauhan706@example.com,+91-9201192189,M,1978-12-31,2017-11-28,ACTIVE,FTE,295,723,611,4.0
707,Aanya,Thakur,aanya.thakur707@example.com,+91-9301159530,F,1997-06-11,2020-03-12,LEAVE,FTE,175,323,698,
708,Pari,Gupta,pari.gupta708@example.com,+91-9829288603,M,1965-11-13,2023-01-28,ACTIVE,FTE,998,271,903,
709,Ishita,Naidu,ishita.naidu709@example.com,+91-9830194109,F,1997-03-31,2024-12-02,ACTIVE,CONTRACTOR,484,113,47,581.0
710,Kabir,Verma,kabir.verma710@example.com,+91-9626844145,O,1999-03-29,2017-11-05,ACTIVE,FTE,103,312,824,464.0
711,Diya,Yadav,diya.yadav711@example.com,+91-9931641272,O,1982-07-07,2023-04-11,ACTIVE,FTE,848,362,309,531.0
712,Ishita,Chauhan,ishita.chauhan712@example.com,+91-9252077412,F,1972-09-03,2019-08-05,ACTIVE,FTE,22,152,421,676.0
713,Kiara,Patel,kiara.patel713@example.com,+91-9505636313,O,1981-08-18,2024-10-28,ACTIVE,INTERN,369,212,763,
714,Krishna,Kulkarni,krishna.kulkarni714@example.com,+91-9519861213,O,2002-01-30,2022-08-23,INACTIVE,CONTRACTOR,180,272,933,340.0
715,Anika,Kulkarni,anika.kulkarni715@example.com,+91-9708449151,F,1986-01-19,2018-03-30,ACTIVE,FTE,352,855,628,466.0
716,Dev,Reddy,dev.reddy716@example.com,+91-9699299168,O,1965-07-27,2023-06-28,INACTIVE,FTE,698,154,536,639.0
717,Aryan,Mishra,aryan.mishra717@example.com,+91-9232538144,M,1998-02-17,2019-11-27,ACTIVE,FTE,465,42,223,608.0
718,Kiara,Mishra,kiara.mishra718@example.com,+91-9943170042,O,1965-05-07,2022-04-27,ACTIVE,FTE,52,258,142,291.0
719,Riya,Gupta,riya.gupta719@example.com,+91-9334996742,M,1970-11-08,2019-08-09,ACTIVE,FTE,443,600,941,
720,Saanvi,Thakur,saanvi.thakur720@example.com,+91-9424294358,O,1989-02-18,2019-03-26,ACTIVE,FTE,433,409,991,268.0
721,Om,Khan,om.khan721@example.com,+91-9245696833,F,2003-05-17,2022-06-01,ACTIVE,FTE,593,143,700,257.0
722,Riya,Singh,riya.singh722@example.com,+91-9203124635,M,1985-06-27,2020-03-10,ACTIVE,FTE,644,473,559,448.0
723,Mira,Mehta,mira.mehta723@example.com,+91-9595299904,M,1986-04-27,2023-07-28,INACTIVE,FTE,480,363,438,421.0
724,Riya,Patel,riya.patel724@example.com,+91-9236660341,O,1993-08-23,2016-07-03,ACTIVE,FTE,310,806,249,383.0
725,Zara,Pandey,zara.pandey725@example.com,+91-9967026146,O,2003-06-28,2019-12-28,ACTIVE,FTE,129,413,687,
726,Pari,Saxena,pari.saxena726@example.com,+91-9707140225,F,1968-09-12,2016-06-10,ACTIVE,FTE,666,110,342,298.0
727,Ira,Bose,ira.bose727@example.com,+91-9254781920,O,1969-02-21,2017-01-24,ACTIVE,FTE,758,735,55,529.0
728,Kiara,Gupta,kiara.gupta728@example.com,+91-9315499853,M,1980-03-19,2017-08-19,ACTIVE,FTE,960,7,825,705.0
729,Arjun,Patel,arjun.patel729@example.com,+91-9576543671,F,1975-06-01,2025-04-09,INACTIVE,FTE,254,210,107,518.0
730,Aditya,Thakur,aditya.thakur730@example.com,+91-9982279119,O,1973-04-16,2020-02-07,ACTIVE,INTERN,840,241,862,267.0
731,Sara,Bose,sara.bose731@example.com,+91-9649235047,O,1973-05-21,2022-05-10,ACTIVE,FTE,146,839,763,175.0
732,Zara,Singh,zara.singh732@example.com,+91-9520036225,F,1997-05-27,2023-03-05,ACTIVE,FTE,983,603,505,282.0
733,Krishna,Mehta,krishna.mehta733@example.com,+91-9425087766,M,1993-05-16,2022-03-24,ACTIVE,FTE,124,578,399,
734,Meera,Mehta,meera.mehta734@example.com,+91-9269988928,F,1967-11-26,2021-01-13,INACTIVE,FTE,741,470,284,
735,Aanya,Bose,aanya.bose735@example.com,+91-9477814318,O,1999-03-31,2018-08-02,ACTIVE,FTE,400,526,65,156.0
736,Aisha,Ghosh,aisha.ghosh736@example.com,+91-9792707365,F,1996-04-08,2017-05-20,ACTIVE,FTE,311,946,404,
737,Myra,Chauhan,myra.chauhan737@example.com,+91-9732275127,O,1977-04-11,2024-10-19,ACTIVE,FTE,675,539,266,332.0
738,Diya,Rao,diya.rao738@example.com,+91-9829416737,F,1992-06-23,2016-02-24,ACTIVE,CONTRACTOR,163,238,99,512.0
739,Anaya,Mukherjee,anaya.mukherjee739@example.com,+91-9169116659,M,1980-10-03,2019-01-10,ACTIVE,CONTRACTOR,746,914,394,431.0
740,Meera,Kulkarni,meera.kulkarni740@example.com,+91-9286903279,F,1972-10-16,2015-08-21,LEAVE,FTE,782,384,622,31.0
741,Krishna,Bhandari,krishna.bhandari741@example.com,+91-9828908586,F,1995-08-04,2021-06-04,ACTIVE,FTE,570,205,201,449.0
742,Kabir,Singh,kabir.singh742@example.com,+91-9817966331,M,1976-01-12,2022-05-21,ACTIVE,FTE,197,89,597,
743,Dhruv,Sharma,dhruv.sharma743@example.com,+91-9883806954,O,1974-07-26,2015-02-02,ACTIVE,FTE,560,886,74,699.0
744,Mira,Chauhan,mira.chauhan744@example.com,+91-9960707039,M,1977-12-09,2018-07-13,ACTIVE,FTE,361,366,634,142.0
745,Sara,Desai,sara.desai745@example.com,+91-9155275164,O,1990-08-06,2016-03-16,ACTIVE,FTE,530,306,104,237.0
746,Zara,Ghosh,zara.ghosh746@example.com,+91-9269504123,F,1966-07-15,2018-10-24,LEAVE,FTE,849,258,400,70.0
747,Arjun,Yadav,arjun.yadav747@example.com,+91-9848954148,M,2004-02-26,2019-02-08,LEAVE,CONTRACTOR,513,320,409,560.0
748,Aditi,Chauhan,aditi.chauhan748@example.com,+91-9319293841,O,1982-11-26,2015-07-06,ACTIVE,FTE,206,343,910,143.0
749,Ira,Thakur,ira.thakur749@example.com,+91-9471348848,M,1969-03-30,2019-01-04,ACTIVE,FTE,578,927,625,37.0
750,Anika,Gowda,anika.gowda750@example.com,+91-9645035932,M,1970-06-27,2024-05-19,ACTIVE,FTE,741,43,107,
751,Diya,Desai,diya.desai751@example.com,+91-9930660891,M,1997-07-02,2020-02-29,ACTIVE,CONTRACTOR,234,22,954,
752,Zara,Gowda,zara.gowda752@example.com,+91-9558309064,O,1990-10-26,2015-04-23,ACTIVE,FTE,785,387,713,719.0
753,Rohan,Reddy,rohan.reddy753@example.com,+91-9355733316,M,1994-10-21,2017-01-03,INACTIVE,INTERN,377,361,199,60.0
754,Sai,Rao,sai.rao754@example.com,+91-9872908197,M,1965-09-07,2018-11-12,ACTIVE,FTE,828,813,550,16.0
755,Aditya,Iyer,aditya.iyer755@example.com,+91-9413975774,M,1968-11-09,2017-02-26,ACTIVE,FTE,322,359,617,251.0
756,Ishita,Chandra,ishita.chandra756@example.com,+91-9973408267,F,1997-07-30,2017-01-30,ACTIVE,FTE,961,557,211,753.0
757,Kabir,Mehta,kabir.mehta757@example.com,+91-9849226645,O,1985-08-08,2021-03-30,ACTIVE,FTE,670,251,540,327.0
758,Aanya,Reddy,aanya.reddy758@example.com,+91-9247243809,O,1968-09-04,2020-11-23,INACTIVE,FTE,637,498,287,
759,Kabir,Mishra,kabir.mishra759@example.com,+91-9572744267,O,2002-08-19,2018-08-02,ACTIVE,FTE,807,146,37,716.0
760,Pari,Reddy,pari.reddy760@example.com,+91-9164123910,F,1966-06-14,2023-06-28,LEAVE,FTE,603,394,308,87.0
761,Meera,Chandra,meera.chandra761@example.com,+91-9562873958,O,1998-09-17,2015-04-28,LEAVE,FTE,46,230,211,676.0
762,Aditya,Pawar,aditya.pawar762@example.com,+91-9989227408,F,1985-10-07,2015-07-14,ACTIVE,FTE,27,932,624,345.0
763,Aditi,Singh,aditi.singh763@example.com,+91-9907884127,M,1966-11-11,2020-10-19,ACTIVE,FTE,887,438,802,754.0
764,Krishna,Yadav,krishna.yadav764@example.com,+91-9379281010,M,1991-05-31,2019-11-21,LEAVE,CONTRACTOR,475,435,587,532.0
765,Myra,Mehta,myra.mehta765@example.com,+91-9368363101,O,1981-03-19,2017-03-30,INACTIVE,FTE,699,974,281,
766,Dev,Ghosh,dev.ghosh766@example.com,+91-9113249027,M,2003-11-12,2021-09-17,ACTIVE,FTE,276,676,257,623.0
767,Om,Rao,om.rao767@example.com,+91-9615619319,O,1986-11-05,2019-07-02,LEAVE,FTE,18,451,10,368.0
768,Riya,Singh,riya.singh768@example.com,+91-9572918333,M,1992-10-22,2015-12-31,ACTIVE,FTE,919,625,565,66.0
769,Samar,Mukherjee,samar.mukherjee769@example.com,+91-9153235771,M,1983-10-17,2019-06-01,LEAVE,FTE,646,179,151,672.0
770,Ishaan,Joshi,ishaan.joshi770@example.com,+91-9165297317,O,1967-08-15,2018-02-18,ACTIVE,CONTRACTOR,594,325,43,234.0
771,Samar,Kulkarni,samar.kulkarni771@example.com,+91-9576540243,M,1966-02-05,2021-01-04,ACTIVE,FTE,241,359,112,
772,Aanya,Iyer,aanya.iyer772@example.com,+91-9557924398,F,1981-02-16,2018-06-21,ACTIVE,FTE,843,698,426,
773,Shaurya,Patel,shaurya.patel773@example.com,+91-9767777623,M,1987-03-23,2025-04-29,ACTIVE,FTE,418,919,668,302.0
774,Aryan,Naidu,aryan.naidu774@example.com,+91-9648463178,O,1968-01-14,2019-12-13,INACTIVE,CONTRACTOR,27,109,624,321.0
775,Aanya,Pillai,aanya.pillai775@example.com,+91-9918848216,O,2004-07-27,2020-11-07,INACTIVE,FTE,597,34,673,391.0
776,Sai,Iyer,sai.iyer776@example.com,+91-9666674119,M,1980-04-13,2024-08-14,ACTIVE,FTE,562,752,429,125.0
777,Ishita,Chauhan,ishita.chauhan777@example.com,+91-9360998015,F,2000-09-09,2023-11-08,ACTIVE,FTE,857,590,301,337.0
778,Kabir,Mehta,kabir.mehta778@example.com,+91-9701786256,O,1986-06-04,2016-12-18,ACTIVE,FTE,981,902,420,361.0
779,Arjun,Thakur,arjun.thakur779@example.com,+91-9677260679,M,1989-08-27,2023-03-28,ACTIVE,FTE,429,236,584,129.0
780,Anika,Pawar,anika.pawar780@example.com,+91-9552069565,O,2004-10-17,2017-05-08,ACTIVE,FTE,350,322,121,
781,Shaurya,Rao,shaurya.rao781@example.com,+91-9863840464,F,1998-08-19,2018-05-15,INACTIVE,CONTRACTOR,16,171,124,568.0
782,Krishna,Gupta,krishna.gupta782@example.com,+91-9553504191,F,1967-04-27,2022-05-04,ACTIVE,FTE,75,136,528,398.0
783,Rohan,Chandra,rohan.chandra783@example.com,+91-9762100986,M,2002-11-25,2019-02-09,ACTIVE,FTE,919,845,920,624.0
784,Vivaan,Iyer,vivaan.iyer784@example.com,+91-9851741358,M,1989-02-26,2022-08-21,INACTIVE,FTE,759,855,447,489.0
785,Reyansh,Das,reyansh.das785@example.com,+91-9444066478,F,1999-08-31,2016-06-04,ACTIVE,FTE,608,379,691,389.0
786,Reyansh,Verma,reyansh.verma786@example.com,+91-9645705539,F,1984-01-04,2016-08-25,ACTIVE,FTE,50,578,531,594.0
787,Dev,Ghosh,dev.ghosh787@example.com,+91-9326216664,F,1991-02-20,2020-06-02,ACTIVE,INTERN,43,834,968,749.0
788,Mira,Kulkarni,mira.kulkarni788@example.com,+91-9340124494,M,2004-02-21,2025-06-21,ACTIVE,FTE,170,122,295,450.0
789,Dev,Thakur,dev.thakur789@example.com,+91-9692880978,O,1982-08-28,2025-04-24,ACTIVE,CONTRACTOR,683,286,145,
790,Aryan,Patel,aryan.patel790@example.com,+91-9318120920,F,1967-09-15,2024-03-08,ACTIVE,FTE,501,853,843,
791,Aisha,Desai,aisha.desai791@example.com,+91-9577176303,F,1995-04-10,2023-11-11,ACTIVE,FTE,941,113,734,123.0
792,Kiara,Kulkarni,kiara.kulkarni792@example.com,+91-9951821137,M,1970-11-30,2017-04-30,INACTIVE,FTE,120,992,363,763.0
793,Arjun,Ghosh,arjun.ghosh793@example.com,+91-9838667347,F,1975-09-01,2023-08-17,ACTIVE,FTE,754,526,689,724.0
794,Vivaan,Desai,vivaan.desai794@example.com,+91-9773542196,M,1971-11-02,2023-11-14,ACTIVE,FTE,677,858,899,650.0
795,Ritvik,Gupta,ritvik.gupta795@example.com,+91-9887654788,F,2004-11-25,2021-05-26,INACTIVE,FTE,201,272,482,192.0
796,Dev,Gupta,dev.gupta796@example.com,+91-9698865714,O,1978-07-07,2016-07-05,INACTIVE,CONTRACTOR,768,220,4,503.0
797,Dhruv,Bhandari,dhruv.bhandari797@example.com,+91-9619941291,O,1977-02-14,2015-08-30,ACTIVE,FTE,390,647,598,358.0
798,Reyansh,Pandey,reyansh.pandey798@example.com,+91-9683485601,F,1985-06-04,2018-12-11,INACTIVE,FTE,502,816,646,366.0
799,Dev,Reddy,dev.reddy799@example.com,+91-9365639711,O,1979-11-25,2016-11-29,INACTIVE,CONTRACTOR,783,295,430,334.0
800,Navya,Reddy,navya.reddy800@example.com,+91-9619410509,F,1976-12-28,2022-11-27,INACTIVE,FTE,356,714,408,793.0
801,Ishita,Desai,ishita.desai801@example.com,+91-9928712497,F,1980-12-25,2015-06-29,ACTIVE,FTE,912,872,802,576.0
802,Samar,Pawar,samar.pawar802@example.com,+91-9621307443,O,1986-08-13,2021-12-30,ACTIVE,FTE,409,267,935,
803,Kabir,Ghosh,kabir.ghosh803@example.com,+91-9218450490,O,1968-02-09,2020-04-01,ACTIVE,FTE,897,171,549,641.0
804,Meera,Ghosh,meera.ghosh804@example.com,+91-9856698632,F,1973-10-17,2025-04-17,ACTIVE,INTERN,22,822,389,
805,Diya,Mukherjee,diya.mukherjee805@example.com,+91-9524693118,O,2002-08-17,2016-01-30,ACTIVE,FTE,371,549,204,549.0
806,Kabir,Mishra,kabir.mishra806@example.com,+91-9121505301,O,1975-12-26,2021-05-12,ACTIVE,FTE,751,255,963,
807,Krishna,Verma,krishna.verma807@example.com,+91-9136268864,F,1992-01-30,2023-04-02,ACTIVE,FTE,25,236,647,254.0
808,Ishaan,Saxena,ishaan.saxena808@example.com,+91-9641713121,O,1990-09-18,2021-10-26,ACTIVE,FTE,277,883,87,
809,Anika,Patel,anika.patel809@example.com,+91-9435211139,F,1966-01-02,2024-03-19,ACTIVE,FTE,754,603,812,621.0
810,Navya,Verma,navya.verma810@example.com,+91-9412715124,F,1966-08-06,2020-02-21,ACTIVE,FTE,271,993,672,386.0
811,Sai,Jadhav,sai.jadhav811@example.com,+91-9633687151,O,1992-08-26,2024-07-17,ACTIVE,FTE,720,547,519,18.0
812,Aarohi,Naidu,aarohi.naidu812@example.com,+91-9611966881,O,2002-03-13,2016-11-03,ACTIVE,FTE,26,407,790,379.0
813,Krishna,Joshi,krishna.joshi813@example.com,+91-9737168632,M,1986-02-20,2020-08-27,ACTIVE,FTE,86,98,575,502.0
814,Sai,Gupta,sai.gupta814@example.com,+91-9629803264,F,1992-06-09,2025-06-27,LEAVE,FTE,860,581,779,786.0
815,Anika,Mishra,anika.mishra815@example.com,+91-9841308499,M,1987-12-29,2017-07-24,ACTIVE,FTE,614,417,893,
816,Riya,Pillai,riya.pillai816@example.com,+91-9695719743,O,1998-04-05,2024-04-13,ACTIVE,INTERN,242,330,473,527.0
817,Sai,Thakur,sai.thakur817@example.com,+91-9278452642,M,1972-02-24,2022-03-30,ACTIVE,FTE,776,14,166,125.0
818,Sara,Bose,sara.bose818@example.com,+91-9687428098,F,1972-09-26,2015-08-31,INACTIVE,FTE,642,823,538,767.0
819,Aarohi,Patel,aarohi.patel819@example.com,+91-9760459116,F,1985-03-12,2016-12-31,ACTIVE,FTE,945,902,693,331.0
820,Aisha,Joshi,aisha.joshi820@example.com,+91-9749096026,F,1976-04-17,2017-05-29,ACTIVE,FTE,823,629,975,532.0
821,Saanvi,Mehta,saanvi.mehta821@example.com,+91-9990570076,F,1979-05-02,2020-08-13,INACTIVE,FTE,873,951,139,733.0
822,Aarav,Ghosh,aarav.ghosh822@example.com,+91-9200768359,O,1993-05-01,2018-01-18,ACTIVE,FTE,6,320,719,711.0
823,Pari,Ghosh,pari.ghosh823@example.com,+91-9470395234,O,1971-06-13,2016-01-15,ACTIVE,FTE,69,359,652,232.0
824,Aarav,Thakur,aarav.thakur824@example.com,+91-9923547996,F,1978-02-10,2019-09-03,ACTIVE,CONTRACTOR,437,599,747,640.0
825,Samar,Yadav,samar.yadav825@example.com,+91-9209867551,M,2001-10-26,2018-06-12,ACTIVE,FTE,749,222,287,578.0
826,Mira,Rao,mira.rao826@example.com,+91-9817793095,F,1991-01-23,2020-08-13,ACTIVE,CONTRACTOR,620,284,990,631.0
827,Dhruv,Khan,dhruv.khan827@example.com,+91-9100265072,F,1965-03-08,2018-12-11,INACTIVE,FTE,823,630,151,487.0
828,Arjun,Pandey,arjun.pandey828@example.com,+91-9225946154,M,1968-07-21,2017-05-01,ACTIVE,FTE,681,484,335,779.0
829,Riya,Chandra,riya.chandra829@example.com,+91-9329672688,M,1990-09-05,2021-07-23,ACTIVE,FTE,859,535,325,620.0
830,Yuvraj,Bhandari,yuvraj.bhandari830@example.com,+91-9800178588,F,1974-09-22,2022-06-09,ACTIVE,FTE,808,257,702,446.0
831,Reyansh,Patel,reyansh.patel831@example.com,+91-9510660521,F,1989-11-20,2022-12-06,ACTIVE,FTE,435,219,632,196.0
832,Reyansh,Thakur,reyansh.thakur832@example.com,+91-9372473079,O,1965-09-23,2018-05-01,ACTIVE,FTE,6,601,318,378.0
833,Aarav,Gowda,aarav.gowda833@example.com,+91-9771378998,M,1983-08-01,2015-07-28,ACTIVE,FTE,408,45,713,281.0
834,Aisha,Saxena,aisha.saxena834@example.com,+91-9905935956,O,1967-01-27,2023-01-04,INACTIVE,FTE,503,178,485,664.0
835,Krishna,Sharma,krishna.sharma835@example.com,+91-9188932256,F,1990-02-23,2015-06-29,ACTIVE,FTE,723,754,182,135.0
836,Ishaan,Sharma,ishaan.sharma836@example.com,+91-9117904060,F,1995-03-05,2016-01-23,ACTIVE,CONTRACTOR,285,874,199,756.0
837,Anaya,Pandey,anaya.pandey837@example.com,+91-9819021738,M,1976-07-07,2024-12-25,ACTIVE,FTE,15,964,681,684.0
838,Arjun,Singh,arjun.singh838@example.com,+91-9642739803,F,1999-02-17,2017-07-05,ACTIVE,FTE,455,46,283,706.0
839,Reyansh,Joshi,reyansh.joshi839@example.com,+91-9707941115,F,1965-03-22,2020-04-17,ACTIVE,FTE,350,478,582,89.0
840,Sai,Reddy,sai.reddy840@example.com,+91-9281822972,M,1971-03-01,2018-02-08,ACTIVE,FTE,606,642,989,
841,Dhruv,Joshi,dhruv.joshi841@example.com,+91-9902523694,O,1990-06-27,2022-10-31,ACTIVE,FTE,253,316,858,196.0
842,Rohan,Mishra,rohan.mishra842@example.com,+91-9392916147,M,1968-08-18,2021-06-14,ACTIVE,FTE,144,579,324,193.0
843,Reyansh,Mishra,reyansh.mishra843@example.com,+91-9582832859,O,1982-08-26,2022-06-24,ACTIVE,FTE,593,373,358,536.0
844,Aryan,Sharma,aryan.sharma844@example.com,+91-9954989911,F,2004-10-28,2021-07-24,ACTIVE,FTE,720,445,356,699.0
845,Dhruv,Ghosh,dhruv.ghosh845@example.com,+91-9602176380,F,1999-04-14,2024-05-20,LEAVE,FTE,93,526,792,224.0
846,Vivaan,Thakur,vivaan.thakur846@example.com,+91-9505777943,O,1972-11-05,2023-10-18,ACTIVE,FTE,144,479,601,578.0
847,Aditi,Pandey,aditi.pandey847@example.com,+91-9459394784,F,1967-04-22,2020-06-26,ACTIVE,FTE,891,923,9,487.0
848,Krishna,Khan,krishna.khan848@example.com,+91-9737346037,O,1989-05-13,2020-03-18,ACTIVE,FTE,771,23,450,468.0
849,Navya,Das,navya.das849@example.com,+91-9422308625,M,1992-03-05,2023-01-21,LEAVE,FTE,383,616,346,411.0
850,Kabir,Mukherjee,kabir.mukherjee850@example.com,+91-9649975232,M,1999-07-02,2016-11-01,ACTIVE,FTE,977,592,411,168.0
851,Om,Pandey,om.pandey851@example.com,+91-9197064811,F,2000-08-31,2018-05-18,INACTIVE,FTE,143,134,680,56.0
852,Shaurya,Pillai,shaurya.pillai852@example.com,+91-9430204342,M,1988-07-21,2022-10-21,ACTIVE,FTE,675,152,206,309.0
853,Reyansh,Jadhav,reyansh.jadhav853@example.com,+91-9612544312,M,1978-11-02,2022-06-05,ACTIVE,FTE,702,569,866,6.0
854,Diya,Reddy,diya.reddy854@example.com,+91-9858302352,M,1997-01-14,2024-05-09,ACTIVE,FTE,935,484,685,475.0
855,Krishna,Chandra,krishna.chandra855@example.com,+91-9884231079,F,1973-09-29,2020-06-01,ACTIVE,FTE,792,335,920,691.0
856,Ishita,Chandra,ishita.chandra856@example.com,+91-9291297872,M,2001-05-07,2016-03-21,ACTIVE,FTE,994,601,28,624.0
857,Aadhya,Naidu,aadhya.naidu857@example.com,+91-9347039512,M,1988-02-17,2023-07-13,LEAVE,FTE,770,408,937,
858,Kiara,Singh,kiara.singh858@example.com,+91-9434032573,F,1968-01-05,2018-08-05,ACTIVE,FTE,394,670,185,292.0
859,Saanvi,Sharma,saanvi.sharma859@example.com,+91-9471822692,O,1982-10-06,2022-03-05,ACTIVE,FTE,530,855,109,85.0
860,Krishna,Joshi,krishna.joshi860@example.com,+91-9802030905,O,1992-07-11,2015-03-17,ACTIVE,FTE,520,394,703,498.0
861,Aarohi,Desai,aarohi.desai861@example.com,+91-9639084522,F,1968-09-16,2020-02-26,ACTIVE,FTE,119,619,827,462.0
862,Saanvi,Bhandari,saanvi.bhandari862@example.com,+91-9185909132,M,1987-10-21,2024-02-07,INACTIVE,FTE,184,435,545,691.0
863,Aarav,Ghosh,aarav.ghosh863@example.com,+91-9402488060,M,1982-07-19,2018-05-12,ACTIVE,FTE,894,466,446,
864,Ishaan,Bose,ishaan.bose864@example.com,+91-9417982686,M,1998-04-27,2022-10-30,ACTIVE,CONTRACTOR,703,379,259,692.0
865,Zara,Kulkarni,zara.kulkarni865@example.com,+91-9219919013,F,1977-03-01,2019-12-28,ACTIVE,FTE,333,305,652,
866,Vivaan,Yadav,vivaan.yadav866@example.com,+91-9394952837,F,1991-12-18,2019-03-25,ACTIVE,FTE,130,745,149,442.0
867,Pari,Bhandari,pari.bhandari867@example.com,+91-9784848085,M,1981-08-12,2023-11-28,ACTIVE,FTE,335,382,40,742.0
868,Myra,Verma,myra.verma868@example.com,+91-9375799180,O,1970-05-12,2020-09-29,INACTIVE,FTE,433,411,23,765.0
869,Sai,Saxena,sai.saxena869@example.com,+91-9361727150,O,1994-07-01,2016-12-24,ACTIVE,FTE,311,631,527,813.0
870,Aditya,Naidu,aditya.naidu870@example.com,+91-9638549262,O,2004-01-07,2023-01-17,ACTIVE,CONTRACTOR,282,765,706,284.0
871,Vivaan,Gowda,vivaan.gowda871@example.com,+91-9239336198,F,1992-02-18,2018-01-31,ACTIVE,FTE,417,213,20,673.0
872,Yuvraj,Mehta,yuvraj.mehta872@example.com,+91-9864540259,O,1986-08-26,2016-08-26,ACTIVE,FTE,333,227,66,746.0
873,Pari,Rao,pari.rao873@example.com,+91-9471907995,F,1993-08-20,2025-02-15,ACTIVE,FTE,953,572,13,328.0
874,Shaurya,Mehta,shaurya.mehta874@example.com,+91-9713442972,M,1998-12-16,2018-08-01,ACTIVE,FTE,400,262,413,
875,Kiara,Yadav,kiara.yadav875@example.com,+91-9824240334,F,1988-07-01,2016-05-31,ACTIVE,INTERN,379,312,299,463.0
876,Vihaan,Gupta,vihaan.gupta876@example.com,+91-9697472351,O,2004-10-21,2017-11-02,ACTIVE,FTE,426,784,24,291.0
877,Kiara,Jadhav,kiara.jadhav877@example.com,+91-9218791028,O,1990-07-16,2024-02-23,ACTIVE,FTE,871,127,100,217.0
878,Dev,Khan,dev.khan878@example.com,+91-9927317727,F,1975-10-30,2021-10-28,ACTIVE,FTE,223,429,923,328.0
879,Krishna,Pawar,krishna.pawar879@example.com,+91-9987059388,F,1986-08-17,2023-07-19,ACTIVE,FTE,880,414,507,294.0
880,Aryan,Thakur,aryan.thakur880@example.com,+91-9205573615,F,1977-02-01,2021-10-21,ACTIVE,FTE,343,782,476,700.0
881,Aditi,Joshi,aditi.joshi881@example.com,+91-9186442457,O,1993-06-14,2022-02-12,ACTIVE,FTE,634,230,142,516.0
882,Aisha,Das,aisha.das882@example.com,+91-9124394894,O,1992-10-26,2015-05-22,ACTIVE,FTE,583,641,484,380.0
883,Ishita,Pandey,ishita.pandey883@example.com,+91-9288131372,F,1991-07-01,2024-05-23,ACTIVE,FTE,936,166,469,246.0
884,Mohammed,Ghosh,mohammed.ghosh884@example.com,+91-9576368989,M,1974-01-11,2019-12-26,ACTIVE,FTE,592,473,471,618.0
885,Reyansh,Mehta,reyansh.mehta885@example.com,+91-9875291270,M,1999-01-15,2016-11-21,ACTIVE,FTE,894,943,931,474.0
886,Aarav,Das,aarav.das886@example.com,+91-9868773997,O,1967-03-15,2021-11-29,LEAVE,INTERN,883,395,73,267.0
887,Ishaan,Bhandari,ishaan.bhandari887@example.com,+91-9878624463,M,2001-05-08,2015-05-28,ACTIVE,FTE,62,300,832,843.0
888,Aadhya,Chandra,aadhya.chandra888@example.com,+91-9909148057,M,1999-10-24,2022-06-27,ACTIVE,FTE,150,868,269,594.0
889,Aryan,Naidu,aryan.naidu889@example.com,+91-9789380446,O,1993-02-05,2020-10-12,ACTIVE,FTE,495,216,271,
890,Arjun,Mehta,arjun.mehta890@example.com,+91-9376941383,O,1998-06-15,2019-03-01,ACTIVE,FTE,706,456,339,717.0
891,Yuvraj,Gowda,yuvraj.gowda891@example.com,+91-9412693268,F,1967-06-08,2017-05-20,ACTIVE,FTE,227,902,380,731.0
892,Aryan,Rao,aryan.rao892@example.com,+91-9752243849,F,1985-09-27,2023-02-01,ACTIVE,FTE,159,762,825,151.0
893,Myra,Kulkarni,myra.kulkarni893@example.com,+91-9646096027,O,1980-07-05,2015-06-24,LEAVE,FTE,152,599,13,739.0
894,Mira,Chandra,mira.chandra894@example.com,+91-9661929277,F,1997-06-17,2025-07-09,INACTIVE,INTERN,660,160,602,322.0
895,Myra,Bose,myra.bose895@example.com,+91-9169527574,F,1998-01-08,2017-11-16,INACTIVE,FTE,496,919,389,
896,Kabir,Mishra,kabir.mishra896@example.com,+91-9635571949,F,1979-01-18,2018-10-25,ACTIVE,FTE,747,809,123,366.0
897,Aisha,Thakur,aisha.thakur897@example.com,+91-9453814126,O,1965-10-31,2023-12-01,INACTIVE,FTE,373,681,34,102.0
898,Arjun,Kulkarni,arjun.kulkarni898@example.com,+91-9708491814,O,2002-08-26,2024-02-05,LEAVE,FTE,82,994,818,
899,Ritvik,Jadhav,ritvik.jadhav899@example.com,+91-9143199628,O,1982-06-05,2018-02-09,ACTIVE,FTE,251,234,707,182.0
900,Yuvraj,Yadav,yuvraj.yadav900@example.com,+91-9425086999,M,1983-11-19,2016-07-21,ACTIVE,FTE,940,66,928,536.0
901,Dhruv,Jadhav,dhruv.jadhav901@example.com,+91-9948273358,O,1981-08-08,2024-12-18,ACTIVE,FTE,101,550,903,327.0
902,Arjun,Singh,arjun.singh902@example.com,+91-9422080630,O,1997-07-20,2016-12-24,ACTIVE,FTE,103,556,604,499.0
903,Aarav,Rao,aarav.rao903@example.com,+91-9911258168,F,1994-03-31,2016-11-23,ACTIVE,FTE,659,200,604,630.0
904,Aarav,Kulkarni,aarav.kulkarni904@example.com,+91-9421733069,F,1992-09-16,2025-03-25,ACTIVE,FTE,337,520,495,661.0
905,Zara,Jadhav,zara.jadhav905@example.com,+91-9623535512,M,1988-03-20,2019-09-07,ACTIVE,FTE,641,451,115,187.0
906,Anaya,Pandey,anaya.pandey906@example.com,+91-9575880586,F,1999-09-04,2023-01-02,ACTIVE,FTE,779,443,690,883.0
907,Zara,Saxena,zara.saxena907@example.com,+91-9669512145,F,1977-06-06,2018-04-17,ACTIVE,FTE,219,315,514,785.0
908,Krishna,Pawar,krishna.pawar908@example.com,+91-9284444459,M,1985-06-03,2025-05-15,ACTIVE,FTE,332,161,197,805.0
909,Meera,Pawar,meera.pawar909@example.com,+91-9389247995,M,1975-09-11,2020-07-16,INACTIVE,INTERN,670,610,808,744.0
910,Samar,Chauhan,samar.chauhan910@example.com,+91-9556660155,O,1985-08-30,2021-04-23,ACTIVE,FTE,363,850,764,316.0
911,Aarohi,Mukherjee,aarohi.mukherjee911@example.com,+91-9590581599,F,1993-05-21,2015-02-05,ACTIVE,FTE,992,419,363,144.0
912,Vihaan,Saxena,vihaan.saxena912@example.com,+91-9510605678,F,1978-10-06,2018-07-20,ACTIVE,FTE,853,383,25,810.0
913,Riya,Yadav,riya.yadav913@example.com,+91-9876153361,F,1978-07-29,2018-08-28,ACTIVE,FTE,281,110,77,334.0
914,Aditi,Chauhan,aditi.chauhan914@example.com,+91-9502673550,M,1968-02-18,2021-08-20,ACTIVE,CONTRACTOR,499,256,287,601.0
915,Krishna,Sharma,krishna.sharma915@example.com,+91-9179444831,F,1988-04-27,2019-09-12,ACTIVE,FTE,292,114,484,768.0
916,Anika,Saxena,anika.saxena916@example.com,+91-9686891329,O,1975-05-01,2017-07-23,ACTIVE,FTE,576,91,449,587.0
917,Samar,Yadav,samar.yadav917@example.com,+91-9893557750,F,2001-02-19,2019-12-16,ACTIVE,FTE,789,70,892,729.0
918,Aadhya,Pandey,aadhya.pandey918@example.com,+91-9378126858,F,1995-05-05,2018-08-27,ACTIVE,FTE,472,371,342,721.0
919,Ishita,Das,ishita.das919@example.com,+91-9667362369,M,1966-07-30,2017-05-21,ACTIVE,FTE,406,826,499,852.0
920,Aanya,Naidu,aanya.naidu920@example.com,+91-9628291148,F,1966-02-07,2024-08-16,ACTIVE,FTE,517,895,818,552.0
921,Aisha,Ghosh,aisha.ghosh921@example.com,+91-9194199647,O,1969-07-27,2016-04-14,ACTIVE,INTERN,800,116,545,526.0
922,Pari,Gowda,pari.gowda922@example.com,+91-9263429209,O,1977-12-28,2016-03-30,ACTIVE,FTE,284,477,463,757.0
923,Ira,Iyer,ira.iyer923@example.com,+91-9123067767,F,1977-05-13,2024-10-14,ACTIVE,FTE,710,758,840,911.0
924,Aisha,Mishra,aisha.mishra924@example.com,+91-9339326299,O,1965-06-07,2025-08-11,LEAVE,FTE,231,331,438,877.0
925,Anaya,Yadav,anaya.yadav925@example.com,+91-9263858136,M,1996-02-25,2018-05-29,ACTIVE,FTE,364,915,902,591.0
926,Shaurya,Singh,shaurya.singh926@example.com,+91-9474220071,M,1985-12-29,2018-02-02,ACTIVE,FTE,968,865,41,554.0
927,Anaya,Bose,anaya.bose927@example.com,+91-9929299488,F,1986-06-17,2018-11-30,ACTIVE,FTE,168,435,278,223.0
928,Vihaan,Gupta,vihaan.gupta928@example.com,+91-9508469182,M,1994-12-02,2017-02-03,LEAVE,FTE,455,889,762,214.0
929,Sara,Mehta,sara.mehta929@example.com,+91-9720948691,O,1992-03-01,2018-05-19,ACTIVE,FTE,835,128,96,519.0
930,Mira,Reddy,mira.reddy930@example.com,+91-9305064440,M,1976-02-01,2018-07-26,ACTIVE,FTE,620,367,768,426.0
931,Sai,Pillai,sai.pillai931@example.com,+91-9962656713,F,1999-07-01,2021-02-14,ACTIVE,FTE,968,468,17,
932,Aarohi,Bose,aarohi.bose932@example.com,+91-9346272168,O,1971-10-24,2021-01-12,ACTIVE,FTE,67,445,969,308.0
933,Sai,Joshi,sai.joshi933@example.com,+91-9367359701,M,1991-07-09,2023-01-07,ACTIVE,INTERN,748,663,919,145.0
934,Aisha,Patel,aisha.patel934@example.com,+91-9894407040,O,1973-09-16,2023-10-28,ACTIVE,FTE,781,40,63,215.0
935,Dev,Naidu,dev.naidu935@example.com,+91-9817976597,M,1993-03-26,2017-09-05,ACTIVE,FTE,532,989,156,830.0
936,Aadhya,Pandey,aadhya.pandey936@example.com,+91-9767774608,F,1972-06-11,2017-10-05,ACTIVE,FTE,414,641,383,272.0
937,Vihaan,Pillai,vihaan.pillai937@example.com,+91-9679256785,F,1966-10-05,2020-08-22,ACTIVE,FTE,753,893,148,48.0
938,Ishita,Das,ishita.das938@example.com,+91-9220699944,F,2000-09-28,2017-11-20,ACTIVE,FTE,919,229,95,68.0
939,Pari,Desai,pari.desai939@example.com,+91-9375803064,M,2001-07-11,2022-06-29,ACTIVE,FTE,653,1,319,922.0
940,Anaya,Pawar,anaya.pawar940@example.com,+91-9713363781,M,2001-09-30,2021-03-21,INACTIVE,FTE,99,490,505,873.0
941,Rohan,Jadhav,rohan.jadhav941@example.com,+91-9533618323,F,2000-01-11,2017-03-17,ACTIVE,FTE,676,85,762,
942,Meera,Reddy,meera.reddy942@example.com,+91-9734350194,O,1981-12-31,2018-11-06,ACTIVE,FTE,309,337,728,685.0
943,Mira,Rao,mira.rao943@example.com,+91-9903090102,F,1983-02-25,2017-03-29,ACTIVE,FTE,149,594,755,36.0
944,Aditya,Pillai,aditya.pillai944@example.com,+91-9112576213,O,1978-06-20,2018-02-05,ACTIVE,FTE,856,814,244,331.0
945,Saanvi,Chauhan,saanvi.chauhan945@example.com,+91-9767129282,F,1988-05-27,2018-03-12,ACTIVE,FTE,592,416,463,465.0
946,Zara,Mehta,zara.mehta946@example.com,+91-9966497303,F,1973-01-07,2019-10-02,ACTIVE,FTE,346,346,914,350.0
947,Riya,Mehta,riya.mehta947@example.com,+91-9235536465,M,1971-07-27,2020-10-28,ACTIVE,FTE,801,375,437,557.0
948,Kabir,Mehta,kabir.mehta948@example.com,+91-9189085397,O,1972-07-25,2017-01-17,ACTIVE,FTE,895,356,315,567.0
949,Reyansh,Chandra,reyansh.chandra949@example.com,+91-9664331521,O,1999-10-08,2018-04-25,ACTIVE,FTE,795,18,204,363.0
950,Shaurya,Rao,shaurya.rao950@example.com,+91-9279050174,F,2001-02-08,2023-12-07,ACTIVE,FTE,553,236,711,544.0
951,Aryan,Reddy,aryan.reddy951@example.com,+91-9555283435,M,1976-04-09,2025-07-08,ACTIVE,CONTRACTOR,734,156,554,625.0
952,Yuvraj,Sharma,yuvraj.sharma952@example.com,+91-9874755886,F,1992-04-12,2020-01-17,ACTIVE,FTE,432,916,488,140.0
953,Aarav,Iyer,aarav.iyer953@example.com,+91-9910857149,F,1982-02-07,2024-06-15,ACTIVE,FTE,752,628,609,61.0
954,Rohan,Gupta,rohan.gupta954@example.com,+91-9549907786,F,1997-09-23,2017-09-22,ACTIVE,FTE,974,249,401,662.0
955,Aditi,Singh,aditi.singh955@example.com,+91-9894198488,O,1981-12-01,2020-12-17,ACTIVE,INTERN,283,144,915,744.0
956,Shaurya,Singh,shaurya.singh956@example.com,+91-9210179022,O,1995-03-05,2017-06-03,ACTIVE,FTE,12,653,121,537.0
957,Ishita,Chauhan,ishita.chauhan957@example.com,+91-9909870047,O,1980-10-19,2022-06-16,ACTIVE,FTE,761,625,466,902.0
958,Ira,Pandey,ira.pandey958@example.com,+91-9862099714,O,1983-07-09,2015-09-12,ACTIVE,CONTRACTOR,116,642,478,173.0
959,Kiara,Mukherjee,kiara.mukherjee959@example.com,+91-9359085951,O,1984-10-23,2018-10-27,ACTIVE,FTE,750,618,983,372.0
960,Kiara,Saxena,kiara.saxena960@example.com,+91-9370229471,O,1994-06-07,2022-03-05,ACTIVE,FTE,789,287,863,283.0
961,Aanya,Ghosh,aanya.ghosh961@example.com,+91-9631476522,M,1993-07-23,2019-04-11,INACTIVE,FTE,104,731,826,600.0
962,Aditi,Desai,aditi.desai962@example.com,+91-9751361677,O,1983-02-01,2016-10-08,INACTIVE,FTE,500,575,622,385.0
963,Myra,Sharma,myra.sharma963@example.com,+91-9356210171,F,1972-05-03,2025-01-16,LEAVE,FTE,101,590,98,783.0
964,Aditi,Pawar,aditi.pawar964@example.com,+91-9661315067,M,1993-09-15,2021-09-12,ACTIVE,FTE,663,808,451,588.0
965,Aarohi,Saxena,aarohi.saxena965@example.com,+91-9542536154,M,1994-05-21,2015-06-09,ACTIVE,FTE,646,969,337,
966,Pari,Bose,pari.bose966@example.com,+91-9151323907,F,1982-04-03,2021-02-06,ACTIVE,FTE,997,989,255,803.0
967,Pari,Bhandari,pari.bhandari967@example.com,+91-9474241052,M,1982-11-29,2017-09-24,ACTIVE,FTE,561,664,330,772.0
968,Kiara,Bose,kiara.bose968@example.com,+91-9428388010,M,1971-01-18,2020-09-04,ACTIVE,FTE,825,857,990,849.0
969,Sai,Joshi,sai.joshi969@example.com,+91-9621237911,F,1992-08-19,2020-04-28,ACTIVE,FTE,775,392,208,725.0
970,Ira,Pillai,ira.pillai970@example.com,+91-9643441434,O,1994-10-16,2021-02-24,ACTIVE,INTERN,331,17,115,318.0
971,Riya,Mishra,riya.mishra971@example.com,+91-9742064735,O,2003-02-07,2024-02-27,ACTIVE,FTE,78,204,96,
972,Aarohi,Bose,aarohi.bose972@example.com,+91-9890577157,F,1982-12-04,2017-06-24,ACTIVE,FTE,407,137,944,866.0
973,Meera,Rao,meera.rao973@example.com,+91-9128302963,F,1970-08-06,2020-07-05,INACTIVE,FTE,42,252,562,281.0
974,Kabir,Saxena,kabir.saxena974@example.com,+91-9361649622,M,1979-11-26,2019-03-05,INACTIVE,FTE,832,222,149,
975,Meera,Chauhan,meera.chauhan975@example.com,+91-9529085310,O,1994-11-15,2022-01-19,ACTIVE,INTERN,197,423,191,595.0
976,Aisha,Pandey,aisha.pandey976@example.com,+91-9352013447,F,1991-05-06,2019-06-13,ACTIVE,INTERN,823,821,270,374.0
977,Zara,Naidu,zara.naidu977@example.com,+91-9203746446,O,1970-03-30,2017-04-15,ACTIVE,FTE,720,253,815,132.0
978,Saanvi,Yadav,saanvi.yadav978@example.com,+91-9981625287,M,1986-05-02,2016-10-13,ACTIVE,FTE,738,357,735,568.0
979,Pari,Kulkarni,pari.kulkarni979@example.com,+91-9123745996,O,2004-01-30,2015-11-27,ACTIVE,FTE,606,447,67,176.0
980,Sara,Yadav,sara.yadav980@example.com,+91-9871879492,F,1968-12-01,2020-11-29,ACTIVE,FTE,66,699,363,
981,Aisha,Kulkarni,aisha.kulkarni981@example.com,+91-9432672358,O,1966-11-17,2025-03-03,ACTIVE,FTE,966,137,406,463.0
982,Om,Ghosh,om.ghosh982@example.com,+91-9730149505,F,1980-10-29,2024-09-10,ACTIVE,FTE,417,148,785,698.0
983,Aarav,Gowda,aarav.gowda983@example.com,+91-9273094934,O,1968-08-09,2021-02-04,ACTIVE,FTE,73,629,66,748.0
984,Mohammed,Jadhav,mohammed.jadhav984@example.com,+91-9533314189,O,1977-03-16,2018-01-31,ACTIVE,CONTRACTOR,747,123,340,
985,Myra,Pillai,myra.pillai985@example.com,+91-9859417815,F,1992-09-26,2021-06-27,ACTIVE,FTE,352,188,99,182.0
986,Samar,Chauhan,samar.chauhan986@example.com,+91-9585038697,M,1971-03-06,2018-02-20,ACTIVE,FTE,360,663,649,
987,Mira,Kulkarni,mira.kulkarni987@example.com,+91-9113506041,M,1966-05-23,2025-04-24,ACTIVE,FTE,700,383,98,542.0
988,Anaya,Chandra,anaya.chandra988@example.com,+91-9783417080,O,1985-11-04,2015-06-21,ACTIVE,FTE,384,880,72,194.0
989,Kiara,Khan,kiara.khan989@example.com,+91-9289975300,F,2001-06-03,2018-09-18,INACTIVE,FTE,700,935,159,588.0
990,Reyansh,Verma,reyansh.verma990@example.com,+91-9966729585,F,1975-02-17,2022-07-28,ACTIVE,FTE,551,910,982,124.0
991,Dev,Reddy,dev.reddy991@example.com,+91-9462276937,F,1988-10-02,2018-01-26,ACTIVE,FTE,103,510,198,628.0
992,Riya,Saxena,riya.saxena992@example.com,+91-9977875748,F,1991-06-18,2022-08-15,INACTIVE,FTE,68,347,253,246.0
993,Mohammed,Pillai,mohammed.pillai993@example.com,+91-9859819906,O,1992-07-06,2015-09-16,ACTIVE,CONTRACTOR,944,492,831,676.0
994,Krishna,Bose,krishna.bose994@example.com,+91-9523252826,O,2000-05-17,2016-07-19,ACTIVE,FTE,540,577,589,535.0
995,Mohammed,Mishra,mohammed.mishra995@example.com,+91-9188464399,F,1986-10-19,2017-04-21,ACTIVE,FTE,967,642,437,387.0
996,Vihaan,Chauhan,vihaan.chauhan996@example.com,+91-9834495667,O,1972-02-06,2020-06-20,ACTIVE,FTE,314,510,806,790.0
997,Aditya,Verma,aditya.verma997@example.com,+91-9788195959,F,1967-11-01,2018-03-14,INACTIVE,FTE,602,766,922,178.0
998,Aditya,Yadav,aditya.yadav998@example.com,+91-9986260331,O,1966-11-27,2015-10-21,INACTIVE,FTE,361,988,551,
999,Navya,Das,navya.das999@example.com,+91-9590951003,M,1999-08-06,2023-11-30,LEAVE,FTE,698,716,46,102.0
1000,Kabir,Bhandari,kabir.bhandari1000@example.com,+91-9509620403,M,1986-10-19,2016-03-29,ACTIVE,FTE,585,656,628,
1001,Ishaan,Thakur,ishaan.thakur1001@example.com,+91-9987525153,M,1984-10-06,2015-01-30,INACTIVE,FTE,938,852,339,400.0
1002,Aadhya,Thakur,aadhya.thakur1002@example.com,+91-9830569336,O,1992-05-09,2015-10-06,ACTIVE,FTE,637,685,265,433.0
1003,Om,Singh,om.singh1003@example.com,+91-9976951400,F,1983-07-21,2021-12-17,ACTIVE,FTE,424,387,285,195.0
1004,Samar,Gowda,samar.gowda1004@example.com,+91-9222814992,M,1965-09-17,2021-09-23,ACTIVE,FTE,132,679,707,653.0
1005,Aryan,Pandey,aryan.pandey1005@example.com,+91-9846271216,F,1998-03-31,2016-02-18,ACTIVE,FTE,967,758,263,733.0
1006,Dev,Yadav,dev.yadav1006@example.com,+91-9317031248,M,1984-06-29,2019-11-05,LEAVE,FTE,780,123,405,906.0
1007,Riya,Bose,riya.bose1007@example.com,+91-9994528661,F,1998-11-21,2018-06-01,ACTIVE,INTERN,481,491,112,39.0
1008,Reyansh,Iyer,reyansh.iyer1008@example.com,+91-9811758502,O,1969-08-03,2019-02-11,ACTIVE,FTE,757,147,453,43.0
1009,Mohammed,Mukherjee,mohammed.mukherjee1009@example.com,+91-9288472839,F,1979-04-28,2020-05-29,ACTIVE,FTE,157,350,881,944.0
1010,Pari,Singh,pari.singh1010@example.com,+91-9460657669,O,1968-11-03,2021-08-28,ACTIVE,CONTRACTOR,518,66,231,200.0
1011,Sara,Patel,sara.patel1011@example.com,+91-9440970538,M,1994-12-24,2016-03-07,LEAVE,FTE,295,571,165,988.0
1012,Ishaan,Pawar,ishaan.pawar1012@example.com,+91-9141263927,M,1969-06-07,2021-12-22,ACTIVE,FTE,738,174,742,380.0
1013,Krishna,Pawar,krishna.pawar1013@example.com,+91-9341074444,O,1980-11-25,2015-02-06,ACTIVE,FTE,834,397,788,878.0
1014,Vivaan,Rao,vivaan.rao1014@example.com,+91-9836168115,O,2002-02-16,2016-04-04,ACTIVE,FTE,488,960,586,290.0
1015,Myra,Mehta,myra.mehta1015@example.com,+91-9587718440,O,1981-03-05,2023-05-07,ACTIVE,FTE,652,466,491,157.0
1016,Aadhya,Jadhav,aadhya.jadhav1016@example.com,+91-9894574943,M,1974-10-30,2019-11-18,ACTIVE,FTE,991,398,264,377.0
1017,Navya,Pillai,navya.pillai1017@example.com,+91-9234243734,O,1985-05-29,2017-06-13,ACTIVE,FTE,901,555,873,412.0
1018,Diya,Singh,diya.singh1018@example.com,+91-9462711422,F,1992-08-13,2022-03-01,INACTIVE,FTE,464,455,976,373.0
1019,Aarohi,Gupta,aarohi.gupta1019@example.com,+91-9941948641,O,2001-01-23,2018-07-03,ACTIVE,FTE,583,200,971,676.0
1020,Aadhya,Pandey,aadhya.pandey1020@example.com,+91-9604908250,M,1996-07-14,2024-04-29,LEAVE,FTE,384,660,315,145.0
1021,Zara,Joshi,zara.joshi1021@example.com,+91-9333193248,F,1995-10-13,2020-02-10,INACTIVE,INTERN,891,639,423,
1022,Riya,Pandey,riya.pandey1022@example.com,+91-9709233495,O,1975-09-01,2021-07-15,INACTIVE,FTE,966,454,25,396.0
1023,Reyansh,Kulkarni,reyansh.kulkarni1023@example.com,+91-9363816732,O,2003-05-04,2017-08-26,ACTIVE,FTE,821,203,155,480.0
1024,Rohan,Mukherjee,rohan.mukherjee1024@example.com,+91-9204222330,M,1998-02-13,2020-05-18,ACTIVE,FTE,544,753,644,693.0
1025,Sai,Patel,sai.patel1025@example.com,+91-9328719736,F,1965-08-04,2015-11-24,ACTIVE,FTE,954,924,366,309.0
1026,Arjun,Naidu,arjun.naidu1026@example.com,+91-9961501642,O,1986-06-21,2024-12-04,INACTIVE,FTE,347,721,180,208.0
1027,Aryan,Pandey,aryan.pandey1027@example.com,+91-9851471754,F,1975-05-07,2017-10-11,ACTIVE,FTE,634,420,163,962.0
1028,Ritvik,Reddy,ritvik.reddy1028@example.com,+91-9923708262,M,1974-12-24,2022-07-27,ACTIVE,FTE,902,391,485,350.0
1029,Aditi,Bhandari,aditi.bhandari1029@example.com,+91-9464832392,M,1989-08-30,2022-07-02,ACTIVE,FTE,916,21,994,705.0
1030,Aadhya,Iyer,aadhya.iyer1030@example.com,+91-9780991511,F,1977-01-23,2017-04-18,ACTIVE,FTE,939,154,114,404.0
1031,Dev,Bhandari,dev.bhandari1031@example.com,+91-9492147671,F,1970-08-27,2021-01-13,ACTIVE,FTE,17,637,913,347.0
1032,Mohammed,Verma,mohammed.verma1032@example.com,+91-9356413764,O,1984-01-27,2023-11-08,INACTIVE,FTE,327,928,171,
1033,Om,Kulkarni,om.kulkarni1033@example.com,+91-9691926077,M,1995-07-21,2022-05-14,ACTIVE,FTE,778,673,470,682.0
1034,Rohan,Bose,rohan.bose1034@example.com,+91-9848243535,F,1965-09-23,2024-10-04,ACTIVE,FTE,927,482,390,554.0
1035,Ira,Naidu,ira.naidu1035@example.com,+91-9624877670,F,1999-11-19,2022-03-22,ACTIVE,FTE,966,355,737,396.0
1036,Yuvraj,Iyer,yuvraj.iyer1036@example.com,+91-9965679279,M,1995-08-13,2016-06-10,ACTIVE,CONTRACTOR,883,522,918,264.0
1037,Ritvik,Iyer,ritvik.iyer1037@example.com,+91-9876430355,M,1977-01-20,2021-05-09,ACTIVE,FTE,243,798,90,20.0
1038,Ira,Bose,ira.bose1038@example.com,+91-9757736858,M,1969-10-16,2017-08-28,ACTIVE,INTERN,993,472,647,217.0
1039,Aditya,Bhandari,aditya.bhandari1039@example.com,+91-9564897319,O,1974-06-10,2018-05-24,INACTIVE,CONTRACTOR,191,94,736,8.0
1040,Kabir,Singh,kabir.singh1040@example.com,+91-9750105387,O,1968-05-27,2016-05-08,ACTIVE,FTE,198,488,838,1015.0
1041,Reyansh,Chauhan,reyansh.chauhan1041@example.com,+91-9312300775,F,1984-08-08,2025-01-25,LEAVE,FTE,190,520,7,
1042,Shaurya,Pandey,shaurya.pandey1042@example.com,+91-9912056164,M,2001-11-19,2024-10-15,INACTIVE,FTE,720,780,78,659.0
1043,Aryan,Chandra,aryan.chandra1043@example.com,+91-9669674636,M,1985-03-12,2025-03-26,ACTIVE,FTE,224,437,257,494.0
1044,Samar,Mishra,samar.mishra1044@example.com,+91-9185847386,O,1975-12-23,2016-02-06,ACTIVE,FTE,925,751,62,881.0
1045,Sara,Patel,sara.patel1045@example.com,+91-9711175063,F,1971-01-03,2020-06-01,ACTIVE,CONTRACTOR,371,715,698,135.0
1046,Anaya,Mehta,anaya.mehta1046@example.com,+91-9344932992,O,1989-05-15,2023-03-05,ACTIVE,FTE,501,321,560,390.0
1047,Aryan,Sharma,aryan.sharma1047@example.com,+91-9597812327,F,1989-01-06,2021-12-20,ACTIVE,FTE,946,816,867,826.0
1048,Sara,Gupta,sara.gupta1048@example.com,+91-9528872082,F,1974-09-02,2021-07-23,ACTIVE,FTE,143,808,325,306.0
1049,Aarav,Desai,aarav.desai1049@example.com,+91-9462189456,M,1976-10-04,2017-07-27,ACTIVE,FTE,98,17,401,555.0
1050,Vihaan,Chauhan,vihaan.chauhan1050@example.com,+91-9564775853,F,1991-09-10,2017-09-10,ACTIVE,INTERN,563,285,234,1023.0
1051,Aryan,Chauhan,aryan.chauhan1051@example.com,+91-9352492987,O,1969-01-25,2021-01-04,INACTIVE,FTE,332,723,489,290.0
1052,Kiara,Pillai,kiara.pillai1052@example.com,+91-9756729233,M,1979-09-23,2022-01-31,ACTIVE,INTERN,647,163,347,879.0
1053,Ishita,Gupta,ishita.gupta1053@example.com,+91-9167779949,M,2001-01-16,2019-10-18,ACTIVE,FTE,706,885,132,970.0
1054,Sara,Naidu,sara.naidu1054@example.com,+91-9944826660,F,1993-05-18,2019-03-10,ACTIVE,FTE,240,932,893,976.0
1055,Riya,Ghosh,riya.ghosh1055@example.com,+91-9860321828,O,2004-04-12,2020-08-19,ACTIVE,CONTRACTOR,989,330,801,469.0
1056,Meera,Jadhav,meera.jadhav1056@example.com,+91-9905512878,M,1981-12-14,2023-04-24,ACTIVE,CONTRACTOR,321,524,902,
1057,Meera,Ghosh,meera.ghosh1057@example.com,+91-9582630761,F,1970-07-14,2024-01-02,ACTIVE,FTE,913,970,982,138.0
1058,Mohammed,Pillai,mohammed.pillai1058@example.com,+91-9482433311,O,1983-10-19,2017-06-08,ACTIVE,FTE,486,253,229,671.0
1059,Saanvi,Yadav,saanvi.yadav1059@example.com,+91-9741654357,O,1974-12-11,2019-08-22,INACTIVE,FTE,322,620,905,386.0
1060,Ishaan,Mishra,ishaan.mishra1060@example.com,+91-9420165131,F,1969-02-14,2018-04-26,ACTIVE,FTE,255,810,386,23.0
1061,Dhruv,Gupta,dhruv.gupta1061@example.com,+91-9579624470,O,1985-02-24,2015-06-07,ACTIVE,FTE,432,81,378,303.0
1062,Myra,Yadav,myra.yadav1062@example.com,+91-9405761709,M,1975-09-07,2025-02-07,ACTIVE,FTE,960,281,467,929.0
1063,Aditi,Gupta,aditi.gupta1063@example.com,+91-9690694502,M,1986-12-20,2015-04-16,ACTIVE,CONTRACTOR,566,489,378,769.0
1064,Navya,Joshi,navya.joshi1064@example.com,+91-9649442680,M,1987-01-16,2021-09-23,ACTIVE,FTE,779,36,660,81.0
1065,Rohan,Chauhan,rohan.chauhan1065@example.com,+91-9483412842,F,1969-05-07,2016-02-26,ACTIVE,FTE,168,963,731,738.0
1066,Sai,Desai,sai.desai1066@example.com,+91-9688515227,M,1988-05-19,2016-03-08,ACTIVE,FTE,538,427,658,318.0
1067,Dhruv,Mehta,dhruv.mehta1067@example.com,+91-9156353302,O,1975-10-29,2016-12-17,ACTIVE,CONTRACTOR,233,246,58,50.0
1068,Kabir,Chauhan,kabir.chauhan1068@example.com,+91-9446765196,F,1967-11-20,2015-09-20,ACTIVE,FTE,157,978,892,655.0
1069,Aarohi,Patel,aarohi.patel1069@example.com,+91-9314881943,O,1999-09-22,2019-12-05,ACTIVE,FTE,714,425,564,
1070,Vivaan,Singh,vivaan.singh1070@example.com,+91-9526470378,M,1980-08-14,2024-11-30,ACTIVE,FTE,83,596,903,337.0
1071,Shaurya,Yadav,shaurya.yadav1071@example.com,+91-9459151333,M,1965-07-02,2025-08-05,ACTIVE,FTE,524,398,164,525.0
1072,Anaya,Pandey,anaya.pandey1072@example.com,+91-9926799099,F,1982-09-19,2021-09-05,ACTIVE,FTE,30,457,618,1049.0
1073,Dhruv,Khan,dhruv.khan1073@example.com,+91-9994351449,O,1972-09-02,2015-09-16,ACTIVE,FTE,956,896,211,612.0
1074,Dhruv,Pandey,dhruv.pandey1074@example.com,+91-9332793730,O,1985-08-24,2021-02-20,ACTIVE,FTE,236,581,912,517.0
1075,Vihaan,Mishra,vihaan.mishra1075@example.com,+91-9591649559,F,1965-11-04,2018-09-06,LEAVE,CONTRACTOR,212,512,970,671.0
1076,Ishita,Mukherjee,ishita.mukherjee1076@example.com,+91-9761822587,M,1976-03-31,2023-05-14,ACTIVE,FTE,815,684,878,160.0
1077,Aarav,Bose,aarav.bose1077@example.com,+91-9882487451,O,1967-02-15,2025-07-15,ACTIVE,FTE,281,953,1,782.0
1078,Aryan,Reddy,aryan.reddy1078@example.com,+91-9548273280,O,1968-08-23,2021-04-05,ACTIVE,FTE,434,760,898,574.0
1079,Vihaan,Mishra,vihaan.mishra1079@example.com,+91-9229198005,O,1967-05-20,2017-01-16,ACTIVE,FTE,953,955,909,420.0
1080,Vihaan,Pandey,vihaan.pandey1080@example.com,+91-9389982059,M,1997-06-05,2017-12-20,ACTIVE,FTE,241,467,891,560.0
1081,Aisha,Chauhan,aisha.chauhan1081@example.com,+91-9542837170,M,1969-04-22,2017-08-10,ACTIVE,FTE,387,31,39,954.0
1082,Aarav,Rao,aarav.rao1082@example.com,+91-9126213124,O,1967-12-31,2016-01-27,INACTIVE,CONTRACTOR,727,289,737,548.0
1083,Yuvraj,Bose,yuvraj.bose1083@example.com,+91-9700161968,O,1977-10-19,2018-12-30,ACTIVE,FTE,666,46,895,892.0
1084,Kiara,Pillai,kiara.pillai1084@example.com,+91-9500792887,O,1980-10-03,2015-10-21,ACTIVE,FTE,377,468,841,336.0
1085,Aadhya,Das,aadhya.das1085@example.com,+91-9601957311,F,2002-07-01,2024-03-14,ACTIVE,FTE,356,417,179,763.0
1086,Dev,Gupta,dev.gupta1086@example.com,+91-9485117575,O,1998-08-27,2024-03-23,ACTIVE,INTERN,89,617,260,682.0
1087,Pari,Mehta,pari.mehta1087@example.com,+91-9680047190,O,2001-09-11,2017-10-17,INACTIVE,FTE,941,881,641,700.0
1088,Aryan,Bose,aryan.bose1088@example.com,+91-9549872125,M,2004-01-16,2017-05-16,INACTIVE,FTE,845,710,406,
1089,Aanya,Yadav,aanya.yadav1089@example.com,+91-9834450885,O,1967-11-10,2023-11-03,ACTIVE,FTE,957,564,681,465.0
1090,Ira,Chauhan,ira.chauhan1090@example.com,+91-9335226149,O,1972-12-16,2020-07-15,ACTIVE,FTE,562,960,405,805.0
1091,Diya,Das,diya.das1091@example.com,+91-9869015924,M,1992-10-06,2016-10-23,ACTIVE,FTE,160,855,711,386.0
1092,Aanya,Pillai,aanya.pillai1092@example.com,+91-9986086066,M,1972-05-03,2023-06-05,ACTIVE,FTE,973,314,248,621.0
1093,Zara,Joshi,zara.joshi1093@example.com,+91-9171964161,F,1971-07-29,2018-04-01,ACTIVE,FTE,124,213,191,147.0
1094,Sara,Reddy,sara.reddy1094@example.com,+91-9426188391,F,1993-09-17,2021-01-30,ACTIVE,FTE,612,308,352,427.0
1095,Meera,Rao,meera.rao1095@example.com,+91-9852297344,F,1997-07-23,2025-06-17,ACTIVE,FTE,33,512,328,524.0
1096,Myra,Mukherjee,myra.mukherjee1096@example.com,+91-9129343354,F,2001-09-06,2016-08-31,ACTIVE,FTE,902,360,972,1005.0
1097,Vivaan,Chauhan,vivaan.chauhan1097@example.com,+91-9588215591,F,1970-11-29,2023-01-29,ACTIVE,FTE,252,742,851,193.0
1098,Ira,Jadhav,ira.jadhav1098@example.com,+91-9201955830,M,1996-12-08,2015-08-02,ACTIVE,FTE,721,876,463,841.0
1099,Rohan,Rao,rohan.rao1099@example.com,+91-9801907516,O,1966-12-03,2023-08-13,ACTIVE,FTE,475,282,714,1098.0
1100,Aditya,Kulkarni,aditya.kulkarni1100@example.com,+91-9411692921,O,2004-11-08,2017-01-01,ACTIVE,FTE,924,463,301,82.0
1101,Ira,Desai,ira.desai1101@example.com,+91-9932944604,O,1972-06-18,2017-08-19,INACTIVE,FTE,494,498,256,
1102,Reyansh,Mukherjee,reyansh.mukherjee1102@example.com,+91-9866466927,F,1990-08-21,2015-09-30,ACTIVE,FTE,887,700,598,469.0
1103,Ishaan,Reddy,ishaan.reddy1103@example.com,+91-9952913236,O,1976-03-11,2017-05-14,ACTIVE,INTERN,620,577,25,751.0
1104,Navya,Patel,navya.patel1104@example.com,+91-9171874723,M,2000-09-27,2021-04-07,ACTIVE,FTE,486,35,286,865.0
1105,Sai,Kulkarni,sai.kulkarni1105@example.com,+91-9273941155,M,1989-05-04,2023-01-28,ACTIVE,CONTRACTOR,929,951,897,50.0
1106,Aisha,Khan,aisha.khan1106@example.com,+91-9948254067,O,1978-05-17,2022-08-03,ACTIVE,FTE,571,270,490,
1107,Reyansh,Rao,reyansh.rao1107@example.com,+91-9112019056,F,1993-02-14,2016-12-20,ACTIVE,FTE,151,308,137,801.0
1108,Aditya,Verma,aditya.verma1108@example.com,+91-9443091856,M,1965-10-30,2016-12-01,ACTIVE,FTE,544,10,311,281.0
1109,Saanvi,Pillai,saanvi.pillai1109@example.com,+91-9256886986,O,1979-07-15,2018-03-18,ACTIVE,FTE,220,102,177,146.0
1110,Rohan,Bose,rohan.bose1110@example.com,+91-9771758113,F,1999-09-12,2017-06-22,LEAVE,FTE,526,75,580,847.0
1111,Kabir,Saxena,kabir.saxena1111@example.com,+91-9821185117,O,1982-11-11,2021-11-30,ACTIVE,FTE,892,329,800,395.0
1112,Aadhya,Chandra,aadhya.chandra1112@example.com,+91-9536510229,O,1995-08-12,2025-04-26,LEAVE,FTE,930,131,491,1044.0
1113,Aryan,Jadhav,aryan.jadhav1113@example.com,+91-9191099113,O,2000-06-21,2019-11-23,ACTIVE,FTE,615,32,428,
1114,Shaurya,Mukherjee,shaurya.mukherjee1114@example.com,+91-9749931490,F,1967-09-20,2021-04-15,ACTIVE,FTE,666,827,940,1097.0
1115,Om,Bose,om.bose1115@example.com,+91-9603937212,F,1996-12-23,2023-09-13,ACTIVE,FTE,860,705,604,282.0
1116,Sai,Bhandari,sai.bhandari1116@example.com,+91-9410254439,O,1998-04-28,2020-10-28,ACTIVE,FTE,65,258,645,556.0
1117,Aanya,Jadhav,aanya.jadhav1117@example.com,+91-9655845816,O,1986-04-21,2020-07-07,INACTIVE,FTE,357,996,314,687.0
1118,Anika,Kulkarni,anika.kulkarni1118@example.com,+91-9303974495,O,1982-12-17,2025-03-03,ACTIVE,FTE,787,628,912,605.0
1119,Aadhya,Bhandari,aadhya.bhandari1119@example.com,+91-9785686551,M,2001-12-08,2024-05-28,ACTIVE,FTE,596,533,178,597.0
1120,Dhruv,Gowda,dhruv.gowda1120@example.com,+91-9710088706,F,1987-12-17,2018-02-11,INACTIVE,FTE,384,252,402,555.0
1121,Zara,Ghosh,zara.ghosh1121@example.com,+91-9103507992,M,1974-12-17,2019-05-02,ACTIVE,FTE,990,386,833,806.0
1122,Mohammed,Pillai,mohammed.pillai1122@example.com,+91-9313878650,F,1982-05-05,2023-06-04,ACTIVE,INTERN,598,841,284,862.0
1123,Aditya,Desai,aditya.desai1123@example.com,+91-9916177380,M,1998-04-26,2025-02-15,ACTIVE,FTE,321,123,144,741.0
1124,Vivaan,Bose,vivaan.bose1124@example.com,+91-9320001908,M,1969-10-13,2019-09-20,ACTIVE,FTE,131,803,99,867.0
1125,Aisha,Sharma,aisha.sharma1125@example.com,+91-9763907349,O,1965-09-02,2016-11-23,ACTIVE,FTE,284,292,441,452.0
1126,Aisha,Mukherjee,aisha.mukherjee1126@example.com,+91-9284514302,F,1983-02-25,2024-05-26,ACTIVE,FTE,24,567,599,451.0
1127,Dhruv,Yadav,dhruv.yadav1127@example.com,+91-9364347668,F,1966-03-10,2017-09-23,ACTIVE,FTE,998,277,829,196.0
1128,Kabir,Jadhav,kabir.jadhav1128@example.com,+91-9820654278,F,1996-04-09,2025-05-15,ACTIVE,FTE,226,287,110,
1129,Navya,Rao,navya.rao1129@example.com,+91-9893671719,F,1991-04-26,2022-08-04,ACTIVE,FTE,84,419,730,308.0
1130,Meera,Mukherjee,meera.mukherjee1130@example.com,+91-9467529733,F,1990-11-14,2015-05-24,ACTIVE,FTE,903,690,504,1074.0
1131,Vihaan,Chauhan,vihaan.chauhan1131@example.com,+91-9280798420,F,1999-07-17,2025-06-22,ACTIVE,FTE,211,382,148,774.0
1132,Dhruv,Singh,dhruv.singh1132@example.com,+91-9126066135,O,1986-05-20,2021-01-04,ACTIVE,FTE,298,921,237,962.0
1133,Aisha,Jadhav,aisha.jadhav1133@example.com,+91-9568464805,O,1969-05-28,2022-09-11,ACTIVE,FTE,586,354,369,1006.0
1134,Sara,Thakur,sara.thakur1134@example.com,+91-9269756649,M,1993-11-12,2016-07-09,ACTIVE,FTE,276,376,934,981.0
1135,Kabir,Bose,kabir.bose1135@example.com,+91-9196607232,O,2004-11-04,2023-10-19,ACTIVE,FTE,867,38,391,469.0
1136,Aryan,Iyer,aryan.iyer1136@example.com,+91-9399051550,M,2002-08-15,2015-11-08,ACTIVE,FTE,262,464,153,893.0
1137,Kabir,Desai,kabir.desai1137@example.com,+91-9409498553,O,1986-03-16,2017-11-01,ACTIVE,FTE,95,636,54,361.0
1138,Saanvi,Desai,saanvi.desai1138@example.com,+91-9208995858,F,1976-06-05,2019-01-07,ACTIVE,INTERN,618,730,79,
1139,Reyansh,Yadav,reyansh.yadav1139@example.com,+91-9944936419,M,1973-06-13,2022-11-14,ACTIVE,FTE,184,157,547,504.0
1140,Anaya,Bose,anaya.bose1140@example.com,+91-9151909478,F,1976-09-09,2019-08-20,ACTIVE,FTE,517,917,59,343.0
1141,Shaurya,Bose,shaurya.bose1141@example.com,+91-9288060513,O,1974-01-02,2019-02-12,LEAVE,FTE,588,802,286,932.0
1142,Ishaan,Bhandari,ishaan.bhandari1142@example.com,+91-9594750922,O,1981-11-22,2017-10-04,ACTIVE,FTE,69,387,140,
1143,Kiara,Pawar,kiara.pawar1143@example.com,+91-9480035335,O,1991-11-19,2024-05-12,ACTIVE,FTE,538,478,986,1065.0
1144,Aisha,Bhandari,aisha.bhandari1144@example.com,+91-9322149687,M,1992-07-29,2019-04-12,ACTIVE,FTE,516,879,512,75.0
1145,Ishita,Naidu,ishita.naidu1145@example.com,+91-9623150202,M,1985-04-23,2016-12-18,ACTIVE,FTE,385,307,383,
1146,Vihaan,Singh,vihaan.singh1146@example.com,+91-9525589139,M,1994-08-22,2017-07-03,ACTIVE,FTE,777,768,144,619.0
1147,Shaurya,Patel,shaurya.patel1147@example.com,+91-9240031085,F,1980-06-14,2022-06-21,ACTIVE,FTE,730,477,381,949.0
1148,Aditya,Jadhav,aditya.jadhav1148@example.com,+91-9183884443,O,1974-11-27,2016-09-21,ACTIVE,FTE,477,932,396,888.0
1149,Dev,Naidu,dev.naidu1149@example.com,+91-9455894276,M,1999-11-18,2024-05-20,ACTIVE,CONTRACTOR,890,868,491,
1150,Om,Thakur,om.thakur1150@example.com,+91-9647078662,M,1999-06-26,2017-10-28,ACTIVE,FTE,763,729,576,51.0
1151,Mira,Naidu,mira.naidu1151@example.com,+91-9154671014,O,1966-08-23,2022-08-18,ACTIVE,FTE,472,356,637,754.0
1152,Aditi,Reddy,aditi.reddy1152@example.com,+91-9172251203,M,1994-11-01,2023-04-18,ACTIVE,FTE,683,799,562,1037.0
1153,Myra,Ghosh,myra.ghosh1153@example.com,+91-9336478266,M,1994-12-07,2019-07-18,ACTIVE,FTE,202,96,632,808.0
1154,Vivaan,Mishra,vivaan.mishra1154@example.com,+91-9687396879,O,1965-10-29,2017-04-06,ACTIVE,FTE,428,819,846,875.0
1155,Samar,Thakur,samar.thakur1155@example.com,+91-9335250877,F,1979-05-02,2015-01-04,INACTIVE,FTE,39,272,745,136.0
1156,Aryan,Thakur,aryan.thakur1156@example.com,+91-9603505776,F,1998-08-01,2016-12-10,ACTIVE,FTE,921,351,632,763.0
1157,Aisha,Yadav,aisha.yadav1157@example.com,+91-9832937704,F,2002-04-15,2020-08-16,ACTIVE,FTE,160,684,699,1066.0
1158,Ishita,Mukherjee,ishita.mukherjee1158@example.com,+91-9877686278,F,1981-09-10,2018-11-06,ACTIVE,FTE,279,337,963,1022.0
1159,Aditya,Rao,aditya.rao1159@example.com,+91-9598589414,M,1985-06-10,2019-05-20,ACTIVE,FTE,229,865,803,510.0
1160,Krishna,Bhandari,krishna.bhandari1160@example.com,+91-9274424500,O,2001-11-24,2023-08-10,ACTIVE,FTE,430,581,340,497.0
1161,Saanvi,Thakur,saanvi.thakur1161@example.com,+91-9132851685,F,1969-07-07,2020-05-04,INACTIVE,FTE,416,835,443,970.0
1162,Aadhya,Reddy,aadhya.reddy1162@example.com,+91-9561822403,M,1985-12-17,2019-01-04,ACTIVE,INTERN,951,982,406,831.0
1163,Dev,Jadhav,dev.jadhav1163@example.com,+91-9954907113,O,1976-03-22,2020-09-19,ACTIVE,FTE,386,874,85,169.0
1164,Aarav,Gupta,aarav.gupta1164@example.com,+91-9155145012,M,2001-10-09,2022-04-16,ACTIVE,FTE,994,813,828,312.0
1165,Saanvi,Khan,saanvi.khan1165@example.com,+91-9815174578,O,1967-03-24,2017-04-09,ACTIVE,FTE,696,703,941,732.0
1166,Sai,Sharma,sai.sharma1166@example.com,+91-9947765006,M,1976-03-30,2020-04-08,ACTIVE,FTE,597,85,41,394.0
1167,Aarohi,Saxena,aarohi.saxena1167@example.com,+91-9248837806,M,1998-05-15,2016-10-30,ACTIVE,FTE,857,539,74,583.0
1168,Pari,Gowda,pari.gowda1168@example.com,+91-9134395963,F,1982-09-10,2017-09-05,ACTIVE,FTE,99,509,622,582.0
1169,Ira,Pawar,ira.pawar1169@example.com,+91-9548791438,M,1976-01-30,2023-01-16,ACTIVE,FTE,522,314,301,822.0
1170,Om,Pawar,om.pawar1170@example.com,+91-9226398892,M,1987-03-24,2018-08-01,ACTIVE,FTE,159,38,82,
1171,Krishna,Mehta,krishna.mehta1171@example.com,+91-9567437221,F,1973-08-01,2017-07-16,ACTIVE,FTE,341,705,328,987.0
1172,Ishaan,Thakur,ishaan.thakur1172@example.com,+91-9268073839,F,2002-07-29,2024-12-30,ACTIVE,FTE,918,485,672,
1173,Mohammed,Naidu,mohammed.naidu1173@example.com,+91-9806875860,F,1969-06-30,2015-10-31,ACTIVE,CONTRACTOR,259,399,192,950.0
1174,Anaya,Mehta,anaya.mehta1174@example.com,+91-9851463849,M,1974-01-17,2020-07-24,ACTIVE,FTE,675,323,982,1161.0
1175,Aarav,Bose,aarav.bose1175@example.com,+91-9650598068,O,1976-03-04,2019-04-07,ACTIVE,FTE,343,152,44,492.0
1176,Kiara,Kulkarni,kiara.kulkarni1176@example.com,+91-9462044077,M,1978-10-07,2018-01-26,ACTIVE,FTE,647,370,729,764.0
1177,Krishna,Chauhan,krishna.chauhan1177@example.com,+91-9670016358,F,1999-02-06,2018-06-07,ACTIVE,FTE,675,879,755,561.0
1178,Mira,Rao,mira.rao1178@example.com,+91-9411592665,O,1978-05-21,2022-05-26,ACTIVE,FTE,41,466,988,1121.0
1179,Pari,Sharma,pari.sharma1179@example.com,+91-9597725586,O,1984-05-11,2020-08-28,ACTIVE,FTE,989,811,65,855.0
1180,Aisha,Jadhav,aisha.jadhav1180@example.com,+91-9346394672,O,1986-06-13,2025-01-19,ACTIVE,FTE,913,668,873,
1181,Aditi,Kulkarni,aditi.kulkarni1181@example.com,+91-9102416360,F,1991-11-14,2019-07-07,ACTIVE,FTE,228,975,842,814.0
1182,Aditya,Iyer,aditya.iyer1182@example.com,+91-9925601009,O,1983-08-16,2024-02-08,ACTIVE,FTE,427,17,514,628.0
1183,Aditya,Chauhan,aditya.chauhan1183@example.com,+91-9702105788,O,2004-06-25,2018-08-19,ACTIVE,FTE,799,119,876,797.0
1184,Ira,Khan,ira.khan1184@example.com,+91-9206794297,M,2002-02-03,2018-05-29,ACTIVE,FTE,337,663,252,43.0
1185,Samar,Khan,samar.khan1185@example.com,+91-9432314956,O,1984-11-22,2019-05-17,ACTIVE,CONTRACTOR,209,747,168,592.0
1186,Riya,Joshi,riya.joshi1186@example.com,+91-9936085035,F,1969-09-01,2016-04-18,INACTIVE,CONTRACTOR,874,960,4,136.0
1187,Reyansh,Reddy,reyansh.reddy1187@example.com,+91-9817257792,O,1995-09-17,2020-09-28,ACTIVE,FTE,799,548,477,986.0
1188,Yuvraj,Pillai,yuvraj.pillai1188@example.com,+91-9878801316,M,1970-09-01,2021-01-22,ACTIVE,FTE,398,826,194,513.0
1189,Meera,Pillai,meera.pillai1189@example.com,+91-9913160098,O,1970-11-19,2016-01-30,ACTIVE,FTE,535,835,707,981.0
1190,Diya,Patel,diya.patel1190@example.com,+91-9279876468,M,1988-02-25,2021-08-15,ACTIVE,FTE,827,525,795,435.0
1191,Meera,Joshi,meera.joshi1191@example.com,+91-9698565719,F,1997-11-24,2024-12-22,ACTIVE,FTE,763,233,855,1013.0
1192,Myra,Ghosh,myra.ghosh1192@example.com,+91-9796554388,F,1990-02-07,2018-05-22,INACTIVE,FTE,193,4,585,763.0
1193,Anika,Das,anika.das1193@example.com,+91-9736605966,M,1965-07-04,2020-05-12,LEAVE,FTE,864,99,609,239.0
1194,Saanvi,Chauhan,saanvi.chauhan1194@example.com,+91-9364180837,F,2002-09-03,2024-05-20,ACTIVE,FTE,640,831,34,650.0
1195,Zara,Saxena,zara.saxena1195@example.com,+91-9847224210,F,1993-12-19,2019-12-29,ACTIVE,FTE,962,308,681,281.0
1196,Myra,Gupta,myra.gupta1196@example.com,+91-9431126013,O,1984-02-07,2020-10-13,LEAVE,INTERN,999,544,373,
1197,Om,Desai,om.desai1197@example.com,+91-9747365830,O,1966-07-20,2015-06-12,INACTIVE,FTE,729,96,891,1076.0
1198,Krishna,Naidu,krishna.naidu1198@example.com,+91-9725162765,M,1972-09-18,2016-08-14,INACTIVE,FTE,326,910,127,435.0
1199,Kabir,Sharma,kabir.sharma1199@example.com,+91-9865378073,O,1983-10-26,2020-04-19,LEAVE,FTE,555,935,880,
1200,Aisha,Bose,aisha.bose1200@example.com,+91-9434891694,F,2002-02-28,2020-01-21,INACTIVE,FTE,103,917,414,84.0
1201,Sai,Pawar,sai.pawar1201@example.com,+91-9612150253,M,1987-09-06,2019-07-30,ACTIVE,FTE,97,972,968,219.0
1202,Saanvi,Pillai,saanvi.pillai1202@example.com,+91-9188056367,F,1989-07-29,2021-11-27,ACTIVE,FTE,606,963,575,508.0
1203,Aryan,Khan,aryan.khan1203@example.com,+91-9356180343,F,2003-09-21,2016-10-07,ACTIVE,FTE,224,747,726,1044.0
1204,Aarav,Pawar,aarav.pawar1204@example.com,+91-9561411684,M,2000-08-03,2019-08-26,ACTIVE,FTE,863,193,505,122.0
1205,Meera,Pawar,meera.pawar1205@example.com,+91-9408875535,F,1991-06-08,2018-04-10,LEAVE,FTE,140,415,998,1185.0
1206,Ritvik,Gowda,ritvik.gowda1206@example.com,+91-9842277684,M,1973-06-26,2022-02-24,ACTIVE,FTE,2,118,416,519.0
1207,Aisha,Khan,aisha.khan1207@example.com,+91-9885176381,M,2004-06-26,2017-01-15,INACTIVE,FTE,729,42,237,96.0
1208,Aarohi,Gupta,aarohi.gupta1208@example.com,+91-9543837453,M,1979-11-05,2019-09-15,INACTIVE,FTE,668,216,735,29.0
1209,Ira,Singh,ira.singh1209@example.com,+91-9506652481,O,1995-06-05,2017-06-16,ACTIVE,FTE,127,890,378,842.0
1210,Mira,Pawar,mira.pawar1210@example.com,+91-9626040433,F,1983-09-20,2022-07-18,ACTIVE,CONTRACTOR,150,212,399,498.0
1211,Yuvraj,Desai,yuvraj.desai1211@example.com,+91-9662943505,F,1968-05-01,2019-04-16,ACTIVE,FTE,63,801,911,940.0
1212,Dhruv,Desai,dhruv.desai1212@example.com,+91-9170110003,O,1972-07-07,2019-11-20,ACTIVE,FTE,437,788,15,1085.0
1213,Pari,Naidu,pari.naidu1213@example.com,+91-9272290781,F,1985-08-19,2018-10-25,ACTIVE,FTE,283,860,489,553.0
1214,Kabir,Mehta,kabir.mehta1214@example.com,+91-9217923052,F,1974-01-31,2015-04-17,ACTIVE,FTE,394,225,972,297.0
1215,Aadhya,Verma,aadhya.verma1215@example.com,+91-9708978969,M,1982-05-05,2016-09-06,ACTIVE,FTE,819,318,765,129.0
1216,Ritvik,Pandey,ritvik.pandey1216@example.com,+91-9957913970,O,1984-03-31,2019-04-16,ACTIVE,FTE,685,954,570,1177.0
1217,Reyansh,Joshi,reyansh.joshi1217@example.com,+91-9709832815,F,1998-10-28,2023-12-27,ACTIVE,INTERN,336,787,707,860.0
1218,Aarav,Chauhan,aarav.chauhan1218@example.com,+91-9729419251,M,1978-03-01,2018-03-10,ACTIVE,FTE,783,436,258,557.0
1219,Aarohi,Pawar,aarohi.pawar1219@example.com,+91-9460936142,F,2003-06-19,2024-08-05,ACTIVE,FTE,640,201,912,94.0
1220,Saanvi,Mukherjee,saanvi.mukherjee1220@example.com,+91-9706834809,M,1981-05-31,2024-01-22,ACTIVE,FTE,981,576,17,212.0
1221,Kabir,Desai,kabir.desai1221@example.com,+91-9573822048,O,1967-12-27,2018-06-27,ACTIVE,FTE,757,75,106,1124.0
1222,Rohan,Jadhav,rohan.jadhav1222@example.com,+91-9790436639,O,1979-08-08,2018-09-19,ACTIVE,FTE,12,941,602,575.0
1223,Sara,Pandey,sara.pandey1223@example.com,+91-9901459940,O,1979-03-25,2016-08-03,ACTIVE,FTE,122,96,825,1100.0
1224,Ritvik,Sharma,ritvik.sharma1224@example.com,+91-9977317305,M,1997-05-24,2019-09-18,ACTIVE,FTE,713,747,7,1003.0
1225,Anika,Pandey,anika.pandey1225@example.com,+91-9847731349,F,1987-07-05,2016-09-13,ACTIVE,FTE,948,590,285,
1226,Diya,Mukherjee,diya.mukherjee1226@example.com,+91-9395555959,M,1995-10-14,2024-06-18,ACTIVE,FTE,100,643,586,
1227,Reyansh,Saxena,reyansh.saxena1227@example.com,+91-9594839420,M,1975-09-07,2018-12-26,ACTIVE,FTE,201,848,215,605.0
1228,Sara,Jadhav,sara.jadhav1228@example.com,+91-9996302119,O,1974-02-26,2015-07-15,ACTIVE,CONTRACTOR,210,376,643,614.0
1229,Navya,Gupta,navya.gupta1229@example.com,+91-9216527215,M,1969-04-22,2017-09-15,ACTIVE,FTE,384,36,546,861.0
1230,Aryan,Singh,aryan.singh1230@example.com,+91-9866353495,O,1969-12-25,2017-08-13,ACTIVE,FTE,717,833,171,1066.0
1231,Mira,Pandey,mira.pandey1231@example.com,+91-9556218214,M,2004-11-07,2020-08-12,INACTIVE,FTE,609,546,677,920.0
1232,Meera,Saxena,meera.saxena1232@example.com,+91-9310742928,F,1995-04-16,2019-10-01,ACTIVE,FTE,949,752,818,42.0
1233,Dev,Chandra,dev.chandra1233@example.com,+91-9346679107,O,2001-06-09,2022-11-28,INACTIVE,CONTRACTOR,119,816,712,111.0
1234,Zara,Bose,zara.bose1234@example.com,+91-9656149338,M,1972-09-13,2024-07-12,ACTIVE,CONTRACTOR,595,730,756,109.0
1235,Zara,Pandey,zara.pandey1235@example.com,+91-9678749939,O,1980-10-10,2017-02-24,ACTIVE,FTE,879,622,557,495.0
1236,Sai,Ghosh,sai.ghosh1236@example.com,+91-9626679329,M,2000-09-24,2024-02-23,ACTIVE,FTE,563,140,848,876.0
1237,Rohan,Pillai,rohan.pillai1237@example.com,+91-9892143483,F,1980-01-03,2016-07-09,ACTIVE,FTE,74,433,739,165.0
1238,Pari,Khan,pari.khan1238@example.com,+91-9969298674,O,1983-10-21,2020-09-29,ACTIVE,FTE,799,28,794,50.0
1239,Vihaan,Iyer,vihaan.iyer1239@example.com,+91-9964762970,M,1986-12-12,2017-10-21,ACTIVE,FTE,600,84,85,985.0
1240,Sara,Pillai,sara.pillai1240@example.com,+91-9435913717,F,2001-09-06,2021-04-27,ACTIVE,FTE,992,620,27,724.0
1241,Ishaan,Pillai,ishaan.pillai1241@example.com,+91-9679834925,F,1999-04-20,2019-12-07,ACTIVE,FTE,88,559,833,1181.0
1242,Dev,Chauhan,dev.chauhan1242@example.com,+91-9507426246,F,2000-07-15,2016-04-20,ACTIVE,FTE,296,514,637,644.0
1243,Vivaan,Verma,vivaan.verma1243@example.com,+91-9470819062,O,1994-08-01,2022-12-13,ACTIVE,FTE,3,678,268,774.0
1244,Ira,Iyer,ira.iyer1244@example.com,+91-9956523994,F,1989-08-07,2023-10-11,ACTIVE,FTE,387,577,126,306.0
1245,Aanya,Jadhav,aanya.jadhav1245@example.com,+91-9693288872,O,1986-11-21,2021-04-15,ACTIVE,FTE,842,175,804,86.0
1246,Vivaan,Joshi,vivaan.joshi1246@example.com,+91-9944522875,M,1996-12-20,2015-11-26,ACTIVE,FTE,617,877,629,728.0
1247,Meera,Mukherjee,meera.mukherjee1247@example.com,+91-9371458160,O,2000-10-13,2018-02-22,ACTIVE,FTE,822,49,951,803.0
1248,Ishaan,Pandey,ishaan.pandey1248@example.com,+91-9687849670,F,2002-10-28,2024-01-02,ACTIVE,FTE,751,265,986,364.0
1249,Kiara,Pandey,kiara.pandey1249@example.com,+91-9387547461,M,1981-12-12,2023-10-10,ACTIVE,FTE,193,542,664,
1250,Shaurya,Pawar,shaurya.pawar1250@example.com,+91-9537701423,F,1969-06-17,2017-05-29,ACTIVE,FTE,303,744,175,630.0
1251,Aryan,Patel,aryan.patel1251@example.com,+91-9211768888,F,1981-07-08,2022-02-21,ACTIVE,FTE,740,743,866,439.0
1252,Samar,Iyer,samar.iyer1252@example.com,+91-9913529093,F,1996-06-09,2015-09-11,LEAVE,FTE,647,400,161,766.0
1253,Vivaan,Khan,vivaan.khan1253@example.com,+91-9817972904,M,1992-06-11,2018-11-24,ACTIVE,FTE,557,700,192,48.0
1254,Saanvi,Chandra,saanvi.chandra1254@example.com,+91-9124150584,M,1985-12-10,2021-12-30,ACTIVE,CONTRACTOR,526,590,984,1035.0
1255,Krishna,Naidu,krishna.naidu1255@example.com,+91-9600022986,O,1981-06-07,2024-06-17,ACTIVE,FTE,851,283,340,275.0
1256,Aditya,Pawar,aditya.pawar1256@example.com,+91-9324344582,F,1988-02-18,2015-08-22,ACTIVE,FTE,874,299,245,443.0
1257,Mohammed,Saxena,mohammed.saxena1257@example.com,+91-9965380065,M,2000-10-23,2019-05-21,ACTIVE,CONTRACTOR,126,405,746,290.0
1258,Sai,Reddy,sai.reddy1258@example.com,+91-9358875205,O,1995-12-12,2023-12-14,ACTIVE,CONTRACTOR,127,558,50,407.0
1259,Sai,Joshi,sai.joshi1259@example.com,+91-9876702762,M,1978-06-23,2023-05-19,ACTIVE,FTE,331,232,41,72.0
1260,Sai,Thakur,sai.thakur1260@example.com,+91-9936351832,O,1999-05-12,2023-06-14,ACTIVE,FTE,399,98,473,834.0
1261,Mira,Pandey,mira.pandey1261@example.com,+91-9936050835,F,1965-07-28,2015-03-08,INACTIVE,FTE,28,831,31,686.0
1262,Ishaan,Yadav,ishaan.yadav1262@example.com,+91-9383346670,O,1973-09-15,2025-02-27,ACTIVE,FTE,705,387,342,1019.0
1263,Dev,Saxena,dev.saxena1263@example.com,+91-9243802269,M,1973-02-23,2022-01-25,INACTIVE,CONTRACTOR,697,219,402,709.0
1264,Arjun,Mishra,arjun.mishra1264@example.com,+91-9348409642,F,1969-10-29,2017-02-04,INACTIVE,FTE,589,294,112,463.0
1265,Mira,Chauhan,mira.chauhan1265@example.com,+91-9331483273,O,1988-05-04,2015-06-13,ACTIVE,FTE,418,200,175,323.0
1266,Ishita,Verma,ishita.verma1266@example.com,+91-9139173177,O,1975-01-24,2016-04-01,ACTIVE,FTE,346,429,79,
1267,Dev,Gupta,dev.gupta1267@example.com,+91-9950438087,F,2000-05-13,2024-02-14,ACTIVE,FTE,850,376,646,
1268,Ritvik,Chauhan,ritvik.chauhan1268@example.com,+91-9901379606,M,1991-12-01,2022-04-17,ACTIVE,FTE,48,532,711,
1269,Navya,Mukherjee,navya.mukherjee1269@example.com,+91-9527167042,O,1966-03-23,2015-09-19,INACTIVE,CONTRACTOR,57,533,907,800.0
1270,Sai,Saxena,sai.saxena1270@example.com,+91-9924198469,M,1966-11-09,2021-07-28,ACTIVE,FTE,329,963,764,360.0
1271,Samar,Pandey,samar.pandey1271@example.com,+91-9772568561,F,1988-03-05,2021-01-19,ACTIVE,FTE,564,188,447,995.0
1272,Navya,Mukherjee,navya.mukherjee1272@example.com,+91-9224369980,M,2003-03-15,2017-06-05,ACTIVE,INTERN,852,271,298,83.0
1273,Om,Pandey,om.pandey1273@example.com,+91-9816300459,O,2002-09-26,2015-01-31,ACTIVE,INTERN,799,199,351,977.0
1274,Mira,Gupta,mira.gupta1274@example.com,+91-9816213440,F,1992-09-23,2015-10-14,ACTIVE,FTE,630,742,128,
1275,Sara,Bhandari,sara.bhandari1275@example.com,+91-9410686773,F,1966-03-25,2025-04-21,LEAVE,FTE,579,595,725,
1276,Aisha,Khan,aisha.khan1276@example.com,+91-9769773919,O,1966-01-28,2022-09-16,INACTIVE,FTE,170,413,775,1174.0
1277,Anika,Mukherjee,anika.mukherjee1277@example.com,+91-9901031813,O,2003-12-22,2021-05-24,LEAVE,FTE,851,566,658,1230.0
1278,Pari,Iyer,pari.iyer1278@example.com,+91-9257766879,F,2000-07-15,2020-01-11,ACTIVE,FTE,594,394,653,509.0
1279,Aisha,Reddy,aisha.reddy1279@example.com,+91-9288037595,M,1985-01-13,2015-05-13,ACTIVE,CONTRACTOR,584,634,812,399.0
1280,Krishna,Khan,krishna.khan1280@example.com,+91-9537892427,O,1980-03-06,2020-01-04,ACTIVE,FTE,441,414,578,113.0
1281,Vihaan,Yadav,vihaan.yadav1281@example.com,+91-9286739407,O,1997-03-09,2017-08-21,ACTIVE,FTE,783,428,996,906.0
1282,Dhruv,Mishra,dhruv.mishra1282@example.com,+91-9658569651,M,2003-03-23,2018-11-18,ACTIVE,FTE,687,679,617,500.0
1283,Riya,Mukherjee,riya.mukherjee1283@example.com,+91-9846404164,O,1966-03-11,2019-11-05,LEAVE,CONTRACTOR,984,418,909,292.0
1284,Meera,Desai,meera.desai1284@example.com,+91-9826444529,M,1988-03-25,2015-07-06,ACTIVE,FTE,151,416,605,1116.0
1285,Navya,Pawar,navya.pawar1285@example.com,+91-9116034290,O,1983-02-08,2016-08-03,ACTIVE,FTE,388,353,417,444.0
1286,Saanvi,Pillai,saanvi.pillai1286@example.com,+91-9713650989,F,1993-12-27,2016-09-02,ACTIVE,FTE,150,785,195,643.0
1287,Ishaan,Kulkarni,ishaan.kulkarni1287@example.com,+91-9391951963,O,1978-01-26,2019-07-18,ACTIVE,FTE,602,816,792,1043.0
1288,Vivaan,Bose,vivaan.bose1288@example.com,+91-9519481916,F,1967-01-03,2017-10-17,ACTIVE,FTE,7,684,873,1230.0
1289,Arjun,Sharma,arjun.sharma1289@example.com,+91-9151449571,M,1972-12-12,2021-08-02,ACTIVE,FTE,685,198,834,53.0
1290,Myra,Verma,myra.verma1290@example.com,+91-9158329452,F,1968-10-23,2025-05-31,ACTIVE,FTE,645,622,75,659.0
1291,Anika,Mukherjee,anika.mukherjee1291@example.com,+91-9883806173,F,1977-01-22,2023-11-17,ACTIVE,FTE,454,658,422,104.0
1292,Kabir,Joshi,kabir.joshi1292@example.com,+91-9866990285,F,1984-01-16,2019-08-06,ACTIVE,FTE,454,614,289,120.0
1293,Rohan,Das,rohan.das1293@example.com,+91-9878450112,O,1992-06-10,2022-01-01,ACTIVE,FTE,353,20,569,1008.0
1294,Saanvi,Thakur,saanvi.thakur1294@example.com,+91-9124411597,F,1991-03-02,2015-10-24,INACTIVE,FTE,955,617,69,540.0
1295,Mira,Pawar,mira.pawar1295@example.com,+91-9242448674,F,2001-04-23,2019-06-21,ACTIVE,FTE,208,465,238,
1296,Diya,Bhandari,diya.bhandari1296@example.com,+91-9111426101,M,1976-08-27,2018-06-13,ACTIVE,INTERN,112,479,558,951.0
1297,Aryan,Pawar,aryan.pawar1297@example.com,+91-9819012830,F,1971-12-02,2016-05-03,ACTIVE,FTE,116,225,769,1052.0
1298,Rohan,Mehta,rohan.mehta1298@example.com,+91-9418609432,F,1998-09-26,2024-04-16,ACTIVE,FTE,125,195,224,1117.0
1299,Samar,Rao,samar.rao1299@example.com,+91-9977742410,M,1968-05-07,2017-11-14,LEAVE,FTE,145,885,406,89.0
1300,Navya,Kulkarni,navya.kulkarni1300@example.com,+91-9216267573,M,1984-05-18,2015-11-25,ACTIVE,FTE,257,852,105,1095.0
1301,Pari,Das,pari.das1301@example.com,+91-9981149980,O,1999-01-02,2023-09-26,ACTIVE,FTE,15,854,166,1007.0
1302,Zara,Saxena,zara.saxena1302@example.com,+91-9465219915,O,1977-05-31,2016-09-27,ACTIVE,FTE,953,998,430,1119.0
1303,Kiara,Pillai,kiara.pillai1303@example.com,+91-9653299501,M,1994-10-20,2018-12-24,ACTIVE,CONTRACTOR,238,896,843,236.0
1304,Zara,Pawar,zara.pawar1304@example.com,+91-9943539825,O,1986-09-02,2021-12-12,ACTIVE,FTE,769,461,983,1010.0
1305,Aditi,Yadav,aditi.yadav1305@example.com,+91-9633074594,M,1994-03-05,2021-11-07,ACTIVE,INTERN,465,490,717,
1306,Aarohi,Verma,aarohi.verma1306@example.com,+91-9293755612,M,1974-12-22,2015-04-07,ACTIVE,FTE,554,148,87,351.0
1307,Diya,Ghosh,diya.ghosh1307@example.com,+91-9580265736,M,1975-11-02,2016-06-19,INACTIVE,FTE,676,375,16,1105.0
1308,Samar,Chandra,samar.chandra1308@example.com,+91-9712696696,M,2003-10-02,2017-07-23,ACTIVE,FTE,789,960,179,
1309,Anaya,Rao,anaya.rao1309@example.com,+91-9352564677,F,1992-01-30,2022-10-08,ACTIVE,INTERN,571,605,548,550.0
1310,Meera,Gowda,meera.gowda1310@example.com,+91-9455281449,M,2001-11-15,2019-11-30,ACTIVE,CONTRACTOR,976,163,130,78.0
1311,Ishita,Bhandari,ishita.bhandari1311@example.com,+91-9796182694,M,1980-08-21,2024-03-23,ACTIVE,FTE,734,709,257,598.0
1312,Om,Pandey,om.pandey1312@example.com,+91-9685932741,O,1987-12-26,2025-05-16,ACTIVE,FTE,663,87,291,1283.0
1313,Pari,Pillai,pari.pillai1313@example.com,+91-9612820638,M,1967-06-09,2022-07-05,ACTIVE,CONTRACTOR,241,917,558,800.0
1314,Zara,Mukherjee,zara.mukherjee1314@example.com,+91-9872459236,O,1977-09-16,2015-06-12,INACTIVE,FTE,390,799,80,131.0
1315,Pari,Chauhan,pari.chauhan1315@example.com,+91-9871526168,M,2001-03-20,2023-05-19,ACTIVE,FTE,639,589,938,1019.0
1316,Rohan,Ghosh,rohan.ghosh1316@example.com,+91-9100702897,F,2000-02-15,2024-10-24,ACTIVE,INTERN,40,810,659,1074.0
1317,Reyansh,Pawar,reyansh.pawar1317@example.com,+91-9509030342,O,1981-02-28,2021-04-09,ACTIVE,FTE,31,680,917,800.0
1318,Meera,Ghosh,meera.ghosh1318@example.com,+91-9502147783,F,1996-01-28,2024-09-06,ACTIVE,FTE,172,287,922,702.0
1319,Samar,Khan,samar.khan1319@example.com,+91-9299381926,O,2000-08-18,2021-09-09,ACTIVE,FTE,144,362,847,603.0
1320,Ritvik,Joshi,ritvik.joshi1320@example.com,+91-9686458547,O,1974-01-22,2024-01-24,ACTIVE,FTE,809,401,851,399.0
1321,Krishna,Ghosh,krishna.ghosh1321@example.com,+91-9875693468,F,1992-07-21,2017-10-18,ACTIVE,FTE,938,336,192,692.0
1322,Reyansh,Thakur,reyansh.thakur1322@example.com,+91-9468642463,O,1988-05-14,2021-08-14,ACTIVE,FTE,414,969,604,456.0
1323,Ishita,Pillai,ishita.pillai1323@example.com,+91-9492779292,M,1990-03-08,2016-09-27,ACTIVE,INTERN,517,109,574,757.0
1324,Kiara,Verma,kiara.verma1324@example.com,+91-9985688820,F,1982-11-21,2021-07-28,INACTIVE,FTE,17,625,329,589.0
1325,Kabir,Patel,kabir.patel1325@example.com,+91-9993779600,M,1978-03-19,2020-03-20,ACTIVE,FTE,692,916,525,153.0
1326,Saanvi,Gowda,saanvi.gowda1326@example.com,+91-9192352716,F,1997-12-15,2017-10-21,ACTIVE,FTE,722,342,596,78.0
1327,Dhruv,Chandra,dhruv.chandra1327@example.com,+91-9882685286,M,1985-12-06,2016-07-02,ACTIVE,FTE,335,848,336,444.0
1328,Aadhya,Gowda,aadhya.gowda1328@example.com,+91-9440720011,M,1979-08-06,2022-02-19,ACTIVE,FTE,538,100,244,917.0
1329,Vihaan,Gowda,vihaan.gowda1329@example.com,+91-9137787327,F,1983-02-01,2017-07-19,ACTIVE,FTE,112,291,974,179.0
1330,Reyansh,Mehta,reyansh.mehta1330@example.com,+91-9749690863,O,1991-01-22,2025-06-22,ACTIVE,INTERN,713,606,537,124.0
1331,Rohan,Mukherjee,rohan.mukherjee1331@example.com,+91-9531852098,M,1997-07-13,2015-02-11,ACTIVE,FTE,865,527,540,714.0
1332,Rohan,Thakur,rohan.thakur1332@example.com,+91-9643785206,F,1987-07-09,2024-06-25,ACTIVE,FTE,439,427,60,1196.0
1333,Sara,Yadav,sara.yadav1333@example.com,+91-9681269558,O,1995-02-03,2019-10-03,ACTIVE,FTE,505,724,346,573.0
1334,Ira,Das,ira.das1334@example.com,+91-9238401931,F,1993-09-18,2021-03-10,ACTIVE,FTE,730,862,629,1029.0
1335,Meera,Thakur,meera.thakur1335@example.com,+91-9142307777,M,1973-01-28,2016-05-30,ACTIVE,FTE,341,27,140,13.0
1336,Shaurya,Pillai,shaurya.pillai1336@example.com,+91-9790040719,M,1985-11-18,2021-05-03,ACTIVE,FTE,900,238,75,269.0
1337,Anaya,Bose,anaya.bose1337@example.com,+91-9557073458,O,1986-08-07,2016-03-06,ACTIVE,FTE,493,35,535,1297.0
1338,Reyansh,Pawar,reyansh.pawar1338@example.com,+91-9869591033,F,1971-10-31,2019-10-31,ACTIVE,CONTRACTOR,538,632,393,1270.0
1339,Shaurya,Chauhan,shaurya.chauhan1339@example.com,+91-9260744181,O,1980-02-11,2022-03-13,ACTIVE,FTE,452,737,973,847.0
1340,Aarav,Gupta,aarav.gupta1340@example.com,+91-9664603155,M,1989-12-05,2023-10-08,INACTIVE,FTE,942,378,295,143.0
1341,Reyansh,Bhandari,reyansh.bhandari1341@example.com,+91-9107606691,O,2001-12-23,2016-10-19,ACTIVE,FTE,65,130,205,1322.0
1342,Om,Gowda,om.gowda1342@example.com,+91-9271960612,M,1971-04-21,2016-01-02,ACTIVE,FTE,93,533,251,1003.0
1343,Riya,Mehta,riya.mehta1343@example.com,+91-9589655769,M,1988-06-24,2015-05-31,ACTIVE,FTE,414,532,724,
1344,Reyansh,Pandey,reyansh.pandey1344@example.com,+91-9245670947,F,1988-10-28,2023-03-03,ACTIVE,FTE,997,372,576,991.0
1345,Shaurya,Bose,shaurya.bose1345@example.com,+91-9510612598,O,2003-11-15,2015-07-23,ACTIVE,FTE,524,837,795,929.0
1346,Riya,Jadhav,riya.jadhav1346@example.com,+91-9288494303,M,1971-12-17,2021-09-04,ACTIVE,CONTRACTOR,736,451,984,961.0
1347,Pari,Pawar,pari.pawar1347@example.com,+91-9999646413,M,1979-08-21,2018-05-17,ACTIVE,FTE,223,949,579,382.0
1348,Anaya,Khan,anaya.khan1348@example.com,+91-9208243963,O,1976-09-28,2017-08-22,ACTIVE,FTE,630,220,759,351.0
1349,Navya,Pillai,navya.pillai1349@example.com,+91-9449076166,O,1987-04-02,2024-12-15,ACTIVE,FTE,567,564,148,342.0
1350,Aadhya,Bhandari,aadhya.bhandari1350@example.com,+91-9231164596,F,1981-08-22,2024-10-29,LEAVE,FTE,328,570,963,856.0
1351,Pari,Das,pari.das1351@example.com,+91-9372619016,O,1998-07-23,2018-09-21,ACTIVE,FTE,254,965,21,535.0
1352,Kiara,Gowda,kiara.gowda1352@example.com,+91-9713152983,M,1972-12-05,2018-01-26,INACTIVE,FTE,869,882,597,383.0
1353,Sara,Iyer,sara.iyer1353@example.com,+91-9871767632,M,1976-01-12,2015-12-11,ACTIVE,FTE,611,480,778,1020.0
1354,Dhruv,Chauhan,dhruv.chauhan1354@example.com,+91-9972222778,O,1987-03-31,2017-05-09,ACTIVE,FTE,937,532,249,58.0
1355,Krishna,Gupta,krishna.gupta1355@example.com,+91-9384876123,O,1989-10-16,2021-10-03,ACTIVE,FTE,56,562,193,92.0
1356,Kiara,Gowda,kiara.gowda1356@example.com,+91-9816559352,O,1996-09-07,2023-10-28,ACTIVE,CONTRACTOR,449,358,701,763.0
1357,Diya,Khan,diya.khan1357@example.com,+91-9316890695,M,1981-02-11,2024-02-07,ACTIVE,FTE,858,945,769,83.0
1358,Yuvraj,Mishra,yuvraj.mishra1358@example.com,+91-9171305518,F,1981-01-29,2021-08-07,ACTIVE,FTE,876,814,588,943.0
1359,Aryan,Singh,aryan.singh1359@example.com,+91-9904531425,F,2003-10-29,2016-08-04,ACTIVE,FTE,592,172,798,1202.0
1360,Vihaan,Iyer,vihaan.iyer1360@example.com,+91-9983957064,M,1985-08-09,2018-05-20,ACTIVE,FTE,753,524,198,
1361,Aarav,Rao,aarav.rao1361@example.com,+91-9527155442,M,1993-04-13,2022-12-31,ACTIVE,FTE,512,96,624,298.0
1362,Shaurya,Das,shaurya.das1362@example.com,+91-9600957267,O,1975-05-01,2016-12-19,ACTIVE,FTE,704,947,718,840.0
1363,Rohan,Sharma,rohan.sharma1363@example.com,+91-9294032644,M,1972-11-02,2025-04-22,ACTIVE,FTE,119,116,392,266.0
1364,Ishaan,Gowda,ishaan.gowda1364@example.com,+91-9312548616,O,1967-03-05,2022-08-06,ACTIVE,FTE,761,948,542,510.0
1365,Dhruv,Sharma,dhruv.sharma1365@example.com,+91-9798604907,O,1984-12-24,2024-09-23,ACTIVE,FTE,214,550,14,933.0
1366,Om,Mukherjee,om.mukherjee1366@example.com,+91-9833410460,F,2000-06-15,2016-10-05,ACTIVE,FTE,181,103,93,1144.0
1367,Mira,Gupta,mira.gupta1367@example.com,+91-9118376979,O,1987-12-12,2015-02-24,ACTIVE,FTE,138,154,611,264.0
1368,Mohammed,Bhandari,mohammed.bhandari1368@example.com,+91-9964751031,M,1989-12-16,2020-12-14,ACTIVE,FTE,68,830,760,3.0
1369,Aisha,Gowda,aisha.gowda1369@example.com,+91-9587193534,M,1988-06-29,2017-03-07,ACTIVE,FTE,844,18,795,
1370,Shaurya,Kulkarni,shaurya.kulkarni1370@example.com,+91-9327646801,M,1977-12-25,2022-03-18,INACTIVE,FTE,553,376,397,267.0
1371,Samar,Iyer,samar.iyer1371@example.com,+91-9614655733,M,1975-08-18,2015-06-09,ACTIVE,FTE,56,433,127,332.0
1372,Riya,Chauhan,riya.chauhan1372@example.com,+91-9557627557,O,1983-12-01,2016-01-10,ACTIVE,FTE,454,737,739,884.0
1373,Vihaan,Desai,vihaan.desai1373@example.com,+91-9380313031,M,1980-07-12,2017-03-18,ACTIVE,FTE,666,968,923,655.0
1374,Aarav,Jadhav,aarav.jadhav1374@example.com,+91-9706050251,O,1984-06-05,2015-07-21,ACTIVE,FTE,631,372,930,1017.0
1375,Sara,Naidu,sara.naidu1375@example.com,+91-9406063244,F,1993-10-19,2020-03-30,ACTIVE,FTE,605,694,798,762.0
1376,Reyansh,Jadhav,reyansh.jadhav1376@example.com,+91-9147377352,O,1982-02-06,2023-02-27,LEAVE,FTE,830,258,473,227.0
1377,Aditya,Mukherjee,aditya.mukherjee1377@example.com,+91-9346800567,M,1973-01-24,2023-10-01,ACTIVE,FTE,826,934,755,1135.0
1378,Sara,Chandra,sara.chandra1378@example.com,+91-9493251380,F,1983-10-18,2016-07-13,ACTIVE,FTE,44,558,14,1373.0
1379,Krishna,Gupta,krishna.gupta1379@example.com,+91-9586365460,M,1967-01-28,2016-11-03,INACTIVE,FTE,475,87,201,837.0
1380,Ritvik,Sharma,ritvik.sharma1380@example.com,+91-9395867188,F,1996-06-08,2018-11-25,ACTIVE,INTERN,833,892,295,1087.0
1381,Om,Singh,om.singh1381@example.com,+91-9667067028,O,1992-04-06,2017-12-23,ACTIVE,FTE,18,579,446,1089.0
1382,Diya,Mehta,diya.mehta1382@example.com,+91-9313636823,O,1993-12-26,2022-04-22,ACTIVE,FTE,210,124,575,
1383,Mohammed,Gowda,mohammed.gowda1383@example.com,+91-9569019932,M,1992-05-25,2017-08-30,LEAVE,CONTRACTOR,451,945,261,807.0
1384,Sai,Naidu,sai.naidu1384@example.com,+91-9161827003,F,2004-10-26,2016-02-03,ACTIVE,FTE,717,875,487,
1385,Aarohi,Desai,aarohi.desai1385@example.com,+91-9225068944,M,1993-12-17,2016-09-14,ACTIVE,FTE,604,26,774,
1386,Sara,Rao,sara.rao1386@example.com,+91-9683984539,O,1998-01-18,2022-12-14,ACTIVE,FTE,21,767,671,484.0
1387,Arjun,Saxena,arjun.saxena1387@example.com,+91-9145415982,F,2003-04-23,2019-08-02,ACTIVE,FTE,684,725,68,353.0
1388,Meera,Gowda,meera.gowda1388@example.com,+91-9941089739,O,1999-02-25,2015-08-24,ACTIVE,FTE,851,613,842,809.0
1389,Mira,Chauhan,mira.chauhan1389@example.com,+91-9697582432,O,1980-03-22,2016-02-09,ACTIVE,FTE,702,124,834,1235.0
1390,Dev,Reddy,dev.reddy1390@example.com,+91-9615279977,O,1992-12-17,2021-07-01,INACTIVE,FTE,497,294,976,
1391,Yuvraj,Jadhav,yuvraj.jadhav1391@example.com,+91-9734554641,O,1980-11-16,2017-12-18,ACTIVE,FTE,216,755,706,1372.0
1392,Dev,Rao,dev.rao1392@example.com,+91-9277320652,F,2003-09-08,2016-12-08,INACTIVE,FTE,16,69,729,541.0
1393,Rohan,Patel,rohan.patel1393@example.com,+91-9541030781,M,1979-08-03,2022-12-13,ACTIVE,FTE,926,554,865,183.0
1394,Aryan,Pawar,aryan.pawar1394@example.com,+91-9352555606,F,1966-11-13,2019-06-01,ACTIVE,CONTRACTOR,959,559,967,172.0
1395,Meera,Rao,meera.rao1395@example.com,+91-9189658290,F,1999-11-28,2025-02-17,ACTIVE,INTERN,599,460,923,230.0
1396,Vihaan,Das,vihaan.das1396@example.com,+91-9980842549,M,2001-07-30,2023-07-27,ACTIVE,INTERN,951,678,521,
1397,Zara,Thakur,zara.thakur1397@example.com,+91-9660435567,O,1992-02-26,2019-06-04,ACTIVE,FTE,777,124,463,730.0
1398,Kabir,Rao,kabir.rao1398@example.com,+91-9679922568,M,1994-12-20,2023-08-16,ACTIVE,CONTRACTOR,553,177,64,532.0
1399,Anika,Chauhan,anika.chauhan1399@example.com,+91-9421645450,O,1986-10-16,2023-01-19,ACTIVE,FTE,185,863,194,175.0
1400,Aarohi,Iyer,aarohi.iyer1400@example.com,+91-9819849775,F,1970-09-20,2017-09-07,ACTIVE,FTE,837,605,277,1229.0
1401,Riya,Pandey,riya.pandey1401@example.com,+91-9813591018,O,1999-05-07,2017-07-23,ACTIVE,FTE,593,966,687,978.0
1402,Aditya,Kulkarni,aditya.kulkarni1402@example.com,+91-9723816877,F,1967-12-09,2025-01-06,ACTIVE,FTE,265,927,810,
1403,Ishaan,Naidu,ishaan.naidu1403@example.com,+91-9699349393,M,1994-01-25,2015-10-01,ACTIVE,FTE,255,182,500,1133.0
1404,Ira,Das,ira.das1404@example.com,+91-9788458461,F,1990-09-07,2021-01-08,ACTIVE,CONTRACTOR,595,818,880,1373.0
1405,Reyansh,Mishra,reyansh.mishra1405@example.com,+91-9366991189,O,1968-01-28,2025-04-15,INACTIVE,FTE,290,856,625,1120.0
1406,Samar,Thakur,samar.thakur1406@example.com,+91-9702190000,F,1994-03-20,2015-06-09,ACTIVE,FTE,156,67,455,
1407,Krishna,Chandra,krishna.chandra1407@example.com,+91-9682633420,O,1974-09-08,2017-09-20,INACTIVE,FTE,779,249,846,564.0
1408,Rohan,Patel,rohan.patel1408@example.com,+91-9344761663,O,1999-03-14,2024-10-05,INACTIVE,FTE,273,548,410,1028.0
1409,Vivaan,Pandey,vivaan.pandey1409@example.com,+91-9173175357,F,1994-08-31,2017-05-04,INACTIVE,FTE,155,771,540,1180.0
1410,Vihaan,Gowda,vihaan.gowda1410@example.com,+91-9484128039,O,1969-04-26,2016-07-08,ACTIVE,FTE,850,116,601,509.0
1411,Ishita,Joshi,ishita.joshi1411@example.com,+91-9466928741,M,1976-02-10,2018-06-25,ACTIVE,FTE,219,487,737,1.0
1412,Ritvik,Sharma,ritvik.sharma1412@example.com,+91-9486886558,F,1982-04-27,2020-06-18,ACTIVE,FTE,341,799,850,340.0
1413,Om,Chauhan,om.chauhan1413@example.com,+91-9393775870,M,1974-11-05,2019-06-18,ACTIVE,FTE,326,666,33,593.0
1414,Aisha,Desai,aisha.desai1414@example.com,+91-9236126068,O,1992-05-12,2016-01-28,ACTIVE,FTE,919,934,954,1057.0
1415,Samar,Gowda,samar.gowda1415@example.com,+91-9530253315,F,2001-08-18,2024-10-01,ACTIVE,FTE,560,555,980,6.0
1416,Riya,Gupta,riya.gupta1416@example.com,+91-9768455304,M,1971-08-06,2019-08-15,ACTIVE,FTE,530,869,108,669.0
1417,Aarohi,Joshi,aarohi.joshi1417@example.com,+91-9525016611,O,1990-08-16,2019-07-05,ACTIVE,FTE,552,633,825,1192.0
1418,Meera,Yadav,meera.yadav1418@example.com,+91-9465378226,O,1994-12-19,2020-04-20,INACTIVE,FTE,320,706,914,671.0
1419,Samar,Ghosh,samar.ghosh1419@example.com,+91-9838146636,F,1968-05-10,2016-11-18,ACTIVE,FTE,614,696,185,
1420,Aadhya,Jadhav,aadhya.jadhav1420@example.com,+91-9993915858,O,1990-12-17,2015-10-04,ACTIVE,FTE,81,433,700,466.0
1421,Zara,Mukherjee,zara.mukherjee1421@example.com,+91-9652620325,O,2002-10-14,2021-09-19,ACTIVE,FTE,421,1000,727,205.0
1422,Samar,Ghosh,samar.ghosh1422@example.com,+91-9423338835,M,1990-05-05,2025-03-14,ACTIVE,FTE,51,26,609,1173.0
1423,Om,Verma,om.verma1423@example.com,+91-9758622998,F,2004-06-30,2019-04-04,ACTIVE,FTE,386,385,699,1141.0
1424,Navya,Chauhan,navya.chauhan1424@example.com,+91-9437957665,F,1992-12-07,2015-11-07,ACTIVE,FTE,166,15,840,637.0
1425,Aadhya,Chauhan,aadhya.chauhan1425@example.com,+91-9337009909,M,1995-02-26,2020-10-13,ACTIVE,FTE,462,802,976,654.0
1426,Aanya,Pillai,aanya.pillai1426@example.com,+91-9941039537,M,1966-12-20,2022-03-26,ACTIVE,CONTRACTOR,379,265,819,781.0
1427,Reyansh,Mukherjee,reyansh.mukherjee1427@example.com,+91-9345781771,M,1993-06-30,2020-09-21,ACTIVE,FTE,407,648,343,711.0
1428,Aarav,Bhandari,aarav.bhandari1428@example.com,+91-9559756902,F,1993-12-15,2017-09-22,LEAVE,FTE,156,302,186,926.0
1429,Saanvi,Mishra,saanvi.mishra1429@example.com,+91-9401646940,O,1992-04-21,2017-04-14,ACTIVE,FTE,400,29,107,
1430,Krishna,Iyer,krishna.iyer1430@example.com,+91-9106570528,O,1990-05-08,2023-07-25,ACTIVE,FTE,817,530,655,123.0
1431,Aarav,Reddy,aarav.reddy1431@example.com,+91-9285638316,O,1997-04-18,2025-01-06,ACTIVE,FTE,729,507,573,163.0
1432,Ishita,Pandey,ishita.pandey1432@example.com,+91-9950970800,F,1989-05-22,2022-07-22,INACTIVE,CONTRACTOR,954,822,280,837.0
1433,Aryan,Joshi,aryan.joshi1433@example.com,+91-9889646658,F,1993-12-03,2016-04-18,ACTIVE,FTE,169,55,209,469.0
1434,Ira,Jadhav,ira.jadhav1434@example.com,+91-9694968538,F,1994-04-08,2020-11-18,ACTIVE,FTE,888,771,546,
1435,Aryan,Naidu,aryan.naidu1435@example.com,+91-9448213270,F,1983-01-06,2023-09-30,ACTIVE,FTE,688,571,712,1032.0
1436,Aadhya,Pillai,aadhya.pillai1436@example.com,+91-9601678009,F,1983-04-06,2015-10-20,ACTIVE,CONTRACTOR,261,313,669,1336.0
1437,Shaurya,Bose,shaurya.bose1437@example.com,+91-9926513766,O,1978-05-24,2016-04-21,ACTIVE,CONTRACTOR,158,958,731,585.0
1438,Meera,Mukherjee,meera.mukherjee1438@example.com,+91-9360807808,O,1998-06-07,2025-07-24,ACTIVE,INTERN,462,449,923,423.0
1439,Dev,Joshi,dev.joshi1439@example.com,+91-9980090070,M,1976-04-27,2023-04-29,ACTIVE,FTE,853,569,552,348.0
1440,Saanvi,Naidu,saanvi.naidu1440@example.com,+91-9373728913,F,1965-11-10,2024-03-27,ACTIVE,FTE,622,803,397,86.0
1441,Mohammed,Sharma,mohammed.sharma1441@example.com,+91-9386437094,O,1991-04-24,2025-05-11,INACTIVE,INTERN,333,737,559,297.0
1442,Kabir,Ghosh,kabir.ghosh1442@example.com,+91-9652657298,M,1980-08-14,2020-03-13,ACTIVE,CONTRACTOR,884,717,807,213.0
1443,Aarohi,Mehta,aarohi.mehta1443@example.com,+91-9372840593,F,1997-04-08,2023-08-05,ACTIVE,CONTRACTOR,863,436,354,572.0
1444,Aadhya,Kulkarni,aadhya.kulkarni1444@example.com,+91-9610147017,O,1982-10-28,2022-04-10,ACTIVE,FTE,840,548,901,136.0
1445,Meera,Singh,meera.singh1445@example.com,+91-9444132724,M,1995-08-25,2024-05-25,ACTIVE,FTE,667,774,933,1372.0
1446,Ishita,Reddy,ishita.reddy1446@example.com,+91-9963186550,O,1975-01-04,2024-02-17,ACTIVE,FTE,677,262,896,791.0
1447,Aisha,Rao,aisha.rao1447@example.com,+91-9428645576,F,1993-12-17,2024-12-22,ACTIVE,FTE,907,909,783,125.0
1448,Saanvi,Rao,saanvi.rao1448@example.com,+91-9969971215,M,1974-01-15,2023-02-26,ACTIVE,FTE,698,141,260,75.0
1449,Ishita,Yadav,ishita.yadav1449@example.com,+91-9582679659,M,1990-12-14,2019-04-19,ACTIVE,FTE,209,852,571,1214.0
1450,Mira,Jadhav,mira.jadhav1450@example.com,+91-9520796380,M,1981-03-20,2024-08-30,ACTIVE,FTE,116,662,676,62.0
1451,Aisha,Singh,aisha.singh1451@example.com,+91-9256450285,M,1976-09-25,2023-10-19,LEAVE,CONTRACTOR,729,592,571,344.0
1452,Vivaan,Saxena,vivaan.saxena1452@example.com,+91-9595326907,F,1972-12-17,2015-04-03,ACTIVE,FTE,3,17,65,791.0
1453,Myra,Reddy,myra.reddy1453@example.com,+91-9616304937,O,1968-02-01,2015-07-05,ACTIVE,FTE,688,889,572,1386.0
1454,Myra,Reddy,myra.reddy1454@example.com,+91-9166262563,O,1965-10-06,2024-04-26,ACTIVE,FTE,382,393,816,
1455,Ritvik,Pandey,ritvik.pandey1455@example.com,+91-9944142304,F,2002-08-20,2019-12-04,INACTIVE,FTE,657,967,88,98.0
1456,Yuvraj,Desai,yuvraj.desai1456@example.com,+91-9137440529,M,2002-06-14,2017-05-09,ACTIVE,FTE,888,603,324,201.0
1457,Mohammed,Das,mohammed.das1457@example.com,+91-9453716302,O,1966-02-25,2022-10-10,LEAVE,FTE,187,4,379,572.0
1458,Aditi,Chandra,aditi.chandra1458@example.com,+91-9518688497,F,1994-10-10,2016-04-08,ACTIVE,CONTRACTOR,48,447,444,1369.0
1459,Yuvraj,Iyer,yuvraj.iyer1459@example.com,+91-9196954887,O,1970-01-09,2015-03-23,INACTIVE,FTE,380,307,889,
1460,Kabir,Mishra,kabir.mishra1460@example.com,+91-9929386021,O,1965-02-09,2022-08-09,ACTIVE,FTE,629,838,945,551.0
1461,Saanvi,Sharma,saanvi.sharma1461@example.com,+91-9415896019,O,2000-07-30,2025-06-19,ACTIVE,FTE,779,200,441,415.0
1462,Shaurya,Chandra,shaurya.chandra1462@example.com,+91-9351341315,O,2001-05-11,2024-08-27,ACTIVE,FTE,398,622,471,1082.0
1463,Navya,Yadav,navya.yadav1463@example.com,+91-9939225097,O,2002-10-19,2023-11-06,INACTIVE,FTE,484,542,699,994.0
1464,Arjun,Naidu,arjun.naidu1464@example.com,+91-9587984181,F,1967-02-01,2021-04-24,ACTIVE,FTE,372,465,865,
1465,Vihaan,Bhandari,vihaan.bhandari1465@example.com,+91-9588071626,O,1981-02-10,2017-02-25,ACTIVE,FTE,442,903,719,735.0
1466,Mira,Rao,mira.rao1466@example.com,+91-9713793422,F,2003-01-17,2018-03-06,ACTIVE,FTE,81,567,876,
1467,Rohan,Iyer,rohan.iyer1467@example.com,+91-9858132966,M,1996-05-15,2021-02-22,ACTIVE,FTE,981,121,472,596.0
1468,Rohan,Chauhan,rohan.chauhan1468@example.com,+91-9692088966,M,1985-03-13,2021-07-20,ACTIVE,FTE,99,555,690,1321.0
1469,Yuvraj,Iyer,yuvraj.iyer1469@example.com,+91-9730968145,M,1992-05-30,2017-05-06,ACTIVE,FTE,145,618,966,1050.0
1470,Sara,Sharma,sara.sharma1470@example.com,+91-9621952950,M,1982-12-28,2021-03-26,ACTIVE,FTE,844,567,355,764.0
1471,Anaya,Desai,anaya.desai1471@example.com,+91-9862685924,O,1999-06-03,2017-02-24,ACTIVE,FTE,130,865,891,1.0
1472,Vihaan,Das,vihaan.das1472@example.com,+91-9593232068,M,1968-05-22,2016-01-29,ACTIVE,FTE,722,921,351,109.0
1473,Dhruv,Saxena,dhruv.saxena1473@example.com,+91-9452292920,O,1974-04-04,2019-09-27,LEAVE,FTE,182,516,167,1252.0
1474,Yuvraj,Patel,yuvraj.patel1474@example.com,+91-9381124470,O,1968-12-22,2016-07-06,ACTIVE,FTE,935,837,530,1411.0
1475,Sara,Jadhav,sara.jadhav1475@example.com,+91-9106707662,F,1971-02-18,2017-04-26,INACTIVE,FTE,965,957,556,765.0
1476,Arjun,Sharma,arjun.sharma1476@example.com,+91-9755431781,M,1988-11-30,2024-07-26,ACTIVE,FTE,61,94,119,3.0
1477,Pari,Pandey,pari.pandey1477@example.com,+91-9977183136,F,1972-06-07,2016-06-19,ACTIVE,FTE,766,902,45,466.0
1478,Aditya,Saxena,aditya.saxena1478@example.com,+91-9115790275,M,2003-10-04,2017-04-26,ACTIVE,FTE,73,830,441,1394.0
1479,Saanvi,Kulkarni,saanvi.kulkarni1479@example.com,+91-9251235720,O,1970-11-24,2023-07-30,ACTIVE,FTE,729,336,716,1323.0
1480,Mira,Mehta,mira.mehta1480@example.com,+91-9399604609,F,1993-02-13,2025-02-02,ACTIVE,FTE,879,423,353,527.0
1481,Ishaan,Desai,ishaan.desai1481@example.com,+91-9188736671,M,1970-12-30,2025-08-15,ACTIVE,FTE,145,486,208,1103.0
1482,Arjun,Sharma,arjun.sharma1482@example.com,+91-9296683608,M,1982-07-19,2020-08-26,ACTIVE,FTE,575,680,626,1403.0
1483,Pari,Pandey,pari.pandey1483@example.com,+91-9462275233,M,1985-03-13,2018-08-18,INACTIVE,FTE,746,369,449,496.0
1484,Anika,Verma,anika.verma1484@example.com,+91-9731667288,O,1969-02-12,2021-11-25,LEAVE,INTERN,446,40,764,397.0
1485,Kabir,Bhandari,kabir.bhandari1485@example.com,+91-9510840544,O,1982-02-08,2020-02-05,INACTIVE,FTE,561,311,991,467.0
1486,Om,Chandra,om.chandra1486@example.com,+91-9153816964,F,1974-05-21,2024-03-10,ACTIVE,FTE,457,836,455,1444.0
1487,Aadhya,Mehta,aadhya.mehta1487@example.com,+91-9737874179,M,1987-11-02,2020-12-29,ACTIVE,INTERN,164,211,579,20.0
1488,Zara,Thakur,zara.thakur1488@example.com,+91-9744340026,M,1987-09-07,2020-07-09,ACTIVE,FTE,717,317,749,
1489,Kabir,Reddy,kabir.reddy1489@example.com,+91-9252819463,F,1970-09-03,2016-09-14,ACTIVE,FTE,398,98,616,40.0
1490,Dev,Bhandari,dev.bhandari1490@example.com,+91-9498303491,M,1995-04-19,2021-08-14,ACTIVE,FTE,173,650,25,1272.0
1491,Anaya,Saxena,anaya.saxena1491@example.com,+91-9436883282,O,1983-03-30,2016-05-31,ACTIVE,INTERN,915,85,683,897.0
1492,Diya,Bose,diya.bose1492@example.com,+91-9443068609,M,1969-01-19,2015-03-07,ACTIVE,FTE,832,717,942,
1493,Ira,Singh,ira.singh1493@example.com,+91-9464840605,M,1977-06-17,2020-11-26,INACTIVE,FTE,703,603,266,1265.0
1494,Sara,Mishra,sara.mishra1494@example.com,+91-9153168984,F,1967-12-26,2023-05-18,ACTIVE,FTE,196,865,133,1128.0
1495,Aditi,Pawar,aditi.pawar1495@example.com,+91-9521626653,F,1989-12-01,2015-06-24,INACTIVE,FTE,850,68,50,
1496,Meera,Singh,meera.singh1496@example.com,+91-9330331543,F,1985-09-10,2015-03-17,ACTIVE,CONTRACTOR,122,4,285,65.0
1497,Vivaan,Verma,vivaan.verma1497@example.com,+91-9461647773,O,1984-05-05,2016-02-05,ACTIVE,FTE,629,932,97,1340.0
1498,Meera,Pandey,meera.pandey1498@example.com,+91-9257311688,M,1976-11-10,2024-04-12,ACTIVE,FTE,250,932,383,698.0
1499,Aadhya,Chandra,aadhya.chandra1499@example.com,+91-9120639018,F,1969-10-23,2015-07-26,ACTIVE,INTERN,584,964,592,
1500,Aisha,Desai,aisha.desai1500@example.com,+91-9846735731,M,2002-04-05,2016-01-01,ACTIVE,FTE,450,489,270,
1501,Saanvi,Verma,saanvi.verma1501@example.com,+91-9723901080,O,1983-03-05,2017-02-17,ACTIVE,INTERN,679,199,584,629.0
1502,Aadhya,Bose,aadhya.bose1502@example.com,+91-9452285821,M,1980-04-25,2015-05-08,ACTIVE,FTE,387,777,869,685.0
1503,Dhruv,Khan,dhruv.khan1503@example.com,+91-9297187203,F,1988-09-05,2015-03-10,ACTIVE,FTE,389,321,262,802.0
1504,Krishna,Mehta,krishna.mehta1504@example.com,+91-9334972432,M,2001-07-24,2019-05-03,ACTIVE,FTE,192,678,970,307.0
1505,Om,Ghosh,om.ghosh1505@example.com,+91-9826672921,M,1971-06-26,2016-03-09,ACTIVE,FTE,586,41,659,864.0
1506,Diya,Jadhav,diya.jadhav1506@example.com,+91-9194904011,F,1965-05-20,2024-03-15,ACTIVE,FTE,260,249,15,239.0
1507,Aarohi,Mehta,aarohi.mehta1507@example.com,+91-9458718880,O,1979-12-20,2017-04-25,ACTIVE,FTE,918,695,343,935.0
1508,Riya,Pillai,riya.pillai1508@example.com,+91-9927925850,F,2001-12-15,2022-09-04,ACTIVE,FTE,191,90,176,1216.0
1509,Om,Khan,om.khan1509@example.com,+91-9845407515,M,1991-11-24,2015-10-16,ACTIVE,FTE,430,688,824,18.0
1510,Pari,Naidu,pari.naidu1510@example.com,+91-9101178290,F,1989-01-26,2023-11-10,ACTIVE,FTE,475,912,26,259.0
1511,Ishaan,Iyer,ishaan.iyer1511@example.com,+91-9206273231,O,1988-06-05,2017-10-04,ACTIVE,FTE,7,186,194,345.0
1512,Ishita,Das,ishita.das1512@example.com,+91-9876089213,M,1976-08-19,2016-02-24,ACTIVE,CONTRACTOR,805,128,535,1002.0
1513,Aadhya,Rao,aadhya.rao1513@example.com,+91-9691203447,M,1971-06-06,2022-05-19,ACTIVE,FTE,448,217,549,1127.0
1514,Aditi,Pandey,aditi.pandey1514@example.com,+91-9697014377,O,1986-04-19,2024-09-05,ACTIVE,FTE,482,172,721,782.0
1515,Vivaan,Bhandari,vivaan.bhandari1515@example.com,+91-9172121887,O,1968-06-05,2020-10-11,INACTIVE,FTE,784,828,717,443.0
1516,Myra,Gowda,myra.gowda1516@example.com,+91-9157359761,O,1975-07-09,2023-08-26,INACTIVE,FTE,177,823,522,637.0
1517,Krishna,Verma,krishna.verma1517@example.com,+91-9416265870,O,1974-05-26,2017-11-10,ACTIVE,FTE,2,56,182,1260.0
1518,Rohan,Joshi,rohan.joshi1518@example.com,+91-9803122317,M,1980-07-23,2017-04-20,ACTIVE,FTE,259,91,285,571.0
1519,Rohan,Thakur,rohan.thakur1519@example.com,+91-9852801235,M,2000-09-20,2016-11-12,ACTIVE,INTERN,980,369,592,402.0
1520,Rohan,Das,rohan.das1520@example.com,+91-9335168266,M,1965-11-21,2017-03-03,ACTIVE,FTE,52,284,960,306.0
1521,Rohan,Bhandari,rohan.bhandari1521@example.com,+91-9308266509,M,1994-11-14,2023-06-22,ACTIVE,CONTRACTOR,713,897,106,1471.0
1522,Rohan,Verma,rohan.verma1522@example.com,+91-9985706499,M,1971-05-14,2022-02-09,ACTIVE,FTE,260,406,202,
1523,Diya,Bhandari,diya.bhandari1523@example.com,+91-9241754500,M,1980-09-15,2022-06-26,ACTIVE,FTE,925,599,99,460.0
1524,Vihaan,Joshi,vihaan.joshi1524@example.com,+91-9420552711,F,1976-01-08,2025-03-06,ACTIVE,FTE,833,703,761,
1525,Ishita,Sharma,ishita.sharma1525@example.com,+91-9366225137,O,1975-10-30,2024-11-25,ACTIVE,FTE,123,967,805,
1526,Zara,Saxena,zara.saxena1526@example.com,+91-9227254987,F,1983-10-11,2016-02-20,ACTIVE,FTE,155,582,84,416.0
1527,Kiara,Patel,kiara.patel1527@example.com,+91-9594463016,M,1999-02-06,2015-12-14,ACTIVE,FTE,378,993,862,806.0
1528,Myra,Jadhav,myra.jadhav1528@example.com,+91-9724073270,F,1991-10-24,2017-08-08,ACTIVE,FTE,404,371,371,
1529,Samar,Mishra,samar.mishra1529@example.com,+91-9870173255,M,1967-06-19,2022-07-03,INACTIVE,FTE,202,702,314,387.0
1530,Aisha,Desai,aisha.desai1530@example.com,+91-9513756040,M,1988-05-24,2015-02-23,ACTIVE,FTE,172,465,195,346.0
1531,Navya,Pandey,navya.pandey1531@example.com,+91-9468854654,O,1972-12-29,2016-07-03,ACTIVE,FTE,222,805,421,1514.0
1532,Riya,Bhandari,riya.bhandari1532@example.com,+91-9673164392,O,1986-10-25,2019-07-15,ACTIVE,FTE,528,871,526,81.0
1533,Kiara,Gowda,kiara.gowda1533@example.com,+91-9190876558,O,1971-09-04,2025-08-05,INACTIVE,FTE,246,742,319,1457.0
1534,Ishita,Rao,ishita.rao1534@example.com,+91-9594923103,M,1990-11-17,2019-06-27,ACTIVE,FTE,825,246,909,577.0
1535,Aadhya,Pawar,aadhya.pawar1535@example.com,+91-9968567809,O,1968-12-02,2021-03-15,ACTIVE,FTE,267,973,208,72.0
1536,Ritvik,Iyer,ritvik.iyer1536@example.com,+91-9497064285,F,1970-05-10,2021-03-23,LEAVE,FTE,416,29,383,547.0
1537,Myra,Thakur,myra.thakur1537@example.com,+91-9874968535,O,2003-05-13,2019-07-27,ACTIVE,FTE,412,601,730,550.0
1538,Ira,Singh,ira.singh1538@example.com,+91-9738497605,O,1989-07-14,2019-01-30,ACTIVE,FTE,878,278,403,1492.0
1539,Myra,Pillai,myra.pillai1539@example.com,+91-9674974169,O,1969-04-30,2022-05-01,ACTIVE,FTE,81,182,352,46.0
1540,Aarav,Rao,aarav.rao1540@example.com,+91-9739890586,M,1987-08-06,2025-07-09,INACTIVE,FTE,90,835,350,818.0
1541,Anaya,Pillai,anaya.pillai1541@example.com,+91-9114545162,F,1990-04-06,2024-10-17,ACTIVE,FTE,458,187,116,491.0
1542,Yuvraj,Gupta,yuvraj.gupta1542@example.com,+91-9156520835,O,1981-04-22,2021-04-05,ACTIVE,FTE,122,273,186,586.0
1543,Samar,Joshi,samar.joshi1543@example.com,+91-9934030629,F,2002-01-19,2024-12-04,ACTIVE,FTE,162,964,426,617.0
1544,Om,Singh,om.singh1544@example.com,+91-9119404637,M,1968-10-19,2022-09-14,ACTIVE,FTE,789,469,232,1395.0
1545,Zara,Joshi,zara.joshi1545@example.com,+91-9495523897,O,1973-04-20,2023-06-08,INACTIVE,FTE,942,172,146,163.0
1546,Riya,Mehta,riya.mehta1546@example.com,+91-9289212844,F,1971-04-16,2024-06-22,ACTIVE,FTE,372,836,993,1514.0
1547,Aanya,Pillai,aanya.pillai1547@example.com,+91-9633886006,M,1996-05-07,2019-06-03,ACTIVE,FTE,912,696,511,
1548,Aryan,Bose,aryan.bose1548@example.com,+91-9596926738,F,1966-09-22,2024-01-01,ACTIVE,FTE,760,841,152,911.0
1549,Rohan,Rao,rohan.rao1549@example.com,+91-9793320994,M,1994-04-06,2021-10-23,ACTIVE,FTE,200,480,4,127.0
1550,Diya,Saxena,diya.saxena1550@example.com,+91-9806828453,M,1975-05-19,2022-06-22,INACTIVE,FTE,950,959,377,1064.0
1551,Vivaan,Patel,vivaan.patel1551@example.com,+91-9811427046,M,1975-05-06,2023-03-26,LEAVE,FTE,132,68,317,949.0
1552,Ishaan,Desai,ishaan.desai1552@example.com,+91-9919333545,F,1966-10-20,2025-04-12,ACTIVE,INTERN,709,811,127,446.0
1553,Mira,Pillai,mira.pillai1553@example.com,+91-9476952556,O,1970-11-29,2023-05-30,INACTIVE,CONTRACTOR,204,125,203,709.0
1554,Shaurya,Verma,shaurya.verma1554@example.com,+91-9941913481,M,1991-08-05,2017-12-29,INACTIVE,FTE,661,191,590,993.0
1555,Diya,Gupta,diya.gupta1555@example.com,+91-9281436558,M,1990-06-03,2025-06-20,ACTIVE,CONTRACTOR,676,700,219,304.0
1556,Sara,Jadhav,sara.jadhav1556@example.com,+91-9989386273,M,1977-12-09,2023-11-19,ACTIVE,FTE,295,373,874,1421.0
1557,Diya,Jadhav,diya.jadhav1557@example.com,+91-9152564958,O,1973-10-17,2018-11-09,ACTIVE,FTE,359,996,36,188.0
1558,Pari,Sharma,pari.sharma1558@example.com,+91-9990953276,M,1999-10-22,2018-03-10,ACTIVE,FTE,983,124,783,325.0
1559,Myra,Sharma,myra.sharma1559@example.com,+91-9338651333,O,1971-09-19,2015-03-29,ACTIVE,FTE,103,363,661,1134.0
1560,Riya,Joshi,riya.joshi1560@example.com,+91-9918239378,F,1977-06-12,2016-07-11,INACTIVE,FTE,813,863,646,1449.0
1561,Zara,Bose,zara.bose1561@example.com,+91-9841796333,M,1982-07-30,2021-11-06,ACTIVE,FTE,772,269,135,444.0
1562,Shaurya,Khan,shaurya.khan1562@example.com,+91-9895177469,O,1999-08-06,2015-04-15,ACTIVE,FTE,300,260,158,1373.0
1563,Shaurya,Bhandari,shaurya.bhandari1563@example.com,+91-9462424201,M,1977-07-13,2018-01-15,ACTIVE,FTE,59,387,188,1266.0
1564,Aadhya,Joshi,aadhya.joshi1564@example.com,+91-9171585392,O,1968-05-10,2021-08-17,ACTIVE,CONTRACTOR,810,740,491,502.0
1565,Ishaan,Yadav,ishaan.yadav1565@example.com,+91-9818335840,F,1968-10-09,2019-08-15,ACTIVE,FTE,283,108,848,995.0
1566,Kabir,Bose,kabir.bose1566@example.com,+91-9335956417,F,2003-01-13,2020-03-09,ACTIVE,FTE,332,153,14,147.0
1567,Reyansh,Chandra,reyansh.chandra1567@example.com,+91-9492318435,F,1968-11-25,2023-08-28,ACTIVE,FTE,235,585,849,1346.0
1568,Arjun,Ghosh,arjun.ghosh1568@example.com,+91-9808334849,M,1983-11-04,2023-02-06,ACTIVE,FTE,583,75,819,1283.0
1569,Aadhya,Iyer,aadhya.iyer1569@example.com,+91-9118153736,O,1994-02-18,2019-07-22,ACTIVE,FTE,941,690,351,557.0
1570,Sai,Rao,sai.rao1570@example.com,+91-9164637244,F,1990-08-02,2025-01-29,INACTIVE,FTE,462,561,509,379.0
1571,Aarav,Pillai,aarav.pillai1571@example.com,+91-9800110782,F,1974-05-01,2015-04-23,ACTIVE,FTE,163,683,16,
1572,Krishna,Gupta,krishna.gupta1572@example.com,+91-9533290977,F,1971-02-11,2017-07-19,ACTIVE,CONTRACTOR,586,250,770,1271.0
1573,Zara,Rao,zara.rao1573@example.com,+91-9619554385,M,1995-11-21,2021-11-27,ACTIVE,INTERN,486,221,76,1005.0
1574,Sai,Pillai,sai.pillai1574@example.com,+91-9719308110,O,1977-08-13,2017-03-30,ACTIVE,FTE,783,29,472,1425.0
1575,Zara,Gowda,zara.gowda1575@example.com,+91-9713821488,O,1997-05-03,2024-04-07,ACTIVE,FTE,653,959,213,1403.0
1576,Om,Singh,om.singh1576@example.com,+91-9650286446,O,1972-11-05,2025-04-02,ACTIVE,FTE,337,317,193,
1577,Aditi,Joshi,aditi.joshi1577@example.com,+91-9125253306,F,1987-10-16,2018-02-02,ACTIVE,FTE,163,124,601,
1578,Kiara,Pillai,kiara.pillai1578@example.com,+91-9863394412,M,1990-09-25,2019-08-19,INACTIVE,FTE,468,819,944,15.0
1579,Aarav,Gupta,aarav.gupta1579@example.com,+91-9419700054,O,1993-08-22,2024-07-19,ACTIVE,FTE,558,682,781,822.0
1580,Sara,Rao,sara.rao1580@example.com,+91-9841554242,M,1995-08-20,2020-04-07,INACTIVE,FTE,836,207,395,874.0
1581,Samar,Bose,samar.bose1581@example.com,+91-9732287160,O,1987-07-02,2015-07-25,ACTIVE,FTE,323,716,226,78.0
1582,Myra,Kulkarni,myra.kulkarni1582@example.com,+91-9798011488,F,2003-06-15,2022-04-04,ACTIVE,INTERN,452,81,113,1159.0
1583,Rohan,Rao,rohan.rao1583@example.com,+91-9495144337,F,1990-11-14,2018-10-16,ACTIVE,FTE,380,608,478,368.0
1584,Ishaan,Khan,ishaan.khan1584@example.com,+91-9759365013,F,2000-12-31,2017-09-28,ACTIVE,FTE,437,307,241,644.0
1585,Mira,Gowda,mira.gowda1585@example.com,+91-9366302660,F,2003-01-30,2024-09-11,ACTIVE,FTE,358,945,289,891.0
1586,Ira,Mukherjee,ira.mukherjee1586@example.com,+91-9757115733,M,1982-10-24,2019-12-21,ACTIVE,FTE,264,805,75,626.0
1587,Aarohi,Rao,aarohi.rao1587@example.com,+91-9343111206,O,1981-08-24,2025-05-02,ACTIVE,FTE,879,265,283,584.0
1588,Yuvraj,Pandey,yuvraj.pandey1588@example.com,+91-9341085939,M,1992-11-23,2019-06-28,ACTIVE,FTE,857,674,717,300.0
1589,Aditi,Ghosh,aditi.ghosh1589@example.com,+91-9977861702,O,1999-01-23,2022-02-23,ACTIVE,FTE,741,958,224,1371.0
1590,Mira,Rao,mira.rao1590@example.com,+91-9165717230,O,1983-05-08,2016-09-11,ACTIVE,FTE,9,916,779,265.0
1591,Reyansh,Reddy,reyansh.reddy1591@example.com,+91-9862094026,F,1997-07-31,2015-09-27,ACTIVE,FTE,873,532,357,1291.0
1592,Aadhya,Ghosh,aadhya.ghosh1592@example.com,+91-9398648040,O,1997-02-28,2024-12-17,ACTIVE,FTE,39,251,11,
1593,Navya,Bose,navya.bose1593@example.com,+91-9129405302,M,1985-09-18,2021-06-28,INACTIVE,FTE,626,229,581,
1594,Diya,Reddy,diya.reddy1594@example.com,+91-9859112695,O,1974-04-13,2016-12-14,ACTIVE,CONTRACTOR,342,880,403,1083.0
1595,Aarohi,Singh,aarohi.singh1595@example.com,+91-9965612470,M,1987-07-06,2024-11-27,ACTIVE,FTE,483,987,3,882.0
1596,Aisha,Gowda,aisha.gowda1596@example.com,+91-9516489739,M,1979-11-12,2016-03-03,ACTIVE,FTE,306,194,266,813.0
1597,Sai,Iyer,sai.iyer1597@example.com,+91-9269190920,O,1980-03-01,2024-03-22,ACTIVE,FTE,210,304,912,835.0
1598,Rohan,Sharma,rohan.sharma1598@example.com,+91-9423473126,M,1981-12-03,2018-04-26,ACTIVE,FTE,272,417,213,39.0
1599,Sara,Bhandari,sara.bhandari1599@example.com,+91-9992488956,M,2004-06-07,2022-01-26,ACTIVE,FTE,821,674,406,1107.0
1600,Vivaan,Yadav,vivaan.yadav1600@example.com,+91-9964059023,O,1986-05-10,2017-05-25,ACTIVE,FTE,772,597,983,
1601,Sai,Joshi,sai.joshi1601@example.com,+91-9162755223,M,1998-02-28,2022-06-15,INACTIVE,FTE,270,193,39,653.0
1602,Kabir,Yadav,kabir.yadav1602@example.com,+91-9294534133,F,1989-12-13,2015-10-19,ACTIVE,FTE,625,967,288,693.0
1603,Ira,Das,ira.das1603@example.com,+91-9117439414,M,1975-11-08,2018-05-21,ACTIVE,FTE,157,639,813,280.0
1604,Ira,Chandra,ira.chandra1604@example.com,+91-9602990092,F,2004-01-14,2016-10-31,ACTIVE,CONTRACTOR,236,23,225,837.0
1605,Arjun,Das,arjun.das1605@example.com,+91-9933122427,F,1973-05-12,2022-04-12,ACTIVE,FTE,836,11,449,291.0
1606,Meera,Gowda,meera.gowda1606@example.com,+91-9184011602,M,1988-08-22,2020-05-12,ACTIVE,FTE,178,285,658,115.0
1607,Kabir,Das,kabir.das1607@example.com,+91-9950837059,M,2004-08-02,2024-06-17,ACTIVE,FTE,175,241,30,1468.0
1608,Vivaan,Gupta,vivaan.gupta1608@example.com,+91-9117593820,M,2001-10-05,2020-01-14,ACTIVE,CONTRACTOR,819,596,829,1579.0
1609,Pari,Bhandari,pari.bhandari1609@example.com,+91-9974373959,O,1976-02-05,2017-10-12,ACTIVE,FTE,54,903,383,
1610,Anika,Thakur,anika.thakur1610@example.com,+91-9841938227,F,1982-08-16,2024-04-18,ACTIVE,FTE,105,852,940,1303.0
1611,Anaya,Saxena,anaya.saxena1611@example.com,+91-9153736958,F,1982-09-22,2022-01-16,ACTIVE,FTE,616,959,883,541.0
1612,Aadhya,Joshi,aadhya.joshi1612@example.com,+91-9464512159,O,2001-11-10,2018-11-13,ACTIVE,CONTRACTOR,158,808,694,304.0
1613,Arjun,Khan,arjun.khan1613@example.com,+91-9914164144,O,1975-08-03,2020-05-21,ACTIVE,FTE,599,801,705,808.0
1614,Dev,Bhandari,dev.bhandari1614@example.com,+91-9715687235,M,1982-05-03,2023-08-18,ACTIVE,FTE,254,498,256,925.0
1615,Reyansh,Reddy,reyansh.reddy1615@example.com,+91-9848278945,F,1973-11-05,2016-06-09,ACTIVE,FTE,544,469,990,483.0
1616,Riya,Desai,riya.desai1616@example.com,+91-9342166669,O,1968-05-27,2016-04-04,ACTIVE,FTE,845,497,299,1289.0
1617,Shaurya,Naidu,shaurya.naidu1617@example.com,+91-9920680315,M,1972-01-19,2024-12-31,INACTIVE,FTE,712,364,183,1506.0
1618,Kiara,Reddy,kiara.reddy1618@example.com,+91-9587912048,M,1976-10-01,2017-12-26,ACTIVE,FTE,398,767,261,1142.0
1619,Aryan,Patel,aryan.patel1619@example.com,+91-9734691587,O,1989-07-19,2019-12-03,ACTIVE,FTE,181,386,696,534.0
1620,Myra,Bose,myra.bose1620@example.com,+91-9416139273,F,1978-02-03,2018-04-28,ACTIVE,FTE,553,837,201,594.0
1621,Sara,Pandey,sara.pandey1621@example.com,+91-9390943365,F,1966-04-06,2020-03-08,ACTIVE,FTE,521,614,595,25.0
1622,Vihaan,Pillai,vihaan.pillai1622@example.com,+91-9757213142,F,1976-04-24,2015-03-06,LEAVE,FTE,387,785,520,147.0
1623,Mohammed,Pillai,mohammed.pillai1623@example.com,+91-9271753941,O,1995-07-02,2023-06-15,ACTIVE,FTE,187,407,438,429.0
1624,Anaya,Desai,anaya.desai1624@example.com,+91-9709067946,M,1980-11-13,2019-07-24,ACTIVE,CONTRACTOR,486,327,814,735.0
1625,Vihaan,Desai,vihaan.desai1625@example.com,+91-9496087726,O,1970-06-26,2021-10-17,ACTIVE,FTE,829,620,138,
1626,Aryan,Gupta,aryan.gupta1626@example.com,+91-9262816584,O,1984-06-14,2016-12-28,ACTIVE,CONTRACTOR,978,952,788,87.0
1627,Anaya,Ghosh,anaya.ghosh1627@example.com,+91-9285070646,O,2004-07-29,2021-11-04,ACTIVE,FTE,685,738,832,837.0
1628,Dev,Pawar,dev.pawar1628@example.com,+91-9818143426,O,1977-03-30,2015-09-23,ACTIVE,FTE,680,266,639,1324.0
1629,Ira,Reddy,ira.reddy1629@example.com,+91-9392714214,O,1978-03-29,2018-06-26,ACTIVE,FTE,552,779,872,
1630,Zara,Bose,zara.bose1630@example.com,+91-9989955551,M,1980-04-10,2017-09-02,ACTIVE,FTE,182,871,156,
1631,Arjun,Naidu,arjun.naidu1631@example.com,+91-9683514119,F,1985-02-23,2023-09-13,ACTIVE,CONTRACTOR,729,382,552,892.0
1632,Zara,Chauhan,zara.chauhan1632@example.com,+91-9676850331,M,1992-04-27,2020-01-26,INACTIVE,FTE,597,113,544,1140.0
1633,Myra,Mishra,myra.mishra1633@example.com,+91-9634538765,F,1985-10-18,2017-04-09,LEAVE,FTE,44,814,398,1030.0
1634,Mira,Chauhan,mira.chauhan1634@example.com,+91-9904162114,F,1981-08-23,2020-05-03,ACTIVE,FTE,983,398,654,818.0
1635,Ishaan,Gowda,ishaan.gowda1635@example.com,+91-9968295630,M,1994-08-17,2017-03-14,ACTIVE,FTE,115,626,145,894.0
1636,Reyansh,Iyer,reyansh.iyer1636@example.com,+91-9332957049,M,1978-02-26,2018-02-11,ACTIVE,FTE,47,292,168,1090.0
1637,Dev,Das,dev.das1637@example.com,+91-9760348367,F,1998-01-17,2023-09-11,INACTIVE,FTE,883,717,887,965.0
1638,Shaurya,Saxena,shaurya.saxena1638@example.com,+91-9272747496,O,1992-08-24,2025-01-02,ACTIVE,INTERN,285,590,708,1335.0
1639,Mohammed,Reddy,mohammed.reddy1639@example.com,+91-9280486879,O,2002-05-26,2015-05-04,ACTIVE,CONTRACTOR,433,420,22,1527.0
1640,Aarav,Sharma,aarav.sharma1640@example.com,+91-9203467018,M,1965-05-14,2020-12-01,INACTIVE,FTE,553,345,199,387.0
1641,Anaya,Joshi,anaya.joshi1641@example.com,+91-9102051917,F,1968-02-28,2020-07-22,ACTIVE,FTE,908,543,921,1454.0
1642,Riya,Bhandari,riya.bhandari1642@example.com,+91-9164039356,F,1976-01-06,2022-02-09,LEAVE,FTE,676,798,579,128.0
1643,Aarohi,Yadav,aarohi.yadav1643@example.com,+91-9322059604,O,1994-05-31,2017-10-16,LEAVE,FTE,956,250,879,1139.0
1644,Meera,Pandey,meera.pandey1644@example.com,+91-9222454582,O,1991-03-24,2018-06-20,ACTIVE,FTE,922,765,86,1301.0
1645,Zara,Thakur,zara.thakur1645@example.com,+91-9100880981,M,1992-05-22,2018-01-05,ACTIVE,FTE,445,566,313,223.0
1646,Mohammed,Gupta,mohammed.gupta1646@example.com,+91-9885001708,M,1999-06-04,2017-09-01,ACTIVE,FTE,624,157,102,1041.0
1647,Diya,Pandey,diya.pandey1647@example.com,+91-9890578062,O,1977-09-18,2022-11-05,ACTIVE,FTE,65,542,489,1566.0
1648,Vihaan,Chandra,vihaan.chandra1648@example.com,+91-9279366591,M,1997-10-27,2023-05-22,ACTIVE,FTE,433,774,645,1192.0
1649,Zara,Verma,zara.verma1649@example.com,+91-9225390370,F,1971-11-02,2019-07-14,ACTIVE,FTE,131,479,622,840.0
1650,Aanya,Bhandari,aanya.bhandari1650@example.com,+91-9420950640,F,1972-07-13,2020-12-29,INACTIVE,FTE,874,547,659,1419.0
1651,Kiara,Khan,kiara.khan1651@example.com,+91-9920037430,M,1966-02-18,2017-07-25,ACTIVE,FTE,713,977,842,788.0
1652,Meera,Bose,meera.bose1652@example.com,+91-9707205726,M,1989-01-31,2024-10-11,LEAVE,FTE,459,210,316,1215.0
1653,Ira,Ghosh,ira.ghosh1653@example.com,+91-9246569717,O,1980-03-18,2025-03-31,ACTIVE,FTE,652,10,783,611.0
1654,Ishita,Patel,ishita.patel1654@example.com,+91-9167569640,F,1995-04-15,2019-07-25,ACTIVE,FTE,633,422,434,624.0
1655,Aisha,Gowda,aisha.gowda1655@example.com,+91-9634756202,F,1991-12-22,2023-03-30,ACTIVE,FTE,801,610,469,1393.0
1656,Riya,Naidu,riya.naidu1656@example.com,+91-9424558846,M,2003-11-09,2019-11-02,ACTIVE,FTE,522,199,822,1033.0
1657,Anika,Mehta,anika.mehta1657@example.com,+91-9675992495,O,1981-07-04,2019-12-01,LEAVE,FTE,646,352,212,1191.0
1658,Krishna,Chandra,krishna.chandra1658@example.com,+91-9787205222,O,1984-12-08,2024-12-09,ACTIVE,FTE,324,11,812,1358.0
1659,Aarohi,Pandey,aarohi.pandey1659@example.com,+91-9141966685,F,1965-09-04,2020-07-22,INACTIVE,FTE,909,33,168,940.0
1660,Aarohi,Mishra,aarohi.mishra1660@example.com,+91-9485010812,O,2002-08-16,2025-03-28,INACTIVE,FTE,558,184,278,518.0
1661,Krishna,Mukherjee,krishna.mukherjee1661@example.com,+91-9454205969,F,1980-01-26,2015-01-04,ACTIVE,FTE,569,195,896,85.0
1662,Om,Pawar,om.pawar1662@example.com,+91-9694135942,F,2001-10-22,2024-05-17,ACTIVE,FTE,486,269,854,218.0
1663,Anika,Bose,anika.bose1663@example.com,+91-9100678471,M,1981-02-05,2015-04-01,ACTIVE,INTERN,808,380,938,
1664,Vivaan,Pawar,vivaan.pawar1664@example.com,+91-9792616427,M,1988-06-21,2021-08-22,ACTIVE,FTE,607,910,891,729.0
1665,Vihaan,Thakur,vihaan.thakur1665@example.com,+91-9814002285,F,1989-04-29,2021-08-04,ACTIVE,FTE,786,579,197,1109.0
1666,Navya,Mehta,navya.mehta1666@example.com,+91-9606917907,M,2003-10-03,2015-11-18,ACTIVE,FTE,739,935,20,1088.0
1667,Anika,Pandey,anika.pandey1667@example.com,+91-9347955119,F,1967-05-18,2015-07-14,ACTIVE,FTE,438,382,910,98.0
1668,Dev,Mishra,dev.mishra1668@example.com,+91-9699820199,F,1982-02-26,2017-03-28,ACTIVE,CONTRACTOR,403,496,281,865.0
1669,Aadhya,Khan,aadhya.khan1669@example.com,+91-9741406682,F,1985-06-23,2015-08-28,ACTIVE,FTE,130,120,332,1252.0
1670,Saanvi,Gupta,saanvi.gupta1670@example.com,+91-9353308409,M,1986-06-19,2022-03-28,ACTIVE,FTE,876,186,128,680.0
1671,Dev,Mehta,dev.mehta1671@example.com,+91-9449696563,F,1967-01-01,2019-05-27,ACTIVE,FTE,399,311,555,1609.0
1672,Ishita,Jadhav,ishita.jadhav1672@example.com,+91-9625165952,M,1994-09-29,2020-07-20,ACTIVE,FTE,838,238,548,13.0
1673,Rohan,Mishra,rohan.mishra1673@example.com,+91-9895666663,M,1987-08-31,2020-11-30,ACTIVE,FTE,849,883,922,7.0
1674,Aarohi,Gupta,aarohi.gupta1674@example.com,+91-9787294097,M,1977-07-31,2016-07-21,INACTIVE,FTE,735,798,484,1595.0
1675,Pari,Chauhan,pari.chauhan1675@example.com,+91-9444655032,O,1975-09-09,2022-03-29,ACTIVE,FTE,559,750,253,1139.0
1676,Anaya,Yadav,anaya.yadav1676@example.com,+91-9435681563,M,1987-02-06,2017-11-28,ACTIVE,FTE,175,698,862,1460.0
1677,Aarohi,Reddy,aarohi.reddy1677@example.com,+91-9668109294,O,1999-03-10,2020-07-29,ACTIVE,FTE,460,69,57,107.0
1678,Aditya,Naidu,aditya.naidu1678@example.com,+91-9785722215,M,1985-12-30,2025-03-12,ACTIVE,FTE,315,276,483,750.0
1679,Diya,Mukherjee,diya.mukherjee1679@example.com,+91-9595257084,M,1974-08-10,2020-01-23,ACTIVE,FTE,762,874,750,1617.0
1680,Diya,Rao,diya.rao1680@example.com,+91-9348429506,F,1985-06-08,2024-09-18,ACTIVE,FTE,868,923,618,683.0
1681,Aanya,Yadav,aanya.yadav1681@example.com,+91-9315864244,M,1967-01-23,2018-10-12,ACTIVE,FTE,432,86,895,1410.0
1682,Mira,Thakur,mira.thakur1682@example.com,+91-9173355224,F,1977-05-27,2022-04-08,INACTIVE,FTE,519,548,911,1141.0
1683,Reyansh,Chauhan,reyansh.chauhan1683@example.com,+91-9436576114,M,2001-12-21,2023-01-31,ACTIVE,FTE,569,446,189,129.0
1684,Ishaan,Mehta,ishaan.mehta1684@example.com,+91-9965196468,O,1985-10-21,2021-12-13,ACTIVE,FTE,949,336,747,1664.0
1685,Aditya,Reddy,aditya.reddy1685@example.com,+91-9633181562,M,1999-11-01,2024-08-08,LEAVE,FTE,703,490,193,782.0
1686,Saanvi,Mehta,saanvi.mehta1686@example.com,+91-9525259510,M,1990-10-14,2017-10-07,ACTIVE,FTE,955,67,318,1667.0
1687,Aditi,Gowda,aditi.gowda1687@example.com,+91-9754543767,O,2004-03-03,2019-05-16,INACTIVE,FTE,441,269,995,108.0
1688,Aisha,Rao,aisha.rao1688@example.com,+91-9670470132,M,1966-12-22,2015-08-18,ACTIVE,FTE,568,349,492,35.0
1689,Ira,Khan,ira.khan1689@example.com,+91-9416548807,F,1971-06-25,2016-06-12,ACTIVE,FTE,535,298,927,1333.0
1690,Yuvraj,Das,yuvraj.das1690@example.com,+91-9725818533,F,2000-01-08,2023-10-16,ACTIVE,FTE,923,860,687,938.0
1691,Sara,Khan,sara.khan1691@example.com,+91-9658237613,M,2003-03-07,2021-04-23,LEAVE,CONTRACTOR,337,651,728,1545.0
1692,Mira,Das,mira.das1692@example.com,+91-9754126431,O,1972-07-25,2025-01-28,ACTIVE,FTE,452,764,598,1104.0
1693,Arjun,Saxena,arjun.saxena1693@example.com,+91-9596199824,M,1974-05-15,2020-02-03,ACTIVE,FTE,624,930,881,168.0
1694,Ira,Mukherjee,ira.mukherjee1694@example.com,+91-9385482051,M,2004-07-05,2024-01-01,ACTIVE,INTERN,948,337,831,
1695,Navya,Chauhan,navya.chauhan1695@example.com,+91-9131873934,M,1975-11-18,2023-11-25,INACTIVE,INTERN,108,85,187,1308.0
1696,Mira,Verma,mira.verma1696@example.com,+91-9995814380,O,1988-04-03,2022-05-23,LEAVE,FTE,84,592,252,1007.0
1697,Sai,Kulkarni,sai.kulkarni1697@example.com,+91-9715102293,O,1987-11-27,2024-10-21,ACTIVE,FTE,756,815,633,1475.0
1698,Aryan,Saxena,aryan.saxena1698@example.com,+91-9728354912,M,1972-03-03,2022-07-29,ACTIVE,FTE,324,152,574,867.0
1699,Kabir,Saxena,kabir.saxena1699@example.com,+91-9875147482,F,1990-06-06,2016-07-09,ACTIVE,FTE,763,517,552,1546.0
1700,Aarav,Mukherjee,aarav.mukherjee1700@example.com,+91-9945319144,O,1986-09-02,2018-04-27,ACTIVE,FTE,765,763,125,494.0
1701,Sai,Patel,sai.patel1701@example.com,+91-9475339059,M,1981-12-02,2024-01-23,ACTIVE,FTE,486,315,138,646.0
1702,Ritvik,Das,ritvik.das1702@example.com,+91-9870064941,M,1994-01-11,2015-09-20,ACTIVE,FTE,336,847,548,1029.0
1703,Vivaan,Mishra,vivaan.mishra1703@example.com,+91-9848569845,O,1987-04-22,2016-01-15,INACTIVE,FTE,732,473,212,703.0
1704,Kiara,Singh,kiara.singh1704@example.com,+91-9530509514,O,1990-10-19,2021-11-03,ACTIVE,FTE,223,707,358,1228.0
1705,Ritvik,Singh,ritvik.singh1705@example.com,+91-9561925672,M,1989-01-14,2019-02-12,ACTIVE,FTE,8,642,342,1539.0
1706,Aadhya,Joshi,aadhya.joshi1706@example.com,+91-9727906148,F,1984-11-12,2022-08-30,ACTIVE,FTE,343,882,396,491.0
1707,Aisha,Khan,aisha.khan1707@example.com,+91-9758680824,M,1989-04-19,2020-11-24,ACTIVE,FTE,389,298,253,1391.0
1708,Rohan,Saxena,rohan.saxena1708@example.com,+91-9922174127,O,1999-07-29,2019-01-31,ACTIVE,FTE,29,876,163,864.0
1709,Myra,Desai,myra.desai1709@example.com,+91-9173753177,O,1965-04-27,2020-11-02,INACTIVE,FTE,534,85,387,526.0
1710,Anika,Iyer,anika.iyer1710@example.com,+91-9459448074,O,1967-05-19,2016-10-13,ACTIVE,FTE,982,972,332,420.0
1711,Om,Desai,om.desai1711@example.com,+91-9245351271,F,1983-01-28,2015-09-24,INACTIVE,INTERN,39,194,686,3.0
1712,Dhruv,Patel,dhruv.patel1712@example.com,+91-9382713132,O,1982-12-21,2017-06-05,ACTIVE,FTE,138,957,878,210.0
1713,Samar,Pawar,samar.pawar1713@example.com,+91-9717771418,F,1983-06-01,2022-09-17,ACTIVE,FTE,236,607,325,45.0
1714,Aisha,Pillai,aisha.pillai1714@example.com,+91-9772909894,O,1968-01-22,2022-02-12,ACTIVE,FTE,775,882,940,1243.0
1715,Aarav,Rao,aarav.rao1715@example.com,+91-9389504867,F,1976-10-27,2017-12-11,ACTIVE,FTE,285,962,629,1568.0
1716,Diya,Reddy,diya.reddy1716@example.com,+91-9311039652,M,1981-02-19,2020-08-04,ACTIVE,CONTRACTOR,140,867,503,545.0
1717,Navya,Pillai,navya.pillai1717@example.com,+91-9932858219,O,2002-08-14,2024-07-11,INACTIVE,FTE,776,393,860,555.0
1718,Vivaan,Singh,vivaan.singh1718@example.com,+91-9604544064,F,1985-10-05,2018-07-18,ACTIVE,FTE,923,67,520,1124.0
1719,Diya,Verma,diya.verma1719@example.com,+91-9349696697,O,1980-02-20,2018-12-25,ACTIVE,FTE,487,461,15,194.0
1720,Aarav,Gowda,aarav.gowda1720@example.com,+91-9124902282,M,1965-11-06,2025-08-05,INACTIVE,CONTRACTOR,358,198,525,859.0
1721,Zara,Gupta,zara.gupta1721@example.com,+91-9282950234,M,1991-12-11,2017-04-07,ACTIVE,FTE,994,41,947,1342.0
1722,Sai,Gowda,sai.gowda1722@example.com,+91-9160770672,O,1967-05-17,2021-01-21,ACTIVE,FTE,275,777,287,
1723,Kiara,Bhandari,kiara.bhandari1723@example.com,+91-9180834889,M,1983-07-09,2016-09-11,ACTIVE,FTE,381,800,246,1318.0
1724,Meera,Chauhan,meera.chauhan1724@example.com,+91-9130237940,O,1986-01-25,2016-09-05,INACTIVE,CONTRACTOR,148,769,284,954.0
1725,Riya,Chauhan,riya.chauhan1725@example.com,+91-9183889967,F,1975-04-12,2021-08-18,INACTIVE,CONTRACTOR,589,417,210,765.0
1726,Om,Pillai,om.pillai1726@example.com,+91-9550129768,M,1974-10-23,2018-02-26,ACTIVE,FTE,912,711,662,354.0
1727,Krishna,Yadav,krishna.yadav1727@example.com,+91-9609910484,M,1968-07-06,2015-08-09,ACTIVE,FTE,442,102,705,103.0
1728,Shaurya,Yadav,shaurya.yadav1728@example.com,+91-9738400523,F,1992-03-06,2022-08-19,ACTIVE,FTE,957,953,156,66.0
1729,Ritvik,Chandra,ritvik.chandra1729@example.com,+91-9463959990,F,1993-03-07,2017-04-22,ACTIVE,FTE,420,982,557,21.0
1730,Saanvi,Gowda,saanvi.gowda1730@example.com,+91-9127913919,F,1986-04-20,2015-07-06,ACTIVE,FTE,140,342,979,26.0
1731,Dhruv,Gowda,dhruv.gowda1731@example.com,+91-9319251480,O,1996-05-28,2016-07-09,ACTIVE,FTE,671,463,176,224.0
1732,Myra,Rao,myra.rao1732@example.com,+91-9963572942,F,1967-10-23,2023-08-31,ACTIVE,FTE,400,508,146,52.0
1733,Anaya,Bose,anaya.bose1733@example.com,+91-9608911742,M,1984-01-04,2021-12-07,ACTIVE,INTERN,114,584,172,141.0
1734,Pari,Kulkarni,pari.kulkarni1734@example.com,+91-9944517782,M,1985-11-07,2019-03-02,ACTIVE,INTERN,149,845,231,601.0
1735,Reyansh,Naidu,reyansh.naidu1735@example.com,+91-9911028142,M,1974-10-25,2016-07-30,ACTIVE,FTE,351,186,220,553.0
1736,Shaurya,Das,shaurya.das1736@example.com,+91-9503541834,O,1966-02-27,2024-12-03,ACTIVE,FTE,457,817,863,370.0
1737,Vihaan,Singh,vihaan.singh1737@example.com,+91-9184721244,O,1977-06-06,2022-02-26,ACTIVE,FTE,97,231,946,838.0
1738,Pari,Gowda,pari.gowda1738@example.com,+91-9485570264,O,1985-06-04,2024-06-24,ACTIVE,INTERN,138,277,971,1418.0
1739,Zara,Naidu,zara.naidu1739@example.com,+91-9724318789,M,1972-08-14,2021-07-03,ACTIVE,FTE,589,684,114,1100.0
1740,Aryan,Pillai,aryan.pillai1740@example.com,+91-9544125256,F,1994-04-03,2024-03-12,INACTIVE,INTERN,720,293,751,1098.0
1741,Saanvi,Yadav,saanvi.yadav1741@example.com,+91-9664271621,F,1994-02-15,2023-09-27,ACTIVE,FTE,475,389,61,1025.0
1742,Om,Mehta,om.mehta1742@example.com,+91-9217612804,O,1982-08-12,2015-05-27,ACTIVE,FTE,841,674,571,1157.0
1743,Vivaan,Chauhan,vivaan.chauhan1743@example.com,+91-9713407874,O,1984-11-04,2025-07-17,LEAVE,FTE,448,308,45,
1744,Mira,Thakur,mira.thakur1744@example.com,+91-9399147144,O,1978-09-20,2021-09-08,ACTIVE,FTE,131,854,203,472.0
1745,Yuvraj,Verma,yuvraj.verma1745@example.com,+91-9540468682,F,1994-09-28,2019-08-08,ACTIVE,INTERN,517,162,121,1081.0
1746,Yuvraj,Desai,yuvraj.desai1746@example.com,+91-9836929662,O,1977-10-05,2017-07-08,ACTIVE,FTE,68,171,205,1007.0
1747,Shaurya,Bose,shaurya.bose1747@example.com,+91-9122141829,M,1965-12-28,2021-02-10,INACTIVE,FTE,214,780,224,
1748,Riya,Verma,riya.verma1748@example.com,+91-9105185375,M,1990-08-25,2019-03-26,ACTIVE,FTE,413,465,246,1254.0
1749,Mira,Verma,mira.verma1749@example.com,+91-9722389141,M,2003-11-28,2024-08-31,INACTIVE,FTE,122,416,818,
1750,Myra,Rao,myra.rao1750@example.com,+91-9671158210,O,1975-05-13,2018-12-31,ACTIVE,FTE,957,468,760,1379.0
1751,Pari,Das,pari.das1751@example.com,+91-9687995164,F,1968-01-17,2021-08-09,ACTIVE,FTE,345,308,557,169.0
1752,Saanvi,Kulkarni,saanvi.kulkarni1752@example.com,+91-9397780844,O,1991-06-10,2019-03-03,ACTIVE,FTE,612,836,862,1055.0
1753,Kabir,Jadhav,kabir.jadhav1753@example.com,+91-9203209448,O,1994-07-29,2017-01-07,INACTIVE,FTE,251,976,457,
1754,Sai,Ghosh,sai.ghosh1754@example.com,+91-9964207402,F,1971-04-18,2025-04-11,ACTIVE,FTE,266,338,514,1175.0
1755,Shaurya,Patel,shaurya.patel1755@example.com,+91-9398214706,F,1977-11-14,2019-06-03,ACTIVE,FTE,71,372,209,490.0
1756,Anika,Patel,anika.patel1756@example.com,+91-9393494698,F,1995-05-21,2020-06-21,ACTIVE,FTE,612,257,291,1442.0
1757,Navya,Mehta,navya.mehta1757@example.com,+91-9249549845,O,1975-02-03,2015-11-30,ACTIVE,FTE,274,903,660,1660.0
1758,Zara,Thakur,zara.thakur1758@example.com,+91-9410296315,M,1971-03-27,2023-08-17,ACTIVE,FTE,228,526,458,1571.0
1759,Shaurya,Pandey,shaurya.pandey1759@example.com,+91-9245967878,F,1991-08-13,2017-05-24,ACTIVE,FTE,909,72,509,666.0
1760,Kabir,Pillai,kabir.pillai1760@example.com,+91-9109042266,F,1989-05-25,2018-04-12,ACTIVE,FTE,953,228,353,36.0
1761,Sai,Khan,sai.khan1761@example.com,+91-9174564173,O,1971-06-12,2024-07-11,INACTIVE,FTE,340,110,563,858.0
1762,Reyansh,Pillai,reyansh.pillai1762@example.com,+91-9165318142,F,1987-04-12,2020-11-19,ACTIVE,FTE,888,914,408,65.0
1763,Ishita,Khan,ishita.khan1763@example.com,+91-9253893259,F,1979-11-28,2015-12-11,ACTIVE,FTE,56,88,131,1070.0
1764,Sai,Patel,sai.patel1764@example.com,+91-9476719621,M,1971-02-09,2017-12-28,ACTIVE,CONTRACTOR,582,753,948,141.0
1765,Rohan,Patel,rohan.patel1765@example.com,+91-9974988696,O,1982-12-31,2024-01-21,ACTIVE,FTE,754,440,446,460.0
1766,Samar,Mishra,samar.mishra1766@example.com,+91-9334895006,O,1990-12-26,2015-10-13,INACTIVE,FTE,182,916,148,859.0
1767,Om,Chandra,om.chandra1767@example.com,+91-9772078117,M,1966-09-18,2016-10-27,ACTIVE,FTE,8,375,512,1636.0
1768,Om,Chauhan,om.chauhan1768@example.com,+91-9281544973,M,1975-02-18,2019-06-01,ACTIVE,FTE,432,86,503,1096.0
1769,Anaya,Mukherjee,anaya.mukherjee1769@example.com,+91-9520890278,F,1971-11-30,2017-02-23,LEAVE,FTE,188,404,464,1044.0
1770,Myra,Thakur,myra.thakur1770@example.com,+91-9538913198,O,1988-11-22,2021-10-22,INACTIVE,CONTRACTOR,283,79,980,906.0
1771,Sara,Verma,sara.verma1771@example.com,+91-9323009186,F,1983-05-07,2025-08-10,ACTIVE,FTE,83,679,164,1309.0
1772,Aarav,Sharma,aarav.sharma1772@example.com,+91-9352644448,F,1993-02-02,2016-11-07,ACTIVE,FTE,580,495,309,258.0
1773,Yuvraj,Pillai,yuvraj.pillai1773@example.com,+91-9218608583,M,1979-04-04,2020-03-26,ACTIVE,FTE,900,757,772,313.0
1774,Sai,Ghosh,sai.ghosh1774@example.com,+91-9118459667,F,1994-06-15,2019-04-20,ACTIVE,FTE,168,366,263,353.0
1775,Yuvraj,Pillai,yuvraj.pillai1775@example.com,+91-9691021047,M,1984-04-06,2016-06-30,ACTIVE,FTE,728,628,505,1120.0
1776,Mira,Gupta,mira.gupta1776@example.com,+91-9947134005,F,1996-07-19,2019-03-28,ACTIVE,FTE,240,315,231,1202.0
1777,Aanya,Bose,aanya.bose1777@example.com,+91-9535028428,F,1999-03-18,2018-01-15,ACTIVE,FTE,284,601,821,48.0
1778,Samar,Bose,samar.bose1778@example.com,+91-9433935946,M,1966-03-31,2020-11-28,LEAVE,FTE,45,187,94,760.0
1779,Yuvraj,Iyer,yuvraj.iyer1779@example.com,+91-9555141926,M,1977-09-10,2019-03-16,LEAVE,FTE,412,53,319,1082.0
1780,Ritvik,Chauhan,ritvik.chauhan1780@example.com,+91-9275187063,M,1974-09-07,2016-09-16,ACTIVE,FTE,518,395,55,415.0
1781,Mohammed,Reddy,mohammed.reddy1781@example.com,+91-9967140722,F,1995-05-27,2024-05-15,LEAVE,FTE,935,981,51,
1782,Vivaan,Patel,vivaan.patel1782@example.com,+91-9902663395,M,1979-04-14,2020-01-25,INACTIVE,FTE,120,247,110,1017.0
1783,Aditi,Saxena,aditi.saxena1783@example.com,+91-9916644671,F,1996-10-03,2024-06-09,ACTIVE,FTE,108,906,646,319.0
1784,Meera,Mukherjee,meera.mukherjee1784@example.com,+91-9452892501,F,1968-06-19,2023-08-19,ACTIVE,FTE,292,866,652,1073.0
1785,Aarav,Joshi,aarav.joshi1785@example.com,+91-9124302873,F,1973-03-14,2016-04-23,ACTIVE,FTE,229,346,543,245.0
1786,Aryan,Yadav,aryan.yadav1786@example.com,+91-9867788616,M,2000-12-18,2022-07-19,ACTIVE,FTE,141,799,480,116.0
1787,Pari,Reddy,pari.reddy1787@example.com,+91-9266031330,M,1993-04-11,2016-10-19,ACTIVE,FTE,525,114,798,1710.0
1788,Mohammed,Pawar,mohammed.pawar1788@example.com,+91-9143291532,F,1991-02-23,2019-04-11,ACTIVE,FTE,549,203,497,465.0
1789,Anika,Yadav,anika.yadav1789@example.com,+91-9942219606,F,1972-03-20,2015-02-13,ACTIVE,FTE,16,690,741,751.0
1790,Pari,Bose,pari.bose1790@example.com,+91-9244905155,M,1999-01-23,2015-07-15,ACTIVE,FTE,686,889,301,1573.0
1791,Aarohi,Khan,aarohi.khan1791@example.com,+91-9478399041,F,1976-01-17,2017-01-25,ACTIVE,FTE,394,617,685,1130.0
1792,Samar,Chandra,samar.chandra1792@example.com,+91-9227124774,M,1997-02-17,2015-05-04,ACTIVE,FTE,700,366,68,1414.0
1793,Aisha,Bose,aisha.bose1793@example.com,+91-9255898318,F,1989-10-26,2017-06-01,ACTIVE,FTE,119,859,417,1687.0
1794,Arjun,Patel,arjun.patel1794@example.com,+91-9377055078,M,1997-09-08,2015-03-01,ACTIVE,FTE,964,978,833,1571.0
1795,Dev,Bose,dev.bose1795@example.com,+91-9640510063,M,1979-06-03,2016-11-30,ACTIVE,CONTRACTOR,592,141,296,600.0
1796,Kabir,Patel,kabir.patel1796@example.com,+91-9116611080,F,1965-09-11,2020-02-17,INACTIVE,FTE,616,829,829,
1797,Kabir,Sharma,kabir.sharma1797@example.com,+91-9690611154,F,1975-01-11,2016-09-19,ACTIVE,FTE,488,737,374,1463.0
1798,Dev,Chandra,dev.chandra1798@example.com,+91-9200365230,M,1981-09-05,2018-12-06,ACTIVE,CONTRACTOR,884,338,239,186.0
1799,Anaya,Patel,anaya.patel1799@example.com,+91-9728362091,F,1973-01-24,2019-09-12,INACTIVE,FTE,788,160,503,1656.0
1800,Ishaan,Ghosh,ishaan.ghosh1800@example.com,+91-9927241215,M,1997-02-25,2019-03-14,ACTIVE,FTE,784,937,885,1119.0
1801,Sara,Thakur,sara.thakur1801@example.com,+91-9205723175,F,1998-07-12,2020-08-09,ACTIVE,FTE,607,382,784,1038.0
1802,Aadhya,Kulkarni,aadhya.kulkarni1802@example.com,+91-9343828244,O,1975-07-14,2021-05-27,LEAVE,FTE,781,688,832,330.0
1803,Myra,Patel,myra.patel1803@example.com,+91-9930178643,F,1975-06-13,2020-01-12,ACTIVE,FTE,756,863,379,866.0
1804,Pari,Gupta,pari.gupta1804@example.com,+91-9231536644,F,1967-07-01,2021-02-03,ACTIVE,FTE,472,209,63,950.0
1805,Myra,Pillai,myra.pillai1805@example.com,+91-9204907397,F,1982-12-09,2023-03-06,ACTIVE,FTE,236,493,681,444.0
1806,Anaya,Mishra,anaya.mishra1806@example.com,+91-9423963056,O,1980-07-14,2024-01-07,ACTIVE,FTE,453,304,842,
1807,Anaya,Bhandari,anaya.bhandari1807@example.com,+91-9835782861,O,1996-03-27,2018-01-30,ACTIVE,FTE,177,341,266,808.0
1808,Aarohi,Gupta,aarohi.gupta1808@example.com,+91-9111044076,F,1995-09-07,2018-03-01,ACTIVE,FTE,47,460,427,279.0
1809,Myra,Pawar,myra.pawar1809@example.com,+91-9880212094,O,1979-01-29,2017-06-12,ACTIVE,FTE,855,724,212,427.0
1810,Aarohi,Chauhan,aarohi.chauhan1810@example.com,+91-9610224379,O,1993-06-01,2017-05-09,ACTIVE,FTE,915,542,442,1712.0
1811,Aditya,Desai,aditya.desai1811@example.com,+91-9845092763,F,1967-01-21,2019-06-24,ACTIVE,CONTRACTOR,403,606,696,118.0
1812,Aadhya,Mukherjee,aadhya.mukherjee1812@example.com,+91-9255467352,F,1981-01-05,2019-06-02,ACTIVE,FTE,704,538,967,1582.0
1813,Mohammed,Rao,mohammed.rao1813@example.com,+91-9109486047,F,1993-06-15,2016-06-04,INACTIVE,FTE,875,461,440,1591.0
1814,Mohammed,Pawar,mohammed.pawar1814@example.com,+91-9463999473,F,1986-11-22,2021-12-31,ACTIVE,FTE,513,610,903,1456.0
1815,Samar,Khan,samar.khan1815@example.com,+91-9294269615,F,1994-09-11,2016-04-23,ACTIVE,CONTRACTOR,248,852,801,302.0
1816,Dhruv,Bose,dhruv.bose1816@example.com,+91-9258081685,F,1992-05-21,2017-03-20,ACTIVE,FTE,62,724,181,1318.0
1817,Krishna,Reddy,krishna.reddy1817@example.com,+91-9214469419,F,1970-02-08,2022-11-28,LEAVE,FTE,502,437,622,1008.0
1818,Aryan,Sharma,aryan.sharma1818@example.com,+91-9719682691,O,1985-01-16,2017-09-06,ACTIVE,FTE,117,296,275,828.0
1819,Kabir,Sharma,kabir.sharma1819@example.com,+91-9965942293,M,1990-07-04,2017-12-27,INACTIVE,FTE,979,593,9,1755.0
1820,Reyansh,Patel,reyansh.patel1820@example.com,+91-9385766802,M,1977-04-06,2022-01-11,INACTIVE,INTERN,814,563,15,
1821,Aarohi,Kulkarni,aarohi.kulkarni1821@example.com,+91-9915478157,M,1998-09-19,2016-04-26,ACTIVE,FTE,890,74,462,1817.0
1822,Dhruv,Pillai,dhruv.pillai1822@example.com,+91-9135324099,F,1970-06-21,2021-10-21,INACTIVE,FTE,798,41,910,23.0
1823,Aditi,Singh,aditi.singh1823@example.com,+91-9221475051,F,1979-03-15,2018-02-21,ACTIVE,FTE,260,939,287,459.0
1824,Aryan,Rao,aryan.rao1824@example.com,+91-9134908759,O,1983-12-18,2022-07-19,ACTIVE,FTE,569,6,553,1153.0
1825,Aarohi,Mukherjee,aarohi.mukherjee1825@example.com,+91-9449019772,M,1987-02-15,2019-06-05,ACTIVE,CONTRACTOR,631,747,628,1127.0
1826,Ishita,Jadhav,ishita.jadhav1826@example.com,+91-9271868828,O,1980-04-21,2017-03-01,ACTIVE,FTE,777,506,185,179.0
1827,Ishaan,Saxena,ishaan.saxena1827@example.com,+91-9234688718,F,1991-05-19,2018-10-12,ACTIVE,FTE,999,791,577,122.0
1828,Anika,Mehta,anika.mehta1828@example.com,+91-9731480562,F,1991-11-22,2020-08-19,LEAVE,FTE,171,567,660,421.0
1829,Samar,Gowda,samar.gowda1829@example.com,+91-9102994898,F,2004-11-26,2021-05-10,ACTIVE,FTE,518,880,560,1672.0
1830,Kiara,Naidu,kiara.naidu1830@example.com,+91-9284423041,O,1993-02-02,2015-05-15,ACTIVE,FTE,682,733,945,1726.0
1831,Vivaan,Khan,vivaan.khan1831@example.com,+91-9134976530,F,1977-09-02,2016-04-28,INACTIVE,FTE,968,307,904,1270.0
1832,Samar,Yadav,samar.yadav1832@example.com,+91-9286093591,M,2003-12-15,2015-08-03,ACTIVE,FTE,161,357,981,423.0
1833,Aryan,Jadhav,aryan.jadhav1833@example.com,+91-9163758329,M,1989-05-01,2016-02-22,ACTIVE,FTE,928,668,825,1748.0
1834,Meera,Pandey,meera.pandey1834@example.com,+91-9723731541,O,1980-05-25,2020-09-29,ACTIVE,FTE,700,920,35,830.0
1835,Riya,Pillai,riya.pillai1835@example.com,+91-9274162223,F,2003-02-16,2019-11-05,ACTIVE,FTE,199,774,795,1793.0
1836,Ritvik,Chandra,ritvik.chandra1836@example.com,+91-9678065892,O,1976-02-09,2025-01-27,ACTIVE,FTE,551,28,356,1517.0
1837,Kabir,Reddy,kabir.reddy1837@example.com,+91-9906763267,O,1973-08-06,2019-08-02,ACTIVE,FTE,901,594,59,683.0
1838,Aarohi,Ghosh,aarohi.ghosh1838@example.com,+91-9593691175,F,1974-02-11,2015-12-17,ACTIVE,FTE,509,412,203,
1839,Aditi,Naidu,aditi.naidu1839@example.com,+91-9199757861,O,1983-11-29,2017-09-21,ACTIVE,FTE,187,610,794,1313.0
1840,Dhruv,Pandey,dhruv.pandey1840@example.com,+91-9854830445,M,1995-07-01,2020-10-25,ACTIVE,FTE,601,136,186,156.0
1841,Krishna,Chauhan,krishna.chauhan1841@example.com,+91-9262290463,O,1990-05-05,2018-12-13,ACTIVE,FTE,434,876,974,653.0
1842,Aanya,Joshi,aanya.joshi1842@example.com,+91-9229348877,F,1992-02-17,2019-04-15,ACTIVE,CONTRACTOR,146,719,27,872.0
1843,Kabir,Patel,kabir.patel1843@example.com,+91-9247562810,F,1965-04-23,2024-09-18,ACTIVE,FTE,901,546,925,1792.0
1844,Aditya,Singh,aditya.singh1844@example.com,+91-9201025305,F,1976-04-24,2016-10-20,ACTIVE,FTE,881,340,364,
1845,Dhruv,Das,dhruv.das1845@example.com,+91-9574182214,F,1974-07-02,2016-09-15,ACTIVE,FTE,244,683,862,
1846,Aditi,Mehta,aditi.mehta1846@example.com,+91-9264631914,M,1974-07-04,2019-06-10,ACTIVE,INTERN,384,710,760,269.0
1847,Aanya,Yadav,aanya.yadav1847@example.com,+91-9293630743,O,1981-01-29,2019-04-30,ACTIVE,FTE,718,955,553,1210.0
1848,Aarav,Mishra,aarav.mishra1848@example.com,+91-9351769004,M,2001-12-07,2023-03-21,ACTIVE,FTE,650,392,850,428.0
1849,Aditi,Rao,aditi.rao1849@example.com,+91-9869241149,O,2002-12-26,2022-04-25,ACTIVE,FTE,633,966,59,957.0
1850,Dev,Desai,dev.desai1850@example.com,+91-9669517824,M,1983-09-17,2015-12-23,INACTIVE,FTE,516,805,804,1080.0
1851,Zara,Khan,zara.khan1851@example.com,+91-9645369987,F,1986-10-27,2022-06-09,ACTIVE,FTE,415,808,177,
1852,Aarohi,Chauhan,aarohi.chauhan1852@example.com,+91-9442397086,O,1973-07-13,2024-12-10,ACTIVE,FTE,947,222,883,1792.0
1853,Aadhya,Iyer,aadhya.iyer1853@example.com,+91-9214127528,O,2004-11-07,2021-08-31,ACTIVE,FTE,188,891,359,
1854,Reyansh,Naidu,reyansh.naidu1854@example.com,+91-9916558156,F,1992-08-11,2017-11-09,ACTIVE,INTERN,458,177,566,1207.0
1855,Reyansh,Joshi,reyansh.joshi1855@example.com,+91-9711744649,O,1965-11-12,2016-07-17,LEAVE,FTE,167,252,945,589.0
1856,Reyansh,Gowda,reyansh.gowda1856@example.com,+91-9244288223,F,1965-10-12,2015-03-25,ACTIVE,FTE,404,175,852,82.0
1857,Aarohi,Patel,aarohi.patel1857@example.com,+91-9612404672,F,1982-11-06,2020-10-30,LEAVE,FTE,595,370,441,137.0
1858,Vivaan,Patel,vivaan.patel1858@example.com,+91-9315598983,O,1980-10-05,2025-06-15,ACTIVE,FTE,87,589,225,1563.0
1859,Meera,Khan,meera.khan1859@example.com,+91-9106215913,O,1974-02-25,2017-09-23,ACTIVE,FTE,89,973,607,1746.0
1860,Vivaan,Desai,vivaan.desai1860@example.com,+91-9835606935,O,1966-06-13,2023-12-31,ACTIVE,FTE,39,329,410,228.0
1861,Anika,Saxena,anika.saxena1861@example.com,+91-9480092351,M,1968-09-26,2023-01-24,INACTIVE,CONTRACTOR,401,289,224,1461.0
1862,Aarav,Rao,aarav.rao1862@example.com,+91-9257424648,M,1987-02-26,2018-11-19,ACTIVE,FTE,434,93,456,1350.0
1863,Ishaan,Singh,ishaan.singh1863@example.com,+91-9567370643,F,1978-06-28,2021-12-24,ACTIVE,FTE,812,633,266,191.0
1864,Rohan,Singh,rohan.singh1864@example.com,+91-9291853094,F,1971-10-01,2021-08-14,ACTIVE,CONTRACTOR,295,120,938,942.0
1865,Saanvi,Pawar,saanvi.pawar1865@example.com,+91-9843616161,M,1991-06-06,2023-11-27,ACTIVE,INTERN,916,941,771,
1866,Samar,Gowda,samar.gowda1866@example.com,+91-9451965909,F,1984-11-22,2018-01-23,ACTIVE,FTE,285,902,439,970.0
1867,Krishna,Verma,krishna.verma1867@example.com,+91-9285151238,F,2002-06-18,2022-07-05,ACTIVE,FTE,867,507,635,387.0
1868,Reyansh,Sharma,reyansh.sharma1868@example.com,+91-9632801707,M,1976-06-25,2019-11-19,ACTIVE,FTE,274,791,274,
1869,Kabir,Kulkarni,kabir.kulkarni1869@example.com,+91-9712325550,M,1988-07-02,2022-04-15,ACTIVE,FTE,514,844,399,919.0
1870,Aryan,Naidu,aryan.naidu1870@example.com,+91-9144519955,F,1984-12-20,2024-02-13,ACTIVE,FTE,863,780,141,1163.0
1871,Pari,Khan,pari.khan1871@example.com,+91-9739542236,F,1978-06-19,2023-10-10,ACTIVE,FTE,65,669,13,7.0
1872,Kabir,Verma,kabir.verma1872@example.com,+91-9879657902,F,1987-12-13,2025-08-24,INACTIVE,FTE,967,275,179,
1873,Ritvik,Ghosh,ritvik.ghosh1873@example.com,+91-9427195656,F,1966-02-02,2015-07-21,ACTIVE,FTE,547,80,269,103.0
1874,Anika,Das,anika.das1874@example.com,+91-9155007087,F,1971-05-22,2019-12-30,ACTIVE,FTE,929,536,269,937.0
1875,Myra,Iyer,myra.iyer1875@example.com,+91-9601817355,M,2001-11-25,2022-09-05,LEAVE,INTERN,360,900,426,849.0
1876,Myra,Mukherjee,myra.mukherjee1876@example.com,+91-9845184155,M,1980-11-30,2021-11-16,ACTIVE,FTE,988,801,69,609.0
1877,Mira,Naidu,mira.naidu1877@example.com,+91-9719403721,M,2000-03-21,2025-05-11,ACTIVE,CONTRACTOR,153,464,487,342.0
1878,Aarav,Mukherjee,aarav.mukherjee1878@example.com,+91-9411445185,M,2000-03-08,2020-03-29,ACTIVE,FTE,666,862,858,42.0
1879,Aadhya,Desai,aadhya.desai1879@example.com,+91-9735805629,O,1994-02-26,2015-07-26,ACTIVE,FTE,723,254,455,871.0
1880,Ritvik,Singh,ritvik.singh1880@example.com,+91-9949822052,M,1966-11-04,2021-09-28,ACTIVE,FTE,217,23,838,1436.0
1881,Riya,Thakur,riya.thakur1881@example.com,+91-9401946171,M,1974-03-26,2018-02-11,ACTIVE,FTE,910,879,487,1316.0
1882,Meera,Patel,meera.patel1882@example.com,+91-9741877190,M,1999-11-02,2022-09-10,ACTIVE,FTE,337,224,515,1385.0
1883,Myra,Chauhan,myra.chauhan1883@example.com,+91-9640859888,F,1978-12-20,2024-09-28,ACTIVE,FTE,833,174,714,1266.0
1884,Aarohi,Patel,aarohi.patel1884@example.com,+91-9226645952,O,1986-06-07,2020-06-27,LEAVE,FTE,653,310,585,1697.0
1885,Pari,Sharma,pari.sharma1885@example.com,+91-9575433457,M,1982-11-09,2024-07-18,ACTIVE,FTE,80,559,886,1482.0
1886,Anika,Chandra,anika.chandra1886@example.com,+91-9115923631,F,1979-01-06,2018-03-06,LEAVE,FTE,412,782,167,1385.0
1887,Mohammed,Pillai,mohammed.pillai1887@example.com,+91-9976603996,O,2004-06-26,2024-11-21,ACTIVE,FTE,860,631,83,1161.0
1888,Aryan,Chauhan,aryan.chauhan1888@example.com,+91-9350590317,F,1973-03-02,2024-07-23,ACTIVE,FTE,989,905,788,1648.0
1889,Sai,Mehta,sai.mehta1889@example.com,+91-9269366747,M,1965-06-01,2024-01-31,ACTIVE,FTE,626,269,176,598.0
1890,Dhruv,Bhandari,dhruv.bhandari1890@example.com,+91-9786908786,O,2001-06-12,2018-12-27,INACTIVE,FTE,790,244,981,1408.0
1891,Vihaan,Reddy,vihaan.reddy1891@example.com,+91-9292878637,M,1984-03-18,2021-02-07,ACTIVE,FTE,429,461,28,1227.0
1892,Meera,Ghosh,meera.ghosh1892@example.com,+91-9349108379,O,2001-08-27,2022-06-22,ACTIVE,FTE,622,544,167,557.0
1893,Aanya,Das,aanya.das1893@example.com,+91-9180900741,F,1983-12-01,2019-03-05,ACTIVE,FTE,802,893,711,1517.0
1894,Zara,Reddy,zara.reddy1894@example.com,+91-9812238383,M,1993-03-12,2023-01-08,ACTIVE,CONTRACTOR,396,650,386,556.0
1895,Ishaan,Ghosh,ishaan.ghosh1895@example.com,+91-9371224762,O,2000-11-29,2024-11-12,LEAVE,FTE,944,54,106,1743.0
1896,Shaurya,Pandey,shaurya.pandey1896@example.com,+91-9743254102,M,1999-10-11,2016-08-01,ACTIVE,FTE,460,794,48,112.0
1897,Anika,Joshi,anika.joshi1897@example.com,+91-9787862511,M,1985-04-21,2015-09-22,ACTIVE,FTE,32,526,645,1061.0
1898,Pari,Khan,pari.khan1898@example.com,+91-9417808714,F,1992-05-13,2017-07-22,ACTIVE,FTE,425,564,179,1578.0
1899,Mira,Ghosh,mira.ghosh1899@example.com,+91-9297408206,O,1967-01-21,2015-04-30,ACTIVE,FTE,676,594,990,1158.0
1900,Pari,Joshi,pari.joshi1900@example.com,+91-9744074145,F,1983-10-04,2016-07-05,ACTIVE,FTE,434,960,607,1473.0
1901,Ishaan,Khan,ishaan.khan1901@example.com,+91-9770981743,M,1997-02-19,2021-11-28,ACTIVE,FTE,34,544,137,492.0
1902,Pari,Sharma,pari.sharma1902@example.com,+91-9738728331,F,1976-12-04,2022-03-02,ACTIVE,CONTRACTOR,271,288,276,1645.0
1903,Reyansh,Joshi,reyansh.joshi1903@example.com,+91-9291816148,M,1982-03-23,2020-09-06,INACTIVE,FTE,897,497,922,
1904,Dev,Pillai,dev.pillai1904@example.com,+91-9196663365,M,1974-09-15,2020-01-28,ACTIVE,CONTRACTOR,221,418,611,
1905,Kabir,Mehta,kabir.mehta1905@example.com,+91-9856146133,M,1989-10-15,2019-03-26,ACTIVE,FTE,273,584,463,1672.0
1906,Ritvik,Gowda,ritvik.gowda1906@example.com,+91-9921256920,O,1990-08-21,2022-08-21,ACTIVE,CONTRACTOR,301,249,385,1730.0
1907,Om,Sharma,om.sharma1907@example.com,+91-9672077259,F,1988-12-13,2021-01-14,ACTIVE,FTE,262,514,772,
1908,Aadhya,Mukherjee,aadhya.mukherjee1908@example.com,+91-9647630660,O,1983-12-12,2015-04-12,INACTIVE,CONTRACTOR,847,719,279,1841.0
1909,Shaurya,Reddy,shaurya.reddy1909@example.com,+91-9541430164,M,1988-12-21,2024-09-11,ACTIVE,FTE,531,379,284,820.0
1910,Mohammed,Gupta,mohammed.gupta1910@example.com,+91-9537821049,F,1980-09-16,2022-04-12,ACTIVE,FTE,475,619,795,1084.0
1911,Aditi,Iyer,aditi.iyer1911@example.com,+91-9287023912,M,1973-10-20,2021-05-05,ACTIVE,FTE,497,992,934,1366.0
1912,Aditya,Kulkarni,aditya.kulkarni1912@example.com,+91-9512136096,F,1977-08-28,2025-04-16,ACTIVE,FTE,985,421,578,23.0
1913,Aarohi,Iyer,aarohi.iyer1913@example.com,+91-9745123334,O,1995-11-16,2024-09-06,ACTIVE,FTE,914,354,387,1209.0
1914,Shaurya,Rao,shaurya.rao1914@example.com,+91-9652727806,F,2002-04-21,2019-03-21,ACTIVE,FTE,753,489,886,1139.0
1915,Kiara,Mehta,kiara.mehta1915@example.com,+91-9152458441,O,1977-09-30,2021-05-01,INACTIVE,FTE,309,125,253,354.0
1916,Samar,Pandey,samar.pandey1916@example.com,+91-9266170017,M,1981-10-23,2016-08-17,ACTIVE,FTE,764,195,1000,174.0
1917,Aarohi,Patel,aarohi.patel1917@example.com,+91-9528311491,M,1966-12-31,2015-01-28,INACTIVE,FTE,51,669,675,1905.0
1918,Meera,Das,meera.das1918@example.com,+91-9705615085,M,1969-08-01,2020-03-09,ACTIVE,FTE,874,35,892,1917.0
1919,Dhruv,Mishra,dhruv.mishra1919@example.com,+91-9683647450,F,1973-01-17,2015-04-14,ACTIVE,FTE,508,330,156,1728.0
1920,Rohan,Sharma,rohan.sharma1920@example.com,+91-9848714553,M,2001-10-04,2022-05-25,ACTIVE,FTE,393,305,164,1367.0
1921,Dev,Thakur,dev.thakur1921@example.com,+91-9992978282,M,1965-10-10,2020-08-09,ACTIVE,FTE,155,57,532,690.0
1922,Vihaan,Rao,vihaan.rao1922@example.com,+91-9766193613,F,1997-12-20,2022-04-04,ACTIVE,CONTRACTOR,105,638,966,1855.0
1923,Rohan,Thakur,rohan.thakur1923@example.com,+91-9241421017,M,2003-09-06,2024-04-10,INACTIVE,INTERN,35,665,878,1094.0
1924,Sai,Chauhan,sai.chauhan1924@example.com,+91-9562367655,O,1989-10-21,2019-03-09,ACTIVE,FTE,631,419,419,1078.0
1925,Ira,Chauhan,ira.chauhan1925@example.com,+91-9229403043,O,1975-05-30,2019-12-10,LEAVE,FTE,254,815,962,528.0
1926,Aryan,Ghosh,aryan.ghosh1926@example.com,+91-9155651824,F,1980-05-07,2016-03-26,ACTIVE,FTE,634,324,871,27.0
1927,Kiara,Chauhan,kiara.chauhan1927@example.com,+91-9718044438,O,1978-05-15,2017-11-19,ACTIVE,INTERN,359,64,232,1552.0
1928,Reyansh,Sharma,reyansh.sharma1928@example.com,+91-9312897187,O,1974-12-24,2020-09-03,LEAVE,FTE,598,612,740,
1929,Saanvi,Singh,saanvi.singh1929@example.com,+91-9395345217,F,1979-04-16,2022-10-26,ACTIVE,FTE,189,830,301,636.0
1930,Dev,Yadav,dev.yadav1930@example.com,+91-9931577467,M,1965-01-03,2019-08-11,ACTIVE,FTE,768,982,548,264.0
1931,Anaya,Iyer,anaya.iyer1931@example.com,+91-9136631805,O,1965-05-08,2023-01-02,ACTIVE,FTE,776,623,74,1290.0
1932,Riya,Bose,riya.bose1932@example.com,+91-9184242563,F,1989-04-25,2016-07-12,ACTIVE,FTE,674,171,885,711.0
1933,Diya,Chandra,diya.chandra1933@example.com,+91-9471854753,O,1978-02-08,2019-05-09,ACTIVE,FTE,572,814,363,706.0
1934,Sai,Das,sai.das1934@example.com,+91-9492716146,M,1971-07-01,2020-06-17,INACTIVE,FTE,278,736,820,1371.0
1935,Ishita,Pawar,ishita.pawar1935@example.com,+91-9363957901,M,1972-12-17,2021-10-11,ACTIVE,FTE,485,3,52,1204.0
1936,Om,Ghosh,om.ghosh1936@example.com,+91-9686189701,M,1986-03-20,2016-12-29,ACTIVE,INTERN,780,255,619,1458.0
1937,Reyansh,Iyer,reyansh.iyer1937@example.com,+91-9885318610,M,2001-09-21,2015-05-30,ACTIVE,FTE,404,788,165,1513.0
1938,Ritvik,Verma,ritvik.verma1938@example.com,+91-9808746345,F,1990-04-19,2024-04-03,ACTIVE,FTE,286,644,996,44.0
1939,Zara,Yadav,zara.yadav1939@example.com,+91-9403315481,O,1965-11-06,2017-07-30,ACTIVE,FTE,715,347,93,783.0
1940,Navya,Bhandari,navya.bhandari1940@example.com,+91-9303875083,O,1979-01-24,2018-06-19,ACTIVE,FTE,428,136,205,
1941,Pari,Mishra,pari.mishra1941@example.com,+91-9145710799,O,1982-12-10,2015-05-09,ACTIVE,FTE,55,781,788,999.0
1942,Ishita,Yadav,ishita.yadav1942@example.com,+91-9199489074,O,1997-11-13,2015-09-22,ACTIVE,FTE,696,733,121,1260.0
1943,Dev,Bose,dev.bose1943@example.com,+91-9203346052,F,1980-02-18,2016-05-05,ACTIVE,FTE,933,149,831,206.0
1944,Zara,Kulkarni,zara.kulkarni1944@example.com,+91-9219656052,O,2002-09-02,2020-10-04,ACTIVE,FTE,820,409,247,245.0
1945,Aarohi,Sharma,aarohi.sharma1945@example.com,+91-9605070693,O,1985-02-03,2022-09-27,ACTIVE,FTE,163,151,19,1231.0
1946,Aarav,Chauhan,aarav.chauhan1946@example.com,+91-9671040145,O,1997-06-28,2019-08-22,ACTIVE,FTE,492,744,715,117.0
1947,Rohan,Thakur,rohan.thakur1947@example.com,+91-9463953900,O,1978-05-21,2016-05-11,ACTIVE,FTE,400,764,76,1173.0
1948,Ritvik,Rao,ritvik.rao1948@example.com,+91-9366499691,F,1983-07-14,2022-03-02,INACTIVE,FTE,397,418,136,369.0
1949,Aisha,Chandra,aisha.chandra1949@example.com,+91-9117656481,M,1965-03-10,2021-03-07,ACTIVE,FTE,768,394,76,617.0
1950,Aadhya,Chauhan,aadhya.chauhan1950@example.com,+91-9155656097,F,2002-10-21,2022-08-18,ACTIVE,CONTRACTOR,530,411,50,1665.0
1951,Ritvik,Sharma,ritvik.sharma1951@example.com,+91-9788344795,M,1991-12-19,2021-09-25,ACTIVE,FTE,380,46,133,1817.0
1952,Navya,Kulkarni,navya.kulkarni1952@example.com,+91-9226986744,M,1965-07-19,2025-08-12,ACTIVE,FTE,881,222,601,
1953,Aditya,Pillai,aditya.pillai1953@example.com,+91-9923981508,F,1981-02-23,2015-06-29,ACTIVE,FTE,623,269,348,410.0
1954,Aadhya,Rao,aadhya.rao1954@example.com,+91-9144732112,M,1996-10-24,2025-03-01,ACTIVE,CONTRACTOR,589,665,845,804.0
1955,Meera,Bhandari,meera.bhandari1955@example.com,+91-9417049930,O,2001-04-20,2022-04-28,ACTIVE,CONTRACTOR,475,358,940,1010.0
1956,Anaya,Kulkarni,anaya.kulkarni1956@example.com,+91-9844624702,F,1983-08-09,2025-01-17,INACTIVE,FTE,293,766,571,577.0
1957,Ira,Jadhav,ira.jadhav1957@example.com,+91-9473512658,O,1999-12-19,2016-07-16,ACTIVE,FTE,575,124,736,798.0
1958,Diya,Verma,diya.verma1958@example.com,+91-9280253318,O,1979-05-21,2019-10-27,INACTIVE,FTE,781,339,408,322.0
1959,Aadhya,Gupta,aadhya.gupta1959@example.com,+91-9971467813,F,1973-05-24,2023-05-24,ACTIVE,FTE,717,418,390,
1960,Krishna,Pillai,krishna.pillai1960@example.com,+91-9265639026,F,1993-08-01,2017-05-17,ACTIVE,FTE,459,11,304,1312.0
1961,Aarohi,Patel,aarohi.patel1961@example.com,+91-9502072103,M,1973-12-03,2018-05-07,ACTIVE,INTERN,375,517,374,
1962,Aarav,Iyer,aarav.iyer1962@example.com,+91-9554457734,M,1995-01-10,2018-12-02,ACTIVE,FTE,93,434,509,648.0
1963,Diya,Verma,diya.verma1963@example.com,+91-9450466385,F,1994-12-12,2024-09-24,ACTIVE,FTE,262,310,77,1210.0
1964,Sara,Rao,sara.rao1964@example.com,+91-9971503078,F,1983-01-22,2015-12-18,ACTIVE,INTERN,750,764,375,1393.0
1965,Pari,Rao,pari.rao1965@example.com,+91-9663406120,O,1968-09-14,2020-06-07,ACTIVE,FTE,956,753,82,1910.0
1966,Aisha,Yadav,aisha.yadav1966@example.com,+91-9454439734,F,1992-01-28,2022-05-25,INACTIVE,CONTRACTOR,868,736,415,880.0
1967,Ishaan,Yadav,ishaan.yadav1967@example.com,+91-9525188957,O,1980-12-30,2018-04-25,INACTIVE,FTE,507,271,643,943.0
1968,Aarav,Naidu,aarav.naidu1968@example.com,+91-9884944543,M,1996-11-23,2015-11-02,ACTIVE,INTERN,764,711,490,1642.0
1969,Zara,Kulkarni,zara.kulkarni1969@example.com,+91-9624918996,M,1981-08-18,2015-02-07,ACTIVE,FTE,191,168,27,886.0
1970,Dhruv,Singh,dhruv.singh1970@example.com,+91-9534728546,F,1974-10-11,2025-04-09,ACTIVE,FTE,699,137,216,1763.0
1971,Samar,Sharma,samar.sharma1971@example.com,+91-9594124534,F,1977-08-30,2024-07-15,INACTIVE,FTE,782,168,836,1647.0
1972,Meera,Bose,meera.bose1972@example.com,+91-9874092750,O,1977-09-18,2019-05-24,ACTIVE,FTE,243,637,956,459.0
1973,Ira,Joshi,ira.joshi1973@example.com,+91-9170070955,F,1974-07-29,2015-10-18,ACTIVE,FTE,23,590,97,1.0
1974,Meera,Singh,meera.singh1974@example.com,+91-9749237951,O,1980-07-06,2017-12-24,ACTIVE,FTE,218,985,305,145.0
1975,Mira,Gupta,mira.gupta1975@example.com,+91-9236190970,F,1965-08-15,2023-03-22,ACTIVE,FTE,87,337,863,701.0
1976,Aditya,Thakur,aditya.thakur1976@example.com,+91-9233484474,M,1995-02-13,2020-07-03,ACTIVE,FTE,638,72,207,453.0
1977,Aarav,Bhandari,aarav.bhandari1977@example.com,+91-9878147508,M,1991-10-08,2019-11-02,INACTIVE,FTE,159,189,793,1281.0
1978,Rohan,Chauhan,rohan.chauhan1978@example.com,+91-9136260167,F,1995-08-01,2022-12-14,ACTIVE,FTE,78,425,908,1434.0
1979,Aarohi,Thakur,aarohi.thakur1979@example.com,+91-9506359893,M,1985-05-01,2023-02-19,ACTIVE,FTE,4,213,572,488.0
1980,Ira,Gowda,ira.gowda1980@example.com,+91-9984861600,M,1986-04-25,2017-11-19,ACTIVE,FTE,139,646,295,
1981,Saanvi,Pillai,saanvi.pillai1981@example.com,+91-9939130551,F,1985-03-31,2015-11-30,ACTIVE,FTE,19,692,664,970.0
1982,Aanya,Khan,aanya.khan1982@example.com,+91-9271692424,M,1994-02-16,2022-09-18,ACTIVE,FTE,949,3,863,1701.0
1983,Vivaan,Jadhav,vivaan.jadhav1983@example.com,+91-9533297775,F,1992-07-20,2018-04-01,ACTIVE,FTE,366,650,868,1933.0
1984,Anika,Das,anika.das1984@example.com,+91-9661264846,M,1969-10-31,2019-10-23,ACTIVE,FTE,610,498,662,214.0
1985,Aditi,Bhandari,aditi.bhandari1985@example.com,+91-9183093448,F,2003-11-03,2023-03-29,ACTIVE,FTE,726,285,863,1618.0
1986,Ishita,Thakur,ishita.thakur1986@example.com,+91-9402897892,O,1999-06-10,2022-04-08,ACTIVE,FTE,911,323,834,1776.0
1987,Dhruv,Gupta,dhruv.gupta1987@example.com,+91-9509102099,M,1993-05-17,2022-06-05,ACTIVE,FTE,764,228,999,1830.0
1988,Rohan,Reddy,rohan.reddy1988@example.com,+91-9212022836,F,1975-09-06,2024-04-28,ACTIVE,CONTRACTOR,547,825,667,
1989,Meera,Mishra,meera.mishra1989@example.com,+91-9895978241,O,2003-04-10,2020-10-10,ACTIVE,FTE,717,75,187,895.0
1990,Aryan,Gupta,aryan.gupta1990@example.com,+91-9783946632,M,1978-02-21,2025-01-23,INACTIVE,FTE,312,962,510,1694.0
1991,Ira,Chandra,ira.chandra1991@example.com,+91-9238263447,M,1996-05-18,2023-07-29,ACTIVE,FTE,526,793,514,1862.0
1992,Sara,Verma,sara.verma1992@example.com,+91-9660661324,M,2002-02-27,2023-03-21,ACTIVE,FTE,996,869,298,
1993,Myra,Bhandari,myra.bhandari1993@example.com,+91-9717352585,O,1970-03-30,2018-05-27,ACTIVE,FTE,658,379,411,1532.0
1994,Zara,Bose,zara.bose1994@example.com,+91-9709207836,F,1983-06-12,2021-08-29,ACTIVE,FTE,528,439,704,552.0
1995,Mohammed,Pandey,mohammed.pandey1995@example.com,+91-9963272273,M,2001-11-08,2019-02-09,INACTIVE,CONTRACTOR,879,941,456,809.0
1996,Aditya,Saxena,aditya.saxena1996@example.com,+91-9549569973,F,2001-12-14,2016-01-04,ACTIVE,FTE,86,394,411,203.0
1997,Diya,Pandey,diya.pandey1997@example.com,+91-9527990502,F,1986-09-08,2022-08-25,ACTIVE,FTE,285,339,512,1071.0
1998,Anaya,Mukherjee,anaya.mukherjee1998@example.com,+91-9107353617,M,1989-05-24,2023-05-25,ACTIVE,INTERN,177,261,482,12.0
1999,Myra,Verma,myra.verma1999@example.com,+91-9161729243,F,1995-05-19,2020-09-28,ACTIVE,FTE,828,544,877,1400.0
2000,Arjun,Desai,arjun.desai2000@example.com,+91-9173777969,O,1991-01-14,2021-01-01,ACTIVE,FTE,180,914,263,533.0
2001,Aditi,Gowda,aditi.gowda2001@example.com,+91-9673819051,F,1997-02-21,2020-01-14,ACTIVE,FTE,854,207,207,1869.0
2002,Vihaan,Verma,vihaan.verma2002@example.com,+91-9363228241,F,1980-11-18,2020-05-31,LEAVE,CONTRACTOR,748,66,464,
2003,Mohammed,Sharma,mohammed.sharma2003@example.com,+91-9844840218,F,1985-04-20,2019-07-22,ACTIVE,FTE,659,422,63,1633.0
2004,Aditya,Yadav,aditya.yadav2004@example.com,+91-9388959835,O,2001-05-21,2018-10-19,ACTIVE,FTE,894,285,765,
2005,Aditi,Patel,aditi.patel2005@example.com,+91-9981830988,O,2004-09-25,2022-05-16,ACTIVE,FTE,488,611,497,1883.0
2006,Kiara,Gupta,kiara.gupta2006@example.com,+91-9665461184,M,1983-07-24,2020-09-22,INACTIVE,FTE,113,215,372,554.0
2007,Om,Ghosh,om.ghosh2007@example.com,+91-9115204964,O,1967-11-16,2022-11-23,ACTIVE,FTE,387,770,708,1044.0
2008,Anaya,Chauhan,anaya.chauhan2008@example.com,+91-9148487381,M,1980-02-29,2024-09-30,ACTIVE,FTE,345,599,849,1124.0
2009,Navya,Patel,navya.patel2009@example.com,+91-9350469910,M,1976-06-22,2025-06-30,ACTIVE,FTE,893,829,878,
2010,Diya,Thakur,diya.thakur2010@example.com,+91-9603202486,M,2001-02-05,2025-03-20,INACTIVE,FTE,534,288,626,36.0
2011,Om,Gupta,om.gupta2011@example.com,+91-9594217455,F,1967-10-13,2018-11-13,ACTIVE,FTE,681,471,483,895.0
2012,Meera,Naidu,meera.naidu2012@example.com,+91-9270689421,M,1972-09-26,2020-04-02,ACTIVE,CONTRACTOR,756,274,931,1478.0
2013,Aarav,Verma,aarav.verma2013@example.com,+91-9965415402,F,2000-07-09,2017-03-13,LEAVE,FTE,657,533,895,1054.0
2014,Krishna,Rao,krishna.rao2014@example.com,+91-9790228124,F,1993-08-08,2017-09-16,ACTIVE,FTE,173,995,913,1510.0
2015,Riya,Chandra,riya.chandra2015@example.com,+91-9576153570,M,1984-01-20,2017-10-26,ACTIVE,FTE,300,951,529,1740.0
2016,Aarav,Chandra,aarav.chandra2016@example.com,+91-9199077073,O,1992-06-01,2018-02-03,LEAVE,FTE,990,658,937,761.0
2017,Sai,Mehta,sai.mehta2017@example.com,+91-9704652399,F,2001-10-22,2023-07-08,ACTIVE,FTE,908,391,844,697.0
2018,Anika,Gowda,anika.gowda2018@example.com,+91-9255060901,M,2002-05-06,2025-02-06,LEAVE,CONTRACTOR,951,157,242,1485.0
2019,Saanvi,Reddy,saanvi.reddy2019@example.com,+91-9988547695,O,1995-08-24,2025-08-17,ACTIVE,FTE,156,906,176,1392.0
2020,Aditya,Sharma,aditya.sharma2020@example.com,+91-9820586864,O,1994-02-26,2020-05-19,LEAVE,CONTRACTOR,732,556,643,114.0
2021,Yuvraj,Pillai,yuvraj.pillai2021@example.com,+91-9437112192,F,1996-09-17,2022-08-07,ACTIVE,FTE,73,643,811,1017.0
2022,Mohammed,Rao,mohammed.rao2022@example.com,+91-9585796257,O,2000-09-18,2016-04-25,INACTIVE,CONTRACTOR,558,554,640,1727.0
2023,Dhruv,Mehta,dhruv.mehta2023@example.com,+91-9496848415,O,1999-12-29,2016-02-17,ACTIVE,FTE,506,617,60,620.0
2024,Ishita,Mukherjee,ishita.mukherjee2024@example.com,+91-9320506867,O,1991-08-01,2017-11-07,ACTIVE,FTE,518,270,564,842.0
2025,Vihaan,Bose,vihaan.bose2025@example.com,+91-9293710228,M,1975-08-03,2015-04-15,ACTIVE,FTE,155,244,608,223.0
2026,Ishita,Patel,ishita.patel2026@example.com,+91-9679842474,O,1987-09-18,2016-07-02,ACTIVE,FTE,103,159,951,1617.0
2027,Myra,Bose,myra.bose2027@example.com,+91-9531418689,F,1971-09-10,2023-09-09,ACTIVE,FTE,28,665,848,1875.0
2028,Ishita,Sharma,ishita.sharma2028@example.com,+91-9516206207,O,1973-01-22,2015-10-20,ACTIVE,FTE,493,799,151,295.0
2029,Ishita,Pandey,ishita.pandey2029@example.com,+91-9752268031,F,1980-09-19,2018-10-23,ACTIVE,FTE,679,953,870,623.0
2030,Vivaan,Jadhav,vivaan.jadhav2030@example.com,+91-9883408169,M,1986-07-08,2015-10-02,ACTIVE,FTE,524,629,424,1604.0
2031,Mohammed,Ghosh,mohammed.ghosh2031@example.com,+91-9964783242,O,1989-02-10,2022-08-03,ACTIVE,FTE,242,758,104,1721.0
2032,Dhruv,Reddy,dhruv.reddy2032@example.com,+91-9135148462,F,1986-12-22,2020-08-08,ACTIVE,FTE,865,787,326,1854.0
2033,Rohan,Joshi,rohan.joshi2033@example.com,+91-9982796169,F,1971-05-16,2023-12-05,ACTIVE,FTE,899,757,228,1456.0
2034,Samar,Sharma,samar.sharma2034@example.com,+91-9619043864,M,1986-03-06,2021-04-03,INACTIVE,FTE,108,996,79,632.0
2035,Krishna,Mukherjee,krishna.mukherjee2035@example.com,+91-9576708717,M,1975-05-16,2018-11-10,INACTIVE,FTE,872,51,204,2029.0
2036,Anaya,Joshi,anaya.joshi2036@example.com,+91-9763475999,F,1991-10-13,2024-01-31,ACTIVE,FTE,597,655,449,923.0
2037,Zara,Sharma,zara.sharma2037@example.com,+91-9413449429,F,1974-09-03,2018-12-13,ACTIVE,FTE,797,643,274,1050.0
2038,Anika,Chauhan,anika.chauhan2038@example.com,+91-9558780845,F,2004-02-05,2019-12-29,ACTIVE,FTE,238,840,791,1754.0
2039,Vihaan,Iyer,vihaan.iyer2039@example.com,+91-9323673969,M,1994-05-26,2018-09-16,INACTIVE,FTE,492,224,777,1356.0
2040,Diya,Rao,diya.rao2040@example.com,+91-9571568348,M,1998-11-27,2021-03-24,ACTIVE,CONTRACTOR,616,932,721,1357.0
2041,Krishna,Verma,krishna.verma2041@example.com,+91-9700447798,F,1991-10-12,2024-07-08,ACTIVE,FTE,39,140,579,679.0
2042,Om,Joshi,om.joshi2042@example.com,+91-9472544900,O,1976-02-21,2018-11-10,ACTIVE,FTE,385,876,755,1127.0
2043,Samar,Yadav,samar.yadav2043@example.com,+91-9953312462,F,1981-11-03,2024-12-02,ACTIVE,FTE,970,478,933,598.0
2044,Saanvi,Bhandari,saanvi.bhandari2044@example.com,+91-9798256177,M,1982-04-30,2021-08-12,ACTIVE,FTE,761,648,587,581.0
2045,Kiara,Kulkarni,kiara.kulkarni2045@example.com,+91-9651495576,O,1972-10-26,2022-03-23,ACTIVE,FTE,14,972,166,158.0
2046,Krishna,Chandra,krishna.chandra2046@example.com,+91-9421963515,F,2003-06-02,2024-05-21,ACTIVE,FTE,294,913,102,1564.0
2047,Saanvi,Chandra,saanvi.chandra2047@example.com,+91-9890213860,M,1968-12-26,2025-01-19,ACTIVE,FTE,711,499,831,53.0
2048,Aditi,Pillai,aditi.pillai2048@example.com,+91-9971779315,M,1973-07-14,2024-02-13,ACTIVE,FTE,248,995,207,59.0
2049,Navya,Bose,navya.bose2049@example.com,+91-9546264411,F,1988-09-03,2015-07-03,ACTIVE,FTE,394,725,839,773.0
2050,Sara,Mehta,sara.mehta2050@example.com,+91-9249840510,F,1973-05-19,2025-03-15,ACTIVE,INTERN,424,446,976,
2051,Aarohi,Thakur,aarohi.thakur2051@example.com,+91-9243494332,O,1981-05-14,2019-09-23,ACTIVE,INTERN,33,138,813,525.0
2052,Kabir,Kulkarni,kabir.kulkarni2052@example.com,+91-9552019564,F,2002-01-13,2015-09-04,ACTIVE,INTERN,743,449,996,905.0
2053,Diya,Gowda,diya.gowda2053@example.com,+91-9974296933,F,1966-02-06,2016-08-05,ACTIVE,FTE,74,336,154,1131.0
2054,Ishaan,Kulkarni,ishaan.kulkarni2054@example.com,+91-9426466318,F,1984-12-28,2015-06-17,ACTIVE,FTE,796,879,359,
2055,Aadhya,Desai,aadhya.desai2055@example.com,+91-9907032845,M,1985-11-26,2017-05-20,LEAVE,FTE,54,113,563,2006.0
2056,Myra,Singh,myra.singh2056@example.com,+91-9482268223,O,1969-07-11,2024-08-28,ACTIVE,FTE,753,927,659,1372.0
2057,Aryan,Joshi,aryan.joshi2057@example.com,+91-9752680360,M,1977-06-08,2023-04-08,ACTIVE,FTE,902,270,832,
2058,Vihaan,Singh,vihaan.singh2058@example.com,+91-9875248453,M,2002-04-07,2020-07-02,ACTIVE,FTE,821,343,352,
2059,Yuvraj,Mukherjee,yuvraj.mukherjee2059@example.com,+91-9714892127,M,1984-08-20,2019-05-09,INACTIVE,FTE,145,185,547,937.0
2060,Om,Chauhan,om.chauhan2060@example.com,+91-9501355420,O,1981-06-01,2018-12-21,ACTIVE,CONTRACTOR,283,388,749,343.0
2061,Saanvi,Mishra,saanvi.mishra2061@example.com,+91-9733126953,F,2004-06-27,2018-05-15,ACTIVE,FTE,267,714,801,1912.0
2062,Dhruv,Iyer,dhruv.iyer2062@example.com,+91-9556260693,M,1974-02-13,2015-02-20,ACTIVE,FTE,293,250,452,1784.0
2063,Aanya,Singh,aanya.singh2063@example.com,+91-9361143429,M,1968-07-10,2023-12-27,ACTIVE,FTE,62,103,741,1968.0
2064,Om,Singh,om.singh2064@example.com,+91-9283427576,O,2004-08-17,2016-06-07,ACTIVE,CONTRACTOR,257,235,444,1690.0
2065,Krishna,Pillai,krishna.pillai2065@example.com,+91-9777382709,O,1966-01-03,2023-04-08,ACTIVE,FTE,468,100,47,1661.0
2066,Anaya,Desai,anaya.desai2066@example.com,+91-9253317341,F,1985-07-01,2017-03-11,ACTIVE,FTE,55,417,658,10.0
2067,Aditi,Pawar,aditi.pawar2067@example.com,+91-9113139785,F,1978-06-21,2019-02-27,INACTIVE,FTE,382,965,270,804.0
2068,Vivaan,Sharma,vivaan.sharma2068@example.com,+91-9846652786,M,1977-07-27,2018-04-28,ACTIVE,INTERN,443,896,344,1373.0
2069,Anaya,Thakur,anaya.thakur2069@example.com,+91-9539007575,F,1974-05-26,2017-11-11,ACTIVE,FTE,297,808,158,
2070,Vivaan,Reddy,vivaan.reddy2070@example.com,+91-9531424463,F,1986-06-10,2016-04-13,ACTIVE,FTE,580,146,20,
2071,Ritvik,Singh,ritvik.singh2071@example.com,+91-9730400488,M,2000-05-04,2017-05-23,ACTIVE,CONTRACTOR,285,39,33,951.0
2072,Reyansh,Pawar,reyansh.pawar2072@example.com,+91-9181095048,M,1976-12-26,2015-10-21,ACTIVE,FTE,29,98,984,190.0
2073,Dhruv,Kulkarni,dhruv.kulkarni2073@example.com,+91-9655149383,F,2001-05-09,2020-03-21,ACTIVE,FTE,198,234,658,744.0
2074,Ishaan,Pillai,ishaan.pillai2074@example.com,+91-9457831517,M,1979-08-11,2017-09-10,ACTIVE,FTE,344,853,881,1161.0
2075,Dhruv,Mishra,dhruv.mishra2075@example.com,+91-9286039346,F,1977-08-20,2023-07-08,ACTIVE,FTE,306,625,454,21.0
2076,Aditi,Verma,aditi.verma2076@example.com,+91-9365769590,F,1994-04-07,2022-04-22,ACTIVE,FTE,56,748,830,1461.0
2077,Pari,Joshi,pari.joshi2077@example.com,+91-9290424826,O,1997-03-24,2025-08-20,INACTIVE,FTE,284,678,587,1477.0
2078,Saanvi,Saxena,saanvi.saxena2078@example.com,+91-9498279095,F,1980-10-16,2021-01-22,ACTIVE,FTE,343,705,182,1656.0
2079,Aisha,Bose,aisha.bose2079@example.com,+91-9765278108,F,1969-07-07,2019-07-21,ACTIVE,CONTRACTOR,984,162,379,249.0
2080,Anika,Mishra,anika.mishra2080@example.com,+91-9270997635,F,1972-02-29,2019-07-15,ACTIVE,INTERN,225,256,415,1520.0
2081,Sara,Mukherjee,sara.mukherjee2081@example.com,+91-9236667802,O,1983-06-06,2021-09-13,ACTIVE,FTE,239,347,214,1671.0
2082,Aisha,Yadav,aisha.yadav2082@example.com,+91-9736074159,M,1988-01-28,2019-04-02,ACTIVE,FTE,933,725,774,2023.0
2083,Om,Reddy,om.reddy2083@example.com,+91-9899880385,O,1988-01-20,2023-01-29,ACTIVE,FTE,885,661,715,805.0
2084,Riya,Thakur,riya.thakur2084@example.com,+91-9364517377,O,1980-04-14,2020-07-06,ACTIVE,CONTRACTOR,294,421,562,1758.0
2085,Aisha,Patel,aisha.patel2085@example.com,+91-9761329522,O,1993-02-07,2016-09-21,ACTIVE,FTE,304,580,482,969.0
2086,Zara,Pillai,zara.pillai2086@example.com,+91-9522679992,O,1970-04-02,2022-01-24,ACTIVE,CONTRACTOR,690,970,513,
2087,Mohammed,Bhandari,mohammed.bhandari2087@example.com,+91-9606301857,O,1996-06-07,2016-07-03,ACTIVE,FTE,826,214,486,242.0
2088,Aryan,Mukherjee,aryan.mukherjee2088@example.com,+91-9696927376,M,1965-04-12,2016-08-15,ACTIVE,FTE,835,494,982,79.0
2089,Myra,Das,myra.das2089@example.com,+91-9940736866,F,1983-09-21,2024-10-05,ACTIVE,FTE,126,293,408,1220.0
2090,Aarohi,Khan,aarohi.khan2090@example.com,+91-9469874714,F,1987-01-02,2019-09-24,LEAVE,FTE,852,649,169,1215.0
2091,Dhruv,Thakur,dhruv.thakur2091@example.com,+91-9112184992,M,1978-01-06,2025-03-03,ACTIVE,FTE,954,600,882,1232.0
2092,Aarohi,Saxena,aarohi.saxena2092@example.com,+91-9871596547,F,2003-12-21,2019-06-18,ACTIVE,FTE,684,113,186,1570.0
2093,Aisha,Mehta,aisha.mehta2093@example.com,+91-9334559782,F,1971-01-07,2025-07-22,ACTIVE,INTERN,27,422,699,919.0
2094,Kabir,Gowda,kabir.gowda2094@example.com,+91-9221964801,F,1972-07-20,2015-07-24,ACTIVE,FTE,174,359,805,113.0
2095,Ritvik,Rao,ritvik.rao2095@example.com,+91-9331331418,F,1983-07-09,2024-12-14,ACTIVE,FTE,200,232,238,1114.0
2096,Anika,Saxena,anika.saxena2096@example.com,+91-9704894343,O,1997-10-20,2018-06-28,INACTIVE,FTE,814,103,289,
2097,Samar,Iyer,samar.iyer2097@example.com,+91-9211378694,F,1969-03-23,2016-03-18,LEAVE,FTE,222,39,76,374.0
2098,Aarav,Mishra,aarav.mishra2098@example.com,+91-9141502816,M,2004-05-10,2025-01-16,ACTIVE,FTE,26,49,869,662.0
2099,Mira,Yadav,mira.yadav2099@example.com,+91-9364621313,F,1993-05-24,2022-02-04,INACTIVE,FTE,558,34,766,163.0
2100,Shaurya,Reddy,shaurya.reddy2100@example.com,+91-9164331867,M,1978-08-26,2019-05-22,ACTIVE,FTE,338,310,567,639.0
2101,Anaya,Singh,anaya.singh2101@example.com,+91-9320556127,O,1970-01-31,2022-03-28,ACTIVE,FTE,688,99,498,409.0
2102,Myra,Sharma,myra.sharma2102@example.com,+91-9318268278,M,1970-06-08,2020-07-05,ACTIVE,FTE,719,905,89,476.0
2103,Krishna,Rao,krishna.rao2103@example.com,+91-9659155913,O,1986-01-22,2015-04-11,INACTIVE,FTE,476,686,889,
2104,Sai,Mishra,sai.mishra2104@example.com,+91-9848613214,M,1971-04-07,2017-01-10,ACTIVE,FTE,872,648,307,1985.0
2105,Ishita,Singh,ishita.singh2105@example.com,+91-9356454768,O,1994-09-06,2023-02-08,LEAVE,FTE,390,302,881,294.0
2106,Sai,Sharma,sai.sharma2106@example.com,+91-9281805182,M,1998-12-24,2020-02-18,ACTIVE,FTE,389,126,802,1173.0
2107,Shaurya,Reddy,shaurya.reddy2107@example.com,+91-9155189435,F,1988-09-15,2019-10-31,INACTIVE,FTE,244,85,943,1358.0
2108,Ishita,Pawar,ishita.pawar2108@example.com,+91-9288442075,O,1994-06-28,2018-02-26,ACTIVE,FTE,260,834,353,1324.0
2109,Kiara,Das,kiara.das2109@example.com,+91-9726796234,O,1986-03-24,2016-04-11,ACTIVE,FTE,290,499,738,1911.0
2110,Ishita,Bhandari,ishita.bhandari2110@example.com,+91-9162657456,M,1983-10-11,2023-11-09,ACTIVE,CONTRACTOR,437,400,620,905.0
2111,Aadhya,Reddy,aadhya.reddy2111@example.com,+91-9418089247,M,1988-03-09,2022-05-12,ACTIVE,CONTRACTOR,940,412,214,2068.0
2112,Reyansh,Mehta,reyansh.mehta2112@example.com,+91-9378088986,F,1970-11-19,2022-10-02,ACTIVE,FTE,779,670,371,107.0
2113,Aarav,Chauhan,aarav.chauhan2113@example.com,+91-9105469253,F,1966-07-15,2015-09-24,ACTIVE,CONTRACTOR,670,944,282,912.0
2114,Aanya,Joshi,aanya.joshi2114@example.com,+91-9103683345,O,1993-08-25,2018-01-23,ACTIVE,FTE,525,456,797,22.0
2115,Anika,Desai,anika.desai2115@example.com,+91-9675846278,M,2001-11-06,2025-03-14,ACTIVE,FTE,996,824,778,556.0
2116,Aarav,Chauhan,aarav.chauhan2116@example.com,+91-9250331365,M,1992-09-28,2017-11-13,ACTIVE,FTE,125,360,892,661.0
2117,Shaurya,Yadav,shaurya.yadav2117@example.com,+91-9664797692,M,1975-01-29,2018-01-29,ACTIVE,FTE,14,549,285,638.0
2118,Diya,Gowda,diya.gowda2118@example.com,+91-9344998923,F,1985-03-22,2015-07-18,ACTIVE,FTE,744,770,568,475.0
2119,Krishna,Bhandari,krishna.bhandari2119@example.com,+91-9937270243,F,1972-11-09,2019-03-11,ACTIVE,FTE,874,969,793,1306.0
2120,Shaurya,Khan,shaurya.khan2120@example.com,+91-9625462480,O,2001-02-09,2025-01-26,ACTIVE,FTE,811,952,448,1473.0
2121,Vivaan,Gowda,vivaan.gowda2121@example.com,+91-9422232001,M,1996-08-07,2023-12-02,ACTIVE,FTE,554,18,872,
2122,Meera,Mishra,meera.mishra2122@example.com,+91-9917064322,M,1987-06-02,2019-02-16,ACTIVE,FTE,893,778,130,2092.0
2123,Samar,Mishra,samar.mishra2123@example.com,+91-9288212100,M,1996-12-14,2024-06-14,ACTIVE,FTE,751,905,644,150.0
2124,Aanya,Pawar,aanya.pawar2124@example.com,+91-9823367600,M,2002-10-20,2025-05-19,ACTIVE,FTE,775,353,510,103.0
2125,Pari,Yadav,pari.yadav2125@example.com,+91-9369059310,M,2004-10-27,2016-12-18,ACTIVE,FTE,844,677,636,1822.0
2126,Aarohi,Gowda,aarohi.gowda2126@example.com,+91-9736037933,O,2004-03-06,2015-03-27,ACTIVE,FTE,331,981,353,1525.0
2127,Om,Bhandari,om.bhandari2127@example.com,+91-9708208946,O,1966-06-03,2024-04-07,ACTIVE,FTE,917,755,1,1761.0
2128,Aditya,Bhandari,aditya.bhandari2128@example.com,+91-9171594518,O,1985-04-13,2021-02-10,INACTIVE,FTE,821,557,440,
2129,Aditya,Chandra,aditya.chandra2129@example.com,+91-9189114506,F,1987-07-25,2022-02-25,ACTIVE,FTE,775,280,381,178.0
2130,Anaya,Gupta,anaya.gupta2130@example.com,+91-9250338263,F,1995-03-24,2022-01-18,ACTIVE,FTE,680,574,71,240.0
2131,Kabir,Joshi,kabir.joshi2131@example.com,+91-9417570922,F,1966-05-25,2023-09-17,ACTIVE,FTE,409,631,629,1630.0
2132,Om,Mehta,om.mehta2132@example.com,+91-9898806620,M,1998-12-14,2018-01-25,ACTIVE,CONTRACTOR,10,545,289,985.0
2133,Samar,Khan,samar.khan2133@example.com,+91-9218767591,O,1979-06-20,2020-02-17,ACTIVE,FTE,281,82,466,1261.0
2134,Ira,Ghosh,ira.ghosh2134@example.com,+91-9512502316,M,1981-10-13,2021-10-11,ACTIVE,FTE,347,323,470,118.0
2135,Kiara,Rao,kiara.rao2135@example.com,+91-9337966137,O,1990-10-12,2015-04-03,ACTIVE,FTE,464,63,245,873.0
2136,Shaurya,Gowda,shaurya.gowda2136@example.com,+91-9664101797,F,1987-12-31,2025-03-15,ACTIVE,FTE,228,869,85,571.0
2137,Kabir,Sharma,kabir.sharma2137@example.com,+91-9575261602,M,1984-01-09,2015-05-06,INACTIVE,FTE,446,402,189,372.0
2138,Krishna,Chauhan,krishna.chauhan2138@example.com,+91-9228015227,F,1985-02-09,2017-09-02,ACTIVE,FTE,28,310,90,725.0
2139,Ritvik,Rao,ritvik.rao2139@example.com,+91-9979831261,F,1976-12-25,2021-11-28,ACTIVE,FTE,880,855,6,517.0
2140,Vivaan,Singh,vivaan.singh2140@example.com,+91-9108149630,M,1973-03-30,2018-12-04,ACTIVE,FTE,310,545,799,1468.0
2141,Shaurya,Sharma,shaurya.sharma2141@example.com,+91-9764641015,M,1993-06-12,2016-08-14,ACTIVE,FTE,591,246,659,1531.0
2142,Kiara,Gowda,kiara.gowda2142@example.com,+91-9562017056,M,1998-02-26,2016-06-10,ACTIVE,FTE,662,23,189,1400.0
2143,Myra,Gupta,myra.gupta2143@example.com,+91-9894528092,F,1977-07-15,2020-10-16,ACTIVE,FTE,288,717,505,
2144,Diya,Gowda,diya.gowda2144@example.com,+91-9406719360,F,1986-01-13,2015-01-16,ACTIVE,FTE,637,832,921,2.0
2145,Dhruv,Gupta,dhruv.gupta2145@example.com,+91-9405870200,F,1980-12-12,2016-05-29,INACTIVE,FTE,480,477,939,310.0
2146,Myra,Mishra,myra.mishra2146@example.com,+91-9310251221,O,1995-01-07,2019-11-25,LEAVE,FTE,802,758,122,1445.0
2147,Meera,Bhandari,meera.bhandari2147@example.com,+91-9162720822,F,1972-02-09,2016-05-13,ACTIVE,INTERN,439,993,431,1393.0
2148,Reyansh,Pawar,reyansh.pawar2148@example.com,+91-9851934101,O,1997-01-18,2022-02-10,ACTIVE,FTE,590,164,568,
2149,Anaya,Chauhan,anaya.chauhan2149@example.com,+91-9174353909,O,2002-04-03,2015-12-08,ACTIVE,FTE,739,640,62,1008.0
2150,Ishaan,Chandra,ishaan.chandra2150@example.com,+91-9319577812,F,1997-07-24,2024-04-22,ACTIVE,FTE,396,645,846,1752.0
2151,Ritvik,Gupta,ritvik.gupta2151@example.com,+91-9248240250,F,1975-04-16,2018-05-17,ACTIVE,FTE,365,600,160,
2152,Mira,Das,mira.das2152@example.com,+91-9750981778,F,1984-05-11,2023-09-21,ACTIVE,FTE,510,86,86,624.0
2153,Mohammed,Patel,mohammed.patel2153@example.com,+91-9361230342,O,1967-09-23,2015-06-29,INACTIVE,FTE,851,345,792,609.0
2154,Arjun,Singh,arjun.singh2154@example.com,+91-9236161148,F,1974-09-30,2019-06-02,ACTIVE,FTE,642,515,872,855.0
2155,Zara,Bhandari,zara.bhandari2155@example.com,+91-9465960428,M,1982-07-20,2016-10-03,ACTIVE,FTE,821,700,509,294.0
2156,Mira,Gupta,mira.gupta2156@example.com,+91-9275736606,O,1967-10-23,2016-08-08,ACTIVE,FTE,892,32,835,1447.0
2157,Navya,Chandra,navya.chandra2157@example.com,+91-9964879866,M,1984-12-05,2018-02-17,ACTIVE,CONTRACTOR,898,226,893,261.0
2158,Kiara,Khan,kiara.khan2158@example.com,+91-9822243014,F,1984-01-12,2020-05-17,INACTIVE,FTE,828,932,255,1497.0
2159,Anaya,Thakur,anaya.thakur2159@example.com,+91-9271522452,M,1991-04-06,2025-06-09,ACTIVE,FTE,542,452,524,1745.0
2160,Yuvraj,Saxena,yuvraj.saxena2160@example.com,+91-9106242265,F,2004-04-26,2019-11-25,ACTIVE,FTE,23,315,417,1290.0
2161,Aditi,Gupta,aditi.gupta2161@example.com,+91-9552798452,M,2003-08-14,2022-02-15,ACTIVE,FTE,342,880,113,223.0
2162,Sara,Pandey,sara.pandey2162@example.com,+91-9573358718,O,1993-06-09,2023-05-17,ACTIVE,CONTRACTOR,758,328,720,
2163,Dhruv,Kulkarni,dhruv.kulkarni2163@example.com,+91-9104692647,M,1983-04-30,2017-05-10,ACTIVE,FTE,309,448,890,1521.0
2164,Shaurya,Pillai,shaurya.pillai2164@example.com,+91-9408029141,F,1978-05-01,2019-12-24,INACTIVE,FTE,878,707,958,26.0
2165,Kiara,Das,kiara.das2165@example.com,+91-9592799685,M,2003-08-08,2022-11-20,LEAVE,FTE,120,885,533,213.0
2166,Dhruv,Jadhav,dhruv.jadhav2166@example.com,+91-9931260068,M,2001-01-17,2017-04-12,ACTIVE,FTE,697,862,970,590.0
2167,Mohammed,Mehta,mohammed.mehta2167@example.com,+91-9624241199,F,1975-08-15,2015-12-15,INACTIVE,FTE,277,325,66,1617.0
2168,Sara,Patel,sara.patel2168@example.com,+91-9557777489,M,1991-11-29,2018-05-09,ACTIVE,FTE,144,870,884,2131.0
2169,Aarav,Reddy,aarav.reddy2169@example.com,+91-9413723656,O,1969-08-02,2017-05-09,INACTIVE,FTE,28,842,972,2122.0
2170,Yuvraj,Gupta,yuvraj.gupta2170@example.com,+91-9825522076,O,1991-05-21,2019-04-22,ACTIVE,CONTRACTOR,209,210,771,1849.0
2171,Myra,Patel,myra.patel2171@example.com,+91-9848732917,M,1999-09-03,2017-10-30,INACTIVE,FTE,620,416,511,352.0
2172,Myra,Patel,myra.patel2172@example.com,+91-9703755635,F,1987-11-02,2019-04-23,ACTIVE,FTE,446,898,938,99.0
2173,Anika,Kulkarni,anika.kulkarni2173@example.com,+91-9705510298,M,2003-09-03,2015-11-20,ACTIVE,FTE,268,637,379,384.0
2174,Aadhya,Sharma,aadhya.sharma2174@example.com,+91-9680779824,M,1965-01-23,2016-04-26,ACTIVE,FTE,401,113,487,246.0
2175,Dhruv,Verma,dhruv.verma2175@example.com,+91-9402629335,M,1999-09-05,2024-10-25,ACTIVE,FTE,37,293,262,251.0
2176,Yuvraj,Jadhav,yuvraj.jadhav2176@example.com,+91-9305011870,O,1969-05-07,2020-12-05,ACTIVE,CONTRACTOR,349,78,704,1353.0
2177,Krishna,Kulkarni,krishna.kulkarni2177@example.com,+91-9210712765,F,2000-01-19,2018-09-11,ACTIVE,FTE,361,518,52,50.0
2178,Mira,Thakur,mira.thakur2178@example.com,+91-9197936506,O,1986-08-16,2021-06-28,ACTIVE,FTE,861,836,462,148.0
2179,Vivaan,Gupta,vivaan.gupta2179@example.com,+91-9853473348,M,1996-06-24,2016-09-30,ACTIVE,FTE,711,573,662,1982.0
2180,Navya,Iyer,navya.iyer2180@example.com,+91-9987556863,F,1972-04-06,2021-03-23,ACTIVE,FTE,819,530,433,1926.0
2181,Sara,Naidu,sara.naidu2181@example.com,+91-9130154837,F,2004-05-30,2023-11-14,ACTIVE,FTE,424,68,488,1315.0
2182,Zara,Singh,zara.singh2182@example.com,+91-9857620702,M,1990-07-07,2018-03-24,ACTIVE,FTE,69,603,357,1802.0
2183,Zara,Naidu,zara.naidu2183@example.com,+91-9275121354,F,1981-10-21,2021-03-16,INACTIVE,INTERN,593,672,608,2086.0
2184,Aryan,Chandra,aryan.chandra2184@example.com,+91-9831561186,F,1992-03-26,2017-06-01,ACTIVE,CONTRACTOR,718,494,344,273.0
2185,Zara,Saxena,zara.saxena2185@example.com,+91-9106936450,M,1983-03-21,2022-03-27,ACTIVE,FTE,890,214,5,830.0
2186,Aanya,Ghosh,aanya.ghosh2186@example.com,+91-9373853847,F,1978-12-02,2017-09-06,INACTIVE,FTE,491,773,394,910.0
2187,Arjun,Joshi,arjun.joshi2187@example.com,+91-9356144513,M,1990-03-31,2016-01-16,ACTIVE,FTE,531,380,967,437.0
2188,Zara,Mehta,zara.mehta2188@example.com,+91-9786022853,F,1977-12-17,2015-02-17,ACTIVE,FTE,484,129,908,33.0
2189,Kabir,Yadav,kabir.yadav2189@example.com,+91-9915995939,O,1976-05-11,2023-03-26,ACTIVE,FTE,942,765,973,496.0
2190,Dev,Gupta,dev.gupta2190@example.com,+91-9109255799,F,1986-09-17,2017-03-08,ACTIVE,FTE,517,944,400,252.0
2191,Sai,Gupta,sai.gupta2191@example.com,+91-9624909238,M,1969-12-24,2015-10-26,LEAVE,FTE,286,145,199,1189.0
2192,Aditya,Naidu,aditya.naidu2192@example.com,+91-9229181373,O,1997-11-24,2022-08-09,INACTIVE,FTE,634,855,951,1750.0
2193,Aditi,Rao,aditi.rao2193@example.com,+91-9536711889,F,1997-04-22,2016-11-04,ACTIVE,FTE,445,359,791,1865.0
2194,Vivaan,Gowda,vivaan.gowda2194@example.com,+91-9866007320,F,1990-09-12,2023-12-01,LEAVE,FTE,798,273,17,
2195,Shaurya,Khan,shaurya.khan2195@example.com,+91-9845775496,M,1984-02-28,2017-05-10,INACTIVE,FTE,730,374,201,821.0
2196,Rohan,Saxena,rohan.saxena2196@example.com,+91-9844403141,F,1971-01-03,2024-11-09,ACTIVE,FTE,639,721,14,1483.0
2197,Saanvi,Pawar,saanvi.pawar2197@example.com,+91-9452995849,M,1981-07-21,2022-03-03,ACTIVE,FTE,505,808,656,339.0
2198,Krishna,Sharma,krishna.sharma2198@example.com,+91-9530920206,F,1969-09-18,2021-10-02,ACTIVE,CONTRACTOR,430,10,32,552.0
2199,Riya,Rao,riya.rao2199@example.com,+91-9336928708,F,1979-03-22,2019-06-14,LEAVE,CONTRACTOR,613,467,885,833.0
2200,Dev,Verma,dev.verma2200@example.com,+91-9606799338,O,1999-01-20,2018-07-10,ACTIVE,CONTRACTOR,615,192,111,1651.0
2201,Sai,Saxena,sai.saxena2201@example.com,+91-9404546652,O,1982-02-28,2021-07-16,ACTIVE,CONTRACTOR,518,947,424,1587.0
2202,Ritvik,Pillai,ritvik.pillai2202@example.com,+91-9554496255,F,1975-08-08,2015-05-23,INACTIVE,FTE,973,507,710,1670.0
2203,Shaurya,Mukherjee,shaurya.mukherjee2203@example.com,+91-9873742895,F,2000-04-13,2017-06-01,ACTIVE,FTE,271,879,911,682.0
2204,Rohan,Mishra,rohan.mishra2204@example.com,+91-9813040617,M,1965-03-06,2015-09-02,ACTIVE,FTE,753,692,674,1603.0
2205,Sai,Mishra,sai.mishra2205@example.com,+91-9632046879,M,1990-08-28,2015-04-19,ACTIVE,FTE,573,785,347,587.0
2206,Aarohi,Joshi,aarohi.joshi2206@example.com,+91-9509513770,O,1978-10-23,2015-12-21,INACTIVE,FTE,203,241,328,890.0
2207,Mohammed,Pillai,mohammed.pillai2207@example.com,+91-9170830990,O,1965-11-16,2016-07-09,INACTIVE,FTE,39,604,54,962.0
2208,Sara,Verma,sara.verma2208@example.com,+91-9665569164,O,1972-10-03,2015-01-23,ACTIVE,FTE,844,545,991,
2209,Kabir,Ghosh,kabir.ghosh2209@example.com,+91-9767478217,O,1983-12-19,2016-02-05,ACTIVE,CONTRACTOR,615,775,185,208.0
2210,Kabir,Sharma,kabir.sharma2210@example.com,+91-9673152204,O,1982-11-12,2018-10-02,ACTIVE,FTE,91,249,789,698.0
2211,Vihaan,Verma,vihaan.verma2211@example.com,+91-9937314397,F,1970-08-09,2017-05-21,INACTIVE,FTE,440,533,69,1242.0
2212,Samar,Mukherjee,samar.mukherjee2212@example.com,+91-9139015343,F,1996-03-02,2015-01-24,INACTIVE,CONTRACTOR,226,76,849,362.0
2213,Riya,Singh,riya.singh2213@example.com,+91-9411616963,M,1981-08-22,2015-02-21,LEAVE,FTE,953,208,620,2064.0
2214,Krishna,Yadav,krishna.yadav2214@example.com,+91-9887532217,F,2004-10-11,2017-02-14,ACTIVE,FTE,433,621,239,1672.0
2215,Vihaan,Mukherjee,vihaan.mukherjee2215@example.com,+91-9527487197,M,1972-01-26,2021-11-24,ACTIVE,FTE,707,888,101,1961.0
2216,Mira,Yadav,mira.yadav2216@example.com,+91-9194254760,O,1979-10-02,2021-12-17,INACTIVE,FTE,539,928,681,101.0
2217,Aarohi,Pandey,aarohi.pandey2217@example.com,+91-9652679869,O,1975-12-28,2022-10-28,INACTIVE,FTE,163,189,436,1819.0
2218,Aanya,Patel,aanya.patel2218@example.com,+91-9690876838,O,2003-10-13,2018-04-24,ACTIVE,FTE,973,405,837,768.0
2219,Ishita,Pawar,ishita.pawar2219@example.com,+91-9214001826,M,2001-08-06,2025-05-13,ACTIVE,FTE,598,248,828,2194.0
2220,Anaya,Ghosh,anaya.ghosh2220@example.com,+91-9126776473,O,1997-06-08,2023-03-04,ACTIVE,FTE,998,618,857,1214.0
2221,Mohammed,Thakur,mohammed.thakur2221@example.com,+91-9862982133,F,2002-11-28,2021-04-14,INACTIVE,FTE,325,31,947,
2222,Ishaan,Mukherjee,ishaan.mukherjee2222@example.com,+91-9983651753,M,1994-12-31,2016-11-10,INACTIVE,FTE,338,495,565,287.0
2223,Aditi,Bose,aditi.bose2223@example.com,+91-9664339511,F,1988-12-26,2021-09-29,ACTIVE,FTE,546,452,83,1264.0
2224,Vivaan,Sharma,vivaan.sharma2224@example.com,+91-9661409134,F,1989-07-28,2015-09-28,ACTIVE,FTE,269,277,609,742.0
2225,Riya,Saxena,riya.saxena2225@example.com,+91-9251715311,O,1998-06-07,2020-12-12,ACTIVE,INTERN,642,239,658,
2226,Mohammed,Patel,mohammed.patel2226@example.com,+91-9997232806,O,1973-05-28,2016-09-23,ACTIVE,FTE,649,14,66,1604.0
2227,Vivaan,Chauhan,vivaan.chauhan2227@example.com,+91-9294517040,M,1983-09-25,2017-11-28,ACTIVE,INTERN,412,678,659,612.0
2228,Kabir,Bose,kabir.bose2228@example.com,+91-9114645927,F,1977-11-12,2021-12-10,ACTIVE,FTE,650,575,17,172.0
2229,Mohammed,Patel,mohammed.patel2229@example.com,+91-9490283723,M,1974-04-06,2019-06-15,ACTIVE,CONTRACTOR,667,728,434,1849.0
2230,Saanvi,Pillai,saanvi.pillai2230@example.com,+91-9789343306,F,1984-08-14,2015-06-04,ACTIVE,FTE,906,801,707,
2231,Om,Chandra,om.chandra2231@example.com,+91-9947167085,M,1990-01-03,2021-12-10,ACTIVE,CONTRACTOR,262,51,738,2020.0
2232,Aadhya,Joshi,aadhya.joshi2232@example.com,+91-9689455353,O,1985-09-07,2019-04-23,INACTIVE,FTE,339,742,68,1758.0
2233,Anika,Naidu,anika.naidu2233@example.com,+91-9810119644,F,1999-12-27,2018-05-19,ACTIVE,CONTRACTOR,519,204,806,937.0
2234,Riya,Desai,riya.desai2234@example.com,+91-9265632702,M,1975-11-22,2022-01-31,LEAVE,FTE,402,850,307,985.0
2235,Pari,Chauhan,pari.chauhan2235@example.com,+91-9928341906,O,1989-11-01,2023-12-04,ACTIVE,CONTRACTOR,923,624,298,1674.0
2236,Riya,Singh,riya.singh2236@example.com,+91-9134009445,F,1982-02-20,2020-02-12,ACTIVE,INTERN,441,612,708,2194.0
2237,Vihaan,Mukherjee,vihaan.mukherjee2237@example.com,+91-9530455617,F,1985-10-18,2020-06-05,ACTIVE,FTE,739,33,611,1103.0
2238,Aryan,Das,aryan.das2238@example.com,+91-9848336824,F,1965-07-23,2015-11-14,ACTIVE,FTE,940,777,618,188.0
2239,Sara,Jadhav,sara.jadhav2239@example.com,+91-9359511714,O,1998-05-07,2017-05-31,LEAVE,FTE,277,651,808,20.0
2240,Vihaan,Iyer,vihaan.iyer2240@example.com,+91-9422012349,F,1993-09-12,2017-05-05,ACTIVE,INTERN,113,363,40,20.0
2241,Vihaan,Pawar,vihaan.pawar2241@example.com,+91-9740621265,F,1977-08-03,2024-07-26,ACTIVE,FTE,233,906,67,1901.0
2242,Kabir,Saxena,kabir.saxena2242@example.com,+91-9219910474,M,1980-03-25,2023-05-12,ACTIVE,FTE,339,193,81,412.0
2243,Ritvik,Pawar,ritvik.pawar2243@example.com,+91-9977370600,F,1988-12-29,2024-10-19,ACTIVE,INTERN,171,411,367,1888.0
2244,Shaurya,Yadav,shaurya.yadav2244@example.com,+91-9490280860,F,1994-07-18,2021-06-21,INACTIVE,FTE,353,114,709,
2245,Kabir,Verma,kabir.verma2245@example.com,+91-9778519735,F,1978-02-05,2024-06-04,ACTIVE,FTE,300,351,978,
2246,Vivaan,Pillai,vivaan.pillai2246@example.com,+91-9989914366,F,1970-07-02,2024-12-11,ACTIVE,FTE,489,682,924,1410.0
2247,Anaya,Mukherjee,anaya.mukherjee2247@example.com,+91-9546390055,F,1979-12-20,2022-09-20,ACTIVE,CONTRACTOR,428,139,486,441.0
2248,Mohammed,Jadhav,mohammed.jadhav2248@example.com,+91-9502171933,F,1995-02-05,2019-04-04,ACTIVE,INTERN,144,867,89,1949.0
2249,Aryan,Mukherjee,aryan.mukherjee2249@example.com,+91-9648858166,O,1993-12-13,2019-05-18,INACTIVE,FTE,435,30,527,486.0
2250,Sara,Chandra,sara.chandra2250@example.com,+91-9993630305,F,1975-11-16,2015-03-29,ACTIVE,CONTRACTOR,435,585,240,
2251,Ritvik,Patel,ritvik.patel2251@example.com,+91-9460333624,M,1980-12-25,2025-07-10,ACTIVE,CONTRACTOR,447,763,506,1273.0
2252,Ira,Das,ira.das2252@example.com,+91-9826599774,M,2001-09-27,2017-06-06,INACTIVE,FTE,694,721,741,933.0
2253,Reyansh,Mukherjee,reyansh.mukherjee2253@example.com,+91-9431331460,O,1979-08-27,2019-10-09,ACTIVE,FTE,544,942,570,158.0
2254,Diya,Bose,diya.bose2254@example.com,+91-9493277039,M,1971-02-27,2019-12-18,ACTIVE,FTE,379,623,836,1220.0
2255,Shaurya,Yadav,shaurya.yadav2255@example.com,+91-9600963127,M,1976-12-16,2019-01-16,ACTIVE,FTE,483,371,786,1551.0
2256,Ishita,Gowda,ishita.gowda2256@example.com,+91-9191354907,O,1969-05-08,2016-11-15,ACTIVE,FTE,25,767,293,795.0
2257,Mohammed,Joshi,mohammed.joshi2257@example.com,+91-9140946875,O,1985-05-11,2019-03-26,ACTIVE,FTE,231,938,815,
2258,Aryan,Pawar,aryan.pawar2258@example.com,+91-9822785656,F,2004-10-29,2023-03-26,ACTIVE,FTE,110,329,17,470.0
2259,Ishita,Gupta,ishita.gupta2259@example.com,+91-9251670952,O,1991-07-13,2020-10-12,ACTIVE,CONTRACTOR,219,878,166,1751.0
2260,Meera,Iyer,meera.iyer2260@example.com,+91-9526350888,O,1968-08-24,2023-07-26,ACTIVE,FTE,160,161,101,1009.0
2261,Arjun,Pillai,arjun.pillai2261@example.com,+91-9247004924,O,1986-12-06,2022-07-13,ACTIVE,FTE,797,496,117,1471.0
2262,Aanya,Pawar,aanya.pawar2262@example.com,+91-9500677608,M,1995-09-16,2023-04-17,ACTIVE,FTE,355,871,610,332.0
2263,Aditya,Kulkarni,aditya.kulkarni2263@example.com,+91-9897147278,O,1983-08-29,2020-05-28,ACTIVE,FTE,182,7,135,1546.0
2264,Ritvik,Yadav,ritvik.yadav2264@example.com,+91-9282644562,O,1998-08-23,2024-06-10,ACTIVE,CONTRACTOR,763,963,318,227.0
2265,Anaya,Verma,anaya.verma2265@example.com,+91-9393284532,F,1992-03-16,2022-09-13,ACTIVE,FTE,665,798,49,843.0
2266,Pari,Pawar,pari.pawar2266@example.com,+91-9642227400,M,1988-09-06,2020-01-24,ACTIVE,FTE,741,150,246,2219.0
2267,Vivaan,Iyer,vivaan.iyer2267@example.com,+91-9361654107,M,1981-07-30,2024-05-07,ACTIVE,FTE,74,50,893,411.0
2268,Yuvraj,Chandra,yuvraj.chandra2268@example.com,+91-9281525693,F,1969-02-02,2016-09-16,ACTIVE,FTE,3,101,241,2241.0
2269,Ritvik,Khan,ritvik.khan2269@example.com,+91-9230522429,O,1967-02-23,2024-05-11,ACTIVE,FTE,79,903,771,2143.0
2270,Anika,Jadhav,anika.jadhav2270@example.com,+91-9363639060,O,1993-04-07,2015-02-26,ACTIVE,FTE,684,697,89,1962.0
2271,Myra,Gowda,myra.gowda2271@example.com,+91-9149577858,M,1965-11-10,2022-12-04,ACTIVE,FTE,314,664,498,755.0
2272,Vihaan,Naidu,vihaan.naidu2272@example.com,+91-9590433737,M,1973-10-22,2016-05-17,ACTIVE,FTE,800,52,990,37.0
2273,Navya,Jadhav,navya.jadhav2273@example.com,+91-9211883427,M,1983-04-22,2024-07-15,ACTIVE,FTE,814,670,688,1314.0
2274,Dhruv,Mehta,dhruv.mehta2274@example.com,+91-9957433884,O,1965-06-09,2024-01-01,ACTIVE,FTE,904,800,599,1085.0
2275,Om,Naidu,om.naidu2275@example.com,+91-9744287848,M,1982-08-30,2021-03-07,ACTIVE,FTE,632,405,353,471.0
2276,Pari,Desai,pari.desai2276@example.com,+91-9637381943,F,1998-12-04,2016-05-01,ACTIVE,FTE,701,831,120,2053.0
2277,Shaurya,Bose,shaurya.bose2277@example.com,+91-9933611596,F,1993-12-19,2019-02-03,ACTIVE,FTE,138,760,412,1564.0
2278,Zara,Jadhav,zara.jadhav2278@example.com,+91-9613063229,O,1966-09-20,2021-05-02,ACTIVE,FTE,101,201,558,2150.0
2279,Dev,Saxena,dev.saxena2279@example.com,+91-9816418659,F,1968-03-02,2017-10-27,ACTIVE,FTE,672,950,735,1183.0
2280,Arjun,Mishra,arjun.mishra2280@example.com,+91-9830119469,M,1985-03-21,2021-08-26,INACTIVE,FTE,435,210,745,1216.0
2281,Arjun,Pillai,arjun.pillai2281@example.com,+91-9417313888,O,1996-02-08,2022-01-29,ACTIVE,FTE,179,642,688,761.0
2282,Kabir,Reddy,kabir.reddy2282@example.com,+91-9516931956,F,1992-01-02,2024-01-18,ACTIVE,FTE,946,426,269,1026.0
2283,Myra,Yadav,myra.yadav2283@example.com,+91-9103210393,M,2003-06-23,2021-08-04,ACTIVE,CONTRACTOR,950,23,222,948.0
2284,Yuvraj,Yadav,yuvraj.yadav2284@example.com,+91-9921957782,F,1979-12-19,2023-04-11,ACTIVE,CONTRACTOR,234,412,747,323.0
2285,Aisha,Khan,aisha.khan2285@example.com,+91-9400819028,M,1974-11-13,2025-02-07,ACTIVE,FTE,495,958,60,914.0
2286,Vivaan,Thakur,vivaan.thakur2286@example.com,+91-9584969042,M,1982-12-25,2015-11-06,ACTIVE,CONTRACTOR,149,593,97,
2287,Rohan,Verma,rohan.verma2287@example.com,+91-9800083563,M,1975-09-05,2019-10-11,ACTIVE,FTE,21,90,550,1641.0
2288,Saanvi,Ghosh,saanvi.ghosh2288@example.com,+91-9405865521,O,1995-07-03,2023-12-12,ACTIVE,FTE,745,534,672,1955.0
2289,Meera,Mehta,meera.mehta2289@example.com,+91-9539395521,F,1968-11-14,2020-05-15,ACTIVE,CONTRACTOR,110,503,128,2238.0
2290,Anika,Naidu,anika.naidu2290@example.com,+91-9182645358,F,2000-03-02,2016-08-12,ACTIVE,FTE,105,964,913,1773.0
2291,Dhruv,Joshi,dhruv.joshi2291@example.com,+91-9740355658,F,1986-04-30,2021-11-30,LEAVE,FTE,418,205,849,
2292,Aadhya,Saxena,aadhya.saxena2292@example.com,+91-9753696627,F,1988-12-24,2022-08-19,ACTIVE,FTE,772,425,106,1250.0
2293,Dhruv,Chauhan,dhruv.chauhan2293@example.com,+91-9520867993,O,2003-02-23,2023-08-18,ACTIVE,FTE,914,217,539,220.0
2294,Aryan,Bhandari,aryan.bhandari2294@example.com,+91-9473725524,M,1968-03-23,2016-12-08,ACTIVE,FTE,14,512,79,2023.0
2295,Aryan,Reddy,aryan.reddy2295@example.com,+91-9182551138,F,1991-06-23,2018-10-10,ACTIVE,FTE,432,944,124,992.0
2296,Meera,Bose,meera.bose2296@example.com,+91-9360567732,F,2000-11-08,2020-08-08,ACTIVE,FTE,869,47,318,231.0
2297,Aryan,Gowda,aryan.gowda2297@example.com,+91-9830233005,O,1989-04-24,2020-01-13,ACTIVE,FTE,516,231,350,961.0
2298,Aditi,Yadav,aditi.yadav2298@example.com,+91-9445913056,F,1973-06-01,2017-08-09,ACTIVE,FTE,751,224,619,596.0
2299,Krishna,Mehta,krishna.mehta2299@example.com,+91-9775759721,O,1983-07-14,2016-03-09,LEAVE,FTE,189,331,572,274.0
2300,Samar,Saxena,samar.saxena2300@example.com,+91-9535741683,M,1998-08-02,2022-02-28,INACTIVE,CONTRACTOR,109,839,721,770.0
2301,Ishaan,Bhandari,ishaan.bhandari2301@example.com,+91-9370249137,F,2001-11-19,2021-09-21,ACTIVE,FTE,367,265,101,2273.0
2302,Kabir,Reddy,kabir.reddy2302@example.com,+91-9741899836,F,1986-05-14,2021-08-17,ACTIVE,FTE,249,9,917,1927.0
2303,Mira,Pawar,mira.pawar2303@example.com,+91-9599090130,M,1987-12-24,2025-07-30,ACTIVE,FTE,713,678,314,2206.0
2304,Yuvraj,Thakur,yuvraj.thakur2304@example.com,+91-9782954729,M,1967-03-10,2024-07-26,INACTIVE,FTE,888,181,720,1981.0
2305,Ira,Joshi,ira.joshi2305@example.com,+91-9306275970,F,1971-04-30,2022-02-13,ACTIVE,FTE,899,212,221,1928.0
2306,Sara,Patel,sara.patel2306@example.com,+91-9293552379,F,1997-07-18,2017-04-25,ACTIVE,FTE,724,301,999,
2307,Rohan,Joshi,rohan.joshi2307@example.com,+91-9970545205,M,1976-09-06,2017-11-26,ACTIVE,CONTRACTOR,97,705,632,941.0
2308,Anika,Pawar,anika.pawar2308@example.com,+91-9684414201,M,1981-09-19,2018-02-22,ACTIVE,FTE,316,924,15,
2309,Om,Mishra,om.mishra2309@example.com,+91-9268944599,O,1983-04-09,2017-11-11,ACTIVE,INTERN,894,874,278,127.0
2310,Yuvraj,Jadhav,yuvraj.jadhav2310@example.com,+91-9226717996,O,1990-01-13,2015-02-15,ACTIVE,FTE,422,360,719,373.0
2311,Aanya,Desai,aanya.desai2311@example.com,+91-9631494466,F,1969-06-07,2020-09-21,ACTIVE,FTE,628,822,590,1266.0
2312,Mohammed,Gowda,mohammed.gowda2312@example.com,+91-9422210519,F,2001-09-09,2025-07-19,ACTIVE,CONTRACTOR,479,40,328,550.0
2313,Sai,Pawar,sai.pawar2313@example.com,+91-9129164295,O,1968-10-18,2023-08-27,INACTIVE,FTE,881,78,684,290.0
2314,Mohammed,Ghosh,mohammed.ghosh2314@example.com,+91-9287367439,M,1991-02-01,2020-06-08,ACTIVE,FTE,592,608,180,
2315,Saanvi,Chandra,saanvi.chandra2315@example.com,+91-9350963145,M,1990-12-20,2022-05-13,ACTIVE,CONTRACTOR,434,615,178,1422.0
2316,Zara,Chandra,zara.chandra2316@example.com,+91-9753726009,O,1971-05-08,2024-09-03,ACTIVE,FTE,641,843,555,786.0
2317,Vihaan,Saxena,vihaan.saxena2317@example.com,+91-9555953574,O,1980-09-07,2020-03-13,ACTIVE,FTE,880,153,302,
2318,Reyansh,Verma,reyansh.verma2318@example.com,+91-9355690120,F,1977-10-13,2019-08-06,ACTIVE,FTE,308,691,530,943.0
2319,Dhruv,Chauhan,dhruv.chauhan2319@example.com,+91-9645171305,F,1990-03-30,2016-09-29,INACTIVE,FTE,391,447,925,153.0
2320,Aadhya,Pillai,aadhya.pillai2320@example.com,+91-9695373815,F,1984-08-06,2017-12-27,ACTIVE,FTE,181,393,967,548.0
2321,Ira,Patel,ira.patel2321@example.com,+91-9780324505,O,1995-08-11,2019-07-30,ACTIVE,FTE,23,592,883,2292.0
2322,Meera,Naidu,meera.naidu2322@example.com,+91-9404276135,F,1983-07-06,2023-02-28,LEAVE,CONTRACTOR,255,583,438,1729.0
2323,Dhruv,Ghosh,dhruv.ghosh2323@example.com,+91-9104864289,M,1971-07-18,2023-01-01,ACTIVE,FTE,469,128,822,825.0
2324,Aditi,Pillai,aditi.pillai2324@example.com,+91-9894109265,O,1988-02-26,2019-08-30,ACTIVE,FTE,467,218,957,1167.0
2325,Meera,Joshi,meera.joshi2325@example.com,+91-9590684068,M,1992-05-09,2021-06-02,ACTIVE,FTE,461,604,552,1058.0
2326,Anika,Bhandari,anika.bhandari2326@example.com,+91-9727325137,M,1972-03-31,2022-10-14,ACTIVE,CONTRACTOR,23,894,885,1775.0
2327,Sai,Bose,sai.bose2327@example.com,+91-9379935186,O,1982-10-02,2025-07-27,ACTIVE,FTE,27,987,777,2145.0
2328,Sara,Reddy,sara.reddy2328@example.com,+91-9463683343,M,1987-12-01,2021-09-02,ACTIVE,FTE,443,746,334,
2329,Zara,Das,zara.das2329@example.com,+91-9876534920,O,1999-05-19,2022-03-09,INACTIVE,FTE,394,504,679,2306.0
2330,Reyansh,Singh,reyansh.singh2330@example.com,+91-9120021570,F,1984-05-02,2018-07-13,INACTIVE,FTE,909,656,446,1343.0
2331,Anaya,Mukherjee,anaya.mukherjee2331@example.com,+91-9468460612,F,1966-02-18,2020-09-13,ACTIVE,FTE,725,591,810,1985.0
2332,Vivaan,Gupta,vivaan.gupta2332@example.com,+91-9455551454,F,1982-12-27,2018-01-10,ACTIVE,FTE,483,852,720,688.0
2333,Ishaan,Mishra,ishaan.mishra2333@example.com,+91-9559381725,O,1967-04-08,2017-03-19,ACTIVE,INTERN,699,880,247,2010.0
2334,Reyansh,Mukherjee,reyansh.mukherjee2334@example.com,+91-9794523088,F,1990-08-13,2020-02-13,ACTIVE,FTE,645,422,779,2119.0
2335,Aisha,Jadhav,aisha.jadhav2335@example.com,+91-9873191198,M,1992-09-17,2024-07-07,LEAVE,FTE,201,331,525,78.0
2336,Vihaan,Mukherjee,vihaan.mukherjee2336@example.com,+91-9101646890,F,1970-05-30,2017-05-28,ACTIVE,FTE,616,342,87,854.0
2337,Aanya,Bose,aanya.bose2337@example.com,+91-9152369237,M,1990-02-07,2017-07-05,INACTIVE,CONTRACTOR,502,471,359,1945.0
2338,Myra,Ghosh,myra.ghosh2338@example.com,+91-9326865375,O,1993-03-28,2017-06-30,ACTIVE,FTE,433,221,260,1153.0
2339,Ishita,Kulkarni,ishita.kulkarni2339@example.com,+91-9177244239,O,1992-06-03,2023-08-27,ACTIVE,FTE,757,736,251,2201.0
2340,Shaurya,Singh,shaurya.singh2340@example.com,+91-9581565908,M,1980-02-18,2021-04-22,ACTIVE,FTE,489,732,863,196.0
2341,Ishaan,Pandey,ishaan.pandey2341@example.com,+91-9245926740,F,1995-05-21,2020-02-17,ACTIVE,FTE,473,908,439,1694.0
2342,Ritvik,Chandra,ritvik.chandra2342@example.com,+91-9973722326,F,1995-04-02,2024-02-27,ACTIVE,FTE,629,924,932,2001.0
2343,Samar,Pillai,samar.pillai2343@example.com,+91-9865429893,F,1998-09-28,2021-05-15,ACTIVE,FTE,666,246,964,2058.0
2344,Rohan,Rao,rohan.rao2344@example.com,+91-9611313927,F,1989-02-06,2018-03-28,ACTIVE,FTE,260,900,846,984.0
2345,Pari,Desai,pari.desai2345@example.com,+91-9601701452,F,2002-12-11,2023-02-01,ACTIVE,FTE,154,24,982,1726.0
2346,Sai,Mishra,sai.mishra2346@example.com,+91-9163774865,O,1995-04-18,2020-12-19,ACTIVE,FTE,325,773,483,852.0
2347,Aditi,Sharma,aditi.sharma2347@example.com,+91-9879507062,O,1967-03-15,2015-10-17,ACTIVE,FTE,35,816,419,1463.0
2348,Shaurya,Jadhav,shaurya.jadhav2348@example.com,+91-9492406461,M,1984-10-08,2019-06-25,ACTIVE,FTE,982,820,342,1732.0
2349,Ira,Khan,ira.khan2349@example.com,+91-9139534273,F,1978-08-19,2017-03-19,INACTIVE,FTE,33,647,700,56.0
2350,Pari,Patel,pari.patel2350@example.com,+91-9985269889,F,2003-10-31,2016-05-03,ACTIVE,FTE,835,316,599,1482.0
2351,Arjun,Iyer,arjun.iyer2351@example.com,+91-9639429016,M,1999-02-25,2024-08-28,ACTIVE,FTE,322,83,89,1304.0
2352,Sara,Pillai,sara.pillai2352@example.com,+91-9648388626,O,1983-10-30,2021-11-01,ACTIVE,FTE,314,482,460,381.0
2353,Anika,Verma,anika.verma2353@example.com,+91-9687938169,M,1998-02-17,2015-01-01,ACTIVE,FTE,598,422,410,1571.0
2354,Meera,Patel,meera.patel2354@example.com,+91-9789239031,O,1990-05-17,2017-04-07,ACTIVE,FTE,615,601,384,
2355,Arjun,Kulkarni,arjun.kulkarni2355@example.com,+91-9406846035,M,1976-03-02,2018-12-16,ACTIVE,FTE,185,589,722,1732.0
2356,Anaya,Kulkarni,anaya.kulkarni2356@example.com,+91-9172190582,M,1997-09-29,2019-02-12,ACTIVE,FTE,937,160,69,1453.0
2357,Sai,Yadav,sai.yadav2357@example.com,+91-9372011491,F,1991-06-11,2021-05-25,ACTIVE,FTE,462,889,250,370.0
2358,Aanya,Ghosh,aanya.ghosh2358@example.com,+91-9402823100,M,1976-05-30,2019-06-11,ACTIVE,CONTRACTOR,848,132,3,1076.0
2359,Vihaan,Thakur,vihaan.thakur2359@example.com,+91-9902856986,O,1976-04-30,2018-11-04,ACTIVE,FTE,232,859,366,2201.0
2360,Anika,Desai,anika.desai2360@example.com,+91-9642757734,O,1986-02-07,2023-06-15,ACTIVE,FTE,93,993,209,313.0
2361,Mohammed,Patel,mohammed.patel2361@example.com,+91-9673927597,M,1974-08-15,2021-01-17,ACTIVE,FTE,923,968,994,1304.0
2362,Diya,Singh,diya.singh2362@example.com,+91-9768530781,O,2000-11-17,2024-02-25,ACTIVE,FTE,122,501,564,1408.0
2363,Aditya,Pillai,aditya.pillai2363@example.com,+91-9502769279,F,2004-04-15,2023-11-21,ACTIVE,CONTRACTOR,813,997,78,2270.0
2364,Aadhya,Pillai,aadhya.pillai2364@example.com,+91-9730927112,M,2000-04-22,2016-11-18,ACTIVE,FTE,636,183,221,398.0
2365,Om,Yadav,om.yadav2365@example.com,+91-9169826132,F,2003-12-03,2016-07-23,ACTIVE,FTE,43,750,57,2183.0
2366,Myra,Singh,myra.singh2366@example.com,+91-9716578295,F,1982-08-20,2017-02-28,ACTIVE,INTERN,178,320,937,1516.0
2367,Ritvik,Mukherjee,ritvik.mukherjee2367@example.com,+91-9416960020,M,1968-07-17,2024-12-30,ACTIVE,FTE,65,528,322,792.0
2368,Sai,Mishra,sai.mishra2368@example.com,+91-9167400710,F,1992-04-30,2016-07-01,ACTIVE,FTE,904,657,365,222.0
2369,Kabir,Sharma,kabir.sharma2369@example.com,+91-9864729711,M,1977-12-01,2016-01-01,ACTIVE,FTE,461,452,546,
2370,Aditya,Gowda,aditya.gowda2370@example.com,+91-9354885772,O,1992-09-18,2021-02-18,ACTIVE,FTE,787,321,328,1771.0
2371,Om,Ghosh,om.ghosh2371@example.com,+91-9536593786,O,1985-08-29,2017-01-13,ACTIVE,FTE,189,612,606,
2372,Ishita,Kulkarni,ishita.kulkarni2372@example.com,+91-9124597092,F,1988-03-22,2017-08-06,ACTIVE,FTE,85,958,633,422.0
2373,Krishna,Thakur,krishna.thakur2373@example.com,+91-9783381095,M,1991-01-10,2021-06-22,ACTIVE,FTE,61,917,772,2157.0
2374,Aryan,Pawar,aryan.pawar2374@example.com,+91-9263149661,O,1982-01-07,2017-04-12,ACTIVE,FTE,549,145,428,516.0
2375,Sai,Joshi,sai.joshi2375@example.com,+91-9936548782,F,1998-12-22,2021-01-20,INACTIVE,FTE,666,801,391,2329.0
2376,Shaurya,Patel,shaurya.patel2376@example.com,+91-9104168499,M,2001-01-02,2018-04-17,ACTIVE,FTE,819,955,726,
2377,Diya,Rao,diya.rao2377@example.com,+91-9239056278,M,1980-09-05,2017-05-14,ACTIVE,FTE,945,960,970,2017.0
2378,Riya,Joshi,riya.joshi2378@example.com,+91-9387044869,O,1996-01-09,2015-11-02,ACTIVE,FTE,32,48,984,1898.0
2379,Ira,Gowda,ira.gowda2379@example.com,+91-9194889047,F,1998-07-29,2017-03-11,ACTIVE,FTE,475,962,126,1433.0
2380,Ira,Khan,ira.khan2380@example.com,+91-9258290859,O,1968-01-16,2020-08-19,ACTIVE,FTE,948,823,658,
2381,Mira,Chandra,mira.chandra2381@example.com,+91-9113737153,F,1966-02-01,2021-06-19,ACTIVE,FTE,178,811,958,1074.0
2382,Diya,Bose,diya.bose2382@example.com,+91-9870964994,O,1985-06-12,2023-02-12,ACTIVE,INTERN,409,710,622,171.0
2383,Vihaan,Kulkarni,vihaan.kulkarni2383@example.com,+91-9319298577,M,1970-09-05,2023-07-21,INACTIVE,FTE,339,447,402,1064.0
2384,Krishna,Pandey,krishna.pandey2384@example.com,+91-9669988464,O,1991-06-20,2020-08-07,ACTIVE,FTE,825,138,226,2016.0
2385,Aanya,Mehta,aanya.mehta2385@example.com,+91-9518064414,O,1990-12-03,2020-11-29,ACTIVE,INTERN,629,639,850,844.0
2386,Aditya,Desai,aditya.desai2386@example.com,+91-9697013957,F,1973-09-16,2017-05-07,LEAVE,FTE,91,101,819,793.0
2387,Aarav,Thakur,aarav.thakur2387@example.com,+91-9760779310,M,1984-01-07,2023-03-15,LEAVE,FTE,772,458,925,2366.0
2388,Dhruv,Verma,dhruv.verma2388@example.com,+91-9883673320,M,1966-02-19,2018-07-12,ACTIVE,FTE,748,263,878,1322.0
2389,Riya,Khan,riya.khan2389@example.com,+91-9884987950,M,2003-10-04,2019-12-07,ACTIVE,FTE,772,125,266,2308.0
2390,Aadhya,Jadhav,aadhya.jadhav2390@example.com,+91-9609202863,M,1985-12-08,2022-06-30,ACTIVE,FTE,368,904,96,1675.0
2391,Aditya,Saxena,aditya.saxena2391@example.com,+91-9697637388,F,2003-05-30,2020-08-21,ACTIVE,FTE,748,404,506,
2392,Aanya,Mukherjee,aanya.mukherjee2392@example.com,+91-9839557456,O,2000-03-09,2021-11-15,ACTIVE,FTE,789,424,855,1557.0
2393,Shaurya,Rao,shaurya.rao2393@example.com,+91-9664291201,M,1976-05-08,2021-04-02,ACTIVE,CONTRACTOR,548,680,191,651.0
2394,Zara,Pandey,zara.pandey2394@example.com,+91-9652160162,F,1965-02-10,2016-11-19,ACTIVE,FTE,383,215,43,2089.0
2395,Navya,Yadav,navya.yadav2395@example.com,+91-9399082069,F,1985-04-13,2022-03-09,ACTIVE,FTE,508,515,19,1636.0
2396,Riya,Jadhav,riya.jadhav2396@example.com,+91-9348089135,F,1997-08-22,2019-07-29,ACTIVE,FTE,851,589,487,326.0
2397,Mohammed,Iyer,mohammed.iyer2397@example.com,+91-9851640984,O,1997-07-02,2020-06-26,INACTIVE,FTE,727,338,615,2061.0
2398,Kiara,Kulkarni,kiara.kulkarni2398@example.com,+91-9514219219,O,2001-07-29,2022-10-12,INACTIVE,FTE,703,66,723,2157.0
2399,Aryan,Desai,aryan.desai2399@example.com,+91-9555696872,F,1995-03-14,2020-07-01,ACTIVE,FTE,668,121,809,2020.0
2400,Ira,Jadhav,ira.jadhav2400@example.com,+91-9433590651,M,1983-04-03,2025-06-06,ACTIVE,FTE,74,786,367,1786.0
2401,Meera,Chandra,meera.chandra2401@example.com,+91-9321775901,F,1994-12-26,2024-01-03,ACTIVE,FTE,740,9,936,2318.0
2402,Aanya,Saxena,aanya.saxena2402@example.com,+91-9890712224,F,1977-07-02,2016-01-15,LEAVE,FTE,197,858,39,
2403,Aisha,Chauhan,aisha.chauhan2403@example.com,+91-9427823738,O,1975-07-26,2017-12-08,INACTIVE,FTE,537,288,778,881.0
2404,Ishita,Khan,ishita.khan2404@example.com,+91-9188919422,O,1997-08-21,2021-06-28,ACTIVE,FTE,644,533,785,202.0
2405,Aanya,Sharma,aanya.sharma2405@example.com,+91-9458247397,M,1983-09-09,2015-02-20,ACTIVE,FTE,308,567,6,
2406,Sara,Das,sara.das2406@example.com,+91-9450357670,F,1981-06-21,2021-05-17,ACTIVE,FTE,410,765,498,1417.0
2407,Yuvraj,Desai,yuvraj.desai2407@example.com,+91-9387036404,O,1966-01-28,2020-11-14,ACTIVE,FTE,403,42,630,1985.0
2408,Aarohi,Joshi,aarohi.joshi2408@example.com,+91-9770069531,O,1974-05-18,2023-06-08,ACTIVE,FTE,768,212,405,1225.0
2409,Arjun,Reddy,arjun.reddy2409@example.com,+91-9962235694,O,1975-06-04,2024-01-11,LEAVE,FTE,456,757,642,629.0
2410,Aadhya,Das,aadhya.das2410@example.com,+91-9698163109,M,1967-11-25,2017-11-26,INACTIVE,CONTRACTOR,973,366,994,891.0
2411,Vihaan,Pawar,vihaan.pawar2411@example.com,+91-9547519474,F,1998-10-31,2022-09-21,ACTIVE,FTE,143,92,937,748.0
2412,Dhruv,Gowda,dhruv.gowda2412@example.com,+91-9702561002,O,1990-03-26,2021-10-07,ACTIVE,FTE,296,767,405,
2413,Vihaan,Saxena,vihaan.saxena2413@example.com,+91-9169443276,F,1997-09-12,2020-11-03,ACTIVE,FTE,577,714,584,2068.0
2414,Saanvi,Naidu,saanvi.naidu2414@example.com,+91-9464055618,M,1990-03-15,2016-03-01,ACTIVE,FTE,284,307,99,677.0
2415,Krishna,Desai,krishna.desai2415@example.com,+91-9811851734,O,1983-10-03,2025-07-19,ACTIVE,FTE,690,779,251,1378.0
2416,Saanvi,Kulkarni,saanvi.kulkarni2416@example.com,+91-9120124124,F,1994-12-10,2022-07-27,ACTIVE,FTE,327,597,920,
2417,Anaya,Mishra,anaya.mishra2417@example.com,+91-9209359090,F,1982-12-02,2018-07-30,ACTIVE,FTE,785,443,550,2018.0
2418,Anika,Pillai,anika.pillai2418@example.com,+91-9622780076,F,2003-05-12,2017-12-21,INACTIVE,FTE,850,597,273,221.0
2419,Ritvik,Mishra,ritvik.mishra2419@example.com,+91-9232144692,F,1972-08-29,2020-11-18,ACTIVE,FTE,478,128,53,450.0
2420,Samar,Mehta,samar.mehta2420@example.com,+91-9807878474,F,1995-12-15,2018-11-22,ACTIVE,FTE,270,247,680,
2421,Zara,Chauhan,zara.chauhan2421@example.com,+91-9339713698,F,1974-01-31,2017-12-10,ACTIVE,FTE,986,513,345,426.0
2422,Yuvraj,Joshi,yuvraj.joshi2422@example.com,+91-9262831498,M,1998-03-13,2020-04-04,ACTIVE,FTE,897,665,384,1287.0
2423,Shaurya,Yadav,shaurya.yadav2423@example.com,+91-9621821791,O,1989-12-15,2021-05-05,ACTIVE,FTE,794,691,768,1410.0
2424,Ishita,Mishra,ishita.mishra2424@example.com,+91-9930445270,F,1998-03-13,2021-02-28,INACTIVE,FTE,419,413,46,2175.0
2425,Ishaan,Mukherjee,ishaan.mukherjee2425@example.com,+91-9576783883,M,1978-03-01,2021-12-26,ACTIVE,FTE,754,671,806,1237.0
2426,Om,Patel,om.patel2426@example.com,+91-9883330424,F,1996-08-23,2016-09-24,ACTIVE,FTE,1000,456,649,1043.0
2427,Aditi,Chauhan,aditi.chauhan2427@example.com,+91-9865436080,M,1981-09-17,2019-12-13,ACTIVE,FTE,328,586,349,2123.0
2428,Kiara,Mishra,kiara.mishra2428@example.com,+91-9183572632,F,1990-05-17,2021-11-05,ACTIVE,FTE,196,624,845,80.0
2429,Diya,Gowda,diya.gowda2429@example.com,+91-9716997878,M,1967-02-16,2015-09-02,ACTIVE,FTE,37,963,393,1105.0
2430,Kiara,Yadav,kiara.yadav2430@example.com,+91-9217941910,O,1994-06-07,2025-03-01,ACTIVE,FTE,322,697,101,640.0
2431,Aadhya,Rao,aadhya.rao2431@example.com,+91-9312538392,F,1981-01-31,2024-05-08,ACTIVE,CONTRACTOR,435,456,412,1446.0
2432,Kiara,Jadhav,kiara.jadhav2432@example.com,+91-9673355009,O,1990-01-17,2021-01-21,ACTIVE,FTE,47,501,60,545.0
2433,Dhruv,Kulkarni,dhruv.kulkarni2433@example.com,+91-9392170476,M,1970-10-24,2018-08-20,ACTIVE,FTE,110,772,199,305.0
2434,Aditya,Gowda,aditya.gowda2434@example.com,+91-9436777226,F,1996-11-08,2020-04-09,ACTIVE,FTE,999,630,233,922.0
2435,Aisha,Desai,aisha.desai2435@example.com,+91-9813171907,M,1995-01-20,2016-01-24,INACTIVE,FTE,987,23,201,46.0
2436,Pari,Pawar,pari.pawar2436@example.com,+91-9651544844,M,1980-07-16,2021-03-13,ACTIVE,FTE,374,575,834,104.0
2437,Ira,Khan,ira.khan2437@example.com,+91-9251924223,O,1993-03-31,2019-01-14,INACTIVE,FTE,606,969,271,280.0
2438,Mira,Chandra,mira.chandra2438@example.com,+91-9181130687,F,1994-03-16,2024-12-03,ACTIVE,FTE,689,132,980,681.0
2439,Aryan,Ghosh,aryan.ghosh2439@example.com,+91-9457713542,O,1975-10-29,2021-06-04,ACTIVE,FTE,501,809,658,602.0
2440,Om,Chandra,om.chandra2440@example.com,+91-9294200673,F,1986-09-03,2022-09-06,INACTIVE,FTE,280,387,937,880.0
2441,Anaya,Kulkarni,anaya.kulkarni2441@example.com,+91-9191620316,M,1984-06-28,2016-04-19,ACTIVE,FTE,792,705,546,1404.0
2442,Myra,Thakur,myra.thakur2442@example.com,+91-9207661176,O,1995-08-20,2018-03-11,ACTIVE,FTE,347,148,60,2212.0
2443,Aditi,Singh,aditi.singh2443@example.com,+91-9186190530,F,1995-04-03,2022-04-18,ACTIVE,FTE,550,798,920,2035.0
2444,Myra,Pawar,myra.pawar2444@example.com,+91-9386649296,M,1974-02-27,2017-10-27,ACTIVE,FTE,678,535,250,1326.0
2445,Krishna,Reddy,krishna.reddy2445@example.com,+91-9617203525,F,1977-07-24,2022-07-15,ACTIVE,FTE,399,12,201,
2446,Dev,Mehta,dev.mehta2446@example.com,+91-9683539043,M,1997-11-11,2015-10-15,ACTIVE,FTE,432,678,681,445.0
2447,Pari,Chandra,pari.chandra2447@example.com,+91-9299223964,M,1974-10-29,2025-04-09,ACTIVE,FTE,670,495,706,1705.0
2448,Kiara,Gupta,kiara.gupta2448@example.com,+91-9637948812,F,1967-11-05,2019-10-18,ACTIVE,FTE,405,575,51,422.0
2449,Aisha,Jadhav,aisha.jadhav2449@example.com,+91-9375632325,O,1968-01-17,2018-11-06,INACTIVE,FTE,397,866,305,1641.0
2450,Navya,Mehta,navya.mehta2450@example.com,+91-9754151548,O,1985-04-25,2016-11-09,ACTIVE,FTE,38,331,736,945.0
2451,Vihaan,Chandra,vihaan.chandra2451@example.com,+91-9420369985,M,1982-01-10,2024-09-06,ACTIVE,FTE,727,769,499,940.0
2452,Ira,Saxena,ira.saxena2452@example.com,+91-9716186261,M,1972-10-16,2025-02-21,ACTIVE,FTE,566,71,756,2289.0
2453,Mohammed,Chandra,mohammed.chandra2453@example.com,+91-9364787805,M,2002-01-28,2017-06-02,ACTIVE,FTE,12,474,284,1361.0
2454,Ishita,Jadhav,ishita.jadhav2454@example.com,+91-9287080422,M,1992-01-31,2017-05-10,ACTIVE,FTE,176,412,815,
2455,Navya,Rao,navya.rao2455@example.com,+91-9747986180,M,1966-09-16,2024-05-13,ACTIVE,FTE,812,283,527,
2456,Mohammed,Mukherjee,mohammed.mukherjee2456@example.com,+91-9104575998,F,1990-01-18,2024-04-10,ACTIVE,FTE,306,197,699,339.0
2457,Aadhya,Mehta,aadhya.mehta2457@example.com,+91-9928379283,O,1981-04-15,2020-07-20,LEAVE,FTE,347,941,260,892.0
2458,Diya,Reddy,diya.reddy2458@example.com,+91-9683127510,M,1966-10-09,2017-10-09,ACTIVE,FTE,930,828,784,
2459,Mohammed,Iyer,mohammed.iyer2459@example.com,+91-9336810586,F,2003-11-19,2020-08-15,ACTIVE,INTERN,597,724,494,49.0
2460,Ishita,Mehta,ishita.mehta2460@example.com,+91-9541099056,O,1971-10-21,2023-05-21,INACTIVE,FTE,498,717,28,1415.0
2461,Sara,Thakur,sara.thakur2461@example.com,+91-9200097076,F,1968-11-17,2024-10-01,ACTIVE,FTE,932,956,716,1352.0
2462,Samar,Yadav,samar.yadav2462@example.com,+91-9586990799,F,1980-10-11,2024-06-12,ACTIVE,FTE,459,395,573,2283.0
2463,Pari,Mehta,pari.mehta2463@example.com,+91-9957960619,O,1994-08-23,2016-01-12,ACTIVE,FTE,318,333,965,2405.0
2464,Pari,Pawar,pari.pawar2464@example.com,+91-9722925004,F,1980-11-13,2016-05-12,ACTIVE,FTE,243,46,234,1083.0
2465,Sara,Ghosh,sara.ghosh2465@example.com,+91-9146374038,O,1999-01-07,2019-06-29,INACTIVE,FTE,799,1,310,2185.0
2466,Om,Bhandari,om.bhandari2466@example.com,+91-9274158708,F,1994-11-11,2018-09-11,LEAVE,FTE,353,397,21,1186.0
2467,Aditya,Mehta,aditya.mehta2467@example.com,+91-9212942798,M,2004-09-20,2021-02-14,ACTIVE,FTE,307,823,489,481.0
2468,Aditya,Chauhan,aditya.chauhan2468@example.com,+91-9466597469,F,2004-03-16,2023-01-15,ACTIVE,CONTRACTOR,371,297,690,1714.0
2469,Shaurya,Verma,shaurya.verma2469@example.com,+91-9830466821,M,2003-06-20,2022-10-03,ACTIVE,FTE,591,216,304,1100.0
2470,Dhruv,Rao,dhruv.rao2470@example.com,+91-9112249011,F,1965-09-16,2025-05-11,ACTIVE,INTERN,390,542,879,1708.0
2471,Myra,Das,myra.das2471@example.com,+91-9770869311,F,1977-05-21,2021-12-08,ACTIVE,FTE,954,420,801,139.0
2472,Sara,Pandey,sara.pandey2472@example.com,+91-9254957147,F,1996-01-18,2022-06-21,ACTIVE,FTE,776,670,211,1665.0
2473,Kabir,Chauhan,kabir.chauhan2473@example.com,+91-9943235829,M,1996-11-17,2025-01-09,ACTIVE,FTE,778,945,455,
2474,Aditya,Mehta,aditya.mehta2474@example.com,+91-9536869717,O,1981-03-22,2021-01-30,ACTIVE,FTE,430,177,192,134.0
2475,Aryan,Mishra,aryan.mishra2475@example.com,+91-9762265266,O,1978-09-23,2017-10-15,ACTIVE,FTE,795,248,54,884.0
2476,Kabir,Kulkarni,kabir.kulkarni2476@example.com,+91-9707736561,F,1984-01-19,2021-06-13,ACTIVE,FTE,726,911,29,1548.0
2477,Kabir,Pawar,kabir.pawar2477@example.com,+91-9446946056,M,1965-02-27,2021-10-14,ACTIVE,FTE,196,350,449,1605.0
2478,Ishita,Mishra,ishita.mishra2478@example.com,+91-9510749379,F,1971-02-24,2017-04-28,ACTIVE,FTE,733,855,50,
2479,Samar,Verma,samar.verma2479@example.com,+91-9778337659,O,2002-10-25,2020-09-20,ACTIVE,FTE,970,349,252,2371.0
2480,Aarav,Kulkarni,aarav.kulkarni2480@example.com,+91-9365838378,F,1976-05-06,2021-02-28,ACTIVE,FTE,147,543,822,
2481,Anika,Mukherjee,anika.mukherjee2481@example.com,+91-9691254392,O,1985-08-07,2017-03-31,ACTIVE,FTE,492,571,881,1738.0
2482,Sara,Yadav,sara.yadav2482@example.com,+91-9367475998,M,1992-01-04,2015-06-20,ACTIVE,FTE,740,605,974,502.0
2483,Saanvi,Sharma,saanvi.sharma2483@example.com,+91-9735511831,O,1971-05-02,2025-07-28,INACTIVE,CONTRACTOR,574,411,988,856.0
2484,Rohan,Yadav,rohan.yadav2484@example.com,+91-9370151616,M,1997-02-13,2024-08-17,ACTIVE,FTE,942,907,532,313.0
2485,Om,Rao,om.rao2485@example.com,+91-9422570364,M,1989-08-27,2021-12-14,ACTIVE,FTE,486,938,683,1269.0
2486,Navya,Patel,navya.patel2486@example.com,+91-9448087126,M,1980-12-15,2018-04-24,ACTIVE,FTE,519,7,483,
2487,Vivaan,Khan,vivaan.khan2487@example.com,+91-9884499961,O,2000-11-13,2023-04-19,ACTIVE,FTE,154,962,22,653.0
2488,Aarav,Iyer,aarav.iyer2488@example.com,+91-9807111088,O,1998-04-14,2021-02-20,ACTIVE,CONTRACTOR,69,408,283,564.0
2489,Arjun,Sharma,arjun.sharma2489@example.com,+91-9204877965,F,1983-04-24,2021-11-26,ACTIVE,CONTRACTOR,328,666,758,
2490,Aryan,Chandra,aryan.chandra2490@example.com,+91-9616772030,O,2003-11-14,2022-08-11,ACTIVE,FTE,53,236,889,227.0
2491,Ira,Mishra,ira.mishra2491@example.com,+91-9839587442,O,2001-12-10,2018-03-18,ACTIVE,FTE,382,520,976,975.0
2492,Dhruv,Chandra,dhruv.chandra2492@example.com,+91-9264850681,M,2001-05-27,2015-03-07,ACTIVE,FTE,886,266,344,2435.0
2493,Rohan,Chandra,rohan.chandra2493@example.com,+91-9781039881,F,1998-01-13,2016-04-13,ACTIVE,FTE,351,513,721,
2494,Aarav,Reddy,aarav.reddy2494@example.com,+91-9129752081,O,1989-11-02,2015-10-03,ACTIVE,FTE,509,624,868,542.0
2495,Rohan,Naidu,rohan.naidu2495@example.com,+91-9235643510,M,1970-01-04,2024-09-20,ACTIVE,FTE,576,159,563,1446.0
2496,Kabir,Bhandari,kabir.bhandari2496@example.com,+91-9728665727,F,1975-03-03,2024-08-12,ACTIVE,FTE,276,590,663,1953.0
2497,Aanya,Khan,aanya.khan2497@example.com,+91-9183027443,F,1972-01-08,2020-11-05,ACTIVE,CONTRACTOR,931,381,937,512.0
2498,Dhruv,Pillai,dhruv.pillai2498@example.com,+91-9425025868,O,1995-03-11,2016-06-01,ACTIVE,FTE,20,926,807,1883.0
2499,Ishaan,Pillai,ishaan.pillai2499@example.com,+91-9239893582,F,1986-01-30,2018-02-14,ACTIVE,FTE,847,244,597,1579.0
2500,Ishita,Iyer,ishita.iyer2500@example.com,+91-9881273065,F,2000-03-11,2024-04-12,ACTIVE,FTE,308,669,589,1925.0
2501,Ritvik,Mukherjee,ritvik.mukherjee2501@example.com,+91-9776097190,F,1994-07-21,2022-11-05,ACTIVE,CONTRACTOR,265,305,196,810.0
2502,Om,Gowda,om.gowda2502@example.com,+91-9536047200,O,1996-06-21,2023-10-30,ACTIVE,FTE,888,386,371,1383.0
2503,Om,Jadhav,om.jadhav2503@example.com,+91-9673314731,O,2000-04-15,2015-09-25,LEAVE,FTE,586,49,782,1107.0
2504,Vihaan,Joshi,vihaan.joshi2504@example.com,+91-9709481793,F,1985-03-14,2017-02-17,ACTIVE,FTE,429,985,52,205.0
2505,Aarav,Gowda,aarav.gowda2505@example.com,+91-9535421160,F,1969-06-24,2022-02-16,ACTIVE,FTE,490,426,131,688.0
2506,Rohan,Gupta,rohan.gupta2506@example.com,+91-9739341065,M,1989-11-27,2019-06-15,ACTIVE,CONTRACTOR,227,423,801,218.0
2507,Yuvraj,Thakur,yuvraj.thakur2507@example.com,+91-9297940734,M,1968-12-28,2016-09-14,ACTIVE,FTE,248,112,967,1885.0
2508,Aarohi,Mishra,aarohi.mishra2508@example.com,+91-9780896642,M,1969-06-25,2019-05-27,ACTIVE,CONTRACTOR,432,586,993,48.0
2509,Mira,Kulkarni,mira.kulkarni2509@example.com,+91-9581439114,F,1973-07-26,2025-05-20,ACTIVE,FTE,338,626,541,1118.0
2510,Aryan,Khan,aryan.khan2510@example.com,+91-9834860199,F,2004-02-22,2024-03-01,ACTIVE,FTE,986,780,663,1710.0
2511,Saanvi,Pillai,saanvi.pillai2511@example.com,+91-9925866399,M,1997-06-09,2016-05-27,INACTIVE,FTE,610,21,809,1767.0
2512,Om,Mehta,om.mehta2512@example.com,+91-9140733027,O,1981-01-29,2021-11-07,ACTIVE,FTE,208,147,620,2354.0
2513,Aditya,Desai,aditya.desai2513@example.com,+91-9624942192,M,1985-06-16,2022-09-17,ACTIVE,CONTRACTOR,661,320,309,2062.0
2514,Anaya,Ghosh,anaya.ghosh2514@example.com,+91-9742839570,M,1982-09-06,2015-11-23,ACTIVE,FTE,657,255,128,2019.0
2515,Aditya,Das,aditya.das2515@example.com,+91-9428325575,M,1994-06-16,2022-07-14,INACTIVE,FTE,275,969,585,805.0
2516,Aisha,Chandra,aisha.chandra2516@example.com,+91-9949527899,O,2004-12-23,2015-04-30,ACTIVE,CONTRACTOR,758,797,688,751.0
2517,Diya,Khan,diya.khan2517@example.com,+91-9205879524,M,1999-12-09,2022-12-23,ACTIVE,FTE,468,203,255,2093.0
2518,Ritvik,Patel,ritvik.patel2518@example.com,+91-9346963592,F,1997-10-05,2018-12-15,ACTIVE,FTE,920,859,696,741.0
2519,Om,Reddy,om.reddy2519@example.com,+91-9304953071,O,1977-02-28,2017-08-05,ACTIVE,FTE,260,23,649,1534.0
2520,Pari,Khan,pari.khan2520@example.com,+91-9366865760,M,1968-09-28,2019-02-11,ACTIVE,FTE,938,75,410,
2521,Anaya,Reddy,anaya.reddy2521@example.com,+91-9963258164,O,1966-12-06,2023-04-18,ACTIVE,FTE,366,333,548,222.0
2522,Yuvraj,Joshi,yuvraj.joshi2522@example.com,+91-9522270729,F,1968-07-24,2019-08-26,ACTIVE,CONTRACTOR,838,704,692,1397.0
2523,Arjun,Iyer,arjun.iyer2523@example.com,+91-9622175793,O,1975-08-21,2021-04-26,ACTIVE,CONTRACTOR,135,329,239,146.0
2524,Arjun,Rao,arjun.rao2524@example.com,+91-9868258865,O,1971-03-16,2019-03-31,LEAVE,FTE,908,354,926,
2525,Kabir,Das,kabir.das2525@example.com,+91-9218192329,F,1986-02-06,2025-05-26,INACTIVE,CONTRACTOR,998,71,632,1927.0
2526,Kiara,Bose,kiara.bose2526@example.com,+91-9652903055,O,1986-05-16,2021-02-02,ACTIVE,FTE,955,402,443,712.0
2527,Rohan,Kulkarni,rohan.kulkarni2527@example.com,+91-9820857649,O,1992-11-15,2019-03-09,ACTIVE,FTE,124,763,421,305.0
2528,Zara,Pawar,zara.pawar2528@example.com,+91-9435717032,M,1989-10-26,2022-05-11,ACTIVE,FTE,895,798,1,300.0
2529,Dev,Gupta,dev.gupta2529@example.com,+91-9739570485,F,1968-09-22,2020-05-07,ACTIVE,FTE,513,829,368,1721.0
2530,Pari,Pandey,pari.pandey2530@example.com,+91-9145132431,O,1970-04-07,2020-03-16,ACTIVE,FTE,988,433,25,2070.0
2531,Aditi,Sharma,aditi.sharma2531@example.com,+91-9153746317,O,1972-06-09,2015-10-02,ACTIVE,FTE,773,428,751,
2532,Dhruv,Gowda,dhruv.gowda2532@example.com,+91-9401772547,F,1975-02-16,2023-04-06,LEAVE,FTE,571,101,551,157.0
2533,Ishaan,Chandra,ishaan.chandra2533@example.com,+91-9195128140,O,1981-07-17,2024-06-09,ACTIVE,FTE,521,485,725,1444.0
2534,Diya,Thakur,diya.thakur2534@example.com,+91-9914696672,O,1993-08-12,2025-02-19,ACTIVE,FTE,37,677,606,1640.0
2535,Zara,Mukherjee,zara.mukherjee2535@example.com,+91-9268140443,M,1975-11-29,2021-06-20,ACTIVE,FTE,13,491,973,2000.0
2536,Riya,Reddy,riya.reddy2536@example.com,+91-9653798487,M,1984-10-05,2022-08-12,ACTIVE,FTE,216,361,431,1910.0
2537,Vihaan,Yadav,vihaan.yadav2537@example.com,+91-9775180532,O,1980-02-08,2015-11-05,ACTIVE,FTE,976,906,533,2393.0
2538,Aadhya,Reddy,aadhya.reddy2538@example.com,+91-9516105256,F,1982-05-17,2020-11-24,INACTIVE,FTE,210,422,473,1066.0
2539,Samar,Rao,samar.rao2539@example.com,+91-9702569666,F,1967-05-28,2022-05-25,ACTIVE,FTE,428,461,382,
2540,Kiara,Pandey,kiara.pandey2540@example.com,+91-9981570822,F,1971-11-15,2016-06-05,ACTIVE,FTE,47,360,685,1497.0
2541,Dhruv,Mishra,dhruv.mishra2541@example.com,+91-9117456362,O,1981-12-10,2016-07-09,ACTIVE,CONTRACTOR,672,450,215,601.0
2542,Vivaan,Gupta,vivaan.gupta2542@example.com,+91-9855383659,F,1988-10-13,2024-01-02,LEAVE,FTE,340,777,810,1924.0
2543,Saanvi,Pillai,saanvi.pillai2543@example.com,+91-9940487246,M,1981-06-19,2015-04-25,ACTIVE,FTE,508,705,571,2425.0
2544,Anika,Reddy,anika.reddy2544@example.com,+91-9248708633,F,1990-04-05,2019-10-26,ACTIVE,FTE,13,873,106,236.0
2545,Dev,Ghosh,dev.ghosh2545@example.com,+91-9814905876,O,1986-11-11,2015-05-28,ACTIVE,INTERN,303,605,33,150.0
2546,Aditi,Thakur,aditi.thakur2546@example.com,+91-9245067480,F,2002-06-20,2018-07-21,ACTIVE,FTE,647,470,243,1960.0
2547,Myra,Reddy,myra.reddy2547@example.com,+91-9129524723,M,1991-08-29,2018-08-26,ACTIVE,FTE,791,289,255,244.0
2548,Aditi,Iyer,aditi.iyer2548@example.com,+91-9842644861,O,1984-10-22,2018-10-20,ACTIVE,FTE,634,960,232,2015.0
2549,Yuvraj,Reddy,yuvraj.reddy2549@example.com,+91-9649739328,O,1994-10-14,2024-08-31,ACTIVE,FTE,322,278,424,626.0
2550,Kiara,Bhandari,kiara.bhandari2550@example.com,+91-9935359438,F,1978-04-01,2021-02-10,ACTIVE,FTE,387,161,149,1853.0
2551,Aarohi,Sharma,aarohi.sharma2551@example.com,+91-9510428839,O,1965-04-14,2017-10-28,ACTIVE,FTE,230,919,977,1525.0
2552,Pari,Mehta,pari.mehta2552@example.com,+91-9381743973,M,1971-12-13,2018-02-20,ACTIVE,FTE,532,578,755,
2553,Mira,Bose,mira.bose2553@example.com,+91-9960108115,M,1976-04-18,2023-08-16,INACTIVE,FTE,72,423,413,2222.0
2554,Reyansh,Singh,reyansh.singh2554@example.com,+91-9726746552,O,2004-05-29,2017-02-28,ACTIVE,FTE,790,283,498,138.0
2555,Myra,Pillai,myra.pillai2555@example.com,+91-9425071171,F,1978-03-08,2022-01-30,ACTIVE,FTE,401,627,331,1155.0
2556,Shaurya,Patel,shaurya.patel2556@example.com,+91-9305506499,O,1974-11-07,2017-09-21,ACTIVE,FTE,569,153,258,1610.0
2557,Arjun,Jadhav,arjun.jadhav2557@example.com,+91-9997190465,M,1996-05-28,2018-12-29,ACTIVE,FTE,43,232,966,
2558,Zara,Sharma,zara.sharma2558@example.com,+91-9748843691,M,1975-05-19,2021-06-20,ACTIVE,FTE,832,125,943,498.0
2559,Aisha,Desai,aisha.desai2559@example.com,+91-9638331892,O,1965-06-09,2021-07-09,ACTIVE,FTE,954,802,807,
2560,Ishaan,Saxena,ishaan.saxena2560@example.com,+91-9253560731,F,1971-12-09,2024-11-13,ACTIVE,FTE,752,323,868,2455.0
2561,Kiara,Desai,kiara.desai2561@example.com,+91-9401618042,M,2003-02-14,2024-05-24,ACTIVE,FTE,65,993,47,322.0
2562,Mohammed,Mukherjee,mohammed.mukherjee2562@example.com,+91-9467011417,M,1969-09-30,2023-10-10,ACTIVE,CONTRACTOR,876,576,649,40.0
2563,Kabir,Khan,kabir.khan2563@example.com,+91-9487790966,F,1986-06-05,2016-12-20,ACTIVE,FTE,3,318,320,2058.0
2564,Aarav,Rao,aarav.rao2564@example.com,+91-9592601928,O,1983-09-16,2015-10-24,ACTIVE,CONTRACTOR,465,103,304,2062.0
2565,Dhruv,Iyer,dhruv.iyer2565@example.com,+91-9608740226,M,1966-06-26,2018-05-14,ACTIVE,FTE,363,782,933,1290.0
2566,Shaurya,Mehta,shaurya.mehta2566@example.com,+91-9330633903,F,1987-05-01,2023-01-14,ACTIVE,FTE,466,744,275,
2567,Samar,Kulkarni,samar.kulkarni2567@example.com,+91-9214399266,O,2004-07-06,2025-06-08,INACTIVE,FTE,4,619,966,2493.0
2568,Kabir,Chandra,kabir.chandra2568@example.com,+91-9513721665,M,1984-08-30,2016-07-06,ACTIVE,FTE,987,308,73,
2569,Kabir,Khan,kabir.khan2569@example.com,+91-9624963576,F,1994-01-12,2022-09-02,ACTIVE,CONTRACTOR,720,662,570,
2570,Ritvik,Iyer,ritvik.iyer2570@example.com,+91-9277965855,F,1967-06-19,2016-05-19,ACTIVE,FTE,416,660,341,388.0
2571,Kabir,Chandra,kabir.chandra2571@example.com,+91-9598086439,O,1967-07-20,2021-08-11,INACTIVE,FTE,288,452,298,1639.0
2572,Om,Pandey,om.pandey2572@example.com,+91-9654871652,M,2003-03-17,2021-06-10,ACTIVE,FTE,836,532,606,1034.0
2573,Pari,Patel,pari.patel2573@example.com,+91-9104218426,M,1981-10-09,2021-11-23,ACTIVE,FTE,55,944,914,1920.0
2574,Sara,Chauhan,sara.chauhan2574@example.com,+91-9576903733,O,1980-02-07,2023-03-05,ACTIVE,CONTRACTOR,610,203,829,152.0
2575,Krishna,Reddy,krishna.reddy2575@example.com,+91-9761518815,M,1970-01-11,2022-07-11,ACTIVE,FTE,434,853,54,1139.0
2576,Aryan,Thakur,aryan.thakur2576@example.com,+91-9554057568,F,1971-04-27,2019-07-24,ACTIVE,FTE,996,830,366,2425.0
2577,Yuvraj,Jadhav,yuvraj.jadhav2577@example.com,+91-9501606928,M,1980-10-24,2018-12-20,ACTIVE,FTE,680,579,748,1403.0
2578,Kabir,Rao,kabir.rao2578@example.com,+91-9912963521,M,1972-05-30,2023-03-02,ACTIVE,FTE,217,745,240,6.0
2579,Om,Gowda,om.gowda2579@example.com,+91-9894245956,O,2004-11-08,2024-12-05,ACTIVE,FTE,357,220,737,458.0
2580,Saanvi,Joshi,saanvi.joshi2580@example.com,+91-9845682121,M,1996-01-21,2019-01-02,ACTIVE,FTE,985,582,890,1752.0
2581,Yuvraj,Verma,yuvraj.verma2581@example.com,+91-9503851259,F,1998-09-15,2017-08-03,INACTIVE,FTE,765,832,574,2155.0
2582,Ritvik,Saxena,ritvik.saxena2582@example.com,+91-9359229220,F,1975-06-11,2023-02-25,ACTIVE,FTE,465,680,95,321.0
2583,Aisha,Singh,aisha.singh2583@example.com,+91-9490667562,O,1973-06-19,2023-03-12,INACTIVE,FTE,960,35,441,
2584,Krishna,Chauhan,krishna.chauhan2584@example.com,+91-9126304114,F,1980-08-01,2020-06-07,ACTIVE,FTE,902,735,125,1389.0
2585,Aditi,Yadav,aditi.yadav2585@example.com,+91-9580886467,M,1977-10-17,2021-04-24,ACTIVE,FTE,411,214,840,2442.0
2586,Krishna,Mishra,krishna.mishra2586@example.com,+91-9610495616,O,1987-04-19,2021-02-18,ACTIVE,FTE,237,614,735,542.0
2587,Krishna,Das,krishna.das2587@example.com,+91-9995233308,O,2001-10-25,2021-09-21,ACTIVE,FTE,989,155,371,2476.0
2588,Aditya,Ghosh,aditya.ghosh2588@example.com,+91-9816424534,O,1966-08-16,2025-07-26,INACTIVE,FTE,55,8,50,456.0
2589,Aditya,Iyer,aditya.iyer2589@example.com,+91-9928194306,O,1987-03-27,2022-03-20,ACTIVE,FTE,600,471,198,1034.0
2590,Meera,Joshi,meera.joshi2590@example.com,+91-9649749145,M,1999-12-31,2016-05-23,ACTIVE,FTE,237,2,49,2278.0
2591,Mohammed,Verma,mohammed.verma2591@example.com,+91-9534735527,F,1985-08-13,2021-05-22,LEAVE,FTE,783,697,704,2297.0
2592,Rohan,Singh,rohan.singh2592@example.com,+91-9774414062,M,1979-11-03,2016-04-02,ACTIVE,FTE,542,128,506,1910.0
2593,Anika,Bose,anika.bose2593@example.com,+91-9687283460,M,1989-09-09,2020-05-23,ACTIVE,FTE,142,130,74,2173.0
2594,Rohan,Patel,rohan.patel2594@example.com,+91-9167785858,O,1992-12-12,2018-08-18,ACTIVE,FTE,408,842,295,1575.0
2595,Kabir,Saxena,kabir.saxena2595@example.com,+91-9554794693,O,1966-12-24,2017-08-24,ACTIVE,FTE,120,707,643,978.0
2596,Mohammed,Ghosh,mohammed.ghosh2596@example.com,+91-9815568561,M,1969-07-02,2022-01-15,LEAVE,FTE,16,857,250,2366.0
2597,Aisha,Das,aisha.das2597@example.com,+91-9964408627,F,1980-07-10,2018-01-21,INACTIVE,FTE,922,547,153,1648.0
2598,Krishna,Khan,krishna.khan2598@example.com,+91-9300252933,F,1990-11-24,2025-04-01,ACTIVE,FTE,620,867,640,678.0
2599,Reyansh,Thakur,reyansh.thakur2599@example.com,+91-9560854926,O,1993-03-16,2019-05-18,ACTIVE,FTE,286,779,985,2580.0
2600,Zara,Desai,zara.desai2600@example.com,+91-9149748794,F,1999-07-10,2016-12-02,INACTIVE,CONTRACTOR,77,317,802,905.0
2601,Samar,Patel,samar.patel2601@example.com,+91-9737622438,O,2000-05-15,2015-06-02,ACTIVE,FTE,88,862,342,1425.0
2602,Aditya,Mukherjee,aditya.mukherjee2602@example.com,+91-9719685716,M,1991-06-14,2017-11-03,ACTIVE,FTE,952,625,54,1460.0
2603,Shaurya,Patel,shaurya.patel2603@example.com,+91-9524417704,O,1983-02-18,2021-08-21,INACTIVE,FTE,120,423,183,1626.0
2604,Vihaan,Singh,vihaan.singh2604@example.com,+91-9470119378,O,1974-12-02,2018-03-28,ACTIVE,FTE,549,816,7,1309.0
2605,Meera,Rao,meera.rao2605@example.com,+91-9746010657,F,2003-08-22,2023-05-01,ACTIVE,FTE,467,994,939,802.0
2606,Kiara,Bose,kiara.bose2606@example.com,+91-9389300776,O,2004-05-23,2020-05-16,ACTIVE,FTE,985,659,836,1850.0
2607,Sai,Iyer,sai.iyer2607@example.com,+91-9862876386,O,1969-05-20,2023-02-27,ACTIVE,INTERN,987,945,467,
2608,Navya,Gupta,navya.gupta2608@example.com,+91-9413171450,O,1989-03-03,2021-09-07,INACTIVE,FTE,442,107,106,2276.0
2609,Aryan,Singh,aryan.singh2609@example.com,+91-9851002240,M,1979-02-26,2015-07-10,ACTIVE,FTE,371,408,980,2082.0
2610,Aisha,Khan,aisha.khan2610@example.com,+91-9142214577,F,1982-03-15,2024-07-03,ACTIVE,FTE,985,931,859,454.0
2611,Mira,Verma,mira.verma2611@example.com,+91-9684940799,F,1978-10-18,2016-06-01,ACTIVE,FTE,734,438,362,1191.0
2612,Shaurya,Khan,shaurya.khan2612@example.com,+91-9684942314,F,1965-03-08,2023-01-11,ACTIVE,FTE,460,866,24,565.0
2613,Samar,Saxena,samar.saxena2613@example.com,+91-9775631259,F,1969-09-20,2022-06-07,ACTIVE,FTE,628,715,441,858.0
2614,Anaya,Iyer,anaya.iyer2614@example.com,+91-9490232322,M,1975-09-08,2025-08-17,ACTIVE,FTE,340,94,701,76.0
2615,Vivaan,Verma,vivaan.verma2615@example.com,+91-9323328881,O,1972-10-24,2025-07-09,ACTIVE,FTE,263,728,132,709.0
2616,Aditya,Patel,aditya.patel2616@example.com,+91-9900820524,O,1979-04-12,2022-02-12,ACTIVE,FTE,133,247,330,
2617,Mira,Jadhav,mira.jadhav2617@example.com,+91-9455294756,M,1965-03-12,2018-03-29,ACTIVE,FTE,899,839,656,1872.0
2618,Aisha,Reddy,aisha.reddy2618@example.com,+91-9861781403,F,1994-08-02,2024-10-01,ACTIVE,INTERN,31,886,621,1703.0
2619,Kabir,Reddy,kabir.reddy2619@example.com,+91-9321557294,M,1993-09-20,2022-04-02,ACTIVE,FTE,483,745,693,1019.0
2620,Samar,Naidu,samar.naidu2620@example.com,+91-9104600113,M,1983-12-13,2019-04-20,ACTIVE,FTE,102,447,401,1902.0
2621,Zara,Mishra,zara.mishra2621@example.com,+91-9253224330,O,1984-09-29,2020-08-20,ACTIVE,FTE,747,672,98,1227.0
2622,Anika,Saxena,anika.saxena2622@example.com,+91-9978445775,M,1976-07-26,2023-10-10,ACTIVE,FTE,99,122,368,
2623,Meera,Pillai,meera.pillai2623@example.com,+91-9454223344,M,1992-10-05,2025-06-20,ACTIVE,FTE,102,749,737,501.0
2624,Ira,Naidu,ira.naidu2624@example.com,+91-9640322276,O,1975-11-16,2019-02-28,ACTIVE,FTE,813,566,958,
2625,Mohammed,Mehta,mohammed.mehta2625@example.com,+91-9633589559,F,1995-04-15,2020-03-04,ACTIVE,CONTRACTOR,758,59,978,1254.0
2626,Reyansh,Ghosh,reyansh.ghosh2626@example.com,+91-9977323687,F,1978-07-05,2025-02-19,ACTIVE,FTE,90,119,937,652.0
2627,Anaya,Verma,anaya.verma2627@example.com,+91-9188536484,F,1994-08-18,2018-02-02,ACTIVE,FTE,566,552,182,906.0
2628,Yuvraj,Yadav,yuvraj.yadav2628@example.com,+91-9956342071,O,2004-12-25,2015-04-27,INACTIVE,FTE,931,987,368,2186.0
2629,Aarav,Bhandari,aarav.bhandari2629@example.com,+91-9291223620,O,1997-01-16,2017-01-01,LEAVE,FTE,819,911,870,538.0
2630,Kabir,Naidu,kabir.naidu2630@example.com,+91-9705086674,F,1987-05-10,2020-01-08,ACTIVE,FTE,901,186,47,1445.0
2631,Sara,Ghosh,sara.ghosh2631@example.com,+91-9736099923,O,1995-04-12,2023-06-09,ACTIVE,INTERN,91,110,697,1840.0
2632,Kabir,Patel,kabir.patel2632@example.com,+91-9194234956,F,1985-10-15,2020-08-20,ACTIVE,INTERN,453,896,257,427.0
2633,Aarav,Yadav,aarav.yadav2633@example.com,+91-9474339197,O,2003-10-16,2021-01-25,INACTIVE,FTE,934,972,40,447.0
2634,Aryan,Khan,aryan.khan2634@example.com,+91-9651922501,M,1972-11-30,2018-06-28,ACTIVE,FTE,610,796,385,
2635,Yuvraj,Mehta,yuvraj.mehta2635@example.com,+91-9107551049,O,1994-06-10,2016-03-13,ACTIVE,FTE,592,910,529,931.0
2636,Kiara,Kulkarni,kiara.kulkarni2636@example.com,+91-9614498827,O,1991-07-27,2016-10-19,ACTIVE,FTE,749,858,586,2618.0
2637,Ishita,Gupta,ishita.gupta2637@example.com,+91-9940896355,M,1996-09-30,2016-10-15,ACTIVE,CONTRACTOR,713,404,958,
2638,Dhruv,Verma,dhruv.verma2638@example.com,+91-9702177472,O,1998-01-21,2024-03-15,INACTIVE,FTE,904,849,150,2633.0
2639,Aanya,Chandra,aanya.chandra2639@example.com,+91-9848050795,M,1999-11-17,2016-10-13,ACTIVE,FTE,795,241,993,1622.0
2640,Aditya,Bhandari,aditya.bhandari2640@example.com,+91-9940692477,O,2003-09-08,2015-02-23,ACTIVE,FTE,509,602,292,2506.0
2641,Om,Pillai,om.pillai2641@example.com,+91-9218454477,M,1983-10-31,2020-04-26,ACTIVE,CONTRACTOR,676,259,891,1136.0
2642,Sara,Chandra,sara.chandra2642@example.com,+91-9419672499,F,2004-07-29,2017-11-24,ACTIVE,FTE,656,790,949,952.0
2643,Diya,Rao,diya.rao2643@example.com,+91-9324731976,O,1972-06-05,2021-08-26,ACTIVE,FTE,266,256,350,2112.0
2644,Mira,Ghosh,mira.ghosh2644@example.com,+91-9437397320,F,2003-08-20,2015-12-03,ACTIVE,FTE,802,587,990,2074.0
2645,Aanya,Mukherjee,aanya.mukherjee2645@example.com,+91-9432247966,M,1980-03-04,2023-06-15,ACTIVE,FTE,817,566,74,2156.0
2646,Om,Pawar,om.pawar2646@example.com,+91-9600032687,F,1967-08-26,2023-04-26,LEAVE,FTE,59,454,668,1909.0
2647,Krishna,Pandey,krishna.pandey2647@example.com,+91-9726923721,M,1978-02-26,2020-05-19,ACTIVE,FTE,3,504,521,1589.0
2648,Shaurya,Singh,shaurya.singh2648@example.com,+91-9465144763,M,1978-06-07,2023-07-11,ACTIVE,FTE,926,194,419,2475.0
2649,Riya,Ghosh,riya.ghosh2649@example.com,+91-9438294185,M,1967-12-11,2018-03-09,ACTIVE,FTE,986,142,953,1609.0
2650,Aryan,Mehta,aryan.mehta2650@example.com,+91-9381837576,O,1981-03-10,2020-05-02,ACTIVE,FTE,829,122,292,639.0
2651,Aditya,Singh,aditya.singh2651@example.com,+91-9135841318,O,1974-07-04,2017-03-06,ACTIVE,FTE,77,300,435,1351.0
2652,Ritvik,Bhandari,ritvik.bhandari2652@example.com,+91-9541386565,M,1989-04-16,2020-05-04,ACTIVE,FTE,43,936,153,
2653,Saanvi,Kulkarni,saanvi.kulkarni2653@example.com,+91-9958264042,F,1970-01-05,2018-04-23,ACTIVE,FTE,960,956,812,1123.0
2654,Aarohi,Reddy,aarohi.reddy2654@example.com,+91-9612828852,O,1975-11-24,2016-10-31,ACTIVE,FTE,679,612,96,605.0
2655,Aarav,Saxena,aarav.saxena2655@example.com,+91-9680916213,O,1993-06-24,2020-07-12,ACTIVE,FTE,106,928,158,613.0
2656,Ritvik,Joshi,ritvik.joshi2656@example.com,+91-9375597206,F,1966-10-19,2021-03-16,ACTIVE,FTE,571,712,362,18.0
2657,Aadhya,Ghosh,aadhya.ghosh2657@example.com,+91-9636572834,F,1988-02-23,2024-11-16,ACTIVE,FTE,418,218,723,28.0
2658,Kiara,Mukherjee,kiara.mukherjee2658@example.com,+91-9540172435,M,2001-09-04,2025-04-21,ACTIVE,FTE,813,222,238,2000.0
2659,Aisha,Das,aisha.das2659@example.com,+91-9529826789,O,1969-03-14,2019-06-22,ACTIVE,FTE,30,533,183,1001.0
2660,Myra,Das,myra.das2660@example.com,+91-9705841406,F,1974-09-03,2022-03-20,INACTIVE,FTE,189,970,703,255.0
2661,Aadhya,Ghosh,aadhya.ghosh2661@example.com,+91-9125508865,O,1966-08-04,2021-10-24,ACTIVE,FTE,39,443,659,1894.0
2662,Arjun,Ghosh,arjun.ghosh2662@example.com,+91-9590802884,F,1972-05-03,2017-12-08,ACTIVE,FTE,869,214,259,136.0
2663,Ishita,Chauhan,ishita.chauhan2663@example.com,+91-9731538641,O,1976-02-19,2016-12-12,ACTIVE,FTE,565,665,199,948.0
2664,Arjun,Das,arjun.das2664@example.com,+91-9462038916,M,1975-09-21,2024-10-31,INACTIVE,FTE,625,151,116,
2665,Vihaan,Chauhan,vihaan.chauhan2665@example.com,+91-9648583131,M,1970-10-15,2017-09-18,ACTIVE,FTE,887,57,920,596.0
2666,Pari,Mehta,pari.mehta2666@example.com,+91-9674932741,F,1984-01-14,2018-02-03,ACTIVE,FTE,293,636,574,2218.0
2667,Aryan,Pandey,aryan.pandey2667@example.com,+91-9184986962,M,2002-04-05,2017-06-21,ACTIVE,FTE,163,710,677,106.0
2668,Anika,Rao,anika.rao2668@example.com,+91-9247482954,O,2002-08-29,2015-11-26,INACTIVE,FTE,721,430,375,1328.0
2669,Yuvraj,Chauhan,yuvraj.chauhan2669@example.com,+91-9572404216,M,1992-10-15,2015-03-23,LEAVE,FTE,710,842,20,1087.0
2670,Samar,Thakur,samar.thakur2670@example.com,+91-9687825302,O,1988-04-26,2018-01-04,ACTIVE,FTE,564,477,712,2027.0
2671,Samar,Patel,samar.patel2671@example.com,+91-9932618246,M,1995-01-18,2015-01-23,ACTIVE,FTE,280,427,326,1877.0
2672,Navya,Iyer,navya.iyer2672@example.com,+91-9528300073,O,1974-09-07,2025-06-17,ACTIVE,FTE,977,944,157,636.0
2673,Aditya,Pillai,aditya.pillai2673@example.com,+91-9791383624,F,1974-04-12,2023-09-21,ACTIVE,FTE,411,704,737,
2674,Samar,Reddy,samar.reddy2674@example.com,+91-9135729181,F,1994-10-11,2015-06-16,ACTIVE,FTE,505,77,661,1738.0
2675,Myra,Das,myra.das2675@example.com,+91-9505873223,F,1992-01-27,2024-03-26,ACTIVE,FTE,77,707,860,1645.0
2676,Saanvi,Bose,saanvi.bose2676@example.com,+91-9917084755,F,2004-04-13,2021-04-03,ACTIVE,FTE,597,537,196,714.0
2677,Rohan,Yadav,rohan.yadav2677@example.com,+91-9190989760,O,1989-07-25,2019-01-20,INACTIVE,FTE,277,86,859,74.0
2678,Ishita,Iyer,ishita.iyer2678@example.com,+91-9843178786,O,2002-11-11,2019-06-15,ACTIVE,FTE,3,954,720,5.0
2679,Aarohi,Chauhan,aarohi.chauhan2679@example.com,+91-9987995467,F,1971-12-30,2021-03-30,ACTIVE,FTE,665,106,742,1931.0
2680,Aditya,Mishra,aditya.mishra2680@example.com,+91-9850962066,M,1980-05-21,2018-10-29,ACTIVE,FTE,382,750,454,1856.0
2681,Dev,Desai,dev.desai2681@example.com,+91-9155020303,O,1970-08-31,2015-11-30,ACTIVE,FTE,36,949,849,3.0
2682,Saanvi,Sharma,saanvi.sharma2682@example.com,+91-9473678881,O,1972-03-23,2023-06-12,ACTIVE,FTE,744,181,13,609.0
2683,Dev,Rao,dev.rao2683@example.com,+91-9187948464,M,1997-03-24,2017-10-12,ACTIVE,CONTRACTOR,236,721,700,135.0
2684,Reyansh,Gowda,reyansh.gowda2684@example.com,+91-9812547071,F,1997-01-11,2021-03-14,INACTIVE,FTE,485,276,664,2679.0
2685,Kabir,Bose,kabir.bose2685@example.com,+91-9472103760,M,1993-09-26,2020-06-19,ACTIVE,FTE,463,767,317,685.0
2686,Myra,Pawar,myra.pawar2686@example.com,+91-9573314481,F,1982-07-21,2017-10-27,ACTIVE,FTE,292,116,358,866.0
2687,Vivaan,Pillai,vivaan.pillai2687@example.com,+91-9923936178,M,1989-12-07,2016-07-31,INACTIVE,INTERN,245,470,960,2510.0
2688,Sara,Pillai,sara.pillai2688@example.com,+91-9898372491,O,1993-11-02,2021-09-23,ACTIVE,FTE,704,623,459,472.0
2689,Myra,Mukherjee,myra.mukherjee2689@example.com,+91-9805769648,M,1965-04-30,2024-01-08,ACTIVE,FTE,91,828,815,2453.0
2690,Aadhya,Verma,aadhya.verma2690@example.com,+91-9653522562,M,1985-04-19,2025-06-20,ACTIVE,FTE,81,282,280,143.0
2691,Dhruv,Saxena,dhruv.saxena2691@example.com,+91-9455087512,M,1987-12-18,2023-07-25,ACTIVE,FTE,47,691,365,1088.0
2692,Aisha,Gowda,aisha.gowda2692@example.com,+91-9890958492,O,2004-04-21,2024-06-28,ACTIVE,FTE,383,784,250,1808.0
2693,Krishna,Reddy,krishna.reddy2693@example.com,+91-9673627381,F,1972-12-07,2016-07-16,ACTIVE,FTE,718,531,381,291.0
2694,Anika,Pawar,anika.pawar2694@example.com,+91-9182006134,M,1993-11-15,2023-09-15,ACTIVE,FTE,745,330,611,680.0
2695,Diya,Saxena,diya.saxena2695@example.com,+91-9798828107,F,2004-04-04,2022-01-04,ACTIVE,FTE,54,839,675,814.0
2696,Zara,Patel,zara.patel2696@example.com,+91-9811566329,M,1967-09-19,2017-08-28,ACTIVE,CONTRACTOR,272,159,355,2029.0
2697,Aarav,Ghosh,aarav.ghosh2697@example.com,+91-9950065142,O,1987-08-02,2020-01-17,ACTIVE,FTE,589,530,891,1984.0
2698,Krishna,Bhandari,krishna.bhandari2698@example.com,+91-9400691579,F,1974-08-04,2016-02-04,LEAVE,FTE,482,996,700,2212.0
2699,Om,Chandra,om.chandra2699@example.com,+91-9370658070,O,1965-05-03,2020-01-06,ACTIVE,FTE,467,982,107,2244.0
2700,Saanvi,Pillai,saanvi.pillai2700@example.com,+91-9469514401,M,1977-04-07,2016-05-15,ACTIVE,FTE,188,512,345,1112.0
2701,Meera,Saxena,meera.saxena2701@example.com,+91-9764280401,F,1977-04-25,2022-03-18,ACTIVE,CONTRACTOR,439,635,942,2659.0
2702,Aditi,Yadav,aditi.yadav2702@example.com,+91-9914424256,F,2000-09-16,2022-11-04,INACTIVE,FTE,286,338,526,1852.0
2703,Arjun,Jadhav,arjun.jadhav2703@example.com,+91-9546621678,M,1983-11-23,2015-01-27,ACTIVE,FTE,140,740,959,873.0
2704,Ira,Gowda,ira.gowda2704@example.com,+91-9367571874,O,1994-08-08,2018-02-04,ACTIVE,FTE,66,716,596,1544.0
2705,Ishita,Patel,ishita.patel2705@example.com,+91-9360276232,F,1972-07-18,2017-08-09,LEAVE,FTE,541,294,807,2475.0
2706,Diya,Desai,diya.desai2706@example.com,+91-9166682009,F,1973-02-01,2016-03-10,INACTIVE,FTE,823,412,140,984.0
2707,Vihaan,Pawar,vihaan.pawar2707@example.com,+91-9137713268,M,1993-07-04,2020-09-14,ACTIVE,FTE,888,324,992,1552.0
2708,Rohan,Mehta,rohan.mehta2708@example.com,+91-9868233578,F,1985-05-20,2019-02-08,ACTIVE,FTE,451,984,692,2665.0
2709,Arjun,Yadav,arjun.yadav2709@example.com,+91-9958779506,M,1993-03-01,2017-10-03,ACTIVE,FTE,896,361,429,257.0
2710,Rohan,Joshi,rohan.joshi2710@example.com,+91-9679376355,M,1970-03-17,2018-07-27,ACTIVE,FTE,558,868,191,2000.0
2711,Aarohi,Desai,aarohi.desai2711@example.com,+91-9504488188,M,1970-04-13,2020-06-04,ACTIVE,FTE,638,883,523,1644.0
2712,Diya,Desai,diya.desai2712@example.com,+91-9289000670,F,1987-03-12,2020-01-17,ACTIVE,CONTRACTOR,170,644,876,2140.0
2713,Rohan,Iyer,rohan.iyer2713@example.com,+91-9392604192,F,1976-08-30,2023-11-26,ACTIVE,FTE,599,43,934,2513.0
2714,Aditi,Thakur,aditi.thakur2714@example.com,+91-9582118154,M,2000-10-17,2020-04-11,ACTIVE,FTE,161,710,861,1174.0
2715,Ira,Gupta,ira.gupta2715@example.com,+91-9594212835,M,1968-01-10,2019-02-16,ACTIVE,FTE,691,172,835,2276.0
2716,Aryan,Singh,aryan.singh2716@example.com,+91-9945730638,F,1975-11-05,2015-04-15,ACTIVE,FTE,391,536,447,520.0
2717,Saanvi,Yadav,saanvi.yadav2717@example.com,+91-9668207302,F,1991-06-27,2017-04-26,ACTIVE,FTE,680,797,347,590.0
2718,Myra,Patel,myra.patel2718@example.com,+91-9569903266,M,1981-07-20,2017-07-18,ACTIVE,INTERN,495,460,575,1101.0
2719,Aarav,Desai,aarav.desai2719@example.com,+91-9856164299,F,1977-05-21,2024-02-19,ACTIVE,FTE,654,649,356,2608.0
2720,Saanvi,Jadhav,saanvi.jadhav2720@example.com,+91-9636554984,O,1988-04-13,2022-03-27,ACTIVE,INTERN,133,880,824,1856.0
2721,Vivaan,Sharma,vivaan.sharma2721@example.com,+91-9933169036,F,1982-05-02,2020-08-16,ACTIVE,FTE,723,599,482,516.0
2722,Kabir,Das,kabir.das2722@example.com,+91-9861482442,M,1973-08-12,2017-11-23,ACTIVE,FTE,830,459,945,1279.0
2723,Samar,Sharma,samar.sharma2723@example.com,+91-9721532517,F,1975-05-16,2020-08-19,ACTIVE,FTE,421,534,619,914.0
2724,Pari,Joshi,pari.joshi2724@example.com,+91-9486208946,O,1967-08-20,2019-12-27,ACTIVE,FTE,995,572,551,284.0
2725,Anika,Joshi,anika.joshi2725@example.com,+91-9508143904,O,1984-06-05,2021-10-19,LEAVE,FTE,541,401,862,1407.0
2726,Aarav,Mishra,aarav.mishra2726@example.com,+91-9322510544,M,1983-12-16,2023-10-05,ACTIVE,CONTRACTOR,765,688,442,935.0
2727,Reyansh,Gowda,reyansh.gowda2727@example.com,+91-9131146481,M,1969-10-20,2017-10-10,ACTIVE,FTE,361,548,477,1793.0
2728,Navya,Pandey,navya.pandey2728@example.com,+91-9271433479,F,1976-01-02,2019-01-26,ACTIVE,FTE,321,597,861,1143.0
2729,Yuvraj,Sharma,yuvraj.sharma2729@example.com,+91-9871387731,M,1998-03-23,2022-01-07,ACTIVE,FTE,331,212,61,
2730,Kabir,Bose,kabir.bose2730@example.com,+91-9915192095,F,1981-09-01,2024-10-18,ACTIVE,FTE,248,739,969,374.0
2731,Shaurya,Yadav,shaurya.yadav2731@example.com,+91-9141007199,O,1980-03-26,2019-03-20,ACTIVE,FTE,55,329,913,311.0
2732,Vihaan,Reddy,vihaan.reddy2732@example.com,+91-9238835263,O,1989-11-27,2018-09-19,ACTIVE,FTE,828,203,334,87.0
2733,Sara,Chauhan,sara.chauhan2733@example.com,+91-9808723555,O,1976-04-11,2023-09-14,ACTIVE,FTE,327,949,391,1768.0
2734,Aadhya,Mehta,aadhya.mehta2734@example.com,+91-9127292416,F,2004-07-24,2020-01-13,ACTIVE,FTE,582,352,627,1507.0
2735,Anaya,Pandey,anaya.pandey2735@example.com,+91-9407331728,M,1981-05-01,2021-07-31,ACTIVE,FTE,85,454,118,1494.0
2736,Riya,Jadhav,riya.jadhav2736@example.com,+91-9586545688,O,1988-06-23,2017-09-24,ACTIVE,FTE,874,679,919,253.0
2737,Mira,Joshi,mira.joshi2737@example.com,+91-9775547178,O,1999-01-26,2017-10-16,ACTIVE,FTE,666,321,99,2500.0
2738,Reyansh,Iyer,reyansh.iyer2738@example.com,+91-9947710564,O,1985-05-16,2021-05-14,ACTIVE,FTE,328,153,62,166.0
2739,Rohan,Chauhan,rohan.chauhan2739@example.com,+91-9422321740,M,1991-04-02,2025-08-06,INACTIVE,FTE,27,526,749,580.0
2740,Mohammed,Saxena,mohammed.saxena2740@example.com,+91-9110315353,O,1989-08-29,2019-02-12,ACTIVE,CONTRACTOR,805,173,756,1171.0
2741,Reyansh,Rao,reyansh.rao2741@example.com,+91-9289008021,O,1978-08-18,2022-06-05,ACTIVE,FTE,814,805,23,370.0
2742,Sai,Saxena,sai.saxena2742@example.com,+91-9710081959,M,2002-07-18,2015-08-30,ACTIVE,FTE,169,363,490,2388.0
2743,Vihaan,Mishra,vihaan.mishra2743@example.com,+91-9448877497,F,1997-07-24,2025-05-04,INACTIVE,FTE,820,933,672,631.0
2744,Anika,Patel,anika.patel2744@example.com,+91-9895658237,O,1970-11-17,2024-06-02,INACTIVE,FTE,990,801,117,1240.0
2745,Kabir,Kulkarni,kabir.kulkarni2745@example.com,+91-9595725891,F,1999-03-09,2021-03-29,ACTIVE,FTE,616,786,703,721.0
2746,Zara,Desai,zara.desai2746@example.com,+91-9930294596,M,1970-12-07,2018-02-27,ACTIVE,FTE,132,119,787,107.0
2747,Meera,Iyer,meera.iyer2747@example.com,+91-9136904309,M,1978-11-14,2023-07-20,ACTIVE,FTE,95,297,607,2296.0
2748,Meera,Verma,meera.verma2748@example.com,+91-9969268634,F,1968-06-15,2024-06-17,ACTIVE,FTE,72,593,389,1238.0
2749,Aryan,Singh,aryan.singh2749@example.com,+91-9332957060,M,1972-12-18,2024-09-26,ACTIVE,FTE,605,37,526,2748.0
2750,Anaya,Chandra,anaya.chandra2750@example.com,+91-9528092673,F,2003-03-21,2018-07-09,ACTIVE,INTERN,240,779,442,2565.0
2751,Aditya,Mishra,aditya.mishra2751@example.com,+91-9763981171,M,1969-09-17,2023-03-29,ACTIVE,CONTRACTOR,223,708,562,378.0
2752,Aanya,Pillai,aanya.pillai2752@example.com,+91-9124616875,M,1997-08-09,2019-12-11,ACTIVE,FTE,31,115,245,651.0
2753,Yuvraj,Pillai,yuvraj.pillai2753@example.com,+91-9926724017,F,1982-12-07,2025-01-29,ACTIVE,FTE,505,79,263,1945.0
2754,Diya,Sharma,diya.sharma2754@example.com,+91-9342766208,M,1998-10-01,2022-09-20,ACTIVE,FTE,367,725,881,623.0
2755,Myra,Mukherjee,myra.mukherjee2755@example.com,+91-9199666865,O,1979-03-22,2017-01-01,ACTIVE,FTE,679,510,983,315.0
2756,Aditya,Ghosh,aditya.ghosh2756@example.com,+91-9164882944,F,1994-11-28,2015-07-12,INACTIVE,FTE,588,627,389,843.0
2757,Aarohi,Bose,aarohi.bose2757@example.com,+91-9526504333,O,1996-06-01,2015-05-22,ACTIVE,FTE,288,413,936,1626.0
2758,Ishita,Jadhav,ishita.jadhav2758@example.com,+91-9661475648,M,1974-04-27,2019-03-20,ACTIVE,FTE,30,505,111,1304.0
2759,Vihaan,Rao,vihaan.rao2759@example.com,+91-9331383391,M,1998-09-20,2016-02-13,ACTIVE,FTE,431,203,256,1222.0
2760,Aarohi,Ghosh,aarohi.ghosh2760@example.com,+91-9799103233,M,2001-05-17,2023-05-09,ACTIVE,CONTRACTOR,555,711,539,2553.0
2761,Ritvik,Mehta,ritvik.mehta2761@example.com,+91-9681688117,O,1987-10-20,2025-03-15,ACTIVE,FTE,505,191,146,1332.0
2762,Shaurya,Pawar,shaurya.pawar2762@example.com,+91-9926025260,M,1990-06-10,2024-05-13,INACTIVE,FTE,365,324,892,2541.0
2763,Aisha,Desai,aisha.desai2763@example.com,+91-9682677786,O,1966-08-18,2018-08-27,INACTIVE,FTE,170,797,770,2031.0
2764,Dhruv,Yadav,dhruv.yadav2764@example.com,+91-9118247134,M,1998-04-13,2018-04-29,ACTIVE,FTE,651,198,149,2179.0
2765,Samar,Bhandari,samar.bhandari2765@example.com,+91-9655404401,F,1981-01-07,2021-12-30,ACTIVE,FTE,319,424,432,1121.0
2766,Saanvi,Bhandari,saanvi.bhandari2766@example.com,+91-9591095622,F,1983-02-01,2016-09-02,ACTIVE,FTE,91,134,40,433.0
2767,Diya,Pandey,diya.pandey2767@example.com,+91-9650691040,M,1976-06-23,2024-10-13,ACTIVE,FTE,125,267,367,20.0
2768,Ishaan,Das,ishaan.das2768@example.com,+91-9854891556,F,1983-05-01,2019-04-22,ACTIVE,FTE,183,558,116,878.0
2769,Arjun,Iyer,arjun.iyer2769@example.com,+91-9181741828,M,1993-03-06,2024-03-03,ACTIVE,FTE,396,940,32,1537.0
2770,Mira,Gowda,mira.gowda2770@example.com,+91-9507038168,F,1976-04-28,2021-10-19,ACTIVE,FTE,341,350,348,1105.0
2771,Samar,Khan,samar.khan2771@example.com,+91-9636690382,F,1992-02-07,2023-07-09,INACTIVE,FTE,772,262,948,949.0
2772,Sai,Kulkarni,sai.kulkarni2772@example.com,+91-9708384780,F,1966-11-10,2018-05-17,ACTIVE,FTE,280,648,703,1385.0
2773,Anika,Pillai,anika.pillai2773@example.com,+91-9790983826,M,1993-11-08,2015-06-28,ACTIVE,INTERN,872,89,95,1695.0
2774,Shaurya,Chauhan,shaurya.chauhan2774@example.com,+91-9841381731,M,1975-03-14,2018-10-02,INACTIVE,FTE,602,483,929,515.0
2775,Sara,Das,sara.das2775@example.com,+91-9448798700,O,1979-02-18,2021-08-23,ACTIVE,FTE,377,674,805,2380.0
2776,Sara,Patel,sara.patel2776@example.com,+91-9135590590,O,2004-11-04,2018-04-18,ACTIVE,FTE,620,588,88,1478.0
2777,Ishaan,Iyer,ishaan.iyer2777@example.com,+91-9358286540,F,1977-11-11,2022-01-03,ACTIVE,FTE,877,913,772,79.0
2778,Mira,Joshi,mira.joshi2778@example.com,+91-9841984974,F,1982-02-21,2024-07-23,ACTIVE,CONTRACTOR,985,486,833,64.0
2779,Reyansh,Pillai,reyansh.pillai2779@example.com,+91-9737714362,F,1998-02-21,2024-09-14,ACTIVE,FTE,344,898,727,743.0
2780,Samar,Mishra,samar.mishra2780@example.com,+91-9846586528,O,1991-05-08,2022-04-11,ACTIVE,FTE,856,87,760,1950.0
2781,Diya,Bose,diya.bose2781@example.com,+91-9796172300,F,1994-08-12,2017-03-21,ACTIVE,FTE,8,991,13,274.0
2782,Dhruv,Kulkarni,dhruv.kulkarni2782@example.com,+91-9436128983,O,1985-10-29,2022-11-04,ACTIVE,FTE,714,770,327,960.0
2783,Ishaan,Saxena,ishaan.saxena2783@example.com,+91-9622282355,O,1992-11-08,2018-08-15,ACTIVE,FTE,433,286,932,2483.0
2784,Sai,Pawar,sai.pawar2784@example.com,+91-9404802926,O,1968-02-22,2015-11-26,ACTIVE,FTE,570,990,969,2552.0
2785,Ira,Mehta,ira.mehta2785@example.com,+91-9423986104,O,1992-07-25,2016-04-10,ACTIVE,FTE,877,278,895,2320.0
2786,Dev,Iyer,dev.iyer2786@example.com,+91-9930934870,M,1984-08-17,2017-12-15,ACTIVE,CONTRACTOR,869,911,820,1437.0
2787,Zara,Singh,zara.singh2787@example.com,+91-9628219455,O,1979-07-07,2023-03-23,ACTIVE,FTE,484,731,368,2697.0
2788,Riya,Reddy,riya.reddy2788@example.com,+91-9202924922,M,1979-03-01,2015-10-27,INACTIVE,FTE,334,388,281,1935.0
2789,Ira,Verma,ira.verma2789@example.com,+91-9140285915,O,2003-02-19,2017-03-18,INACTIVE,FTE,67,856,538,1920.0
2790,Mira,Pillai,mira.pillai2790@example.com,+91-9228054741,M,1983-11-22,2016-03-29,INACTIVE,CONTRACTOR,500,746,591,1707.0
2791,Om,Thakur,om.thakur2791@example.com,+91-9358897885,M,1992-04-24,2019-05-21,ACTIVE,FTE,84,992,106,2068.0
2792,Aisha,Mehta,aisha.mehta2792@example.com,+91-9654244367,O,1989-09-20,2020-02-29,ACTIVE,FTE,895,941,502,2747.0
2793,Ira,Bhandari,ira.bhandari2793@example.com,+91-9592301175,M,1977-07-28,2019-02-07,ACTIVE,FTE,495,994,300,2030.0
2794,Aditya,Chauhan,aditya.chauhan2794@example.com,+91-9268388626,M,2003-02-17,2024-07-14,INACTIVE,FTE,349,249,177,389.0
2795,Riya,Saxena,riya.saxena2795@example.com,+91-9759819416,F,1967-02-05,2024-05-14,INACTIVE,FTE,416,495,586,248.0
2796,Aarohi,Desai,aarohi.desai2796@example.com,+91-9990072645,O,1966-05-01,2017-07-11,ACTIVE,FTE,737,864,209,881.0
2797,Aadhya,Mehta,aadhya.mehta2797@example.com,+91-9990248550,M,1969-04-20,2021-12-21,ACTIVE,FTE,685,543,137,5.0
2798,Mohammed,Pawar,mohammed.pawar2798@example.com,+91-9364105416,F,1997-02-23,2015-03-01,LEAVE,FTE,864,22,458,
2799,Mira,Mukherjee,mira.mukherjee2799@example.com,+91-9906874162,O,1969-02-19,2023-12-24,ACTIVE,FTE,427,942,731,1781.0
2800,Kabir,Khan,kabir.khan2800@example.com,+91-9351876614,F,1967-06-29,2023-06-26,ACTIVE,FTE,724,36,585,2109.0
2801,Aanya,Kulkarni,aanya.kulkarni2801@example.com,+91-9761092866,F,1975-07-09,2022-05-28,ACTIVE,FTE,451,886,420,721.0
2802,Diya,Sharma,diya.sharma2802@example.com,+91-9605615444,F,1997-04-23,2019-11-15,ACTIVE,FTE,349,405,325,1750.0
2803,Aadhya,Pawar,aadhya.pawar2803@example.com,+91-9635165686,F,1983-10-18,2016-07-12,ACTIVE,FTE,515,106,458,1112.0
2804,Aisha,Naidu,aisha.naidu2804@example.com,+91-9569722645,M,1965-03-28,2015-09-08,ACTIVE,FTE,136,773,153,
2805,Aarohi,Gowda,aarohi.gowda2805@example.com,+91-9284501587,F,1980-05-13,2015-12-29,ACTIVE,FTE,399,680,975,1415.0
2806,Sara,Jadhav,sara.jadhav2806@example.com,+91-9932750670,M,1981-06-09,2015-03-04,ACTIVE,FTE,34,473,772,1057.0
2807,Myra,Jadhav,myra.jadhav2807@example.com,+91-9495240051,M,1987-10-19,2016-06-21,ACTIVE,FTE,663,153,279,1961.0
2808,Rohan,Ghosh,rohan.ghosh2808@example.com,+91-9325422934,F,2002-12-21,2018-05-28,ACTIVE,FTE,608,26,64,1468.0
2809,Anika,Gowda,anika.gowda2809@example.com,+91-9848561306,F,1979-03-20,2018-04-21,ACTIVE,FTE,223,265,133,1454.0
2810,Aryan,Mukherjee,aryan.mukherjee2810@example.com,+91-9289745082,M,2000-05-12,2018-12-05,ACTIVE,CONTRACTOR,853,876,834,2762.0
2811,Ira,Mukherjee,ira.mukherjee2811@example.com,+91-9107414852,O,2004-06-14,2018-07-15,ACTIVE,FTE,235,735,483,218.0
2812,Aditi,Mishra,aditi.mishra2812@example.com,+91-9312078703,M,1974-09-14,2018-07-14,ACTIVE,CONTRACTOR,210,761,457,
2813,Kabir,Pandey,kabir.pandey2813@example.com,+91-9528018905,O,1978-05-20,2017-02-08,ACTIVE,FTE,831,527,216,1504.0
2814,Sai,Gupta,sai.gupta2814@example.com,+91-9736129543,O,1989-07-03,2023-04-14,INACTIVE,FTE,13,276,476,414.0
2815,Aadhya,Mukherjee,aadhya.mukherjee2815@example.com,+91-9774131185,F,1972-09-26,2023-02-15,INACTIVE,FTE,395,554,17,2673.0
2816,Dev,Naidu,dev.naidu2816@example.com,+91-9949920704,M,1989-04-06,2020-03-23,ACTIVE,FTE,148,99,377,2210.0
2817,Pari,Gowda,pari.gowda2817@example.com,+91-9795455018,O,1975-09-16,2022-05-27,ACTIVE,FTE,731,149,645,812.0
2818,Navya,Verma,navya.verma2818@example.com,+91-9782533897,O,2001-01-08,2021-03-03,ACTIVE,FTE,985,136,539,875.0
2819,Vivaan,Jadhav,vivaan.jadhav2819@example.com,+91-9827695820,M,1996-02-02,2025-06-09,INACTIVE,FTE,939,694,689,892.0
2820,Sai,Bhandari,sai.bhandari2820@example.com,+91-9551622146,F,1990-05-03,2015-05-23,ACTIVE,FTE,523,384,776,2762.0
2821,Aadhya,Mukherjee,aadhya.mukherjee2821@example.com,+91-9662649417,F,1970-06-29,2015-07-05,ACTIVE,FTE,447,445,898,2660.0
2822,Vivaan,Chandra,vivaan.chandra2822@example.com,+91-9719555530,O,1996-02-25,2018-10-18,INACTIVE,FTE,483,96,892,2328.0
2823,Zara,Desai,zara.desai2823@example.com,+91-9666653454,F,1981-10-13,2017-06-03,ACTIVE,FTE,631,92,912,947.0
2824,Reyansh,Mishra,reyansh.mishra2824@example.com,+91-9826928165,F,1974-12-24,2022-12-28,ACTIVE,FTE,334,361,580,992.0
2825,Dev,Singh,dev.singh2825@example.com,+91-9315889329,O,2003-12-24,2022-01-20,ACTIVE,FTE,630,345,939,30.0
2826,Aisha,Naidu,aisha.naidu2826@example.com,+91-9162500157,O,1986-10-21,2019-11-13,ACTIVE,FTE,679,669,377,1925.0
2827,Kiara,Singh,kiara.singh2827@example.com,+91-9319068996,F,1967-02-18,2015-11-29,ACTIVE,CONTRACTOR,17,679,150,1916.0
2828,Myra,Jadhav,myra.jadhav2828@example.com,+91-9282548833,O,1976-06-01,2020-12-20,ACTIVE,FTE,473,210,738,762.0
2829,Dhruv,Mishra,dhruv.mishra2829@example.com,+91-9723049761,M,1999-05-14,2022-09-09,ACTIVE,FTE,67,437,684,394.0
2830,Vivaan,Gowda,vivaan.gowda2830@example.com,+91-9574985960,M,1965-09-15,2020-02-22,ACTIVE,FTE,738,994,745,
2831,Shaurya,Desai,shaurya.desai2831@example.com,+91-9312281214,O,1986-01-24,2020-03-05,INACTIVE,FTE,788,572,908,2830.0
2832,Saanvi,Verma,saanvi.verma2832@example.com,+91-9820368347,M,1989-04-28,2025-06-12,ACTIVE,CONTRACTOR,94,496,442,2525.0
2833,Ishita,Singh,ishita.singh2833@example.com,+91-9785584809,O,1998-09-24,2016-08-24,INACTIVE,FTE,961,790,725,1499.0
2834,Krishna,Patel,krishna.patel2834@example.com,+91-9996994901,F,1984-06-07,2020-12-15,ACTIVE,FTE,733,279,429,2354.0
2835,Samar,Thakur,samar.thakur2835@example.com,+91-9899078978,O,1998-08-08,2018-08-19,ACTIVE,INTERN,553,452,787,234.0
2836,Anaya,Gupta,anaya.gupta2836@example.com,+91-9305495376,F,1999-02-08,2024-09-28,ACTIVE,FTE,448,354,941,2266.0
2837,Zara,Pillai,zara.pillai2837@example.com,+91-9393602802,M,1985-08-13,2022-08-24,ACTIVE,FTE,945,772,553,1823.0
2838,Samar,Naidu,samar.naidu2838@example.com,+91-9269374864,O,1967-12-15,2025-04-24,ACTIVE,FTE,634,220,516,
2839,Anaya,Sharma,anaya.sharma2839@example.com,+91-9522282537,O,1975-03-13,2019-01-29,ACTIVE,CONTRACTOR,661,606,849,1149.0
2840,Aryan,Kulkarni,aryan.kulkarni2840@example.com,+91-9220364288,M,1980-02-17,2020-01-27,ACTIVE,FTE,258,542,416,725.0
2841,Krishna,Pawar,krishna.pawar2841@example.com,+91-9325031539,F,1989-03-16,2021-08-13,ACTIVE,FTE,463,66,6,185.0
2842,Om,Desai,om.desai2842@example.com,+91-9378697232,F,1984-10-14,2021-06-30,ACTIVE,CONTRACTOR,602,822,61,1649.0
2843,Yuvraj,Mehta,yuvraj.mehta2843@example.com,+91-9972404146,F,1994-04-14,2024-11-30,ACTIVE,FTE,84,437,84,475.0
2844,Vivaan,Mukherjee,vivaan.mukherjee2844@example.com,+91-9863384306,O,1981-03-07,2024-10-10,ACTIVE,FTE,321,360,565,2060.0
2845,Arjun,Joshi,arjun.joshi2845@example.com,+91-9332653029,F,2003-04-26,2015-10-03,ACTIVE,FTE,126,322,534,881.0
2846,Rohan,Bose,rohan.bose2846@example.com,+91-9438930285,O,2002-01-03,2022-01-28,ACTIVE,FTE,2,103,835,1286.0
2847,Aarav,Mukherjee,aarav.mukherjee2847@example.com,+91-9133464894,M,1966-10-07,2017-11-05,ACTIVE,FTE,494,198,809,434.0
2848,Reyansh,Bose,reyansh.bose2848@example.com,+91-9513140320,O,1985-01-10,2021-01-07,LEAVE,FTE,555,95,934,225.0
2849,Sai,Gowda,sai.gowda2849@example.com,+91-9138850168,F,1985-02-02,2025-05-03,ACTIVE,FTE,195,936,411,1531.0
2850,Ira,Reddy,ira.reddy2850@example.com,+91-9671504226,F,2004-03-03,2016-08-12,ACTIVE,FTE,608,228,854,1687.0
2851,Sai,Verma,sai.verma2851@example.com,+91-9741502374,M,1994-06-22,2023-05-19,ACTIVE,FTE,12,658,319,605.0
2852,Aryan,Mukherjee,aryan.mukherjee2852@example.com,+91-9734572353,M,2003-01-03,2021-03-22,ACTIVE,CONTRACTOR,719,104,615,630.0
2853,Dhruv,Saxena,dhruv.saxena2853@example.com,+91-9928573268,F,1974-07-25,2016-04-06,ACTIVE,FTE,362,168,985,2305.0
2854,Vivaan,Pawar,vivaan.pawar2854@example.com,+91-9696647539,F,1968-07-20,2018-08-17,ACTIVE,FTE,959,952,483,2139.0
2855,Myra,Gupta,myra.gupta2855@example.com,+91-9545080958,O,1995-07-22,2019-05-03,ACTIVE,FTE,109,70,708,743.0
2856,Rohan,Das,rohan.das2856@example.com,+91-9441450856,F,1967-03-27,2018-11-27,INACTIVE,INTERN,607,851,380,1759.0
2857,Sai,Khan,sai.khan2857@example.com,+91-9230393925,O,1972-07-01,2017-01-02,ACTIVE,FTE,659,65,556,
2858,Rohan,Bose,rohan.bose2858@example.com,+91-9900517444,O,1980-08-27,2025-06-15,LEAVE,CONTRACTOR,201,61,187,2391.0
2859,Kiara,Rao,kiara.rao2859@example.com,+91-9744280416,F,1974-03-26,2016-01-06,ACTIVE,FTE,118,810,292,1397.0
2860,Riya,Pawar,riya.pawar2860@example.com,+91-9779964047,M,1999-05-12,2025-04-19,INACTIVE,FTE,867,21,903,1585.0
2861,Aisha,Mukherjee,aisha.mukherjee2861@example.com,+91-9251378010,M,1992-07-13,2024-04-25,ACTIVE,FTE,32,353,168,
2862,Dhruv,Pillai,dhruv.pillai2862@example.com,+91-9925363146,M,1993-09-24,2015-02-06,ACTIVE,FTE,281,795,106,2281.0
2863,Samar,Kulkarni,samar.kulkarni2863@example.com,+91-9140953641,O,1992-09-13,2015-09-22,INACTIVE,FTE,709,626,512,1052.0
2864,Ritvik,Kulkarni,ritvik.kulkarni2864@example.com,+91-9734176145,O,1993-11-29,2024-08-05,ACTIVE,FTE,897,361,31,48.0
2865,Ira,Saxena,ira.saxena2865@example.com,+91-9737932581,O,1999-02-16,2015-08-04,ACTIVE,FTE,968,468,269,1771.0
2866,Kabir,Pawar,kabir.pawar2866@example.com,+91-9427543978,M,2002-03-08,2020-12-04,ACTIVE,FTE,265,146,623,321.0
2867,Meera,Pawar,meera.pawar2867@example.com,+91-9439512928,M,1966-02-04,2019-12-10,ACTIVE,FTE,881,667,454,734.0
2868,Zara,Mishra,zara.mishra2868@example.com,+91-9202785243,F,1995-11-27,2021-11-29,ACTIVE,FTE,900,615,826,184.0
2869,Dev,Chauhan,dev.chauhan2869@example.com,+91-9443778611,O,1974-06-17,2023-12-03,INACTIVE,FTE,481,301,689,2125.0
2870,Aarav,Gupta,aarav.gupta2870@example.com,+91-9247215955,O,1991-05-14,2017-03-15,ACTIVE,FTE,398,87,124,1585.0
2871,Zara,Chandra,zara.chandra2871@example.com,+91-9688831034,O,1994-08-18,2015-02-18,ACTIVE,FTE,535,131,277,1639.0
2872,Anika,Chauhan,anika.chauhan2872@example.com,+91-9417132220,M,1968-02-17,2017-02-15,ACTIVE,FTE,860,510,764,2801.0
2873,Aryan,Iyer,aryan.iyer2873@example.com,+91-9292534180,M,1989-10-07,2023-06-17,INACTIVE,FTE,735,961,152,1121.0
2874,Ira,Gupta,ira.gupta2874@example.com,+91-9431678638,O,1988-03-30,2021-08-22,LEAVE,FTE,329,764,858,2537.0
2875,Myra,Pandey,myra.pandey2875@example.com,+91-9772095194,F,1969-04-03,2022-09-13,ACTIVE,FTE,870,58,348,34.0
2876,Kabir,Ghosh,kabir.ghosh2876@example.com,+91-9757795233,O,1978-07-23,2016-06-28,ACTIVE,FTE,279,381,941,1350.0
2877,Kabir,Mishra,kabir.mishra2877@example.com,+91-9721323101,F,1975-03-03,2019-02-13,ACTIVE,FTE,729,127,7,602.0
2878,Samar,Pandey,samar.pandey2878@example.com,+91-9133252558,O,1980-05-24,2016-11-08,ACTIVE,FTE,716,657,818,
2879,Kiara,Verma,kiara.verma2879@example.com,+91-9735376927,O,1980-02-20,2019-07-07,ACTIVE,FTE,202,698,864,1974.0
2880,Shaurya,Bhandari,shaurya.bhandari2880@example.com,+91-9199567576,M,1985-09-02,2015-10-08,ACTIVE,FTE,118,438,953,935.0
2881,Kiara,Gowda,kiara.gowda2881@example.com,+91-9511099600,M,2003-07-05,2023-10-18,ACTIVE,FTE,16,984,44,2322.0
2882,Om,Khan,om.khan2882@example.com,+91-9829374234,F,1992-10-16,2020-11-06,INACTIVE,FTE,632,773,825,890.0
2883,Aadhya,Verma,aadhya.verma2883@example.com,+91-9923822609,O,1997-03-22,2022-09-07,INACTIVE,FTE,892,356,888,874.0
2884,Om,Verma,om.verma2884@example.com,+91-9417213020,O,2000-07-27,2024-01-27,ACTIVE,FTE,506,844,642,1274.0
2885,Reyansh,Gupta,reyansh.gupta2885@example.com,+91-9694357540,M,1986-11-28,2018-06-12,ACTIVE,FTE,478,994,540,765.0
2886,Ira,Sharma,ira.sharma2886@example.com,+91-9270550824,M,1981-12-25,2019-04-14,ACTIVE,FTE,754,540,192,1933.0
2887,Samar,Mehta,samar.mehta2887@example.com,+91-9631656723,F,1991-12-31,2023-01-16,ACTIVE,CONTRACTOR,726,46,546,2237.0
2888,Anaya,Bhandari,anaya.bhandari2888@example.com,+91-9834454829,M,1999-01-24,2022-08-07,ACTIVE,FTE,57,641,484,296.0
2889,Myra,Yadav,myra.yadav2889@example.com,+91-9805090819,O,1989-06-29,2025-04-12,ACTIVE,FTE,769,727,140,391.0
2890,Vivaan,Chauhan,vivaan.chauhan2890@example.com,+91-9964651432,F,1985-02-10,2016-05-25,ACTIVE,INTERN,226,4,651,63.0
2891,Sai,Kulkarni,sai.kulkarni2891@example.com,+91-9434887732,F,1984-06-22,2021-01-17,ACTIVE,FTE,612,392,954,1890.0
2892,Dhruv,Singh,dhruv.singh2892@example.com,+91-9343504942,M,1969-09-15,2025-02-15,ACTIVE,CONTRACTOR,100,831,126,1485.0
2893,Ritvik,Pandey,ritvik.pandey2893@example.com,+91-9127005199,M,1983-10-29,2024-11-16,INACTIVE,FTE,443,863,631,378.0
2894,Dhruv,Pillai,dhruv.pillai2894@example.com,+91-9482192865,O,1985-08-03,2018-11-07,ACTIVE,FTE,509,374,757,2872.0
2895,Anika,Joshi,anika.joshi2895@example.com,+91-9224128440,F,1969-09-07,2024-01-11,ACTIVE,FTE,955,488,525,536.0
2896,Aisha,Rao,aisha.rao2896@example.com,+91-9409738040,O,1975-06-11,2023-06-29,ACTIVE,FTE,448,941,225,2012.0
2897,Vivaan,Thakur,vivaan.thakur2897@example.com,+91-9143977494,F,1979-05-03,2018-08-25,ACTIVE,FTE,235,892,617,2281.0
2898,Aarav,Mishra,aarav.mishra2898@example.com,+91-9334444328,F,1995-08-28,2018-07-08,ACTIVE,INTERN,750,965,900,2152.0
2899,Riya,Mehta,riya.mehta2899@example.com,+91-9532384371,F,1986-01-27,2022-10-28,ACTIVE,CONTRACTOR,262,7,471,
2900,Anika,Bose,anika.bose2900@example.com,+91-9690154576,M,1989-01-15,2021-11-04,ACTIVE,FTE,461,387,986,664.0
2901,Ishaan,Bose,ishaan.bose2901@example.com,+91-9676797964,M,1977-04-26,2024-03-01,ACTIVE,FTE,951,218,880,1702.0
2902,Saanvi,Yadav,saanvi.yadav2902@example.com,+91-9421440018,O,1982-10-20,2022-06-29,ACTIVE,FTE,810,221,614,46.0
2903,Aadhya,Joshi,aadhya.joshi2903@example.com,+91-9134855314,F,2004-11-22,2022-05-01,ACTIVE,FTE,38,922,412,1627.0
2904,Zara,Naidu,zara.naidu2904@example.com,+91-9971204554,O,1980-10-05,2016-08-10,ACTIVE,FTE,937,271,211,2135.0
2905,Yuvraj,Rao,yuvraj.rao2905@example.com,+91-9265377971,F,2003-04-11,2016-07-23,ACTIVE,FTE,317,881,818,402.0
2906,Reyansh,Reddy,reyansh.reddy2906@example.com,+91-9429563277,O,1966-12-25,2021-08-12,ACTIVE,FTE,699,91,486,78.0
2907,Kabir,Pillai,kabir.pillai2907@example.com,+91-9475393879,F,1990-08-10,2019-04-18,ACTIVE,FTE,86,706,421,2374.0
2908,Riya,Pillai,riya.pillai2908@example.com,+91-9212100031,M,1990-05-02,2024-09-28,INACTIVE,FTE,638,253,512,809.0
2909,Anika,Singh,anika.singh2909@example.com,+91-9624110579,F,1991-10-21,2020-09-21,ACTIVE,FTE,410,473,438,1951.0
2910,Aisha,Singh,aisha.singh2910@example.com,+91-9178354965,O,1989-07-23,2024-07-05,ACTIVE,FTE,795,317,92,2440.0
2911,Diya,Jadhav,diya.jadhav2911@example.com,+91-9239884188,M,2002-10-18,2015-05-26,INACTIVE,FTE,819,305,184,2013.0
2912,Mohammed,Gowda,mohammed.gowda2912@example.com,+91-9188044197,M,1965-11-19,2023-05-03,LEAVE,FTE,887,29,34,
2913,Meera,Reddy,meera.reddy2913@example.com,+91-9636217384,O,1987-10-02,2020-03-28,ACTIVE,FTE,290,188,768,1029.0
2914,Aryan,Mukherjee,aryan.mukherjee2914@example.com,+91-9204420110,F,1970-01-28,2019-06-14,INACTIVE,FTE,90,3,885,1613.0
2915,Samar,Saxena,samar.saxena2915@example.com,+91-9467892988,F,1996-04-28,2025-04-21,ACTIVE,FTE,820,675,618,367.0
2916,Kabir,Verma,kabir.verma2916@example.com,+91-9294891906,M,1966-10-28,2021-06-28,ACTIVE,CONTRACTOR,391,473,683,1852.0
2917,Aditi,Pawar,aditi.pawar2917@example.com,+91-9824374964,M,1991-11-03,2017-01-04,ACTIVE,FTE,199,470,186,917.0
2918,Aditya,Naidu,aditya.naidu2918@example.com,+91-9603555340,M,1999-08-20,2021-08-01,ACTIVE,FTE,163,918,274,2542.0
2919,Aadhya,Naidu,aadhya.naidu2919@example.com,+91-9460393731,F,1995-03-18,2025-07-07,ACTIVE,FTE,501,479,8,2791.0
2920,Meera,Reddy,meera.reddy2920@example.com,+91-9555277845,O,1996-10-01,2023-06-29,ACTIVE,FTE,748,857,871,2402.0
2921,Ira,Desai,ira.desai2921@example.com,+91-9911950347,O,1999-08-07,2024-05-21,ACTIVE,CONTRACTOR,704,564,431,144.0
2922,Ira,Pawar,ira.pawar2922@example.com,+91-9414974643,M,1997-04-11,2018-05-30,INACTIVE,FTE,992,491,883,2422.0
2923,Mohammed,Bose,mohammed.bose2923@example.com,+91-9629134219,O,1992-12-13,2019-08-29,ACTIVE,FTE,173,392,206,1621.0
2924,Navya,Pandey,navya.pandey2924@example.com,+91-9896089979,F,1988-11-11,2025-02-11,ACTIVE,CONTRACTOR,271,754,343,2687.0
2925,Myra,Gowda,myra.gowda2925@example.com,+91-9968816602,O,1982-08-24,2024-12-03,ACTIVE,INTERN,763,81,358,2574.0
2926,Ritvik,Kulkarni,ritvik.kulkarni2926@example.com,+91-9359134204,F,1995-03-04,2019-04-20,LEAVE,FTE,735,654,133,1494.0
2927,Kiara,Khan,kiara.khan2927@example.com,+91-9789001620,O,1965-05-19,2024-07-06,ACTIVE,FTE,766,537,626,930.0
2928,Samar,Ghosh,samar.ghosh2928@example.com,+91-9663689832,M,1966-11-02,2019-01-12,ACTIVE,FTE,287,568,888,1975.0
2929,Aadhya,Jadhav,aadhya.jadhav2929@example.com,+91-9229778483,M,2001-03-18,2018-09-03,ACTIVE,FTE,948,413,595,2487.0
2930,Anika,Gowda,anika.gowda2930@example.com,+91-9609725187,M,1990-11-05,2020-02-26,INACTIVE,FTE,714,941,284,120.0
2931,Pari,Singh,pari.singh2931@example.com,+91-9376561351,M,1968-10-08,2019-09-04,ACTIVE,FTE,902,396,224,2894.0
2932,Anaya,Reddy,anaya.reddy2932@example.com,+91-9321164463,M,1968-02-15,2017-05-27,ACTIVE,FTE,891,546,463,1769.0
2933,Dev,Thakur,dev.thakur2933@example.com,+91-9900546456,M,1991-11-08,2022-12-13,ACTIVE,FTE,709,808,977,1769.0
2934,Ritvik,Singh,ritvik.singh2934@example.com,+91-9257449852,M,1974-04-16,2023-04-06,ACTIVE,FTE,635,486,271,2436.0
2935,Aisha,Mishra,aisha.mishra2935@example.com,+91-9963496757,O,1969-10-02,2015-11-28,INACTIVE,FTE,644,501,447,
2936,Ishaan,Pawar,ishaan.pawar2936@example.com,+91-9780588647,F,1987-04-25,2016-12-15,ACTIVE,INTERN,269,607,903,2318.0
2937,Mohammed,Verma,mohammed.verma2937@example.com,+91-9580163611,O,1978-05-12,2019-01-06,LEAVE,FTE,90,270,258,1317.0
2938,Aadhya,Kulkarni,aadhya.kulkarni2938@example.com,+91-9913253331,O,1997-03-11,2023-12-26,ACTIVE,CONTRACTOR,24,969,828,2739.0
2939,Reyansh,Desai,reyansh.desai2939@example.com,+91-9911982153,F,1967-02-28,2018-02-28,ACTIVE,FTE,414,882,541,1773.0
2940,Aditya,Chauhan,aditya.chauhan2940@example.com,+91-9201847444,M,1970-10-19,2024-03-20,ACTIVE,FTE,164,615,187,1635.0
2941,Aisha,Reddy,aisha.reddy2941@example.com,+91-9821738881,M,1973-09-01,2018-03-11,ACTIVE,FTE,613,661,603,1219.0
2942,Dhruv,Thakur,dhruv.thakur2942@example.com,+91-9625359128,O,1981-11-28,2023-06-23,ACTIVE,FTE,10,343,939,48.0
2943,Arjun,Mukherjee,arjun.mukherjee2943@example.com,+91-9632530820,M,1968-01-21,2021-11-18,LEAVE,FTE,908,31,839,168.0
2944,Pari,Verma,pari.verma2944@example.com,+91-9964931914,M,1978-12-13,2024-02-25,ACTIVE,FTE,544,749,276,804.0
2945,Kabir,Kulkarni,kabir.kulkarni2945@example.com,+91-9107772673,F,2000-03-21,2020-12-22,ACTIVE,FTE,887,337,676,2779.0
2946,Samar,Gowda,samar.gowda2946@example.com,+91-9979574547,O,1973-10-19,2023-02-25,ACTIVE,FTE,11,194,121,2270.0
2947,Ritvik,Pillai,ritvik.pillai2947@example.com,+91-9639636631,F,1991-07-16,2019-05-12,ACTIVE,CONTRACTOR,439,505,763,2557.0
2948,Samar,Kulkarni,samar.kulkarni2948@example.com,+91-9299920368,O,1967-11-02,2024-05-15,ACTIVE,FTE,324,761,602,819.0
2949,Vivaan,Mehta,vivaan.mehta2949@example.com,+91-9233356499,O,1990-04-19,2022-05-31,ACTIVE,FTE,351,159,434,222.0
2950,Aadhya,Khan,aadhya.khan2950@example.com,+91-9335090262,M,1979-01-26,2015-08-23,INACTIVE,FTE,613,675,638,803.0
2951,Ishita,Saxena,ishita.saxena2951@example.com,+91-9362879029,M,1976-03-28,2019-03-08,ACTIVE,INTERN,362,272,993,
2952,Sara,Gowda,sara.gowda2952@example.com,+91-9275398305,M,1972-12-26,2021-01-03,ACTIVE,FTE,62,824,185,854.0
2953,Ishaan,Gupta,ishaan.gupta2953@example.com,+91-9184166410,O,1989-04-25,2018-08-28,ACTIVE,INTERN,335,5,23,822.0
2954,Zara,Gupta,zara.gupta2954@example.com,+91-9939410721,O,1967-08-27,2021-07-17,INACTIVE,FTE,931,57,309,510.0
2955,Vivaan,Rao,vivaan.rao2955@example.com,+91-9485382676,F,1981-03-01,2015-12-14,INACTIVE,FTE,544,295,726,2115.0
2956,Kiara,Gowda,kiara.gowda2956@example.com,+91-9785138280,O,1995-06-05,2018-06-25,ACTIVE,FTE,767,154,278,1350.0
2957,Anaya,Jadhav,anaya.jadhav2957@example.com,+91-9921078296,O,2000-10-24,2016-10-14,ACTIVE,FTE,161,498,149,770.0
2958,Rohan,Desai,rohan.desai2958@example.com,+91-9492055030,O,1983-09-06,2017-03-28,ACTIVE,CONTRACTOR,101,517,352,1485.0
2959,Pari,Pawar,pari.pawar2959@example.com,+91-9361647651,M,1993-07-02,2023-12-25,ACTIVE,FTE,82,345,927,169.0
2960,Aanya,Reddy,aanya.reddy2960@example.com,+91-9586923264,F,2004-02-22,2022-03-14,ACTIVE,CONTRACTOR,636,337,866,2056.0
2961,Krishna,Pawar,krishna.pawar2961@example.com,+91-9865574996,F,1988-01-16,2015-04-03,LEAVE,FTE,525,568,289,472.0
2962,Vihaan,Verma,vihaan.verma2962@example.com,+91-9128735675,F,2003-12-07,2017-04-26,ACTIVE,FTE,729,298,43,1362.0
2963,Anika,Gowda,anika.gowda2963@example.com,+91-9645786731,O,1989-07-29,2020-11-24,ACTIVE,FTE,820,793,957,1363.0
2964,Arjun,Bose,arjun.bose2964@example.com,+91-9579992798,F,1969-03-22,2023-08-22,ACTIVE,FTE,157,458,450,1229.0
2965,Kiara,Thakur,kiara.thakur2965@example.com,+91-9332814185,O,1998-07-24,2019-08-15,ACTIVE,CONTRACTOR,379,291,901,517.0
2966,Sara,Gupta,sara.gupta2966@example.com,+91-9629848444,M,1984-08-18,2024-12-25,ACTIVE,FTE,611,482,631,
2967,Dev,Bose,dev.bose2967@example.com,+91-9595902417,F,1987-07-10,2021-03-12,ACTIVE,FTE,853,318,583,1705.0
2968,Krishna,Desai,krishna.desai2968@example.com,+91-9265397058,F,1994-01-06,2017-04-03,ACTIVE,FTE,808,432,675,481.0
2969,Aadhya,Rao,aadhya.rao2969@example.com,+91-9888381573,M,1980-01-15,2020-11-04,INACTIVE,CONTRACTOR,796,462,442,2557.0
2970,Myra,Mishra,myra.mishra2970@example.com,+91-9311896936,M,1973-06-08,2017-08-20,INACTIVE,INTERN,503,152,696,1477.0
2971,Dev,Saxena,dev.saxena2971@example.com,+91-9160003016,F,1990-01-12,2016-12-04,ACTIVE,FTE,106,509,929,203.0
2972,Dev,Naidu,dev.naidu2972@example.com,+91-9567229623,M,1987-11-23,2024-06-14,ACTIVE,FTE,365,638,987,1490.0
2973,Ishaan,Desai,ishaan.desai2973@example.com,+91-9545346486,O,2002-12-28,2018-08-27,ACTIVE,FTE,951,674,496,1699.0
2974,Aditya,Yadav,aditya.yadav2974@example.com,+91-9154562310,F,1989-03-27,2015-02-18,ACTIVE,FTE,595,94,31,2940.0
2975,Mohammed,Iyer,mohammed.iyer2975@example.com,+91-9771890969,O,1997-03-26,2016-07-05,ACTIVE,FTE,483,573,329,383.0
2976,Aditi,Mehta,aditi.mehta2976@example.com,+91-9360457376,M,2004-09-05,2018-12-09,ACTIVE,FTE,909,48,798,2793.0
2977,Anika,Sharma,anika.sharma2977@example.com,+91-9194484018,M,2000-08-16,2024-10-17,INACTIVE,CONTRACTOR,519,560,359,101.0
2978,Aadhya,Naidu,aadhya.naidu2978@example.com,+91-9535828833,F,2002-07-22,2018-05-08,ACTIVE,FTE,379,862,210,663.0
2979,Aditya,Sharma,aditya.sharma2979@example.com,+91-9102618797,O,1977-12-02,2019-01-14,ACTIVE,CONTRACTOR,444,249,512,758.0
2980,Ritvik,Yadav,ritvik.yadav2980@example.com,+91-9667164753,F,2003-02-22,2022-08-12,ACTIVE,CONTRACTOR,975,65,574,866.0
2981,Dev,Mehta,dev.mehta2981@example.com,+91-9963701556,M,2000-05-15,2016-09-09,ACTIVE,FTE,464,443,414,1119.0
2982,Aarav,Yadav,aarav.yadav2982@example.com,+91-9413642157,F,1980-10-29,2020-02-01,ACTIVE,FTE,302,191,761,1782.0
2983,Yuvraj,Gupta,yuvraj.gupta2983@example.com,+91-9921395107,M,1993-02-08,2020-03-22,ACTIVE,FTE,475,664,573,2803.0
2984,Kiara,Gowda,kiara.gowda2984@example.com,+91-9844163811,O,1994-07-17,2021-11-30,ACTIVE,FTE,667,336,531,
2985,Saanvi,Mehta,saanvi.mehta2985@example.com,+91-9376213495,F,1985-07-30,2019-08-22,ACTIVE,FTE,398,540,457,1254.0
2986,Meera,Singh,meera.singh2986@example.com,+91-9433882587,O,2003-09-22,2025-06-28,ACTIVE,FTE,830,335,339,1653.0
2987,Shaurya,Singh,shaurya.singh2987@example.com,+91-9707035905,F,1983-12-31,2015-03-05,INACTIVE,FTE,812,813,598,2276.0
2988,Yuvraj,Mukherjee,yuvraj.mukherjee2988@example.com,+91-9677430958,M,1991-06-12,2021-08-23,ACTIVE,INTERN,532,66,982,2709.0
2989,Rohan,Rao,rohan.rao2989@example.com,+91-9701493999,F,1974-12-06,2019-02-18,ACTIVE,FTE,999,903,662,1572.0
2990,Rohan,Khan,rohan.khan2990@example.com,+91-9825301769,O,1968-07-27,2018-11-08,ACTIVE,FTE,724,572,793,1585.0
2991,Arjun,Singh,arjun.singh2991@example.com,+91-9362645347,M,2000-01-10,2022-01-14,ACTIVE,FTE,905,534,987,2054.0
2992,Samar,Pillai,samar.pillai2992@example.com,+91-9811453123,F,1987-06-09,2020-07-30,ACTIVE,FTE,936,911,334,1841.0
2993,Aadhya,Saxena,aadhya.saxena2993@example.com,+91-9524771233,O,1996-04-30,2023-07-19,ACTIVE,FTE,56,908,362,540.0
2994,Saanvi,Joshi,saanvi.joshi2994@example.com,+91-9277821118,F,1993-11-17,2019-06-11,ACTIVE,CONTRACTOR,271,220,992,919.0
2995,Vivaan,Naidu,vivaan.naidu2995@example.com,+91-9145431054,M,1992-12-22,2016-10-29,ACTIVE,FTE,198,904,258,728.0
2996,Dev,Gupta,dev.gupta2996@example.com,+91-9367963335,F,1970-12-22,2023-09-05,ACTIVE,FTE,733,103,887,208.0
2997,Sai,Joshi,sai.joshi2997@example.com,+91-9465428086,F,2004-02-03,2016-07-29,ACTIVE,FTE,687,967,674,
2998,Aadhya,Joshi,aadhya.joshi2998@example.com,+91-9382513593,M,1971-11-23,2019-01-02,ACTIVE,CONTRACTOR,561,328,51,2564.0
2999,Reyansh,Saxena,reyansh.saxena2999@example.com,+91-9299895048,F,1977-08-24,2024-07-28,ACTIVE,CONTRACTOR,921,434,421,839.0
3000,Aditi,Bhandari,aditi.bhandari3000@example.com,+91-9898847672,O,1968-03-29,2019-10-01,ACTIVE,FTE,99,2,412,
3001,Meera,Iyer,meera.iyer3001@example.com,+91-9802564151,F,1998-06-02,2015-09-26,ACTIVE,FTE,618,84,542,1881.0
3002,Aditi,Saxena,aditi.saxena3002@example.com,+91-9293477892,F,1992-08-28,2021-02-26,ACTIVE,FTE,868,136,485,
3003,Meera,Gowda,meera.gowda3003@example.com,+91-9148046962,F,1994-03-18,2016-08-17,INACTIVE,FTE,221,325,926,794.0
3004,Aarav,Joshi,aarav.joshi3004@example.com,+91-9182474879,M,1997-12-08,2023-02-25,ACTIVE,FTE,376,127,227,
3005,Ishita,Mukherjee,ishita.mukherjee3005@example.com,+91-9983803428,F,1975-06-04,2017-05-19,ACTIVE,FTE,467,295,348,824.0
3006,Ishaan,Mishra,ishaan.mishra3006@example.com,+91-9402799302,M,1995-06-03,2019-01-26,INACTIVE,FTE,291,252,85,1817.0
3007,Sai,Khan,sai.khan3007@example.com,+91-9544338175,F,1993-02-27,2022-03-25,ACTIVE,FTE,45,180,227,355.0
3008,Ira,Verma,ira.verma3008@example.com,+91-9249084654,M,1966-07-06,2022-02-13,ACTIVE,FTE,334,340,347,1872.0
3009,Ritvik,Chandra,ritvik.chandra3009@example.com,+91-9903509269,O,1997-03-12,2015-12-23,ACTIVE,FTE,116,8,8,1460.0
3010,Navya,Yadav,navya.yadav3010@example.com,+91-9189366559,O,1998-03-04,2015-09-16,ACTIVE,FTE,474,980,78,729.0
3011,Mira,Iyer,mira.iyer3011@example.com,+91-9716703197,M,1991-01-26,2022-09-19,LEAVE,FTE,830,185,996,769.0
3012,Kabir,Patel,kabir.patel3012@example.com,+91-9549472007,F,1990-03-21,2019-08-22,ACTIVE,FTE,718,328,992,
3013,Saanvi,Saxena,saanvi.saxena3013@example.com,+91-9258812489,F,1968-10-25,2022-07-11,ACTIVE,FTE,882,111,724,132.0
3014,Reyansh,Chandra,reyansh.chandra3014@example.com,+91-9715830727,M,1983-01-15,2022-01-05,ACTIVE,FTE,644,952,701,453.0
3015,Shaurya,Das,shaurya.das3015@example.com,+91-9641621419,M,1967-05-09,2020-03-07,ACTIVE,FTE,928,67,331,2230.0
3016,Anaya,Reddy,anaya.reddy3016@example.com,+91-9318058407,M,1968-05-25,2025-04-28,ACTIVE,FTE,794,374,741,1707.0
3017,Aarav,Ghosh,aarav.ghosh3017@example.com,+91-9980072894,O,1997-10-20,2021-04-07,ACTIVE,FTE,718,892,55,
3018,Dev,Reddy,dev.reddy3018@example.com,+91-9111514805,O,1992-08-08,2019-06-26,ACTIVE,CONTRACTOR,34,656,663,1895.0
3019,Yuvraj,Mehta,yuvraj.mehta3019@example.com,+91-9996224628,M,1969-03-09,2016-11-22,ACTIVE,FTE,717,895,638,2786.0
3020,Dhruv,Thakur,dhruv.thakur3020@example.com,+91-9587493113,F,2003-06-24,2023-01-03,ACTIVE,FTE,868,553,384,445.0
3021,Ishita,Mehta,ishita.mehta3021@example.com,+91-9356602580,M,1990-07-09,2015-08-17,ACTIVE,FTE,975,758,243,2306.0
3022,Arjun,Sharma,arjun.sharma3022@example.com,+91-9365588669,O,1988-08-16,2021-03-06,INACTIVE,FTE,794,388,622,775.0
3023,Arjun,Chauhan,arjun.chauhan3023@example.com,+91-9422098387,M,1979-06-03,2021-05-24,ACTIVE,FTE,532,617,731,2961.0
3024,Myra,Naidu,myra.naidu3024@example.com,+91-9601528241,M,1985-02-22,2021-01-14,LEAVE,INTERN,343,585,208,1510.0
3025,Kiara,Bose,kiara.bose3025@example.com,+91-9443960223,F,1991-01-04,2021-04-09,ACTIVE,FTE,185,891,13,2655.0
3026,Shaurya,Joshi,shaurya.joshi3026@example.com,+91-9806144185,F,1977-05-28,2022-08-29,ACTIVE,FTE,164,421,27,2587.0
3027,Arjun,Reddy,arjun.reddy3027@example.com,+91-9568157126,M,2003-03-09,2022-06-02,ACTIVE,CONTRACTOR,758,121,28,903.0
3028,Aditi,Joshi,aditi.joshi3028@example.com,+91-9152601697,M,1969-08-18,2025-01-11,ACTIVE,FTE,835,570,69,201.0
3029,Rohan,Chauhan,rohan.chauhan3029@example.com,+91-9595888581,F,1992-08-23,2017-11-10,ACTIVE,FTE,865,822,685,2146.0
3030,Kiara,Bose,kiara.bose3030@example.com,+91-9207971947,M,1998-09-27,2015-11-06,ACTIVE,FTE,476,138,715,531.0
3031,Aisha,Ghosh,aisha.ghosh3031@example.com,+91-9441379960,O,1994-01-17,2025-03-16,INACTIVE,FTE,29,988,503,2604.0
3032,Aadhya,Chandra,aadhya.chandra3032@example.com,+91-9319743713,F,2003-04-23,2016-11-27,INACTIVE,FTE,153,38,363,493.0
3033,Aarohi,Jadhav,aarohi.jadhav3033@example.com,+91-9152299703,F,2003-09-19,2022-10-26,ACTIVE,FTE,802,687,625,184.0
3034,Diya,Reddy,diya.reddy3034@example.com,+91-9489882236,O,1993-11-18,2022-12-11,ACTIVE,CONTRACTOR,740,538,427,775.0
3035,Ishaan,Yadav,ishaan.yadav3035@example.com,+91-9584393751,O,1973-11-24,2016-12-03,ACTIVE,FTE,522,461,967,2045.0
3036,Ritvik,Naidu,ritvik.naidu3036@example.com,+91-9907159544,M,1987-09-02,2024-05-10,ACTIVE,FTE,382,396,619,1924.0
3037,Reyansh,Naidu,reyansh.naidu3037@example.com,+91-9787637177,O,1974-11-03,2015-08-13,LEAVE,FTE,64,714,390,1745.0
3038,Ishaan,Gupta,ishaan.gupta3038@example.com,+91-9496813021,M,1990-12-18,2023-05-09,ACTIVE,FTE,431,986,600,864.0
3039,Vivaan,Singh,vivaan.singh3039@example.com,+91-9242383199,O,1970-03-12,2019-03-05,ACTIVE,FTE,222,41,329,2173.0
3040,Saanvi,Naidu,saanvi.naidu3040@example.com,+91-9742336961,O,1980-10-18,2019-01-02,ACTIVE,FTE,434,707,176,
3041,Yuvraj,Mukherjee,yuvraj.mukherjee3041@example.com,+91-9813451331,O,2002-05-09,2023-05-09,ACTIVE,FTE,117,191,572,2421.0
3042,Mohammed,Mishra,mohammed.mishra3042@example.com,+91-9188802812,F,1990-01-26,2017-01-29,ACTIVE,FTE,170,820,131,906.0
3043,Pari,Verma,pari.verma3043@example.com,+91-9970929323,F,1994-05-14,2020-09-16,INACTIVE,FTE,251,582,667,2955.0
3044,Aadhya,Saxena,aadhya.saxena3044@example.com,+91-9184694178,F,1968-10-10,2020-05-19,ACTIVE,FTE,677,507,743,2305.0
3045,Om,Singh,om.singh3045@example.com,+91-9846967238,M,1970-01-18,2017-02-19,ACTIVE,FTE,657,327,212,2060.0
3046,Arjun,Bhandari,arjun.bhandari3046@example.com,+91-9764539775,F,1987-06-27,2023-06-03,ACTIVE,CONTRACTOR,145,922,992,206.0
3047,Aanya,Sharma,aanya.sharma3047@example.com,+91-9756927403,F,1977-10-20,2021-06-22,ACTIVE,CONTRACTOR,462,660,361,764.0
3048,Mohammed,Singh,mohammed.singh3048@example.com,+91-9676714376,F,2004-03-28,2016-09-15,ACTIVE,FTE,847,810,472,2134.0
3049,Anaya,Patel,anaya.patel3049@example.com,+91-9960996510,M,1992-03-15,2024-09-28,ACTIVE,FTE,945,594,659,1090.0
3050,Aditya,Pillai,aditya.pillai3050@example.com,+91-9307179976,F,1969-08-04,2015-04-08,ACTIVE,CONTRACTOR,799,767,608,2549.0
3051,Yuvraj,Saxena,yuvraj.saxena3051@example.com,+91-9685938232,O,2004-10-11,2017-07-22,ACTIVE,INTERN,110,872,538,2069.0
3052,Meera,Desai,meera.desai3052@example.com,+91-9444627657,M,1972-09-25,2018-08-23,INACTIVE,FTE,884,643,601,1837.0
3053,Mira,Mishra,mira.mishra3053@example.com,+91-9496673828,F,1999-03-21,2016-04-26,ACTIVE,FTE,512,39,876,1877.0
3054,Aditya,Joshi,aditya.joshi3054@example.com,+91-9447177631,F,1971-04-19,2022-01-04,ACTIVE,CONTRACTOR,704,166,394,1370.0
3055,Anika,Khan,anika.khan3055@example.com,+91-9861492542,O,1965-03-22,2018-01-10,INACTIVE,FTE,350,727,257,2552.0
3056,Aryan,Gupta,aryan.gupta3056@example.com,+91-9416865334,M,1982-01-04,2024-09-09,ACTIVE,FTE,881,86,769,2730.0
3057,Yuvraj,Chandra,yuvraj.chandra3057@example.com,+91-9835706907,M,1991-01-25,2016-01-21,INACTIVE,FTE,949,349,854,1935.0
3058,Aditya,Desai,aditya.desai3058@example.com,+91-9216346121,F,1968-06-14,2019-04-02,INACTIVE,FTE,79,53,453,1465.0
3059,Mohammed,Ghosh,mohammed.ghosh3059@example.com,+91-9283026799,M,1974-01-31,2016-04-08,ACTIVE,FTE,88,758,182,
3060,Dev,Joshi,dev.joshi3060@example.com,+91-9371756368,O,1972-04-05,2023-04-18,ACTIVE,FTE,527,43,928,1787.0
3061,Sai,Verma,sai.verma3061@example.com,+91-9250837560,O,1987-11-07,2019-08-04,ACTIVE,FTE,202,446,402,51.0
3062,Ira,Gowda,ira.gowda3062@example.com,+91-9757800262,M,1969-08-01,2020-08-04,INACTIVE,FTE,901,328,566,2650.0
3063,Aadhya,Das,aadhya.das3063@example.com,+91-9291428268,M,1997-03-21,2024-05-03,ACTIVE,FTE,338,182,756,2428.0
3064,Sai,Saxena,sai.saxena3064@example.com,+91-9390269685,O,2004-10-20,2016-12-22,ACTIVE,FTE,290,164,585,2489.0
3065,Ishaan,Mishra,ishaan.mishra3065@example.com,+91-9526030085,O,1972-07-01,2019-11-02,ACTIVE,FTE,836,526,985,2881.0
3066,Aditi,Singh,aditi.singh3066@example.com,+91-9981317559,O,2004-07-03,2017-01-21,ACTIVE,FTE,330,158,6,665.0
3067,Vihaan,Reddy,vihaan.reddy3067@example.com,+91-9429878899,F,1995-08-22,2020-02-20,INACTIVE,FTE,635,924,519,2875.0
3068,Meera,Verma,meera.verma3068@example.com,+91-9597519473,M,1999-12-11,2023-11-09,ACTIVE,FTE,305,557,76,602.0
3069,Ishita,Reddy,ishita.reddy3069@example.com,+91-9435191271,F,1981-10-30,2021-07-23,ACTIVE,FTE,973,622,975,1706.0
3070,Aisha,Reddy,aisha.reddy3070@example.com,+91-9304749790,M,1986-04-29,2018-04-04,ACTIVE,FTE,574,671,27,403.0
3071,Mira,Ghosh,mira.ghosh3071@example.com,+91-9411191560,M,1974-05-08,2018-09-14,ACTIVE,FTE,899,547,786,966.0
3072,Zara,Kulkarni,zara.kulkarni3072@example.com,+91-9611759939,M,1965-11-04,2017-02-18,ACTIVE,FTE,753,944,258,1610.0
3073,Ritvik,Mukherjee,ritvik.mukherjee3073@example.com,+91-9270645484,M,1975-10-05,2015-03-04,INACTIVE,FTE,960,856,991,1037.0
3074,Zara,Desai,zara.desai3074@example.com,+91-9312496763,O,1995-01-05,2015-09-02,ACTIVE,FTE,31,319,792,2998.0
3075,Aditi,Mukherjee,aditi.mukherjee3075@example.com,+91-9155629472,O,2001-06-05,2023-05-25,ACTIVE,CONTRACTOR,437,726,405,1239.0
3076,Kiara,Chauhan,kiara.chauhan3076@example.com,+91-9121973223,M,1974-02-15,2016-04-11,ACTIVE,FTE,183,813,300,213.0
3077,Dhruv,Bhandari,dhruv.bhandari3077@example.com,+91-9629404649,M,1967-06-09,2021-04-20,LEAVE,FTE,690,834,824,2928.0
3078,Dev,Pillai,dev.pillai3078@example.com,+91-9899874728,O,1996-06-08,2017-05-04,ACTIVE,FTE,355,297,907,
3079,Zara,Rao,zara.rao3079@example.com,+91-9865910184,M,1979-02-11,2025-02-05,ACTIVE,INTERN,445,771,742,2907.0
3080,Aditi,Yadav,aditi.yadav3080@example.com,+91-9719074632,M,1986-09-18,2018-02-25,ACTIVE,FTE,825,565,174,2095.0
3081,Myra,Joshi,myra.joshi3081@example.com,+91-9891985245,M,1978-01-17,2017-10-31,ACTIVE,FTE,667,437,529,
3082,Yuvraj,Khan,yuvraj.khan3082@example.com,+91-9494294887,O,1980-10-21,2020-12-29,INACTIVE,FTE,667,237,81,2467.0
3083,Ritvik,Iyer,ritvik.iyer3083@example.com,+91-9435502904,O,1970-06-28,2022-04-03,ACTIVE,FTE,691,83,667,1022.0
3084,Pari,Das,pari.das3084@example.com,+91-9106581984,O,1968-11-18,2020-11-21,ACTIVE,FTE,876,672,4,1536.0
3085,Riya,Yadav,riya.yadav3085@example.com,+91-9589699949,F,1985-04-01,2024-08-20,ACTIVE,FTE,627,812,935,1420.0
3086,Aanya,Desai,aanya.desai3086@example.com,+91-9484832266,M,1993-03-20,2017-02-17,ACTIVE,FTE,957,12,832,2371.0
3087,Meera,Mukherjee,meera.mukherjee3087@example.com,+91-9457352981,F,1982-07-03,2024-05-25,ACTIVE,FTE,767,176,167,2387.0
3088,Krishna,Singh,krishna.singh3088@example.com,+91-9808076008,O,1977-11-09,2015-08-03,ACTIVE,FTE,360,302,99,853.0
3089,Diya,Reddy,diya.reddy3089@example.com,+91-9346293189,F,1971-10-10,2015-06-10,ACTIVE,FTE,351,110,689,1757.0
3090,Diya,Das,diya.das3090@example.com,+91-9251039828,M,1965-09-01,2020-09-13,ACTIVE,FTE,504,244,509,584.0
3091,Samar,Gupta,samar.gupta3091@example.com,+91-9313376153,O,1993-07-27,2023-04-14,LEAVE,FTE,478,890,984,2906.0
3092,Reyansh,Singh,reyansh.singh3092@example.com,+91-9802056596,O,2002-02-01,2016-11-27,ACTIVE,FTE,65,909,812,2549.0
3093,Aisha,Mukherjee,aisha.mukherjee3093@example.com,+91-9249280131,M,1980-08-28,2021-01-04,INACTIVE,FTE,454,760,699,1312.0
3094,Arjun,Pandey,arjun.pandey3094@example.com,+91-9175516523,M,1975-12-22,2022-07-04,ACTIVE,CONTRACTOR,434,251,776,891.0
3095,Om,Gowda,om.gowda3095@example.com,+91-9157808297,F,1979-01-04,2019-01-22,INACTIVE,FTE,17,548,516,987.0
3096,Ira,Pillai,ira.pillai3096@example.com,+91-9960245981,M,2004-07-27,2019-05-31,ACTIVE,FTE,241,834,951,2087.0
3097,Ritvik,Bhandari,ritvik.bhandari3097@example.com,+91-9172716246,O,1993-05-30,2020-01-25,ACTIVE,FTE,95,694,39,529.0
3098,Shaurya,Mishra,shaurya.mishra3098@example.com,+91-9167303380,F,1970-02-28,2019-04-21,ACTIVE,FTE,47,138,531,1732.0
3099,Riya,Chauhan,riya.chauhan3099@example.com,+91-9716265887,F,2001-04-08,2022-07-31,ACTIVE,FTE,189,778,66,2485.0
3100,Aarav,Singh,aarav.singh3100@example.com,+91-9429409906,F,1973-09-26,2015-05-09,ACTIVE,FTE,681,508,262,840.0
3101,Rohan,Reddy,rohan.reddy3101@example.com,+91-9170475886,M,1967-12-15,2021-12-31,ACTIVE,CONTRACTOR,825,22,302,8.0
3102,Dev,Reddy,dev.reddy3102@example.com,+91-9150814965,O,1978-07-25,2017-01-27,ACTIVE,FTE,984,764,467,546.0
3103,Saanvi,Mukherjee,saanvi.mukherjee3103@example.com,+91-9598487737,M,1974-12-27,2017-03-05,ACTIVE,FTE,366,434,774,2837.0
3104,Sai,Chauhan,sai.chauhan3104@example.com,+91-9695191883,F,1990-09-16,2016-04-21,ACTIVE,FTE,615,913,777,2385.0
3105,Riya,Pandey,riya.pandey3105@example.com,+91-9636979426,F,1995-11-23,2023-05-10,ACTIVE,FTE,940,380,886,
3106,Pari,Pawar,pari.pawar3106@example.com,+91-9590132581,O,1970-03-16,2017-03-11,ACTIVE,FTE,87,546,995,2518.0
3107,Aryan,Sharma,aryan.sharma3107@example.com,+91-9893778535,O,1983-11-26,2023-08-15,ACTIVE,FTE,370,120,602,1400.0
3108,Anika,Thakur,anika.thakur3108@example.com,+91-9696485690,O,1999-09-11,2016-06-09,ACTIVE,FTE,849,742,229,2206.0
3109,Vihaan,Chauhan,vihaan.chauhan3109@example.com,+91-9473486027,F,2004-05-20,2021-11-07,ACTIVE,FTE,42,254,642,439.0
3110,Anaya,Verma,anaya.verma3110@example.com,+91-9520152619,O,1987-07-23,2025-07-18,ACTIVE,FTE,786,553,653,2711.0
3111,Rohan,Sharma,rohan.sharma3111@example.com,+91-9823994171,O,1989-08-13,2019-09-30,LEAVE,FTE,786,242,598,333.0
3112,Anaya,Kulkarni,anaya.kulkarni3112@example.com,+91-9158564794,O,1967-02-12,2021-12-26,ACTIVE,FTE,431,918,468,
3113,Pari,Joshi,pari.joshi3113@example.com,+91-9485517729,O,1970-01-31,2021-01-15,ACTIVE,FTE,286,191,57,1419.0
3114,Diya,Das,diya.das3114@example.com,+91-9914803337,O,1987-11-27,2018-09-23,ACTIVE,FTE,960,778,870,
3115,Aditi,Pawar,aditi.pawar3115@example.com,+91-9276890855,O,1993-02-12,2022-10-04,ACTIVE,INTERN,896,539,551,2408.0
3116,Rohan,Pillai,rohan.pillai3116@example.com,+91-9397675399,M,1972-03-15,2015-07-14,ACTIVE,FTE,144,696,683,
3117,Meera,Mishra,meera.mishra3117@example.com,+91-9817975210,F,1998-08-26,2016-02-27,INACTIVE,FTE,303,413,109,1504.0
3118,Zara,Bhandari,zara.bhandari3118@example.com,+91-9619127738,M,1966-01-24,2019-10-03,ACTIVE,CONTRACTOR,976,711,319,1675.0
3119,Mira,Desai,mira.desai3119@example.com,+91-9163666574,O,1982-07-01,2019-08-26,ACTIVE,FTE,789,300,308,2039.0
3120,Samar,Rao,samar.rao3120@example.com,+91-9347959716,M,2002-05-02,2022-01-19,ACTIVE,FTE,17,121,515,57.0
3121,Aryan,Ghosh,aryan.ghosh3121@example.com,+91-9362287149,M,1996-07-10,2015-10-20,ACTIVE,FTE,230,805,773,
3122,Om,Saxena,om.saxena3122@example.com,+91-9745017365,O,1990-08-08,2022-03-14,ACTIVE,FTE,629,896,495,1051.0
3123,Aditya,Mukherjee,aditya.mukherjee3123@example.com,+91-9738662864,O,1979-07-20,2015-12-21,ACTIVE,INTERN,526,104,823,2558.0
3124,Aanya,Thakur,aanya.thakur3124@example.com,+91-9666287551,M,2004-01-09,2017-06-05,ACTIVE,FTE,165,291,479,
3125,Krishna,Thakur,krishna.thakur3125@example.com,+91-9483619073,O,1978-01-16,2016-01-03,ACTIVE,FTE,296,251,140,1083.0
3126,Myra,Saxena,myra.saxena3126@example.com,+91-9977117768,F,1990-04-15,2016-08-25,ACTIVE,FTE,475,377,609,
3127,Aditya,Patel,aditya.patel3127@example.com,+91-9509453193,O,1981-09-21,2019-08-13,ACTIVE,FTE,278,203,747,1451.0
3128,Saanvi,Mishra,saanvi.mishra3128@example.com,+91-9232577235,M,1966-12-06,2020-08-16,ACTIVE,FTE,94,897,665,842.0
3129,Ira,Kulkarni,ira.kulkarni3129@example.com,+91-9112434255,F,1972-06-07,2016-02-17,ACTIVE,FTE,923,28,656,1554.0
3130,Krishna,Jadhav,krishna.jadhav3130@example.com,+91-9432099732,F,1992-05-11,2024-12-01,ACTIVE,FTE,370,893,132,2765.0
3131,Aryan,Joshi,aryan.joshi3131@example.com,+91-9385093681,O,1993-11-04,2022-06-13,ACTIVE,CONTRACTOR,767,773,375,2296.0
3132,Rohan,Ghosh,rohan.ghosh3132@example.com,+91-9712972809,O,1993-11-19,2017-01-15,ACTIVE,FTE,987,702,321,2545.0
3133,Meera,Mishra,meera.mishra3133@example.com,+91-9325114468,F,1983-05-21,2017-05-30,ACTIVE,FTE,547,282,872,1289.0
3134,Anaya,Yadav,anaya.yadav3134@example.com,+91-9757173843,O,1975-07-01,2021-10-30,ACTIVE,FTE,640,378,62,1105.0
3135,Om,Sharma,om.sharma3135@example.com,+91-9160090312,O,1977-06-14,2018-04-04,ACTIVE,FTE,380,608,236,2094.0
3136,Dhruv,Pawar,dhruv.pawar3136@example.com,+91-9633729477,O,1987-09-06,2017-12-01,ACTIVE,FTE,29,949,826,187.0
3137,Aanya,Iyer,aanya.iyer3137@example.com,+91-9484537589,M,2004-11-14,2022-09-03,ACTIVE,FTE,808,809,843,539.0
3138,Yuvraj,Bhandari,yuvraj.bhandari3138@example.com,+91-9952898555,O,1997-03-19,2023-05-18,ACTIVE,FTE,798,932,281,1084.0
3139,Ritvik,Sharma,ritvik.sharma3139@example.com,+91-9245724739,F,1985-10-31,2022-04-08,ACTIVE,FTE,446,9,396,2094.0
3140,Om,Yadav,om.yadav3140@example.com,+91-9596752722,O,1994-07-24,2017-02-21,INACTIVE,FTE,373,826,374,2036.0
3141,Kabir,Pillai,kabir.pillai3141@example.com,+91-9208099870,M,2003-04-12,2020-12-24,INACTIVE,CONTRACTOR,669,824,389,
3142,Ishaan,Patel,ishaan.patel3142@example.com,+91-9567146288,M,1982-04-19,2015-06-01,ACTIVE,CONTRACTOR,260,830,363,2471.0
3143,Sai,Mukherjee,sai.mukherjee3143@example.com,+91-9897976063,F,1994-07-18,2016-01-11,ACTIVE,INTERN,875,834,228,2590.0
3144,Pari,Patel,pari.patel3144@example.com,+91-9858772079,F,1994-12-20,2024-08-03,ACTIVE,INTERN,370,685,961,427.0
3145,Dev,Singh,dev.singh3145@example.com,+91-9830571229,O,1973-06-19,2021-09-15,ACTIVE,FTE,381,61,665,3071.0
3146,Aditi,Mishra,aditi.mishra3146@example.com,+91-9715476610,F,1981-10-11,2025-03-01,ACTIVE,FTE,971,274,961,2281.0
3147,Shaurya,Pawar,shaurya.pawar3147@example.com,+91-9381925338,F,1981-07-10,2022-04-09,ACTIVE,CONTRACTOR,606,933,271,2974.0
3148,Om,Gowda,om.gowda3148@example.com,+91-9307281206,O,1989-02-11,2025-08-08,ACTIVE,FTE,520,897,119,2971.0
3149,Krishna,Chauhan,krishna.chauhan3149@example.com,+91-9400496965,M,1984-08-04,2017-06-12,ACTIVE,FTE,235,136,871,2797.0
3150,Aryan,Singh,aryan.singh3150@example.com,+91-9862885079,M,1979-03-15,2021-09-15,LEAVE,CONTRACTOR,488,397,105,1109.0
3151,Yuvraj,Sharma,yuvraj.sharma3151@example.com,+91-9185314257,M,1983-12-06,2021-08-16,ACTIVE,FTE,83,168,566,2068.0
3152,Vihaan,Naidu,vihaan.naidu3152@example.com,+91-9932090768,O,1965-06-12,2017-04-24,ACTIVE,FTE,545,736,618,1954.0
3153,Dev,Pawar,dev.pawar3153@example.com,+91-9937350828,F,1988-01-14,2024-12-30,ACTIVE,FTE,955,539,736,1812.0
3154,Kiara,Chauhan,kiara.chauhan3154@example.com,+91-9980381933,O,1983-07-29,2018-02-08,ACTIVE,FTE,716,272,223,939.0
3155,Pari,Singh,pari.singh3155@example.com,+91-9985699353,F,1974-01-24,2022-06-29,ACTIVE,FTE,429,789,765,327.0
3156,Ishaan,Sharma,ishaan.sharma3156@example.com,+91-9772849966,F,1965-10-24,2017-05-07,ACTIVE,FTE,775,170,70,2573.0
3157,Mira,Chandra,mira.chandra3157@example.com,+91-9482760663,F,2003-09-27,2021-07-05,INACTIVE,CONTRACTOR,352,222,896,1480.0
3158,Ritvik,Reddy,ritvik.reddy3158@example.com,+91-9132557140,O,1966-10-17,2021-01-21,ACTIVE,FTE,573,200,68,910.0
3159,Aisha,Naidu,aisha.naidu3159@example.com,+91-9213226432,M,1968-07-09,2023-02-07,ACTIVE,FTE,479,461,871,933.0
3160,Meera,Chauhan,meera.chauhan3160@example.com,+91-9271701027,O,1978-02-13,2019-09-06,INACTIVE,FTE,530,349,53,3143.0
3161,Pari,Pawar,pari.pawar3161@example.com,+91-9119904289,M,1990-05-23,2025-04-26,ACTIVE,CONTRACTOR,28,539,153,2934.0
3162,Ishita,Sharma,ishita.sharma3162@example.com,+91-9230178980,O,1997-02-15,2017-07-25,ACTIVE,FTE,644,490,88,3086.0
3163,Aditi,Bose,aditi.bose3163@example.com,+91-9241094925,M,1984-01-03,2020-11-27,ACTIVE,FTE,659,717,332,155.0
3164,Dhruv,Iyer,dhruv.iyer3164@example.com,+91-9594183256,F,1987-04-24,2025-07-23,INACTIVE,CONTRACTOR,529,739,476,471.0
3165,Sara,Pillai,sara.pillai3165@example.com,+91-9103248317,O,1967-01-05,2018-05-13,ACTIVE,FTE,959,565,539,1778.0
3166,Dev,Iyer,dev.iyer3166@example.com,+91-9150551042,F,1996-08-20,2020-09-20,ACTIVE,INTERN,752,287,125,99.0
3167,Aanya,Joshi,aanya.joshi3167@example.com,+91-9681119550,F,2002-03-05,2022-03-14,ACTIVE,FTE,718,801,497,2797.0
3168,Aarav,Rao,aarav.rao3168@example.com,+91-9288952266,M,1988-01-21,2024-10-13,ACTIVE,FTE,45,304,634,1793.0
3169,Aarohi,Desai,aarohi.desai3169@example.com,+91-9409272645,O,1984-10-27,2021-09-10,ACTIVE,FTE,440,979,348,512.0
3170,Rohan,Sharma,rohan.sharma3170@example.com,+91-9839566314,F,1985-12-28,2018-11-05,ACTIVE,FTE,679,332,936,
3171,Aarohi,Gupta,aarohi.gupta3171@example.com,+91-9716321691,F,1972-03-20,2023-04-15,INACTIVE,FTE,199,952,303,825.0
3172,Krishna,Desai,krishna.desai3172@example.com,+91-9550397332,O,1990-09-13,2022-08-22,ACTIVE,FTE,570,916,696,2847.0
3173,Aanya,Das,aanya.das3173@example.com,+91-9524441191,O,1989-06-29,2024-01-25,ACTIVE,FTE,78,981,770,
3174,Navya,Mehta,navya.mehta3174@example.com,+91-9677646321,O,1975-04-17,2022-04-18,ACTIVE,FTE,459,640,242,1844.0
3175,Anaya,Singh,anaya.singh3175@example.com,+91-9562954633,O,1995-12-07,2023-01-16,ACTIVE,INTERN,286,589,218,449.0
3176,Yuvraj,Naidu,yuvraj.naidu3176@example.com,+91-9572871465,M,2000-06-28,2017-07-03,INACTIVE,FTE,253,959,450,1108.0
3177,Dev,Sharma,dev.sharma3177@example.com,+91-9944356404,O,1997-10-31,2025-01-09,ACTIVE,FTE,822,522,859,1614.0
3178,Reyansh,Desai,reyansh.desai3178@example.com,+91-9270763007,F,1974-07-01,2015-11-08,LEAVE,FTE,964,983,226,2971.0
3179,Dhruv,Ghosh,dhruv.ghosh3179@example.com,+91-9105218031,M,1998-10-11,2017-01-02,ACTIVE,FTE,496,190,75,1021.0
3180,Riya,Mukherjee,riya.mukherjee3180@example.com,+91-9252322628,O,1988-03-26,2022-10-15,ACTIVE,CONTRACTOR,358,807,602,959.0
3181,Om,Khan,om.khan3181@example.com,+91-9627320379,O,1988-03-02,2021-08-10,ACTIVE,FTE,553,804,742,1367.0
3182,Dhruv,Desai,dhruv.desai3182@example.com,+91-9982416447,O,1968-02-22,2018-07-01,ACTIVE,CONTRACTOR,276,75,841,1008.0
3183,Aarohi,Ghosh,aarohi.ghosh3183@example.com,+91-9746460780,F,1977-11-12,2017-02-15,ACTIVE,FTE,750,959,549,2784.0
3184,Sara,Saxena,sara.saxena3184@example.com,+91-9992886483,F,1966-11-18,2023-06-24,ACTIVE,FTE,26,511,279,407.0
3185,Ritvik,Jadhav,ritvik.jadhav3185@example.com,+91-9624201681,F,1995-04-18,2015-07-15,INACTIVE,FTE,751,606,82,2706.0
3186,Dev,Singh,dev.singh3186@example.com,+91-9640880220,O,1991-05-16,2024-07-10,ACTIVE,FTE,653,846,868,977.0
3187,Pari,Desai,pari.desai3187@example.com,+91-9893552486,F,1977-09-09,2016-05-07,INACTIVE,CONTRACTOR,725,502,820,26.0
3188,Samar,Naidu,samar.naidu3188@example.com,+91-9172014357,F,1999-02-19,2022-06-09,ACTIVE,FTE,298,779,553,1260.0
3189,Aryan,Chauhan,aryan.chauhan3189@example.com,+91-9637482820,F,1999-06-06,2021-02-24,INACTIVE,FTE,257,112,744,2061.0
3190,Reyansh,Desai,reyansh.desai3190@example.com,+91-9718734932,O,1979-02-07,2019-05-24,ACTIVE,FTE,649,165,140,897.0
3191,Mira,Pandey,mira.pandey3191@example.com,+91-9248833719,O,1975-11-02,2017-02-01,ACTIVE,FTE,15,473,716,867.0
3192,Aarav,Mishra,aarav.mishra3192@example.com,+91-9490174758,O,1983-08-03,2023-09-14,ACTIVE,FTE,430,465,946,292.0
3193,Yuvraj,Reddy,yuvraj.reddy3193@example.com,+91-9190751551,M,1996-08-15,2021-06-18,ACTIVE,FTE,428,562,604,2363.0
3194,Aarohi,Pawar,aarohi.pawar3194@example.com,+91-9907277180,F,1986-02-07,2021-04-21,ACTIVE,FTE,943,806,839,1844.0
3195,Aadhya,Saxena,aadhya.saxena3195@example.com,+91-9478803887,M,1997-03-31,2022-05-14,ACTIVE,CONTRACTOR,493,997,404,
3196,Aarav,Verma,aarav.verma3196@example.com,+91-9490580868,M,1988-04-11,2017-05-17,ACTIVE,FTE,902,329,949,2012.0
3197,Dev,Rao,dev.rao3197@example.com,+91-9487183599,F,2001-07-25,2023-11-02,ACTIVE,FTE,572,514,500,1918.0
3198,Yuvraj,Gupta,yuvraj.gupta3198@example.com,+91-9752109446,M,1976-05-04,2015-01-31,ACTIVE,FTE,568,371,709,
3199,Ishita,Saxena,ishita.saxena3199@example.com,+91-9166253594,F,2001-06-28,2022-12-14,ACTIVE,FTE,539,443,804,143.0
3200,Saanvi,Gupta,saanvi.gupta3200@example.com,+91-9375890588,M,1985-10-11,2022-01-22,LEAVE,FTE,599,39,252,360.0
3201,Aditya,Singh,aditya.singh3201@example.com,+91-9184804087,M,1971-01-21,2024-04-03,ACTIVE,INTERN,841,920,245,82.0
3202,Ishaan,Pillai,ishaan.pillai3202@example.com,+91-9634887354,F,1999-08-05,2019-06-22,ACTIVE,FTE,258,514,545,2143.0
3203,Aadhya,Gupta,aadhya.gupta3203@example.com,+91-9591192938,F,1984-09-14,2021-01-17,ACTIVE,FTE,352,77,284,2493.0
3204,Diya,Mehta,diya.mehta3204@example.com,+91-9638665231,F,2000-08-11,2018-08-04,ACTIVE,CONTRACTOR,981,586,901,2664.0
3205,Sai,Pawar,sai.pawar3205@example.com,+91-9805502154,M,1981-06-09,2020-08-01,ACTIVE,FTE,435,936,633,1014.0
3206,Zara,Bhandari,zara.bhandari3206@example.com,+91-9801503805,O,2004-02-21,2021-01-17,ACTIVE,FTE,448,681,257,
3207,Shaurya,Ghosh,shaurya.ghosh3207@example.com,+91-9564033619,M,1991-05-05,2015-10-13,ACTIVE,FTE,768,598,114,3011.0
3208,Samar,Bose,samar.bose3208@example.com,+91-9960827011,O,1993-11-22,2025-04-03,ACTIVE,FTE,721,972,173,1612.0
3209,Zara,Mishra,zara.mishra3209@example.com,+91-9566118961,F,1974-05-08,2022-05-05,ACTIVE,FTE,120,497,990,784.0
3210,Aisha,Das,aisha.das3210@example.com,+91-9751457979,M,1968-04-23,2016-07-16,ACTIVE,FTE,671,953,837,316.0
3211,Meera,Ghosh,meera.ghosh3211@example.com,+91-9933057819,F,1973-08-28,2015-02-26,ACTIVE,INTERN,466,163,104,509.0
3212,Arjun,Rao,arjun.rao3212@example.com,+91-9390621046,F,1967-10-28,2019-08-30,INACTIVE,FTE,392,176,847,2962.0
3213,Reyansh,Gupta,reyansh.gupta3213@example.com,+91-9828118684,F,1967-06-06,2016-08-06,ACTIVE,FTE,223,648,811,869.0
3214,Vivaan,Verma,vivaan.verma3214@example.com,+91-9396905994,M,1975-08-05,2019-11-25,ACTIVE,FTE,132,331,247,375.0
3215,Ritvik,Sharma,ritvik.sharma3215@example.com,+91-9393834186,M,1998-08-27,2020-05-04,ACTIVE,CONTRACTOR,775,540,859,2755.0
3216,Aditya,Gupta,aditya.gupta3216@example.com,+91-9916008225,O,1984-04-07,2024-01-02,ACTIVE,FTE,355,51,500,60.0
3217,Ishita,Singh,ishita.singh3217@example.com,+91-9126246004,M,1981-10-17,2018-02-17,ACTIVE,CONTRACTOR,656,963,904,1908.0
3218,Samar,Kulkarni,samar.kulkarni3218@example.com,+91-9619923482,M,1965-04-08,2020-02-22,INACTIVE,FTE,25,930,635,
3219,Riya,Khan,riya.khan3219@example.com,+91-9776027617,O,1981-01-13,2020-08-03,ACTIVE,FTE,951,133,775,1945.0
3220,Kabir,Chauhan,kabir.chauhan3220@example.com,+91-9341851653,F,1994-09-06,2021-01-12,ACTIVE,FTE,67,449,131,1949.0
3221,Anaya,Mishra,anaya.mishra3221@example.com,+91-9464627297,O,2002-12-07,2016-10-25,ACTIVE,CONTRACTOR,185,931,399,434.0
3222,Ritvik,Rao,ritvik.rao3222@example.com,+91-9174060410,F,1979-10-12,2024-10-25,ACTIVE,FTE,273,184,474,569.0
3223,Aditya,Thakur,aditya.thakur3223@example.com,+91-9269219028,F,1971-09-08,2018-07-14,INACTIVE,FTE,228,652,256,1789.0
3224,Meera,Bose,meera.bose3224@example.com,+91-9302876886,M,2001-09-20,2025-06-06,ACTIVE,FTE,186,914,295,1939.0
3225,Aisha,Iyer,aisha.iyer3225@example.com,+91-9217727467,M,1973-12-15,2025-04-05,LEAVE,CONTRACTOR,227,461,942,2460.0
3226,Sara,Naidu,sara.naidu3226@example.com,+91-9409048027,M,1981-07-01,2024-08-26,ACTIVE,FTE,474,684,943,
3227,Sai,Pillai,sai.pillai3227@example.com,+91-9801630818,O,1971-02-05,2022-03-03,INACTIVE,FTE,182,35,854,1604.0
3228,Anaya,Gowda,anaya.gowda3228@example.com,+91-9521224603,F,1971-01-18,2015-10-12,ACTIVE,FTE,258,195,404,884.0
3229,Dev,Kulkarni,dev.kulkarni3229@example.com,+91-9258220351,M,1979-04-24,2017-09-23,ACTIVE,FTE,814,429,603,
3230,Aarav,Joshi,aarav.joshi3230@example.com,+91-9356599065,F,1968-11-02,2022-11-19,ACTIVE,FTE,911,981,453,2049.0
3231,Aryan,Mehta,aryan.mehta3231@example.com,+91-9817962040,F,1999-08-12,2015-10-19,LEAVE,FTE,904,943,457,1310.0
3232,Krishna,Sharma,krishna.sharma3232@example.com,+91-9814684156,F,1979-11-09,2018-03-16,ACTIVE,FTE,41,15,45,246.0
3233,Dhruv,Joshi,dhruv.joshi3233@example.com,+91-9404605838,F,1974-07-25,2020-10-26,ACTIVE,CONTRACTOR,661,981,488,1355.0
3234,Aadhya,Yadav,aadhya.yadav3234@example.com,+91-9410628048,F,1993-02-12,2017-01-19,ACTIVE,FTE,317,988,474,989.0
3235,Anika,Joshi,anika.joshi3235@example.com,+91-9819571094,F,1979-09-28,2018-09-30,ACTIVE,FTE,388,363,665,3116.0
3236,Mira,Mishra,mira.mishra3236@example.com,+91-9319057280,F,1969-06-06,2020-09-07,ACTIVE,FTE,206,341,124,2028.0
3237,Arjun,Saxena,arjun.saxena3237@example.com,+91-9855523019,O,2000-01-10,2021-03-27,ACTIVE,FTE,512,406,583,1471.0
3238,Aadhya,Thakur,aadhya.thakur3238@example.com,+91-9345528382,O,2004-06-18,2021-12-12,ACTIVE,FTE,43,805,951,3151.0
3239,Kabir,Mehta,kabir.mehta3239@example.com,+91-9194785319,M,1986-06-03,2017-08-11,ACTIVE,FTE,755,279,529,573.0
3240,Aisha,Khan,aisha.khan3240@example.com,+91-9495422747,O,1977-07-10,2017-03-05,ACTIVE,FTE,347,362,492,2597.0
3241,Mohammed,Mehta,mohammed.mehta3241@example.com,+91-9429515203,M,1973-11-17,2018-11-29,ACTIVE,FTE,280,72,292,1760.0
3242,Aditya,Khan,aditya.khan3242@example.com,+91-9230845913,M,1997-02-10,2015-10-15,ACTIVE,FTE,499,159,184,585.0
3243,Meera,Mukherjee,meera.mukherjee3243@example.com,+91-9752143052,O,1978-08-19,2021-02-25,ACTIVE,FTE,914,688,195,681.0
3244,Aadhya,Sharma,aadhya.sharma3244@example.com,+91-9826784775,O,1970-12-02,2020-03-14,ACTIVE,CONTRACTOR,571,267,27,1772.0
3245,Aditi,Pillai,aditi.pillai3245@example.com,+91-9415742354,F,1987-05-08,2018-05-16,ACTIVE,CONTRACTOR,480,552,957,2689.0
3246,Aarohi,Mehta,aarohi.mehta3246@example.com,+91-9505107543,O,1966-08-21,2015-11-09,INACTIVE,FTE,160,319,311,1607.0
3247,Om,Bhandari,om.bhandari3247@example.com,+91-9325874056,O,2003-03-31,2018-10-11,ACTIVE,FTE,5,697,991,1267.0
3248,Anika,Verma,anika.verma3248@example.com,+91-9779905838,F,1975-10-22,2021-01-20,INACTIVE,FTE,335,344,594,3225.0
3249,Aryan,Rao,aryan.rao3249@example.com,+91-9253280339,F,1997-06-11,2018-02-19,ACTIVE,FTE,871,150,216,3187.0
3250,Sara,Das,sara.das3250@example.com,+91-9980508714,O,1975-10-23,2023-04-20,ACTIVE,CONTRACTOR,736,848,904,2214.0
3251,Ishita,Bhandari,ishita.bhandari3251@example.com,+91-9830076959,M,1976-04-10,2023-01-21,INACTIVE,FTE,277,479,182,2753.0
3252,Samar,Joshi,samar.joshi3252@example.com,+91-9882615711,O,1982-02-09,2022-04-28,ACTIVE,FTE,362,103,960,2456.0
3253,Myra,Iyer,myra.iyer3253@example.com,+91-9913629336,O,2002-03-19,2015-10-27,INACTIVE,CONTRACTOR,406,173,515,1582.0
3254,Mira,Bhandari,mira.bhandari3254@example.com,+91-9120407901,M,2000-07-04,2023-01-04,INACTIVE,FTE,174,279,996,1044.0
3255,Meera,Naidu,meera.naidu3255@example.com,+91-9816423089,F,1970-09-04,2023-11-07,INACTIVE,FTE,332,428,820,
3256,Yuvraj,Sharma,yuvraj.sharma3256@example.com,+91-9230250376,F,2003-03-17,2024-03-10,ACTIVE,FTE,890,104,558,114.0
3257,Aditi,Das,aditi.das3257@example.com,+91-9630385067,F,1977-12-21,2019-07-23,ACTIVE,FTE,824,139,661,834.0
3258,Ishita,Pillai,ishita.pillai3258@example.com,+91-9182440689,F,1981-11-09,2025-05-17,ACTIVE,FTE,795,690,898,114.0
3259,Dhruv,Reddy,dhruv.reddy3259@example.com,+91-9263104072,M,1999-02-08,2021-03-30,ACTIVE,FTE,157,247,594,
3260,Arjun,Thakur,arjun.thakur3260@example.com,+91-9924658763,M,1978-04-05,2019-02-15,ACTIVE,FTE,779,703,223,1193.0
3261,Aditi,Yadav,aditi.yadav3261@example.com,+91-9619590683,M,1977-01-28,2016-05-09,ACTIVE,FTE,251,126,563,1747.0
3262,Vivaan,Saxena,vivaan.saxena3262@example.com,+91-9930306578,F,1972-08-25,2018-02-10,ACTIVE,FTE,920,869,972,2717.0
3263,Kiara,Joshi,kiara.joshi3263@example.com,+91-9212956407,O,1986-10-16,2021-10-14,INACTIVE,FTE,15,8,716,
3264,Aditi,Joshi,aditi.joshi3264@example.com,+91-9415707897,F,1970-05-23,2022-11-16,ACTIVE,FTE,983,905,218,714.0
3265,Mira,Jadhav,mira.jadhav3265@example.com,+91-9435669043,F,1982-07-03,2018-09-21,ACTIVE,FTE,797,493,117,298.0
3266,Kiara,Mishra,kiara.mishra3266@example.com,+91-9585541825,M,1994-08-18,2025-07-12,ACTIVE,FTE,642,60,920,2263.0
3267,Rohan,Chauhan,rohan.chauhan3267@example.com,+91-9354922902,O,1974-07-28,2024-01-26,INACTIVE,CONTRACTOR,865,261,55,
3268,Mira,Patel,mira.patel3268@example.com,+91-9221607652,F,2002-02-09,2018-06-09,ACTIVE,FTE,657,117,184,688.0
3269,Aarav,Patel,aarav.patel3269@example.com,+91-9833624527,O,1990-07-01,2025-03-19,INACTIVE,FTE,272,715,78,569.0
3270,Diya,Khan,diya.khan3270@example.com,+91-9219940358,M,1995-09-07,2021-07-16,ACTIVE,FTE,890,44,906,903.0
3271,Navya,Mehta,navya.mehta3271@example.com,+91-9630543816,O,2003-05-20,2020-11-21,ACTIVE,FTE,978,928,763,1583.0
3272,Vihaan,Reddy,vihaan.reddy3272@example.com,+91-9676618262,F,1970-09-05,2021-10-27,ACTIVE,FTE,823,444,946,3040.0
3273,Rohan,Gowda,rohan.gowda3273@example.com,+91-9564189589,F,1965-06-25,2018-01-20,ACTIVE,FTE,520,407,896,694.0
3274,Kabir,Mukherjee,kabir.mukherjee3274@example.com,+91-9324106796,O,1966-01-27,2017-11-26,ACTIVE,FTE,307,86,495,1385.0
3275,Vihaan,Mishra,vihaan.mishra3275@example.com,+91-9813762779,F,1965-10-24,2021-02-21,ACTIVE,FTE,535,288,799,
3276,Vihaan,Mehta,vihaan.mehta3276@example.com,+91-9579512672,M,1986-12-09,2020-06-09,ACTIVE,FTE,328,168,561,2005.0
3277,Kabir,Pillai,kabir.pillai3277@example.com,+91-9803355542,O,1998-10-17,2023-07-31,ACTIVE,FTE,504,51,752,
3278,Kabir,Patel,kabir.patel3278@example.com,+91-9451836293,O,1995-08-04,2021-09-06,ACTIVE,FTE,42,348,957,1319.0
3279,Aarav,Iyer,aarav.iyer3279@example.com,+91-9688945143,M,1998-11-10,2017-10-12,ACTIVE,FTE,610,454,249,564.0
3280,Aisha,Patel,aisha.patel3280@example.com,+91-9987358543,M,1973-01-07,2024-04-22,INACTIVE,FTE,370,111,93,259.0
3281,Samar,Patel,samar.patel3281@example.com,+91-9131643393,M,1994-01-26,2018-04-29,LEAVE,FTE,75,908,633,1491.0
3282,Om,Sharma,om.sharma3282@example.com,+91-9961110892,M,1992-04-21,2020-05-10,ACTIVE,FTE,654,731,852,1945.0
3283,Sai,Mehta,sai.mehta3283@example.com,+91-9697162217,F,1968-05-03,2021-09-07,ACTIVE,FTE,832,879,451,2090.0
3284,Mohammed,Joshi,mohammed.joshi3284@example.com,+91-9748717195,M,1971-02-05,2017-10-13,INACTIVE,FTE,261,850,58,2705.0
3285,Om,Joshi,om.joshi3285@example.com,+91-9233462931,M,1985-04-06,2024-03-28,ACTIVE,CONTRACTOR,556,674,534,256.0
3286,Yuvraj,Saxena,yuvraj.saxena3286@example.com,+91-9463276923,M,1987-10-26,2021-12-03,ACTIVE,FTE,476,450,427,2394.0
3287,Yuvraj,Rao,yuvraj.rao3287@example.com,+91-9455522547,M,1992-02-28,2015-06-30,ACTIVE,FTE,157,810,97,1256.0
3288,Saanvi,Bose,saanvi.bose3288@example.com,+91-9346963817,F,1996-10-04,2015-09-07,ACTIVE,FTE,211,569,5,1434.0
3289,Sara,Verma,sara.verma3289@example.com,+91-9479367269,O,1976-01-14,2022-06-29,ACTIVE,FTE,883,195,747,2529.0
3290,Aditi,Joshi,aditi.joshi3290@example.com,+91-9635637058,M,1977-06-05,2024-01-20,ACTIVE,FTE,486,803,242,2057.0
3291,Pari,Khan,pari.khan3291@example.com,+91-9851649063,F,1977-12-10,2018-08-28,ACTIVE,FTE,484,914,701,670.0
3292,Vihaan,Pandey,vihaan.pandey3292@example.com,+91-9922261571,F,1981-07-07,2024-10-14,ACTIVE,FTE,201,732,621,1263.0
3293,Dev,Yadav,dev.yadav3293@example.com,+91-9521871685,O,1984-06-18,2019-07-15,ACTIVE,FTE,600,571,239,3109.0
3294,Diya,Gupta,diya.gupta3294@example.com,+91-9266989293,F,1981-04-25,2025-04-03,ACTIVE,FTE,427,678,465,3232.0
3295,Ritvik,Ghosh,ritvik.ghosh3295@example.com,+91-9541320138,F,1980-05-12,2018-12-29,LEAVE,CONTRACTOR,962,400,646,428.0
3296,Mohammed,Jadhav,mohammed.jadhav3296@example.com,+91-9374261541,O,1983-05-22,2016-01-03,ACTIVE,FTE,137,95,384,804.0
3297,Ira,Khan,ira.khan3297@example.com,+91-9309334853,F,1993-04-13,2018-08-08,ACTIVE,FTE,541,570,430,890.0
3298,Pari,Sharma,pari.sharma3298@example.com,+91-9429083335,M,1984-04-12,2019-09-11,ACTIVE,FTE,734,121,758,2673.0
3299,Yuvraj,Bose,yuvraj.bose3299@example.com,+91-9709487086,F,1984-10-08,2017-07-04,ACTIVE,FTE,348,272,911,1201.0
3300,Saanvi,Joshi,saanvi.joshi3300@example.com,+91-9924929447,F,1984-08-27,2017-11-01,ACTIVE,FTE,568,545,736,2562.0
3301,Myra,Jadhav,myra.jadhav3301@example.com,+91-9393250421,F,1999-05-31,2016-11-12,INACTIVE,FTE,640,114,126,1671.0
3302,Meera,Khan,meera.khan3302@example.com,+91-9882156447,M,1982-02-16,2021-08-04,ACTIVE,FTE,900,514,453,1807.0
3303,Anaya,Singh,anaya.singh3303@example.com,+91-9165664998,F,2000-12-14,2023-06-09,ACTIVE,FTE,832,122,369,9.0
3304,Anaya,Pillai,anaya.pillai3304@example.com,+91-9615510972,O,1973-02-11,2019-06-11,ACTIVE,CONTRACTOR,78,817,542,1139.0
3305,Reyansh,Thakur,reyansh.thakur3305@example.com,+91-9311065287,M,1980-12-19,2015-10-30,ACTIVE,FTE,910,572,176,3032.0
3306,Vihaan,Das,vihaan.das3306@example.com,+91-9674529902,O,1999-03-30,2016-07-24,ACTIVE,FTE,308,926,973,1960.0
3307,Myra,Khan,myra.khan3307@example.com,+91-9114223091,F,1985-12-30,2018-07-01,ACTIVE,INTERN,651,73,944,1703.0
3308,Anika,Das,anika.das3308@example.com,+91-9578753463,F,1991-06-29,2016-12-10,ACTIVE,FTE,886,610,642,3072.0
3309,Ishita,Reddy,ishita.reddy3309@example.com,+91-9463102302,M,1975-01-03,2016-02-01,ACTIVE,FTE,979,717,644,
3310,Navya,Iyer,navya.iyer3310@example.com,+91-9249028001,O,1983-02-13,2022-06-13,ACTIVE,FTE,105,111,923,10.0
3311,Mohammed,Iyer,mohammed.iyer3311@example.com,+91-9699064008,O,1993-04-06,2015-10-02,ACTIVE,FTE,54,192,933,677.0
3312,Zara,Desai,zara.desai3312@example.com,+91-9383761498,O,1999-10-21,2018-11-10,ACTIVE,FTE,177,62,568,328.0
3313,Meera,Yadav,meera.yadav3313@example.com,+91-9974470345,O,1985-02-06,2017-05-26,ACTIVE,CONTRACTOR,634,405,782,2477.0
3314,Sara,Verma,sara.verma3314@example.com,+91-9246474433,F,1982-10-12,2017-10-15,ACTIVE,FTE,70,293,87,1105.0
3315,Aarohi,Patel,aarohi.patel3315@example.com,+91-9871379229,F,1997-05-16,2018-10-16,LEAVE,FTE,723,865,547,278.0
3316,Aditi,Naidu,aditi.naidu3316@example.com,+91-9590654161,F,1976-07-18,2023-10-29,ACTIVE,FTE,758,614,726,1120.0
3317,Saanvi,Bhandari,saanvi.bhandari3317@example.com,+91-9346554819,M,1994-09-23,2018-08-18,INACTIVE,CONTRACTOR,720,784,624,2430.0
3318,Ira,Ghosh,ira.ghosh3318@example.com,+91-9518708510,F,1998-12-14,2023-02-17,ACTIVE,FTE,616,657,548,856.0
3319,Navya,Patel,navya.patel3319@example.com,+91-9822255403,O,1996-12-02,2020-04-21,ACTIVE,FTE,378,601,224,2990.0
3320,Krishna,Ghosh,krishna.ghosh3320@example.com,+91-9565628854,O,1965-04-21,2019-10-11,ACTIVE,FTE,58,999,243,3312.0
3321,Vihaan,Bose,vihaan.bose3321@example.com,+91-9869537111,M,1974-01-28,2024-01-11,ACTIVE,FTE,420,634,648,1743.0
3322,Meera,Desai,meera.desai3322@example.com,+91-9187926139,M,1979-05-24,2021-01-28,ACTIVE,FTE,940,403,18,1338.0
3323,Sai,Sharma,sai.sharma3323@example.com,+91-9406781191,M,1971-01-12,2023-07-07,ACTIVE,FTE,680,141,389,2685.0
3324,Mira,Patel,mira.patel3324@example.com,+91-9445369407,F,1973-11-22,2019-09-20,ACTIVE,FTE,514,358,806,960.0
3325,Aadhya,Jadhav,aadhya.jadhav3325@example.com,+91-9455249514,M,1987-11-22,2017-09-05,ACTIVE,FTE,482,792,465,2420.0
3326,Sara,Das,sara.das3326@example.com,+91-9701435888,O,1993-05-27,2021-03-02,ACTIVE,FTE,918,229,498,1033.0
3327,Diya,Das,diya.das3327@example.com,+91-9550229286,F,1975-07-13,2020-08-14,ACTIVE,FTE,339,961,838,1190.0
3328,Aditi,Bose,aditi.bose3328@example.com,+91-9732421574,O,1968-07-01,2016-05-26,ACTIVE,FTE,792,174,873,1968.0
3329,Reyansh,Gowda,reyansh.gowda3329@example.com,+91-9770200757,F,1983-08-19,2024-07-27,ACTIVE,FTE,439,336,899,3222.0
3330,Kiara,Kulkarni,kiara.kulkarni3330@example.com,+91-9140853120,F,2004-10-18,2024-08-03,ACTIVE,FTE,840,230,681,1103.0
3331,Aarav,Sharma,aarav.sharma3331@example.com,+91-9545442518,O,2003-02-16,2019-06-18,ACTIVE,FTE,732,85,964,588.0
3332,Anaya,Chauhan,anaya.chauhan3332@example.com,+91-9617623402,F,1986-10-15,2018-10-07,LEAVE,FTE,71,725,207,2492.0
3333,Ritvik,Ghosh,ritvik.ghosh3333@example.com,+91-9391112420,M,1975-12-17,2025-06-18,ACTIVE,FTE,134,741,445,90.0
3334,Aanya,Naidu,aanya.naidu3334@example.com,+91-9666087498,O,1974-07-31,2015-05-20,ACTIVE,FTE,270,907,418,
3335,Kiara,Verma,kiara.verma3335@example.com,+91-9991602143,M,1998-10-03,2018-03-19,ACTIVE,FTE,667,392,924,2471.0
3336,Dhruv,Bhandari,dhruv.bhandari3336@example.com,+91-9964791515,F,1999-07-18,2015-09-13,ACTIVE,FTE,628,68,493,
3337,Aditya,Jadhav,aditya.jadhav3337@example.com,+91-9368221798,F,1978-10-08,2018-12-08,ACTIVE,FTE,299,289,89,1235.0
3338,Navya,Sharma,navya.sharma3338@example.com,+91-9151839526,O,1977-04-20,2015-04-09,ACTIVE,CONTRACTOR,90,228,483,2214.0
3339,Aryan,Pawar,aryan.pawar3339@example.com,+91-9635443612,F,1969-07-19,2015-07-15,ACTIVE,CONTRACTOR,498,743,1000,1693.0
3340,Pari,Mehta,pari.mehta3340@example.com,+91-9763014099,M,1981-05-06,2022-01-29,ACTIVE,INTERN,387,319,366,1356.0
3341,Dhruv,Kulkarni,dhruv.kulkarni3341@example.com,+91-9875152269,M,1999-04-26,2016-11-19,ACTIVE,FTE,713,257,207,3028.0
3342,Krishna,Pandey,krishna.pandey3342@example.com,+91-9676981852,O,1968-06-09,2017-05-18,ACTIVE,FTE,323,381,211,202.0
3343,Rohan,Singh,rohan.singh3343@example.com,+91-9434283799,O,1981-12-24,2018-03-17,ACTIVE,CONTRACTOR,211,374,696,287.0
3344,Mira,Ghosh,mira.ghosh3344@example.com,+91-9553748478,M,1987-11-22,2015-06-27,ACTIVE,FTE,257,18,443,3259.0
3345,Myra,Mehta,myra.mehta3345@example.com,+91-9612724583,F,1984-02-26,2016-10-21,ACTIVE,INTERN,765,845,305,2077.0
3346,Aryan,Reddy,aryan.reddy3346@example.com,+91-9587061841,M,1993-08-02,2019-11-10,ACTIVE,FTE,262,677,140,2372.0
3347,Aditya,Khan,aditya.khan3347@example.com,+91-9815859683,M,2004-09-06,2019-10-18,ACTIVE,FTE,845,490,941,688.0
3348,Aryan,Jadhav,aryan.jadhav3348@example.com,+91-9676613258,F,1989-08-01,2023-08-18,ACTIVE,FTE,787,115,165,741.0
3349,Mira,Mukherjee,mira.mukherjee3349@example.com,+91-9991368209,O,2003-01-24,2025-04-02,INACTIVE,FTE,912,848,736,1230.0
3350,Diya,Iyer,diya.iyer3350@example.com,+91-9522607316,O,1991-02-20,2020-09-05,ACTIVE,FTE,724,718,598,3345.0
3351,Dev,Mishra,dev.mishra3351@example.com,+91-9177900291,F,1994-06-09,2019-04-12,ACTIVE,FTE,845,599,7,
3352,Aryan,Mishra,aryan.mishra3352@example.com,+91-9174224000,O,1975-08-19,2023-12-15,ACTIVE,FTE,339,262,506,3226.0
3353,Aditi,Chauhan,aditi.chauhan3353@example.com,+91-9146694864,O,1998-03-19,2025-03-11,ACTIVE,FTE,128,915,702,1850.0
3354,Meera,Pawar,meera.pawar3354@example.com,+91-9237626631,O,1980-07-20,2022-03-16,ACTIVE,FTE,976,352,926,
3355,Vihaan,Sharma,vihaan.sharma3355@example.com,+91-9852750425,F,1986-01-25,2016-04-21,ACTIVE,CONTRACTOR,34,849,651,1106.0
3356,Vivaan,Pawar,vivaan.pawar3356@example.com,+91-9236904954,O,1981-11-21,2016-10-19,ACTIVE,FTE,306,13,765,2532.0
3357,Sai,Chandra,sai.chandra3357@example.com,+91-9639918116,O,1983-04-03,2020-12-15,ACTIVE,FTE,500,354,296,2940.0
3358,Mohammed,Bose,mohammed.bose3358@example.com,+91-9830203668,M,1973-07-17,2024-07-21,ACTIVE,FTE,921,515,347,1455.0
3359,Navya,Thakur,navya.thakur3359@example.com,+91-9491707102,F,1991-08-17,2023-11-12,INACTIVE,FTE,368,761,480,1332.0
3360,Anika,Iyer,anika.iyer3360@example.com,+91-9356606375,F,1993-09-04,2022-01-20,ACTIVE,FTE,309,45,580,3057.0
3361,Samar,Desai,samar.desai3361@example.com,+91-9335239165,M,1965-12-18,2020-10-23,ACTIVE,FTE,123,713,424,294.0
3362,Aditi,Ghosh,aditi.ghosh3362@example.com,+91-9524049116,O,1993-04-06,2018-03-13,ACTIVE,FTE,381,954,77,1529.0
3363,Aarohi,Iyer,aarohi.iyer3363@example.com,+91-9434889398,O,1973-10-03,2016-05-21,INACTIVE,FTE,440,926,582,3028.0
3364,Myra,Rao,myra.rao3364@example.com,+91-9894059771,M,1998-01-29,2024-05-31,ACTIVE,FTE,772,848,520,1673.0
3365,Sai,Rao,sai.rao3365@example.com,+91-9712788238,M,1993-11-29,2018-10-26,ACTIVE,FTE,643,53,267,1593.0
3366,Reyansh,Mukherjee,reyansh.mukherjee3366@example.com,+91-9618270327,F,1988-08-26,2024-08-01,ACTIVE,FTE,137,241,5,550.0
3367,Aarohi,Rao,aarohi.rao3367@example.com,+91-9986368868,O,1965-09-06,2016-11-18,ACTIVE,FTE,111,772,621,
3368,Navya,Jadhav,navya.jadhav3368@example.com,+91-9946233990,M,1996-10-04,2015-04-16,LEAVE,FTE,355,232,832,1721.0
3369,Reyansh,Singh,reyansh.singh3369@example.com,+91-9501271767,F,1965-10-28,2022-01-11,ACTIVE,FTE,212,657,755,1863.0
3370,Meera,Das,meera.das3370@example.com,+91-9999898650,O,1984-09-09,2017-10-29,ACTIVE,FTE,820,67,2,35.0
3371,Vivaan,Singh,vivaan.singh3371@example.com,+91-9577266682,F,1975-11-05,2022-12-22,ACTIVE,FTE,131,316,786,2906.0
3372,Myra,Singh,myra.singh3372@example.com,+91-9697848007,O,1987-02-09,2017-03-02,ACTIVE,FTE,350,860,424,
3373,Shaurya,Patel,shaurya.patel3373@example.com,+91-9453814256,O,1981-07-11,2024-03-09,ACTIVE,FTE,878,845,689,2387.0
3374,Anika,Gupta,anika.gupta3374@example.com,+91-9210568272,M,1969-07-26,2024-07-25,ACTIVE,CONTRACTOR,991,681,896,
3375,Aryan,Verma,aryan.verma3375@example.com,+91-9513323793,F,1970-05-08,2022-12-09,ACTIVE,FTE,829,962,215,1737.0
3376,Kabir,Chandra,kabir.chandra3376@example.com,+91-9724394285,O,1985-09-01,2023-03-03,ACTIVE,FTE,253,163,425,1337.0
3377,Yuvraj,Ghosh,yuvraj.ghosh3377@example.com,+91-9745552338,F,1965-09-10,2018-04-11,ACTIVE,FTE,626,51,735,2720.0
3378,Vihaan,Saxena,vihaan.saxena3378@example.com,+91-9315681417,M,1980-04-22,2023-05-07,ACTIVE,FTE,706,203,683,2704.0
3379,Samar,Das,samar.das3379@example.com,+91-9724968702,O,1988-05-04,2017-02-22,LEAVE,FTE,706,338,425,402.0
3380,Ira,Sharma,ira.sharma3380@example.com,+91-9852702510,F,1981-12-24,2015-12-05,ACTIVE,FTE,569,64,468,516.0
3381,Ira,Gupta,ira.gupta3381@example.com,+91-9743593607,O,1984-04-30,2025-08-04,ACTIVE,FTE,74,513,365,2963.0
3382,Ritvik,Verma,ritvik.verma3382@example.com,+91-9574290288,F,1999-03-20,2017-11-17,INACTIVE,CONTRACTOR,76,336,124,1913.0
3383,Anika,Kulkarni,anika.kulkarni3383@example.com,+91-9247817826,O,2004-02-01,2016-07-08,ACTIVE,FTE,419,878,361,1419.0
3384,Aryan,Gupta,aryan.gupta3384@example.com,+91-9974675371,M,1991-04-27,2016-11-05,LEAVE,FTE,673,276,726,2730.0
3385,Rohan,Rao,rohan.rao3385@example.com,+91-9374904963,O,1985-10-01,2024-07-23,LEAVE,FTE,304,195,688,3336.0
3386,Anaya,Mehta,anaya.mehta3386@example.com,+91-9468573991,O,1997-09-06,2021-12-18,LEAVE,FTE,903,244,941,1790.0
3387,Ira,Patel,ira.patel3387@example.com,+91-9653587277,M,1967-04-25,2024-11-29,LEAVE,FTE,609,355,738,1817.0
3388,Shaurya,Singh,shaurya.singh3388@example.com,+91-9721882750,F,2003-05-28,2021-03-15,INACTIVE,FTE,775,193,393,480.0
3389,Sai,Gupta,sai.gupta3389@example.com,+91-9857496122,O,1996-04-13,2015-07-10,ACTIVE,FTE,794,336,688,141.0
3390,Kiara,Yadav,kiara.yadav3390@example.com,+91-9864457169,M,1967-10-31,2022-06-16,ACTIVE,FTE,30,925,879,2597.0
3391,Riya,Yadav,riya.yadav3391@example.com,+91-9560216873,M,1971-10-27,2016-02-19,ACTIVE,FTE,592,633,438,1953.0
3392,Sara,Khan,sara.khan3392@example.com,+91-9488262075,F,1966-03-10,2018-05-23,ACTIVE,FTE,793,257,516,1538.0
3393,Saanvi,Patel,saanvi.patel3393@example.com,+91-9964930014,F,1996-04-21,2016-09-17,ACTIVE,FTE,356,416,676,2009.0
3394,Mohammed,Rao,mohammed.rao3394@example.com,+91-9181491263,F,1992-10-07,2023-04-28,ACTIVE,FTE,401,839,462,1000.0
3395,Samar,Das,samar.das3395@example.com,+91-9631667821,O,1965-05-21,2025-01-16,INACTIVE,INTERN,278,436,916,2182.0
3396,Ritvik,Bhandari,ritvik.bhandari3396@example.com,+91-9328003904,M,1968-05-29,2021-01-07,ACTIVE,FTE,547,128,60,1354.0
3397,Rohan,Rao,rohan.rao3397@example.com,+91-9837038603,M,1976-12-25,2022-03-09,LEAVE,FTE,324,279,508,200.0
3398,Aisha,Ghosh,aisha.ghosh3398@example.com,+91-9753260690,F,2000-02-04,2015-11-18,ACTIVE,FTE,799,301,396,1293.0
3399,Aarav,Sharma,aarav.sharma3399@example.com,+91-9325093754,O,1966-09-28,2016-03-13,INACTIVE,FTE,990,911,948,
3400,Aanya,Ghosh,aanya.ghosh3400@example.com,+91-9362005456,F,1982-07-14,2021-09-04,ACTIVE,FTE,238,646,317,1160.0
3401,Aisha,Jadhav,aisha.jadhav3401@example.com,+91-9505834764,F,2004-01-17,2015-07-21,ACTIVE,FTE,216,110,589,2357.0
3402,Arjun,Verma,arjun.verma3402@example.com,+91-9784404186,F,1979-11-28,2017-06-10,ACTIVE,INTERN,359,301,129,2219.0
3403,Reyansh,Naidu,reyansh.naidu3403@example.com,+91-9422371236,O,1969-08-12,2016-10-05,ACTIVE,CONTRACTOR,672,43,202,2463.0
3404,Aarav,Rao,aarav.rao3404@example.com,+91-9770933379,O,1984-12-29,2017-10-28,ACTIVE,FTE,846,186,322,2546.0
3405,Aditi,Sharma,aditi.sharma3405@example.com,+91-9561930126,M,1980-07-14,2017-05-16,ACTIVE,FTE,459,696,429,1595.0
3406,Myra,Saxena,myra.saxena3406@example.com,+91-9117926251,O,1976-04-02,2023-11-28,ACTIVE,FTE,858,73,916,1269.0
3407,Dhruv,Rao,dhruv.rao3407@example.com,+91-9666986602,M,1997-01-04,2024-05-11,ACTIVE,FTE,298,686,717,88.0
3408,Aanya,Singh,aanya.singh3408@example.com,+91-9979335351,F,1992-09-23,2019-01-23,ACTIVE,FTE,681,210,649,2803.0
3409,Aarav,Khan,aarav.khan3409@example.com,+91-9700479856,M,1991-03-10,2021-06-30,ACTIVE,FTE,5,484,126,1266.0
3410,Riya,Ghosh,riya.ghosh3410@example.com,+91-9466275032,F,1972-12-23,2018-10-14,ACTIVE,CONTRACTOR,80,833,482,232.0
3411,Sara,Chandra,sara.chandra3411@example.com,+91-9693426775,O,1995-10-13,2023-05-24,ACTIVE,FTE,722,802,895,2289.0
3412,Rohan,Mukherjee,rohan.mukherjee3412@example.com,+91-9135966546,F,1967-04-10,2018-11-15,ACTIVE,FTE,994,455,328,1106.0
3413,Aanya,Gowda,aanya.gowda3413@example.com,+91-9617730925,M,1977-08-21,2019-01-20,ACTIVE,FTE,428,14,388,2171.0
3414,Ishita,Bose,ishita.bose3414@example.com,+91-9599649398,M,1976-07-21,2019-07-13,ACTIVE,FTE,952,180,388,3075.0
3415,Mohammed,Thakur,mohammed.thakur3415@example.com,+91-9900045712,F,1992-07-21,2019-10-18,ACTIVE,FTE,971,265,715,2845.0
3416,Anaya,Jadhav,anaya.jadhav3416@example.com,+91-9970670629,O,1995-10-20,2021-01-23,ACTIVE,FTE,737,308,996,2777.0
3417,Zara,Gupta,zara.gupta3417@example.com,+91-9220797975,O,1986-12-28,2017-05-16,ACTIVE,FTE,971,619,588,2897.0
3418,Aadhya,Reddy,aadhya.reddy3418@example.com,+91-9180066453,F,1972-01-05,2016-11-28,ACTIVE,FTE,915,256,807,1411.0
3419,Pari,Desai,pari.desai3419@example.com,+91-9109927214,O,1984-07-09,2022-02-25,ACTIVE,FTE,378,62,677,2180.0
3420,Zara,Singh,zara.singh3420@example.com,+91-9290564969,F,1999-04-20,2018-07-25,INACTIVE,CONTRACTOR,229,266,445,248.0
3421,Anaya,Verma,anaya.verma3421@example.com,+91-9838896089,M,1994-02-24,2015-11-17,ACTIVE,FTE,765,764,922,831.0
3422,Dhruv,Mukherjee,dhruv.mukherjee3422@example.com,+91-9444696161,F,2001-10-12,2024-11-01,ACTIVE,FTE,995,907,369,3152.0
3423,Aditya,Ghosh,aditya.ghosh3423@example.com,+91-9243319605,F,1970-04-02,2020-05-22,LEAVE,CONTRACTOR,740,482,874,2614.0
3424,Mohammed,Yadav,mohammed.yadav3424@example.com,+91-9256061776,F,2002-01-06,2015-02-16,LEAVE,FTE,171,985,276,3027.0
3425,Sai,Chandra,sai.chandra3425@example.com,+91-9505695747,O,1972-06-29,2023-12-09,ACTIVE,FTE,165,733,952,2589.0
3426,Pari,Das,pari.das3426@example.com,+91-9324538493,O,1982-01-29,2023-03-11,ACTIVE,FTE,976,914,221,101.0
3427,Riya,Naidu,riya.naidu3427@example.com,+91-9712889266,M,1983-12-30,2022-12-27,ACTIVE,FTE,892,712,190,394.0
3428,Ishaan,Pillai,ishaan.pillai3428@example.com,+91-9853442267,M,1975-07-20,2018-01-16,ACTIVE,INTERN,93,791,814,720.0
3429,Rohan,Verma,rohan.verma3429@example.com,+91-9487116976,F,1965-01-25,2021-08-31,ACTIVE,FTE,594,257,889,2056.0
3430,Ira,Naidu,ira.naidu3430@example.com,+91-9191845943,F,1983-12-07,2016-02-05,LEAVE,FTE,326,552,920,980.0
3431,Aarav,Sharma,aarav.sharma3431@example.com,+91-9609859264,M,1980-10-21,2020-11-27,ACTIVE,FTE,927,937,163,1766.0
3432,Anaya,Pawar,anaya.pawar3432@example.com,+91-9486857907,F,1985-08-09,2025-06-02,ACTIVE,INTERN,594,833,774,1558.0
3433,Krishna,Desai,krishna.desai3433@example.com,+91-9493726133,M,1999-04-13,2024-12-09,ACTIVE,FTE,95,200,152,3252.0
3434,Mira,Desai,mira.desai3434@example.com,+91-9570571598,F,1976-09-30,2024-03-08,ACTIVE,FTE,396,300,984,1221.0
3435,Aditya,Pawar,aditya.pawar3435@example.com,+91-9659060067,O,2000-08-25,2024-02-27,ACTIVE,FTE,175,872,371,726.0
3436,Dev,Chandra,dev.chandra3436@example.com,+91-9516015801,M,1996-10-08,2018-08-19,ACTIVE,FTE,208,250,17,1203.0
3437,Krishna,Chauhan,krishna.chauhan3437@example.com,+91-9535107713,F,1975-09-25,2021-09-15,INACTIVE,FTE,788,15,242,2872.0
3438,Ishita,Sharma,ishita.sharma3438@example.com,+91-9966525127,M,2000-02-01,2019-10-31,ACTIVE,FTE,289,585,83,1775.0
3439,Samar,Bose,samar.bose3439@example.com,+91-9542433848,M,1980-02-23,2015-08-03,ACTIVE,FTE,731,974,707,
3440,Myra,Desai,myra.desai3440@example.com,+91-9672757323,O,1977-03-06,2017-06-11,ACTIVE,FTE,326,314,75,11.0
3441,Ira,Mehta,ira.mehta3441@example.com,+91-9649165377,F,1990-10-01,2017-08-04,ACTIVE,FTE,78,783,858,8.0
3442,Mira,Desai,mira.desai3442@example.com,+91-9164568593,M,1970-06-07,2015-08-15,ACTIVE,INTERN,425,766,45,3238.0
3443,Myra,Pandey,myra.pandey3443@example.com,+91-9313944803,O,1965-06-02,2020-01-15,ACTIVE,FTE,107,453,269,1375.0
3444,Meera,Reddy,meera.reddy3444@example.com,+91-9685929023,O,1990-11-04,2017-04-13,INACTIVE,FTE,988,25,427,2014.0
3445,Dev,Ghosh,dev.ghosh3445@example.com,+91-9290803802,O,1997-01-10,2018-10-04,LEAVE,FTE,78,441,358,
3446,Yuvraj,Gupta,yuvraj.gupta3446@example.com,+91-9181888452,M,1979-05-23,2023-12-06,ACTIVE,FTE,761,261,868,1888.0
3447,Aarav,Pawar,aarav.pawar3447@example.com,+91-9785792437,O,1996-07-31,2017-12-01,ACTIVE,FTE,173,250,678,1418.0
3448,Vihaan,Saxena,vihaan.saxena3448@example.com,+91-9933441879,M,1993-12-19,2022-05-19,ACTIVE,FTE,348,240,953,816.0
3449,Kiara,Mukherjee,kiara.mukherjee3449@example.com,+91-9704416542,O,1970-06-26,2019-05-02,ACTIVE,FTE,366,262,754,700.0
3450,Aryan,Mishra,aryan.mishra3450@example.com,+91-9177550939,F,2004-05-26,2018-01-09,ACTIVE,FTE,185,520,982,2249.0
3451,Reyansh,Sharma,reyansh.sharma3451@example.com,+91-9687920093,M,1999-08-22,2024-12-23,LEAVE,FTE,143,114,866,1608.0
3452,Ishaan,Saxena,ishaan.saxena3452@example.com,+91-9612418026,O,1975-10-01,2022-02-04,ACTIVE,FTE,989,47,872,234.0
3453,Kabir,Bhandari,kabir.bhandari3453@example.com,+91-9365283868,O,1974-04-01,2019-09-27,ACTIVE,FTE,238,909,616,222.0
3454,Aryan,Naidu,aryan.naidu3454@example.com,+91-9347340513,O,1968-02-14,2017-11-12,ACTIVE,FTE,834,156,808,2299.0
3455,Dev,Mishra,dev.mishra3455@example.com,+91-9265742617,O,1968-03-20,2018-12-12,ACTIVE,FTE,264,216,611,1090.0
3456,Riya,Mukherjee,riya.mukherjee3456@example.com,+91-9203110166,F,1989-04-02,2023-12-04,ACTIVE,FTE,27,536,421,3364.0
3457,Riya,Desai,riya.desai3457@example.com,+91-9909546429,F,1981-09-23,2017-03-06,ACTIVE,FTE,327,832,21,235.0
3458,Aanya,Bose,aanya.bose3458@example.com,+91-9601034188,F,1998-09-22,2016-10-19,ACTIVE,FTE,323,121,571,866.0
3459,Aryan,Reddy,aryan.reddy3459@example.com,+91-9215128260,O,1969-01-15,2025-06-14,ACTIVE,FTE,264,482,587,2327.0
3460,Arjun,Chauhan,arjun.chauhan3460@example.com,+91-9523574618,O,1973-07-01,2023-03-30,INACTIVE,CONTRACTOR,11,31,206,1461.0
3461,Aanya,Bhandari,aanya.bhandari3461@example.com,+91-9398646800,O,1983-11-08,2024-01-07,ACTIVE,FTE,499,773,214,3198.0
3462,Myra,Chandra,myra.chandra3462@example.com,+91-9604619409,F,1990-08-29,2015-01-31,ACTIVE,FTE,388,748,60,3257.0
3463,Krishna,Gupta,krishna.gupta3463@example.com,+91-9265195687,F,1965-06-16,2024-07-01,ACTIVE,FTE,447,530,609,2620.0
3464,Rohan,Pillai,rohan.pillai3464@example.com,+91-9531809360,M,2001-04-21,2024-12-17,ACTIVE,FTE,222,595,253,480.0
3465,Rohan,Chandra,rohan.chandra3465@example.com,+91-9700135298,M,1987-05-13,2023-03-22,INACTIVE,FTE,707,941,441,1187.0
3466,Dhruv,Pawar,dhruv.pawar3466@example.com,+91-9795275059,O,1971-09-18,2022-04-09,ACTIVE,FTE,72,471,323,3417.0
3467,Arjun,Jadhav,arjun.jadhav3467@example.com,+91-9347000851,O,1988-01-09,2019-02-25,ACTIVE,CONTRACTOR,161,625,850,2111.0
3468,Kabir,Patel,kabir.patel3468@example.com,+91-9144846637,O,1979-03-28,2025-08-14,ACTIVE,FTE,614,376,139,1627.0
3469,Zara,Naidu,zara.naidu3469@example.com,+91-9199849541,M,1977-10-22,2018-01-28,ACTIVE,FTE,480,901,243,124.0
3470,Samar,Gowda,samar.gowda3470@example.com,+91-9582676928,F,1998-04-08,2020-03-07,ACTIVE,FTE,745,502,207,2680.0
3471,Vivaan,Kulkarni,vivaan.kulkarni3471@example.com,+91-9518071242,F,1967-09-18,2024-10-18,INACTIVE,FTE,70,618,318,3244.0
3472,Aisha,Chauhan,aisha.chauhan3472@example.com,+91-9369313840,M,1995-09-03,2018-12-18,ACTIVE,FTE,952,33,680,2815.0
3473,Ira,Chauhan,ira.chauhan3473@example.com,+91-9900816258,M,1978-12-29,2021-10-30,ACTIVE,FTE,595,99,945,
3474,Dev,Pillai,dev.pillai3474@example.com,+91-9608739622,O,1972-06-14,2023-06-15,INACTIVE,FTE,640,655,285,130.0
3475,Aryan,Pillai,aryan.pillai3475@example.com,+91-9871922563,F,1972-01-31,2023-07-22,ACTIVE,FTE,678,465,822,
3476,Aisha,Rao,aisha.rao3476@example.com,+91-9227468968,M,1971-11-13,2021-08-03,ACTIVE,FTE,238,421,254,288.0
3477,Samar,Yadav,samar.yadav3477@example.com,+91-9513428322,F,1987-08-01,2022-06-24,INACTIVE,CONTRACTOR,430,461,956,596.0
3478,Saanvi,Bhandari,saanvi.bhandari3478@example.com,+91-9278505675,F,1975-11-17,2024-05-05,LEAVE,FTE,148,862,789,482.0
3479,Riya,Gowda,riya.gowda3479@example.com,+91-9770573903,F,2001-05-05,2023-08-29,ACTIVE,FTE,265,592,979,263.0
3480,Vihaan,Joshi,vihaan.joshi3480@example.com,+91-9307555439,F,2001-01-20,2019-12-21,ACTIVE,FTE,694,574,798,1507.0
3481,Kabir,Sharma,kabir.sharma3481@example.com,+91-9630448840,M,1983-12-05,2018-08-25,ACTIVE,FTE,127,543,329,1653.0
3482,Kiara,Saxena,kiara.saxena3482@example.com,+91-9390966171,O,1973-05-22,2022-05-28,ACTIVE,FTE,262,561,728,392.0
3483,Om,Patel,om.patel3483@example.com,+91-9356024839,M,1965-04-29,2016-01-03,ACTIVE,FTE,804,456,379,611.0
3484,Aditya,Das,aditya.das3484@example.com,+91-9662699354,O,1993-10-09,2020-04-24,INACTIVE,FTE,788,622,498,1684.0
3485,Aryan,Khan,aryan.khan3485@example.com,+91-9897404377,F,2003-03-27,2023-07-25,ACTIVE,FTE,812,313,158,845.0
3486,Samar,Rao,samar.rao3486@example.com,+91-9740549100,F,1998-01-13,2024-10-17,LEAVE,FTE,918,885,384,2630.0
3487,Mohammed,Pillai,mohammed.pillai3487@example.com,+91-9997446251,F,1992-12-21,2021-12-09,ACTIVE,CONTRACTOR,283,457,751,2084.0
3488,Riya,Bhandari,riya.bhandari3488@example.com,+91-9899783108,O,1981-07-25,2023-03-29,INACTIVE,CONTRACTOR,860,718,331,2405.0
3489,Shaurya,Naidu,shaurya.naidu3489@example.com,+91-9102171622,O,1968-10-02,2022-04-26,ACTIVE,FTE,124,572,332,1644.0
3490,Krishna,Chauhan,krishna.chauhan3490@example.com,+91-9163213762,M,1984-09-12,2018-10-26,ACTIVE,FTE,987,947,162,3250.0
3491,Dev,Reddy,dev.reddy3491@example.com,+91-9100641862,F,1978-09-05,2016-09-10,ACTIVE,FTE,507,477,361,3181.0
3492,Ishaan,Gupta,ishaan.gupta3492@example.com,+91-9449819994,M,1995-06-25,2024-10-16,INACTIVE,FTE,480,106,450,3037.0
3493,Anika,Bose,anika.bose3493@example.com,+91-9415797582,M,1985-02-12,2018-01-13,INACTIVE,FTE,584,738,623,2817.0
3494,Aanya,Yadav,aanya.yadav3494@example.com,+91-9570731804,M,1971-11-08,2023-04-15,INACTIVE,FTE,408,139,956,3475.0
3495,Shaurya,Das,shaurya.das3495@example.com,+91-9647903713,F,1988-08-31,2020-04-22,ACTIVE,FTE,656,238,589,
3496,Anika,Kulkarni,anika.kulkarni3496@example.com,+91-9269195081,O,1997-11-01,2017-02-22,ACTIVE,FTE,290,394,827,2099.0
3497,Vivaan,Pawar,vivaan.pawar3497@example.com,+91-9476798696,M,1978-11-23,2022-06-01,ACTIVE,FTE,930,111,328,2880.0
3498,Reyansh,Chandra,reyansh.chandra3498@example.com,+91-9245026082,M,1969-05-27,2019-01-16,ACTIVE,FTE,892,483,232,
3499,Aditya,Saxena,aditya.saxena3499@example.com,+91-9351590298,O,1994-05-25,2021-07-13,ACTIVE,FTE,331,294,672,
3500,Reyansh,Kulkarni,reyansh.kulkarni3500@example.com,+91-9278954670,O,1975-09-02,2016-12-08,ACTIVE,FTE,579,285,227,2873.0
3501,Navya,Thakur,navya.thakur3501@example.com,+91-9134383585,F,1969-12-27,2022-12-07,ACTIVE,FTE,568,911,70,2128.0
3502,Sara,Jadhav,sara.jadhav3502@example.com,+91-9701393140,F,1977-09-17,2016-12-20,ACTIVE,FTE,455,878,572,2677.0
3503,Dev,Naidu,dev.naidu3503@example.com,+91-9889278820,F,1987-08-12,2021-05-02,ACTIVE,FTE,123,31,452,
3504,Aadhya,Chauhan,aadhya.chauhan3504@example.com,+91-9629045448,F,1965-07-28,2021-03-12,INACTIVE,FTE,969,383,37,2178.0
3505,Dev,Iyer,dev.iyer3505@example.com,+91-9732784610,F,1973-08-16,2018-04-01,ACTIVE,FTE,597,858,872,2238.0
3506,Reyansh,Thakur,reyansh.thakur3506@example.com,+91-9511109628,O,1986-08-22,2024-07-19,ACTIVE,FTE,409,253,322,144.0
3507,Reyansh,Ghosh,reyansh.ghosh3507@example.com,+91-9846022069,F,1988-07-14,2016-01-26,ACTIVE,FTE,780,975,602,1830.0
3508,Arjun,Bose,arjun.bose3508@example.com,+91-9285390395,F,2004-10-24,2018-06-01,ACTIVE,FTE,603,343,224,
3509,Mohammed,Kulkarni,mohammed.kulkarni3509@example.com,+91-9220257477,M,1982-02-04,2020-09-07,ACTIVE,FTE,68,640,505,654.0
3510,Yuvraj,Desai,yuvraj.desai3510@example.com,+91-9926804106,F,1971-01-26,2021-10-01,ACTIVE,FTE,328,153,962,1768.0
3511,Ritvik,Gupta,ritvik.gupta3511@example.com,+91-9826394869,O,1974-08-09,2017-03-03,LEAVE,FTE,925,900,793,3038.0
3512,Krishna,Patel,krishna.patel3512@example.com,+91-9699545264,O,1972-04-18,2019-08-04,ACTIVE,FTE,597,738,454,
3513,Yuvraj,Sharma,yuvraj.sharma3513@example.com,+91-9694641788,O,2002-10-22,2025-03-24,INACTIVE,FTE,253,459,787,1238.0
3514,Ishaan,Pillai,ishaan.pillai3514@example.com,+91-9115252543,O,1974-03-29,2021-11-02,ACTIVE,FTE,949,616,256,
3515,Vihaan,Ghosh,vihaan.ghosh3515@example.com,+91-9144882950,O,2000-01-18,2024-03-20,ACTIVE,FTE,13,338,874,2081.0
3516,Ishaan,Kulkarni,ishaan.kulkarni3516@example.com,+91-9220587576,O,1966-02-04,2018-04-11,ACTIVE,FTE,26,349,35,3036.0
3517,Aditya,Ghosh,aditya.ghosh3517@example.com,+91-9734913121,O,1990-08-19,2018-10-07,ACTIVE,FTE,738,844,674,3286.0
3518,Vivaan,Joshi,vivaan.joshi3518@example.com,+91-9548845218,M,1977-07-19,2016-10-18,ACTIVE,INTERN,100,421,719,1243.0
3519,Rohan,Joshi,rohan.joshi3519@example.com,+91-9932987121,F,1970-02-10,2017-09-25,INACTIVE,CONTRACTOR,928,441,986,1729.0
3520,Shaurya,Verma,shaurya.verma3520@example.com,+91-9934647133,M,1972-10-23,2017-07-15,ACTIVE,FTE,356,580,537,1625.0
3521,Aditya,Mehta,aditya.mehta3521@example.com,+91-9444705127,O,1983-03-16,2025-07-31,ACTIVE,FTE,860,270,599,2968.0
3522,Arjun,Bose,arjun.bose3522@example.com,+91-9378868545,O,1976-09-19,2021-08-12,ACTIVE,FTE,1,251,230,
3523,Navya,Naidu,navya.naidu3523@example.com,+91-9650067976,O,1993-05-24,2021-01-08,ACTIVE,CONTRACTOR,123,778,430,2012.0
3524,Krishna,Singh,krishna.singh3524@example.com,+91-9711828423,O,1966-07-19,2019-11-09,INACTIVE,FTE,870,59,311,2054.0
3525,Aarohi,Mishra,aarohi.mishra3525@example.com,+91-9446777732,M,1971-11-02,2021-10-08,ACTIVE,FTE,395,148,897,2309.0
3526,Rohan,Mukherjee,rohan.mukherjee3526@example.com,+91-9625271778,F,1973-08-25,2018-11-05,ACTIVE,INTERN,278,915,745,2264.0
3527,Samar,Reddy,samar.reddy3527@example.com,+91-9489809861,F,1977-09-06,2022-01-11,ACTIVE,FTE,888,583,373,3192.0
3528,Samar,Ghosh,samar.ghosh3528@example.com,+91-9363496427,F,2002-01-10,2021-10-02,ACTIVE,FTE,705,331,876,2362.0
3529,Vivaan,Verma,vivaan.verma3529@example.com,+91-9652932133,O,1979-12-03,2021-04-11,ACTIVE,FTE,286,861,145,1941.0
3530,Diya,Rao,diya.rao3530@example.com,+91-9310608591,M,2002-02-20,2023-09-04,ACTIVE,FTE,444,627,393,2512.0
3531,Aadhya,Pawar,aadhya.pawar3531@example.com,+91-9189021437,M,1993-03-24,2017-06-01,INACTIVE,FTE,168,143,246,967.0
3532,Saanvi,Ghosh,saanvi.ghosh3532@example.com,+91-9464228730,O,1980-09-12,2019-04-30,ACTIVE,FTE,758,622,721,1411.0
3533,Saanvi,Saxena,saanvi.saxena3533@example.com,+91-9119056680,M,2003-03-07,2015-07-23,ACTIVE,INTERN,951,842,871,2106.0
3534,Pari,Chauhan,pari.chauhan3534@example.com,+91-9904125597,F,1970-06-28,2015-06-16,ACTIVE,FTE,372,889,937,
3535,Aisha,Mishra,aisha.mishra3535@example.com,+91-9789920351,F,1983-03-15,2022-09-27,ACTIVE,FTE,219,285,98,3437.0
3536,Ritvik,Gowda,ritvik.gowda3536@example.com,+91-9562979917,O,1969-12-25,2015-07-10,ACTIVE,FTE,245,754,718,2166.0
3537,Navya,Mehta,navya.mehta3537@example.com,+91-9793529453,O,2004-01-01,2015-11-07,INACTIVE,FTE,499,983,763,1975.0
3538,Rohan,Mukherjee,rohan.mukherjee3538@example.com,+91-9365106435,O,1968-07-10,2016-08-29,ACTIVE,CONTRACTOR,303,2,565,1026.0
3539,Pari,Bose,pari.bose3539@example.com,+91-9943797961,O,2002-12-17,2017-12-13,ACTIVE,FTE,658,560,458,1949.0
3540,Diya,Joshi,diya.joshi3540@example.com,+91-9342640759,O,1980-02-02,2018-03-16,LEAVE,FTE,290,146,137,2423.0
3541,Rohan,Gupta,rohan.gupta3541@example.com,+91-9370855793,F,1982-12-11,2017-03-07,ACTIVE,FTE,489,462,789,1869.0
3542,Sara,Pawar,sara.pawar3542@example.com,+91-9200109749,M,1988-01-28,2015-10-25,ACTIVE,FTE,824,534,539,765.0
3543,Dev,Verma,dev.verma3543@example.com,+91-9525455234,O,1986-01-11,2022-05-08,INACTIVE,FTE,388,195,544,3388.0
3544,Zara,Chauhan,zara.chauhan3544@example.com,+91-9406405127,F,2001-11-19,2023-08-08,INACTIVE,FTE,803,17,777,2733.0
3545,Ira,Pandey,ira.pandey3545@example.com,+91-9511585389,O,2003-02-20,2019-03-13,ACTIVE,FTE,609,319,458,230.0
3546,Ritvik,Pawar,ritvik.pawar3546@example.com,+91-9433382419,F,1977-02-02,2023-12-14,ACTIVE,FTE,655,56,154,1300.0
3547,Sai,Bose,sai.bose3547@example.com,+91-9951591297,M,1993-07-24,2023-01-25,ACTIVE,FTE,765,456,661,2722.0
3548,Mira,Mukherjee,mira.mukherjee3548@example.com,+91-9341404158,O,2003-10-04,2023-10-17,ACTIVE,FTE,425,765,942,
3549,Anaya,Gowda,anaya.gowda3549@example.com,+91-9460042791,O,1984-10-10,2020-07-31,INACTIVE,FTE,722,996,67,2295.0
3550,Sara,Khan,sara.khan3550@example.com,+91-9713049999,F,1980-08-18,2020-08-26,INACTIVE,FTE,634,288,472,1997.0
3551,Rohan,Chandra,rohan.chandra3551@example.com,+91-9768170349,F,1978-05-22,2023-08-06,INACTIVE,FTE,905,851,362,2305.0
3552,Pari,Rao,pari.rao3552@example.com,+91-9690709013,O,1970-11-05,2023-02-22,ACTIVE,FTE,830,886,814,181.0
3553,Ishaan,Patel,ishaan.patel3553@example.com,+91-9524248722,M,1967-01-20,2016-08-28,ACTIVE,FTE,837,418,684,237.0
3554,Anaya,Iyer,anaya.iyer3554@example.com,+91-9145896657,O,1986-11-25,2023-04-24,ACTIVE,FTE,260,888,597,3118.0
3555,Aarohi,Mehta,aarohi.mehta3555@example.com,+91-9845857128,F,1971-09-06,2015-03-29,ACTIVE,FTE,731,272,647,2109.0
3556,Reyansh,Kulkarni,reyansh.kulkarni3556@example.com,+91-9732557154,F,1975-08-29,2017-12-20,ACTIVE,FTE,657,301,898,2836.0
3557,Navya,Naidu,navya.naidu3557@example.com,+91-9590311555,M,1973-09-30,2025-07-14,ACTIVE,FTE,874,46,973,471.0
3558,Aditi,Mehta,aditi.mehta3558@example.com,+91-9451700529,M,1975-07-27,2020-08-24,ACTIVE,FTE,886,932,263,963.0
3559,Navya,Mehta,navya.mehta3559@example.com,+91-9239673302,F,1990-05-24,2022-08-12,ACTIVE,FTE,218,257,925,3362.0
3560,Ira,Yadav,ira.yadav3560@example.com,+91-9743456445,M,1997-10-22,2020-06-28,ACTIVE,FTE,10,307,726,1793.0
3561,Samar,Patel,samar.patel3561@example.com,+91-9543386358,M,1997-01-02,2023-02-14,ACTIVE,CONTRACTOR,643,187,889,3230.0
3562,Aisha,Gowda,aisha.gowda3562@example.com,+91-9919206477,F,1967-05-26,2023-03-11,LEAVE,INTERN,403,909,725,2475.0
3563,Yuvraj,Chauhan,yuvraj.chauhan3563@example.com,+91-9554402597,O,1975-04-26,2016-07-13,ACTIVE,FTE,175,297,787,1598.0
3564,Ritvik,Pillai,ritvik.pillai3564@example.com,+91-9867863460,M,1968-06-07,2018-09-16,ACTIVE,FTE,397,953,868,1523.0
3565,Aadhya,Ghosh,aadhya.ghosh3565@example.com,+91-9701548836,M,2001-03-16,2022-07-31,ACTIVE,CONTRACTOR,502,212,328,1944.0
3566,Aditya,Pawar,aditya.pawar3566@example.com,+91-9387794454,O,1998-12-22,2017-12-28,ACTIVE,FTE,610,305,832,1582.0
3567,Anika,Das,anika.das3567@example.com,+91-9804654672,F,1969-11-24,2018-02-13,ACTIVE,FTE,625,715,655,839.0
3568,Ritvik,Reddy,ritvik.reddy3568@example.com,+91-9339407009,O,2004-01-01,2021-09-19,ACTIVE,INTERN,452,342,404,1048.0
3569,Vivaan,Rao,vivaan.rao3569@example.com,+91-9166211522,O,1986-08-31,2016-01-31,ACTIVE,FTE,403,911,411,68.0
3570,Aarohi,Singh,aarohi.singh3570@example.com,+91-9378074147,M,1991-07-19,2017-06-20,ACTIVE,FTE,56,368,696,
3571,Sara,Verma,sara.verma3571@example.com,+91-9490783727,M,1996-06-18,2015-12-11,INACTIVE,FTE,514,111,93,2679.0
3572,Saanvi,Das,saanvi.das3572@example.com,+91-9960940394,O,1981-10-06,2025-04-13,ACTIVE,CONTRACTOR,495,945,644,3136.0
3573,Anaya,Rao,anaya.rao3573@example.com,+91-9727892458,O,2002-01-11,2021-09-05,ACTIVE,FTE,63,343,370,2428.0
3574,Vivaan,Chauhan,vivaan.chauhan3574@example.com,+91-9449672656,F,1971-01-26,2018-02-05,ACTIVE,CONTRACTOR,394,624,784,394.0
3575,Riya,Khan,riya.khan3575@example.com,+91-9327788735,M,1997-07-19,2015-02-28,ACTIVE,FTE,254,223,795,430.0
3576,Aarohi,Verma,aarohi.verma3576@example.com,+91-9685213836,O,2003-12-03,2018-04-26,ACTIVE,FTE,21,161,66,3105.0
3577,Dev,Iyer,dev.iyer3577@example.com,+91-9852032335,O,1989-06-24,2023-07-03,ACTIVE,FTE,760,623,70,708.0
3578,Aadhya,Iyer,aadhya.iyer3578@example.com,+91-9268052400,M,1989-01-13,2022-01-14,ACTIVE,FTE,683,929,374,2458.0
3579,Kabir,Bhandari,kabir.bhandari3579@example.com,+91-9569417596,M,1990-01-31,2021-02-24,INACTIVE,FTE,331,570,503,3562.0
3580,Aarav,Pillai,aarav.pillai3580@example.com,+91-9483126646,M,1975-04-21,2017-07-07,ACTIVE,CONTRACTOR,182,623,951,965.0
3581,Zara,Bose,zara.bose3581@example.com,+91-9796770727,F,1994-11-12,2023-12-20,ACTIVE,FTE,744,916,199,2452.0
3582,Om,Chauhan,om.chauhan3582@example.com,+91-9486478564,F,1975-08-30,2021-12-25,ACTIVE,FTE,756,511,273,2769.0
3583,Vivaan,Mehta,vivaan.mehta3583@example.com,+91-9879509056,O,1975-04-09,2023-11-05,ACTIVE,FTE,946,989,126,1448.0
3584,Aditya,Verma,aditya.verma3584@example.com,+91-9905486477,M,2002-03-07,2015-11-02,INACTIVE,FTE,413,758,318,1437.0
3585,Ira,Yadav,ira.yadav3585@example.com,+91-9984439266,F,1972-07-24,2015-03-16,ACTIVE,FTE,2,576,927,2788.0
3586,Kiara,Gowda,kiara.gowda3586@example.com,+91-9883695199,O,1998-06-21,2019-06-04,ACTIVE,FTE,603,218,458,3162.0
3587,Navya,Chandra,navya.chandra3587@example.com,+91-9422496876,F,1978-03-12,2021-07-14,ACTIVE,FTE,782,339,249,959.0
3588,Sara,Kulkarni,sara.kulkarni3588@example.com,+91-9951706774,O,2004-01-25,2021-12-12,INACTIVE,FTE,492,592,916,640.0
3589,Navya,Thakur,navya.thakur3589@example.com,+91-9321981106,O,1976-08-03,2023-07-17,ACTIVE,CONTRACTOR,354,1,186,1189.0
3590,Kiara,Jadhav,kiara.jadhav3590@example.com,+91-9780102797,M,1984-08-14,2020-04-30,ACTIVE,INTERN,119,615,297,
3591,Samar,Chauhan,samar.chauhan3591@example.com,+91-9181642180,F,1973-11-20,2022-02-02,ACTIVE,FTE,931,657,578,2438.0
3592,Diya,Rao,diya.rao3592@example.com,+91-9440466063,O,1998-02-16,2022-09-02,ACTIVE,INTERN,387,17,586,3038.0
3593,Ishaan,Gowda,ishaan.gowda3593@example.com,+91-9759274922,F,2002-11-18,2016-08-01,ACTIVE,FTE,738,238,399,840.0
3594,Mira,Verma,mira.verma3594@example.com,+91-9488916775,F,1988-10-28,2023-11-30,ACTIVE,FTE,766,610,700,2682.0
3595,Ishaan,Jadhav,ishaan.jadhav3595@example.com,+91-9169277953,F,1972-09-15,2025-05-31,ACTIVE,INTERN,271,982,812,1599.0
3596,Ritvik,Bose,ritvik.bose3596@example.com,+91-9787420276,M,2003-06-01,2020-06-12,ACTIVE,FTE,489,489,495,1797.0
3597,Sai,Gupta,sai.gupta3597@example.com,+91-9766625159,M,1980-02-16,2023-08-21,ACTIVE,FTE,379,393,925,3218.0
3598,Riya,Mukherjee,riya.mukherjee3598@example.com,+91-9236185799,O,2003-04-20,2023-10-31,ACTIVE,FTE,607,892,685,905.0
3599,Reyansh,Saxena,reyansh.saxena3599@example.com,+91-9570460148,M,1967-10-04,2015-06-26,INACTIVE,FTE,13,328,294,465.0
3600,Myra,Ghosh,myra.ghosh3600@example.com,+91-9298539645,F,2002-06-19,2021-03-13,ACTIVE,FTE,581,69,586,1241.0
3601,Anika,Gupta,anika.gupta3601@example.com,+91-9931909998,F,1996-12-09,2016-10-02,INACTIVE,FTE,240,253,961,227.0
3602,Ira,Jadhav,ira.jadhav3602@example.com,+91-9981712644,O,1978-10-05,2021-04-29,INACTIVE,FTE,731,378,628,1286.0
3603,Zara,Patel,zara.patel3603@example.com,+91-9100100093,O,2003-10-24,2021-09-26,INACTIVE,FTE,191,748,721,1653.0
3604,Kiara,Yadav,kiara.yadav3604@example.com,+91-9611200648,M,1998-04-07,2020-07-13,ACTIVE,FTE,881,566,150,3223.0
3605,Pari,Bose,pari.bose3605@example.com,+91-9878178336,M,1993-12-01,2019-03-19,ACTIVE,CONTRACTOR,467,225,595,2112.0
3606,Navya,Bose,navya.bose3606@example.com,+91-9111956293,M,1991-03-10,2022-01-03,ACTIVE,FTE,584,511,516,1373.0
3607,Dev,Kulkarni,dev.kulkarni3607@example.com,+91-9930423006,O,1989-10-04,2015-10-16,ACTIVE,FTE,410,161,968,2988.0
3608,Vihaan,Pawar,vihaan.pawar3608@example.com,+91-9481921812,M,1970-07-24,2015-04-17,INACTIVE,FTE,728,187,707,1658.0
3609,Sara,Verma,sara.verma3609@example.com,+91-9477128988,F,1975-10-11,2020-11-17,ACTIVE,FTE,341,637,312,3023.0
3610,Kiara,Reddy,kiara.reddy3610@example.com,+91-9574917240,M,1969-08-10,2022-10-21,ACTIVE,FTE,565,861,790,3230.0
3611,Yuvraj,Pillai,yuvraj.pillai3611@example.com,+91-9136828239,O,1986-06-27,2024-06-02,ACTIVE,CONTRACTOR,806,867,868,2747.0
3612,Aanya,Mishra,aanya.mishra3612@example.com,+91-9310235010,O,1965-06-27,2023-06-02,ACTIVE,FTE,206,708,564,1494.0
3613,Aarohi,Ghosh,aarohi.ghosh3613@example.com,+91-9586876162,O,1997-06-23,2017-05-31,ACTIVE,FTE,635,969,380,
3614,Vihaan,Naidu,vihaan.naidu3614@example.com,+91-9237966936,O,1970-08-02,2018-03-25,LEAVE,FTE,426,460,187,
3615,Krishna,Ghosh,krishna.ghosh3615@example.com,+91-9659090297,F,1991-05-31,2024-04-25,ACTIVE,FTE,29,848,954,3544.0
3616,Kabir,Mehta,kabir.mehta3616@example.com,+91-9339116767,F,2003-09-25,2024-06-21,ACTIVE,FTE,984,743,588,346.0
3617,Krishna,Chauhan,krishna.chauhan3617@example.com,+91-9499409380,O,1981-06-04,2015-01-16,INACTIVE,FTE,197,580,37,2168.0
3618,Dhruv,Sharma,dhruv.sharma3618@example.com,+91-9653933211,M,1992-10-06,2024-07-07,ACTIVE,CONTRACTOR,210,882,436,3126.0
3619,Navya,Mehta,navya.mehta3619@example.com,+91-9616200104,F,1976-01-07,2018-05-21,ACTIVE,FTE,683,424,48,1945.0
3620,Diya,Rao,diya.rao3620@example.com,+91-9103226998,F,1989-03-17,2022-08-21,ACTIVE,FTE,772,810,335,3322.0
3621,Sara,Chauhan,sara.chauhan3621@example.com,+91-9672512053,O,1973-11-27,2021-01-07,INACTIVE,FTE,184,337,705,3067.0
3622,Meera,Das,meera.das3622@example.com,+91-9262402005,M,1999-03-06,2024-04-28,ACTIVE,FTE,934,328,826,1834.0
3623,Ira,Chauhan,ira.chauhan3623@example.com,+91-9409377275,M,1999-04-16,2019-12-20,ACTIVE,FTE,645,153,48,627.0
3624,Vihaan,Pillai,vihaan.pillai3624@example.com,+91-9362739445,M,1984-06-24,2016-06-16,ACTIVE,FTE,753,973,959,2376.0
3625,Aarohi,Chandra,aarohi.chandra3625@example.com,+91-9782053695,F,1965-12-09,2023-11-24,ACTIVE,FTE,697,842,118,
3626,Myra,Desai,myra.desai3626@example.com,+91-9145196144,M,1971-01-30,2018-12-06,ACTIVE,FTE,283,452,680,185.0
3627,Om,Ghosh,om.ghosh3627@example.com,+91-9536087040,O,2002-07-25,2020-02-13,ACTIVE,FTE,602,142,134,95.0
3628,Meera,Pawar,meera.pawar3628@example.com,+91-9893604711,O,1967-07-13,2021-07-16,ACTIVE,FTE,639,248,341,1427.0
3629,Aanya,Sharma,aanya.sharma3629@example.com,+91-9489574969,F,1980-04-30,2021-09-12,ACTIVE,FTE,300,499,144,1247.0
3630,Aanya,Thakur,aanya.thakur3630@example.com,+91-9418672551,O,1971-08-15,2023-03-30,ACTIVE,FTE,242,358,67,3166.0
3631,Reyansh,Kulkarni,reyansh.kulkarni3631@example.com,+91-9927225922,M,1983-07-10,2025-06-03,ACTIVE,FTE,412,720,254,145.0
3632,Vivaan,Kulkarni,vivaan.kulkarni3632@example.com,+91-9877682121,O,1989-04-17,2018-08-08,ACTIVE,CONTRACTOR,562,19,280,3576.0
3633,Zara,Pillai,zara.pillai3633@example.com,+91-9217563458,O,1993-05-21,2023-06-08,ACTIVE,FTE,107,309,11,1543.0
3634,Sara,Sharma,sara.sharma3634@example.com,+91-9733492833,O,2003-06-04,2024-11-10,ACTIVE,FTE,76,510,845,
3635,Ishaan,Pandey,ishaan.pandey3635@example.com,+91-9772921234,O,1992-02-01,2021-11-29,INACTIVE,CONTRACTOR,106,229,915,
3636,Dev,Chandra,dev.chandra3636@example.com,+91-9513449957,M,1972-05-22,2018-01-27,ACTIVE,FTE,104,391,259,1675.0
3637,Aadhya,Mehta,aadhya.mehta3637@example.com,+91-9637492173,F,1980-10-06,2016-11-25,ACTIVE,FTE,432,111,131,2431.0
3638,Aarohi,Khan,aarohi.khan3638@example.com,+91-9400752839,F,1976-01-05,2024-12-07,ACTIVE,FTE,764,655,599,2001.0
3639,Vivaan,Yadav,vivaan.yadav3639@example.com,+91-9336728810,M,1969-01-29,2024-08-06,ACTIVE,FTE,463,123,478,2671.0
3640,Ira,Mukherjee,ira.mukherjee3640@example.com,+91-9188568684,F,1998-10-04,2016-08-07,INACTIVE,FTE,285,177,392,3388.0
3641,Samar,Mehta,samar.mehta3641@example.com,+91-9380499842,F,1970-12-17,2022-02-06,ACTIVE,FTE,269,785,108,1762.0
3642,Diya,Pawar,diya.pawar3642@example.com,+91-9375899492,M,1999-01-16,2017-06-10,ACTIVE,FTE,757,611,293,1512.0
3643,Aisha,Pillai,aisha.pillai3643@example.com,+91-9989585626,F,1972-10-17,2018-09-24,INACTIVE,FTE,572,46,261,1987.0
3644,Rohan,Patel,rohan.patel3644@example.com,+91-9435499637,M,1977-11-20,2024-04-25,ACTIVE,FTE,609,402,954,675.0
3645,Saanvi,Pawar,saanvi.pawar3645@example.com,+91-9919157151,F,1993-05-16,2015-01-16,ACTIVE,FTE,676,693,124,1072.0
3646,Aarav,Pillai,aarav.pillai3646@example.com,+91-9513806544,M,1976-08-05,2022-05-29,ACTIVE,FTE,196,290,159,1399.0
3647,Riya,Singh,riya.singh3647@example.com,+91-9838660133,F,1974-10-04,2022-04-27,ACTIVE,FTE,213,547,262,3536.0
3648,Diya,Iyer,diya.iyer3648@example.com,+91-9251787497,F,1965-08-10,2024-10-16,ACTIVE,FTE,136,892,991,3166.0
3649,Ira,Patel,ira.patel3649@example.com,+91-9664349734,M,1990-01-11,2021-11-02,INACTIVE,FTE,64,523,927,3592.0
3650,Aarav,Mehta,aarav.mehta3650@example.com,+91-9804992205,O,1975-08-23,2023-01-04,ACTIVE,FTE,211,315,34,756.0
3651,Dhruv,Chauhan,dhruv.chauhan3651@example.com,+91-9266055220,F,2001-01-12,2016-10-16,ACTIVE,FTE,417,482,163,999.0
3652,Rohan,Mehta,rohan.mehta3652@example.com,+91-9232737167,O,1995-06-07,2022-04-23,ACTIVE,FTE,630,344,934,2084.0
3653,Dev,Mukherjee,dev.mukherjee3653@example.com,+91-9717592546,F,1991-03-10,2024-02-22,INACTIVE,FTE,469,771,302,619.0
3654,Yuvraj,Gowda,yuvraj.gowda3654@example.com,+91-9990404044,O,1978-03-12,2016-03-29,ACTIVE,FTE,653,907,507,3549.0
3655,Aarohi,Desai,aarohi.desai3655@example.com,+91-9534154301,O,1999-05-05,2019-06-08,ACTIVE,FTE,898,5,932,942.0
3656,Navya,Pandey,navya.pandey3656@example.com,+91-9863689286,M,1994-11-19,2023-07-13,ACTIVE,FTE,196,78,407,2922.0
3657,Krishna,Chauhan,krishna.chauhan3657@example.com,+91-9337949965,M,1995-08-21,2025-02-25,ACTIVE,FTE,43,938,213,2188.0
3658,Mohammed,Reddy,mohammed.reddy3658@example.com,+91-9367931705,F,1986-09-14,2016-08-18,ACTIVE,FTE,413,287,554,646.0
3659,Rohan,Yadav,rohan.yadav3659@example.com,+91-9791973664,F,1968-12-20,2017-01-10,INACTIVE,FTE,542,857,710,2518.0
3660,Mohammed,Iyer,mohammed.iyer3660@example.com,+91-9485988146,F,1972-07-05,2021-01-06,ACTIVE,CONTRACTOR,916,247,577,387.0
3661,Ritvik,Kulkarni,ritvik.kulkarni3661@example.com,+91-9551228244,M,1970-11-23,2020-05-27,ACTIVE,FTE,690,387,794,2049.0
3662,Ritvik,Bhandari,ritvik.bhandari3662@example.com,+91-9287463791,M,1990-11-12,2021-01-03,ACTIVE,FTE,974,145,421,2675.0
3663,Om,Bose,om.bose3663@example.com,+91-9939473316,O,1998-08-25,2024-05-24,ACTIVE,FTE,956,946,983,2615.0
3664,Shaurya,Bose,shaurya.bose3664@example.com,+91-9164795481,O,1994-01-03,2016-09-09,INACTIVE,FTE,346,45,979,267.0
3665,Dev,Sharma,dev.sharma3665@example.com,+91-9523788516,M,1970-04-08,2020-06-30,LEAVE,FTE,912,596,509,73.0
3666,Meera,Pandey,meera.pandey3666@example.com,+91-9670129841,F,2000-08-15,2016-02-04,ACTIVE,INTERN,490,658,363,1732.0
3667,Anika,Thakur,anika.thakur3667@example.com,+91-9823291043,M,1990-06-19,2015-11-05,INACTIVE,FTE,566,96,782,3316.0
3668,Ishaan,Mishra,ishaan.mishra3668@example.com,+91-9188859722,F,1967-11-10,2022-07-12,INACTIVE,FTE,201,56,539,1858.0
3669,Mohammed,Rao,mohammed.rao3669@example.com,+91-9948763878,O,1966-03-21,2018-04-26,ACTIVE,FTE,977,159,27,1398.0
3670,Aarohi,Khan,aarohi.khan3670@example.com,+91-9986185730,F,1992-01-27,2015-09-03,ACTIVE,FTE,668,959,292,2104.0
3671,Sara,Gowda,sara.gowda3671@example.com,+91-9225847069,F,2000-08-15,2024-02-02,LEAVE,FTE,65,237,173,2183.0
3672,Reyansh,Gupta,reyansh.gupta3672@example.com,+91-9139913827,M,1979-02-07,2017-12-10,ACTIVE,FTE,696,179,988,1049.0
3673,Dev,Rao,dev.rao3673@example.com,+91-9352033465,O,1981-12-07,2024-05-14,ACTIVE,FTE,303,502,790,1195.0
3674,Sai,Verma,sai.verma3674@example.com,+91-9610620030,O,2001-07-18,2021-11-01,ACTIVE,FTE,275,466,560,
3675,Aisha,Khan,aisha.khan3675@example.com,+91-9476224478,F,1983-05-07,2022-04-16,ACTIVE,FTE,614,856,536,3450.0
3676,Aadhya,Joshi,aadhya.joshi3676@example.com,+91-9896377022,F,1966-03-01,2019-10-07,LEAVE,FTE,250,553,505,56.0
3677,Pari,Sharma,pari.sharma3677@example.com,+91-9952121487,M,2004-07-17,2015-12-03,ACTIVE,FTE,809,149,98,319.0
3678,Aadhya,Rao,aadhya.rao3678@example.com,+91-9723507395,F,1999-01-18,2015-01-15,ACTIVE,FTE,113,826,776,1723.0
3679,Samar,Patel,samar.patel3679@example.com,+91-9450980240,M,1972-11-11,2015-10-30,ACTIVE,FTE,93,908,633,856.0
3680,Aarav,Bose,aarav.bose3680@example.com,+91-9516330851,O,1994-08-03,2017-10-30,INACTIVE,FTE,393,56,704,317.0
3681,Yuvraj,Gupta,yuvraj.gupta3681@example.com,+91-9267679327,M,1991-04-17,2021-10-12,LEAVE,FTE,120,389,97,2252.0
3682,Krishna,Patel,krishna.patel3682@example.com,+91-9892927828,F,1969-05-05,2023-02-01,ACTIVE,FTE,617,814,597,1906.0
3683,Vivaan,Ghosh,vivaan.ghosh3683@example.com,+91-9112471079,M,1972-06-30,2025-04-09,ACTIVE,FTE,30,568,76,2908.0
3684,Ira,Desai,ira.desai3684@example.com,+91-9606637123,F,1995-01-04,2018-12-17,ACTIVE,FTE,428,232,374,357.0
3685,Ritvik,Naidu,ritvik.naidu3685@example.com,+91-9941150971,F,1977-05-24,2019-06-27,ACTIVE,FTE,29,154,722,2160.0
3686,Saanvi,Reddy,saanvi.reddy3686@example.com,+91-9493346468,F,1968-09-12,2021-10-01,ACTIVE,FTE,23,173,302,792.0
3687,Sara,Mehta,sara.mehta3687@example.com,+91-9262305545,M,1984-07-27,2016-05-19,ACTIVE,FTE,377,483,88,785.0
3688,Kiara,Bose,kiara.bose3688@example.com,+91-9770494362,O,1998-07-25,2020-12-01,ACTIVE,INTERN,324,540,476,2141.0
3689,Mira,Gowda,mira.gowda3689@example.com,+91-9221682608,M,1972-11-06,2021-10-28,ACTIVE,FTE,256,102,489,1300.0
3690,Arjun,Kulkarni,arjun.kulkarni3690@example.com,+91-9427870922,F,1976-01-22,2019-06-23,ACTIVE,FTE,826,513,320,3633.0
3691,Sara,Singh,sara.singh3691@example.com,+91-9199222484,O,1970-01-23,2018-06-20,ACTIVE,CONTRACTOR,482,918,862,1081.0
3692,Aarav,Pawar,aarav.pawar3692@example.com,+91-9477832329,F,1992-11-22,2021-11-04,ACTIVE,FTE,967,326,671,
3693,Aarav,Singh,aarav.singh3693@example.com,+91-9195923037,F,1982-04-19,2015-02-16,INACTIVE,FTE,815,93,956,3617.0
3694,Vihaan,Chandra,vihaan.chandra3694@example.com,+91-9338001972,M,1972-02-05,2018-07-05,ACTIVE,FTE,107,689,129,2181.0
3695,Mira,Joshi,mira.joshi3695@example.com,+91-9553001449,F,1970-12-24,2022-09-28,ACTIVE,CONTRACTOR,988,326,482,1465.0
3696,Aarav,Patel,aarav.patel3696@example.com,+91-9239457817,F,1969-05-02,2024-09-10,ACTIVE,FTE,666,953,754,1191.0
3697,Aditya,Bhandari,aditya.bhandari3697@example.com,+91-9320949586,F,1994-10-14,2024-05-28,ACTIVE,FTE,298,77,126,1148.0
3698,Reyansh,Mishra,reyansh.mishra3698@example.com,+91-9255149111,F,1969-09-29,2017-01-28,ACTIVE,INTERN,325,899,299,1788.0
3699,Mira,Gupta,mira.gupta3699@example.com,+91-9178691276,M,1973-08-21,2018-11-22,INACTIVE,FTE,436,917,904,3041.0
3700,Navya,Thakur,navya.thakur3700@example.com,+91-9205008111,O,1999-10-16,2019-06-15,ACTIVE,FTE,827,973,965,1425.0
3701,Ira,Gowda,ira.gowda3701@example.com,+91-9909134314,F,1975-02-16,2019-01-19,ACTIVE,FTE,401,327,151,
3702,Dev,Desai,dev.desai3702@example.com,+91-9723294415,F,1982-07-01,2020-07-10,ACTIVE,CONTRACTOR,101,970,444,1108.0
3703,Aarav,Desai,aarav.desai3703@example.com,+91-9211911560,M,1967-04-19,2020-07-03,ACTIVE,FTE,99,708,903,2676.0
3704,Dev,Joshi,dev.joshi3704@example.com,+91-9834376405,M,1993-12-10,2019-02-13,ACTIVE,FTE,13,970,509,3473.0
3705,Saanvi,Yadav,saanvi.yadav3705@example.com,+91-9698533900,O,1994-02-21,2024-10-22,LEAVE,FTE,464,766,385,
3706,Kabir,Patel,kabir.patel3706@example.com,+91-9429039381,F,1983-09-01,2016-10-23,ACTIVE,FTE,880,991,285,2001.0
3707,Ritvik,Jadhav,ritvik.jadhav3707@example.com,+91-9915030660,O,1983-03-15,2018-10-17,ACTIVE,FTE,669,878,624,1770.0
3708,Saanvi,Sharma,saanvi.sharma3708@example.com,+91-9814855410,O,1971-05-20,2022-04-04,ACTIVE,FTE,857,974,372,314.0
3709,Saanvi,Pillai,saanvi.pillai3709@example.com,+91-9902765839,M,1986-10-05,2015-10-31,ACTIVE,FTE,578,220,486,
3710,Mira,Ghosh,mira.ghosh3710@example.com,+91-9706298377,M,1992-01-28,2024-06-23,ACTIVE,FTE,660,19,756,693.0
3711,Anaya,Das,anaya.das3711@example.com,+91-9386583072,F,1989-02-10,2015-07-22,ACTIVE,FTE,585,157,515,
3712,Shaurya,Chandra,shaurya.chandra3712@example.com,+91-9284588260,F,1992-02-06,2023-08-06,ACTIVE,CONTRACTOR,759,900,621,3653.0
3713,Arjun,Desai,arjun.desai3713@example.com,+91-9783176313,F,1971-06-16,2016-07-15,ACTIVE,CONTRACTOR,37,832,707,3681.0
3714,Reyansh,Das,reyansh.das3714@example.com,+91-9804513176,M,1998-03-17,2023-09-22,ACTIVE,CONTRACTOR,27,523,546,3053.0
3715,Aarohi,Verma,aarohi.verma3715@example.com,+91-9456736908,O,1978-09-15,2016-07-07,ACTIVE,FTE,684,842,121,2387.0
3716,Rohan,Pandey,rohan.pandey3716@example.com,+91-9453608609,F,2002-09-23,2017-07-11,ACTIVE,CONTRACTOR,215,248,979,
3717,Kiara,Chauhan,kiara.chauhan3717@example.com,+91-9560548040,M,1974-04-29,2020-11-21,ACTIVE,FTE,854,220,532,3100.0
3718,Navya,Khan,navya.khan3718@example.com,+91-9860630342,F,1996-05-03,2016-12-22,INACTIVE,FTE,195,286,811,2674.0
3719,Mohammed,Gupta,mohammed.gupta3719@example.com,+91-9208696500,O,1978-09-19,2020-05-14,ACTIVE,FTE,502,884,261,3213.0
3720,Om,Das,om.das3720@example.com,+91-9220187500,F,1975-04-13,2015-03-15,ACTIVE,FTE,450,609,245,1069.0
3721,Aanya,Mehta,aanya.mehta3721@example.com,+91-9245966170,O,1969-06-17,2025-07-04,ACTIVE,FTE,351,52,881,2321.0
3722,Ira,Jadhav,ira.jadhav3722@example.com,+91-9959773664,O,1965-02-24,2024-10-10,ACTIVE,FTE,757,701,561,2490.0
3723,Ishita,Jadhav,ishita.jadhav3723@example.com,+91-9338936573,O,1991-11-28,2020-01-10,ACTIVE,FTE,216,472,600,611.0
3724,Krishna,Desai,krishna.desai3724@example.com,+91-9179083455,M,1969-11-11,2017-03-04,ACTIVE,FTE,329,107,105,2608.0
3725,Dhruv,Sharma,dhruv.sharma3725@example.com,+91-9379316598,F,1972-04-11,2015-07-02,ACTIVE,FTE,969,784,693,
3726,Aisha,Kulkarni,aisha.kulkarni3726@example.com,+91-9294733680,M,2000-09-29,2019-11-27,ACTIVE,CONTRACTOR,175,217,143,517.0
3727,Aryan,Thakur,aryan.thakur3727@example.com,+91-9609503174,M,1967-04-10,2024-06-27,ACTIVE,FTE,771,330,908,3299.0
3728,Aisha,Mishra,aisha.mishra3728@example.com,+91-9572023895,O,1979-02-06,2024-12-12,LEAVE,FTE,492,13,540,2302.0
3729,Dhruv,Chauhan,dhruv.chauhan3729@example.com,+91-9250923904,F,1976-07-13,2017-02-08,ACTIVE,INTERN,435,836,970,762.0
3730,Aditya,Verma,aditya.verma3730@example.com,+91-9180007766,F,1965-06-12,2025-07-02,INACTIVE,FTE,458,70,382,950.0
3731,Zara,Mishra,zara.mishra3731@example.com,+91-9577023628,O,1983-05-16,2025-03-08,ACTIVE,FTE,824,253,554,
3732,Yuvraj,Joshi,yuvraj.joshi3732@example.com,+91-9368658123,O,1994-10-14,2018-12-08,ACTIVE,FTE,813,214,457,
3733,Yuvraj,Chandra,yuvraj.chandra3733@example.com,+91-9116658982,F,1976-07-03,2020-03-17,LEAVE,FTE,32,451,877,63.0
3734,Kabir,Thakur,kabir.thakur3734@example.com,+91-9876898467,M,1989-03-26,2020-06-23,ACTIVE,FTE,134,875,210,2261.0
3735,Ishaan,Mukherjee,ishaan.mukherjee3735@example.com,+91-9162232910,M,1999-10-15,2015-06-20,ACTIVE,FTE,579,668,764,1319.0
3736,Zara,Kulkarni,zara.kulkarni3736@example.com,+91-9480219190,M,1998-06-29,2023-03-10,ACTIVE,FTE,170,985,349,3016.0
3737,Pari,Iyer,pari.iyer3737@example.com,+91-9898332458,M,1990-04-03,2022-04-02,ACTIVE,FTE,906,871,827,887.0
3738,Sara,Mukherjee,sara.mukherjee3738@example.com,+91-9531203157,M,1966-02-06,2021-06-27,ACTIVE,FTE,506,63,661,2860.0
3739,Kabir,Iyer,kabir.iyer3739@example.com,+91-9456900308,F,1971-10-19,2024-09-30,ACTIVE,FTE,442,714,96,2418.0
3740,Kabir,Patel,kabir.patel3740@example.com,+91-9623627434,F,1981-09-01,2023-05-04,ACTIVE,FTE,195,262,702,
3741,Meera,Iyer,meera.iyer3741@example.com,+91-9204714113,O,1996-09-30,2015-02-22,ACTIVE,FTE,586,647,668,1697.0
3742,Aditi,Gupta,aditi.gupta3742@example.com,+91-9203616476,F,1968-06-17,2015-04-01,ACTIVE,CONTRACTOR,530,133,47,3304.0
3743,Reyansh,Saxena,reyansh.saxena3743@example.com,+91-9361815225,M,1983-05-25,2022-08-20,INACTIVE,FTE,306,442,573,1959.0
3744,Aadhya,Pandey,aadhya.pandey3744@example.com,+91-9460013420,O,1986-11-12,2016-01-12,ACTIVE,CONTRACTOR,855,138,590,99.0
3745,Kabir,Chandra,kabir.chandra3745@example.com,+91-9881960608,M,1995-01-09,2025-08-15,ACTIVE,FTE,834,462,163,3064.0
3746,Meera,Naidu,meera.naidu3746@example.com,+91-9444479319,M,1997-06-10,2024-05-02,ACTIVE,INTERN,24,868,240,2875.0
3747,Zara,Reddy,zara.reddy3747@example.com,+91-9382451825,F,2003-09-05,2025-04-14,ACTIVE,FTE,871,425,553,3062.0
3748,Anaya,Desai,anaya.desai3748@example.com,+91-9882913931,F,1987-03-25,2022-08-07,INACTIVE,FTE,737,552,799,
3749,Samar,Mishra,samar.mishra3749@example.com,+91-9497181205,O,1977-08-15,2015-07-28,INACTIVE,FTE,949,981,652,348.0
3750,Anaya,Desai,anaya.desai3750@example.com,+91-9957804155,F,1997-12-17,2019-10-10,ACTIVE,FTE,50,120,747,2042.0
3751,Ishita,Das,ishita.das3751@example.com,+91-9425581576,M,1981-07-09,2015-08-09,INACTIVE,FTE,230,906,264,322.0
3752,Diya,Das,diya.das3752@example.com,+91-9391809729,F,2001-09-02,2015-11-21,ACTIVE,FTE,585,74,864,3217.0
3753,Diya,Mishra,diya.mishra3753@example.com,+91-9414486890,O,2000-04-30,2019-05-19,ACTIVE,FTE,42,911,301,
3754,Anika,Kulkarni,anika.kulkarni3754@example.com,+91-9969439563,F,1989-06-01,2019-04-15,ACTIVE,FTE,811,217,303,2194.0
3755,Diya,Khan,diya.khan3755@example.com,+91-9525540417,F,1989-08-02,2021-11-29,ACTIVE,INTERN,565,595,620,1156.0
3756,Rohan,Ghosh,rohan.ghosh3756@example.com,+91-9892935900,M,1995-03-07,2022-03-07,ACTIVE,INTERN,544,41,714,1358.0
3757,Sai,Verma,sai.verma3757@example.com,+91-9500361425,M,1972-08-18,2017-11-26,ACTIVE,FTE,834,394,362,2695.0
3758,Riya,Pawar,riya.pawar3758@example.com,+91-9571579289,M,1972-12-30,2021-04-06,ACTIVE,FTE,316,247,112,89.0
3759,Kiara,Kulkarni,kiara.kulkarni3759@example.com,+91-9810069743,F,1969-11-04,2022-05-13,ACTIVE,FTE,824,496,878,2957.0
3760,Mohammed,Saxena,mohammed.saxena3760@example.com,+91-9230609654,O,1971-11-29,2025-08-24,ACTIVE,INTERN,235,796,843,1014.0
3761,Pari,Chandra,pari.chandra3761@example.com,+91-9398568605,F,1997-02-08,2015-12-26,ACTIVE,FTE,385,103,424,1199.0
3762,Aditi,Desai,aditi.desai3762@example.com,+91-9431046214,M,1984-04-01,2021-03-20,ACTIVE,FTE,622,925,778,2799.0
3763,Zara,Jadhav,zara.jadhav3763@example.com,+91-9576669100,O,1977-08-09,2023-08-26,INACTIVE,FTE,91,877,819,3539.0
3764,Rohan,Kulkarni,rohan.kulkarni3764@example.com,+91-9869915517,F,1983-12-28,2023-05-23,INACTIVE,FTE,728,161,800,3065.0
3765,Aisha,Iyer,aisha.iyer3765@example.com,+91-9809259702,F,1983-02-11,2020-02-04,INACTIVE,CONTRACTOR,590,314,21,2353.0
3766,Myra,Ghosh,myra.ghosh3766@example.com,+91-9410522047,O,2002-01-18,2019-05-04,INACTIVE,FTE,994,815,594,3067.0
3767,Aanya,Chauhan,aanya.chauhan3767@example.com,+91-9964946852,F,2003-02-13,2015-04-24,ACTIVE,FTE,250,490,407,2759.0
3768,Anika,Pillai,anika.pillai3768@example.com,+91-9258930560,F,1982-05-01,2024-09-25,ACTIVE,FTE,544,47,330,3509.0
3769,Ishaan,Rao,ishaan.rao3769@example.com,+91-9567310776,F,1971-10-12,2024-02-26,ACTIVE,FTE,868,552,586,1809.0
3770,Navya,Desai,navya.desai3770@example.com,+91-9508610192,F,1992-03-28,2015-12-23,ACTIVE,FTE,124,616,195,671.0
3771,Rohan,Ghosh,rohan.ghosh3771@example.com,+91-9116638086,O,2004-04-04,2025-05-25,ACTIVE,FTE,886,594,509,3469.0
3772,Diya,Desai,diya.desai3772@example.com,+91-9328231438,O,1995-06-15,2020-06-02,ACTIVE,FTE,384,867,669,3221.0
3773,Aditi,Joshi,aditi.joshi3773@example.com,+91-9985711608,M,1993-04-15,2023-04-02,ACTIVE,FTE,285,804,457,1972.0
3774,Yuvraj,Sharma,yuvraj.sharma3774@example.com,+91-9119619098,O,1989-03-10,2022-08-29,LEAVE,FTE,948,57,139,3072.0
3775,Sai,Naidu,sai.naidu3775@example.com,+91-9677917075,F,1990-01-29,2019-10-19,ACTIVE,FTE,656,851,804,2552.0
3776,Pari,Pillai,pari.pillai3776@example.com,+91-9901350761,O,1987-01-13,2017-04-01,ACTIVE,INTERN,222,503,265,1095.0
3777,Yuvraj,Naidu,yuvraj.naidu3777@example.com,+91-9540234640,M,1987-11-29,2020-09-23,ACTIVE,FTE,400,965,854,2758.0
3778,Ritvik,Saxena,ritvik.saxena3778@example.com,+91-9466641264,M,1988-01-08,2019-08-14,INACTIVE,FTE,927,342,28,3681.0
3779,Aarav,Pawar,aarav.pawar3779@example.com,+91-9253448808,F,1995-07-30,2017-09-24,ACTIVE,FTE,134,541,641,3173.0
3780,Myra,Rao,myra.rao3780@example.com,+91-9269212070,O,1987-04-03,2023-08-20,INACTIVE,FTE,970,735,569,1117.0
3781,Navya,Saxena,navya.saxena3781@example.com,+91-9783137377,M,1992-06-06,2015-05-22,ACTIVE,CONTRACTOR,831,625,554,
3782,Pari,Desai,pari.desai3782@example.com,+91-9311039646,O,1985-11-03,2019-06-30,ACTIVE,FTE,789,615,986,1170.0
3783,Aadhya,Sharma,aadhya.sharma3783@example.com,+91-9938516386,F,1968-11-08,2023-03-14,ACTIVE,FTE,106,443,364,2031.0
3784,Mira,Kulkarni,mira.kulkarni3784@example.com,+91-9307280144,O,1974-07-01,2019-09-25,ACTIVE,FTE,295,578,67,1596.0
3785,Navya,Rao,navya.rao3785@example.com,+91-9138735283,M,1987-09-16,2015-05-15,LEAVE,FTE,823,178,352,1411.0
3786,Myra,Gowda,myra.gowda3786@example.com,+91-9157413841,F,1970-01-13,2020-12-06,ACTIVE,FTE,64,492,640,853.0
3787,Vivaan,Patel,vivaan.patel3787@example.com,+91-9251847602,M,2000-08-26,2016-01-29,ACTIVE,FTE,768,316,845,76.0
3788,Saanvi,Mishra,saanvi.mishra3788@example.com,+91-9769497132,F,1980-10-07,2018-01-10,LEAVE,FTE,882,734,180,1142.0
3789,Krishna,Yadav,krishna.yadav3789@example.com,+91-9226683937,O,1965-04-04,2016-07-15,ACTIVE,FTE,655,361,930,483.0
3790,Reyansh,Rao,reyansh.rao3790@example.com,+91-9743765077,M,1985-06-14,2022-02-26,INACTIVE,FTE,70,110,556,1893.0
3791,Samar,Desai,samar.desai3791@example.com,+91-9347484878,O,1989-04-23,2025-01-14,ACTIVE,INTERN,670,149,29,3385.0
3792,Aditya,Naidu,aditya.naidu3792@example.com,+91-9988083238,M,1991-03-09,2022-05-09,ACTIVE,FTE,260,158,223,1189.0
3793,Riya,Pawar,riya.pawar3793@example.com,+91-9637846983,F,1979-02-22,2023-03-13,ACTIVE,CONTRACTOR,764,907,294,2171.0
3794,Myra,Jadhav,myra.jadhav3794@example.com,+91-9361606855,M,1997-04-05,2023-02-26,ACTIVE,FTE,646,797,333,
3795,Reyansh,Bose,reyansh.bose3795@example.com,+91-9530603902,M,1995-07-11,2023-01-29,ACTIVE,FTE,82,465,590,306.0
3796,Diya,Sharma,diya.sharma3796@example.com,+91-9802907613,O,1987-06-17,2020-12-30,ACTIVE,FTE,633,621,150,3449.0
3797,Om,Pawar,om.pawar3797@example.com,+91-9623359133,O,1999-10-11,2019-03-10,ACTIVE,FTE,978,572,736,2898.0
3798,Ritvik,Das,ritvik.das3798@example.com,+91-9568366156,F,1999-09-21,2023-12-16,ACTIVE,FTE,609,82,821,2157.0
3799,Aryan,Verma,aryan.verma3799@example.com,+91-9416285756,M,1998-03-08,2023-03-03,ACTIVE,FTE,393,942,632,
3800,Sara,Chandra,sara.chandra3800@example.com,+91-9402471508,M,1976-04-03,2025-02-25,ACTIVE,FTE,814,391,322,3070.0
3801,Anaya,Chauhan,anaya.chauhan3801@example.com,+91-9108537785,F,1980-01-01,2016-04-06,ACTIVE,FTE,19,293,21,2886.0
3802,Krishna,Rao,krishna.rao3802@example.com,+91-9293308333,F,1969-09-13,2017-04-16,ACTIVE,FTE,256,806,705,231.0
3803,Aadhya,Mehta,aadhya.mehta3803@example.com,+91-9725389989,M,2001-01-03,2016-09-11,ACTIVE,FTE,820,367,326,
3804,Aadhya,Singh,aadhya.singh3804@example.com,+91-9341858271,M,1969-04-18,2016-05-08,ACTIVE,FTE,332,524,310,1815.0
3805,Kabir,Chauhan,kabir.chauhan3805@example.com,+91-9199080074,F,1968-12-01,2015-10-15,ACTIVE,FTE,681,710,473,781.0
3806,Aadhya,Desai,aadhya.desai3806@example.com,+91-9578142458,M,1966-11-22,2023-07-02,INACTIVE,FTE,967,107,723,3482.0
3807,Pari,Singh,pari.singh3807@example.com,+91-9204911710,O,1981-01-24,2025-02-17,ACTIVE,FTE,46,86,862,24.0
3808,Dev,Rao,dev.rao3808@example.com,+91-9271037935,O,1976-09-10,2022-01-14,ACTIVE,FTE,565,632,874,3544.0
3809,Samar,Patel,samar.patel3809@example.com,+91-9532567618,M,1965-01-03,2022-01-28,ACTIVE,FTE,343,277,867,1747.0
3810,Aryan,Thakur,aryan.thakur3810@example.com,+91-9397154861,F,1986-04-22,2016-06-12,INACTIVE,FTE,350,556,740,
3811,Sai,Iyer,sai.iyer3811@example.com,+91-9439120770,O,2002-11-30,2015-07-12,INACTIVE,FTE,311,348,54,
3812,Ritvik,Thakur,ritvik.thakur3812@example.com,+91-9773384272,F,1969-10-08,2016-11-30,ACTIVE,FTE,991,934,916,3329.0
3813,Aditya,Saxena,aditya.saxena3813@example.com,+91-9912387164,F,1975-04-14,2023-03-14,ACTIVE,FTE,819,911,720,3264.0
3814,Kiara,Gowda,kiara.gowda3814@example.com,+91-9260705995,F,1994-09-28,2022-02-05,ACTIVE,FTE,935,515,863,1541.0
3815,Saanvi,Naidu,saanvi.naidu3815@example.com,+91-9734219477,F,1965-07-24,2019-08-26,ACTIVE,FTE,886,268,776,
3816,Aanya,Desai,aanya.desai3816@example.com,+91-9635796014,M,1972-06-17,2023-05-16,ACTIVE,FTE,109,757,531,3184.0
3817,Ishaan,Mishra,ishaan.mishra3817@example.com,+91-9709372436,F,2003-03-25,2024-06-29,LEAVE,FTE,57,378,988,310.0
3818,Ira,Naidu,ira.naidu3818@example.com,+91-9150077536,F,1998-05-09,2015-09-19,ACTIVE,FTE,756,562,391,1336.0
3819,Yuvraj,Das,yuvraj.das3819@example.com,+91-9379792312,M,1984-09-18,2016-07-21,INACTIVE,CONTRACTOR,286,765,141,3787.0
3820,Aarohi,Chauhan,aarohi.chauhan3820@example.com,+91-9344094414,F,1966-04-12,2024-01-07,ACTIVE,FTE,869,45,67,508.0
3821,Aanya,Pawar,aanya.pawar3821@example.com,+91-9253523120,F,1993-03-31,2018-01-03,ACTIVE,FTE,633,971,455,
3822,Arjun,Desai,arjun.desai3822@example.com,+91-9808095614,O,2003-05-06,2023-08-04,ACTIVE,FTE,929,950,6,1566.0
3823,Sai,Mehta,sai.mehta3823@example.com,+91-9265529620,O,1965-09-21,2015-10-01,ACTIVE,FTE,272,226,437,1935.0
3824,Kabir,Gowda,kabir.gowda3824@example.com,+91-9941199569,M,1996-10-25,2021-08-29,ACTIVE,FTE,49,321,258,1881.0
3825,Anaya,Sharma,anaya.sharma3825@example.com,+91-9862741929,O,1966-12-30,2023-05-30,ACTIVE,FTE,852,892,469,455.0
3826,Zara,Pandey,zara.pandey3826@example.com,+91-9489327608,F,1965-05-29,2015-02-03,INACTIVE,CONTRACTOR,567,257,184,1507.0
3827,Navya,Reddy,navya.reddy3827@example.com,+91-9838797574,M,2001-01-12,2025-08-20,ACTIVE,FTE,819,47,444,538.0
3828,Ishita,Das,ishita.das3828@example.com,+91-9781923496,O,1975-11-04,2018-01-04,ACTIVE,FTE,601,885,121,44.0
3829,Shaurya,Reddy,shaurya.reddy3829@example.com,+91-9554004521,F,1989-08-30,2017-09-11,ACTIVE,FTE,373,638,497,804.0
3830,Yuvraj,Pillai,yuvraj.pillai3830@example.com,+91-9968022160,F,1968-09-13,2023-11-30,ACTIVE,FTE,704,789,47,2393.0
3831,Dev,Bhandari,dev.bhandari3831@example.com,+91-9820666534,M,1996-08-31,2021-08-27,ACTIVE,FTE,882,553,30,
3832,Ira,Mukherjee,ira.mukherjee3832@example.com,+91-9141126225,M,1992-07-24,2017-03-12,ACTIVE,FTE,99,761,15,2211.0
3833,Diya,Chauhan,diya.chauhan3833@example.com,+91-9871236402,M,1967-08-15,2016-03-10,LEAVE,CONTRACTOR,173,735,49,1632.0
3834,Pari,Sharma,pari.sharma3834@example.com,+91-9520289434,F,1980-05-31,2021-04-28,INACTIVE,FTE,907,905,638,505.0
3835,Myra,Mukherjee,myra.mukherjee3835@example.com,+91-9681632591,F,1970-03-27,2022-05-30,ACTIVE,FTE,587,416,897,1423.0
3836,Mohammed,Chandra,mohammed.chandra3836@example.com,+91-9254933856,M,1968-09-12,2017-04-04,ACTIVE,FTE,883,385,526,3794.0
3837,Meera,Gupta,meera.gupta3837@example.com,+91-9759754643,F,1977-02-05,2020-07-20,INACTIVE,FTE,825,563,968,1587.0
3838,Vihaan,Gowda,vihaan.gowda3838@example.com,+91-9700056011,F,1994-11-21,2024-07-06,ACTIVE,FTE,210,843,982,3532.0
3839,Krishna,Saxena,krishna.saxena3839@example.com,+91-9104795138,F,2001-06-18,2018-05-28,ACTIVE,FTE,121,773,58,2621.0
3840,Myra,Ghosh,myra.ghosh3840@example.com,+91-9968615272,O,2001-09-28,2019-12-25,ACTIVE,INTERN,991,986,247,3094.0
3841,Kabir,Patel,kabir.patel3841@example.com,+91-9101408602,O,1965-05-25,2019-09-16,ACTIVE,FTE,832,321,857,1697.0
3842,Zara,Gowda,zara.gowda3842@example.com,+91-9955559843,M,1998-10-15,2015-08-26,ACTIVE,FTE,870,700,251,2556.0
3843,Dev,Mishra,dev.mishra3843@example.com,+91-9161938897,F,1996-10-24,2025-05-22,INACTIVE,FTE,970,323,766,994.0
3844,Saanvi,Patel,saanvi.patel3844@example.com,+91-9221957959,M,1973-08-10,2023-04-24,ACTIVE,FTE,164,870,467,1509.0
3845,Aarav,Pawar,aarav.pawar3845@example.com,+91-9451942789,F,1968-04-02,2020-06-15,INACTIVE,FTE,919,875,122,2235.0
3846,Ira,Mishra,ira.mishra3846@example.com,+91-9126158206,F,1997-10-25,2018-07-27,INACTIVE,FTE,1,555,290,1260.0
3847,Aryan,Verma,aryan.verma3847@example.com,+91-9497769145,O,1976-03-15,2023-07-13,ACTIVE,FTE,168,353,323,54.0
3848,Rohan,Yadav,rohan.yadav3848@example.com,+91-9602634693,M,1989-07-19,2016-03-29,ACTIVE,FTE,58,120,194,1036.0
3849,Sai,Pillai,sai.pillai3849@example.com,+91-9323621916,O,1994-10-15,2024-05-28,ACTIVE,FTE,794,354,14,501.0
3850,Ishaan,Pandey,ishaan.pandey3850@example.com,+91-9123692927,O,2001-02-09,2019-07-19,ACTIVE,FTE,767,95,842,521.0
3851,Aarav,Chauhan,aarav.chauhan3851@example.com,+91-9999643846,M,1982-07-30,2015-09-17,INACTIVE,FTE,383,70,340,2473.0
3852,Dhruv,Pillai,dhruv.pillai3852@example.com,+91-9726974678,F,1975-06-26,2023-01-17,ACTIVE,FTE,804,793,392,3659.0
3853,Sara,Jadhav,sara.jadhav3853@example.com,+91-9318672854,O,1999-10-09,2022-12-02,LEAVE,FTE,581,959,155,730.0
3854,Aditya,Chandra,aditya.chandra3854@example.com,+91-9972970022,M,1968-06-27,2021-03-30,ACTIVE,FTE,47,450,83,3398.0
3855,Dhruv,Chauhan,dhruv.chauhan3855@example.com,+91-9174644946,O,1978-12-18,2025-05-16,LEAVE,FTE,141,661,321,3335.0
3856,Kabir,Pandey,kabir.pandey3856@example.com,+91-9827985273,O,1994-04-13,2021-08-16,ACTIVE,CONTRACTOR,442,305,213,1434.0
3857,Mohammed,Iyer,mohammed.iyer3857@example.com,+91-9916719856,M,1985-11-03,2020-05-12,ACTIVE,FTE,812,287,382,2261.0
3858,Aadhya,Sharma,aadhya.sharma3858@example.com,+91-9215737589,O,2001-12-15,2024-12-05,ACTIVE,FTE,301,391,719,2676.0
3859,Sara,Gowda,sara.gowda3859@example.com,+91-9238220379,M,2002-06-21,2024-11-06,ACTIVE,FTE,234,246,1000,190.0
3860,Aarav,Kulkarni,aarav.kulkarni3860@example.com,+91-9810188601,O,1975-08-05,2018-07-30,ACTIVE,FTE,531,538,647,425.0
3861,Myra,Patel,myra.patel3861@example.com,+91-9106193065,M,1974-11-18,2020-07-08,ACTIVE,FTE,675,158,508,
3862,Om,Jadhav,om.jadhav3862@example.com,+91-9264102030,F,2002-03-05,2022-05-30,INACTIVE,FTE,311,479,42,2672.0
3863,Vivaan,Das,vivaan.das3863@example.com,+91-9640592046,M,1975-11-26,2022-11-23,ACTIVE,FTE,621,429,976,1693.0
3864,Diya,Singh,diya.singh3864@example.com,+91-9303911376,M,1998-01-15,2018-04-17,ACTIVE,FTE,794,539,1000,825.0
3865,Aisha,Mehta,aisha.mehta3865@example.com,+91-9777428713,O,1967-01-05,2016-08-03,ACTIVE,INTERN,556,174,302,207.0
3866,Pari,Naidu,pari.naidu3866@example.com,+91-9954777850,O,1971-10-04,2023-11-28,ACTIVE,FTE,107,4,577,2562.0
3867,Anika,Saxena,anika.saxena3867@example.com,+91-9554856510,O,1977-10-20,2021-11-13,ACTIVE,CONTRACTOR,703,179,518,279.0
3868,Aisha,Chandra,aisha.chandra3868@example.com,+91-9662189307,M,1965-10-08,2015-03-27,ACTIVE,CONTRACTOR,409,875,812,3720.0
3869,Aryan,Chauhan,aryan.chauhan3869@example.com,+91-9640715415,M,1968-03-12,2020-04-20,ACTIVE,FTE,176,558,689,1322.0
3870,Navya,Yadav,navya.yadav3870@example.com,+91-9589992035,O,1970-02-10,2022-08-25,ACTIVE,FTE,293,104,682,3221.0
3871,Sara,Patel,sara.patel3871@example.com,+91-9686336453,F,1979-10-07,2017-02-05,ACTIVE,FTE,218,271,573,2531.0
3872,Samar,Kulkarni,samar.kulkarni3872@example.com,+91-9673361139,M,2001-02-11,2022-10-04,ACTIVE,FTE,840,818,969,3868.0
3873,Mohammed,Kulkarni,mohammed.kulkarni3873@example.com,+91-9164295287,M,1993-05-05,2020-05-31,ACTIVE,CONTRACTOR,469,938,754,1585.0
3874,Krishna,Singh,krishna.singh3874@example.com,+91-9443786822,O,1969-10-12,2023-07-31,ACTIVE,FTE,433,766,745,230.0
3875,Ishita,Pandey,ishita.pandey3875@example.com,+91-9109249440,O,2004-05-01,2023-02-09,ACTIVE,FTE,656,25,544,2277.0
3876,Dhruv,Mehta,dhruv.mehta3876@example.com,+91-9214799505,M,2000-08-30,2017-12-10,INACTIVE,FTE,343,723,945,1798.0
3877,Anika,Das,anika.das3877@example.com,+91-9622494808,O,2000-10-14,2023-12-22,ACTIVE,FTE,917,83,342,1311.0
3878,Krishna,Jadhav,krishna.jadhav3878@example.com,+91-9817963046,F,1994-12-01,2018-05-29,ACTIVE,FTE,172,997,994,1958.0
3879,Myra,Gupta,myra.gupta3879@example.com,+91-9633414059,O,1983-05-20,2023-03-05,ACTIVE,FTE,740,259,253,456.0
3880,Aryan,Mehta,aryan.mehta3880@example.com,+91-9431687265,M,1980-05-20,2015-08-31,ACTIVE,CONTRACTOR,490,419,446,2163.0
3881,Sara,Verma,sara.verma3881@example.com,+91-9514673771,M,1983-08-31,2021-10-27,ACTIVE,FTE,118,341,453,1665.0
3882,Ishaan,Gowda,ishaan.gowda3882@example.com,+91-9812952358,F,1998-01-22,2023-09-11,ACTIVE,FTE,352,647,129,1408.0
3883,Shaurya,Kulkarni,shaurya.kulkarni3883@example.com,+91-9597382914,M,1987-09-27,2024-07-25,ACTIVE,FTE,179,625,183,225.0
3884,Rohan,Bhandari,rohan.bhandari3884@example.com,+91-9378941275,M,1993-08-01,2023-01-13,ACTIVE,FTE,683,25,102,3169.0
3885,Kabir,Verma,kabir.verma3885@example.com,+91-9354043201,O,1976-02-20,2022-06-16,ACTIVE,CONTRACTOR,571,417,688,896.0
3886,Rohan,Pillai,rohan.pillai3886@example.com,+91-9371532522,F,1978-10-22,2024-02-16,ACTIVE,FTE,400,142,159,3610.0
3887,Aanya,Das,aanya.das3887@example.com,+91-9633904819,F,1993-09-01,2018-03-06,ACTIVE,CONTRACTOR,89,62,233,1528.0
3888,Riya,Sharma,riya.sharma3888@example.com,+91-9272798970,F,2003-01-29,2020-04-23,ACTIVE,FTE,82,723,313,2375.0
3889,Shaurya,Chauhan,shaurya.chauhan3889@example.com,+91-9543015873,F,1980-10-10,2021-03-21,ACTIVE,FTE,54,748,80,1753.0
3890,Myra,Joshi,myra.joshi3890@example.com,+91-9189751449,M,1967-06-24,2024-12-16,ACTIVE,FTE,620,802,38,3511.0
3891,Aditya,Gowda,aditya.gowda3891@example.com,+91-9433914221,O,1972-03-29,2022-04-23,ACTIVE,FTE,608,894,331,3862.0
3892,Ritvik,Sharma,ritvik.sharma3892@example.com,+91-9627116143,O,1968-09-21,2016-08-20,ACTIVE,FTE,276,875,410,3012.0
3893,Om,Bose,om.bose3893@example.com,+91-9690475478,O,1975-08-21,2015-01-27,INACTIVE,FTE,842,732,134,2764.0
3894,Aanya,Thakur,aanya.thakur3894@example.com,+91-9501060136,F,1996-02-25,2018-05-12,ACTIVE,FTE,204,162,112,1626.0
3895,Aisha,Pandey,aisha.pandey3895@example.com,+91-9170571883,M,1972-03-19,2015-10-12,ACTIVE,FTE,545,696,684,3718.0
3896,Kiara,Iyer,kiara.iyer3896@example.com,+91-9258586247,F,1979-07-11,2019-04-21,ACTIVE,FTE,35,974,23,722.0
3897,Anika,Thakur,anika.thakur3897@example.com,+91-9562842630,O,1982-07-04,2019-03-04,ACTIVE,FTE,314,782,688,575.0
3898,Diya,Sharma,diya.sharma3898@example.com,+91-9541576419,M,1986-10-08,2018-04-10,ACTIVE,CONTRACTOR,689,871,270,
3899,Aryan,Verma,aryan.verma3899@example.com,+91-9635295666,F,1990-06-15,2024-09-30,INACTIVE,FTE,859,925,977,2954.0
3900,Diya,Gowda,diya.gowda3900@example.com,+91-9822741746,F,2003-03-05,2023-05-25,INACTIVE,FTE,757,192,61,286.0
3901,Anaya,Khan,anaya.khan3901@example.com,+91-9882257813,M,2001-01-10,2017-10-20,ACTIVE,FTE,883,102,409,1122.0
3902,Vihaan,Thakur,vihaan.thakur3902@example.com,+91-9344022281,M,1981-09-30,2017-04-12,ACTIVE,FTE,722,286,302,1177.0
3903,Shaurya,Rao,shaurya.rao3903@example.com,+91-9885400496,F,1986-01-13,2020-11-14,ACTIVE,FTE,972,941,938,2636.0
3904,Aditya,Mishra,aditya.mishra3904@example.com,+91-9616283608,M,1997-02-24,2022-09-24,ACTIVE,FTE,783,403,737,2541.0
3905,Aanya,Singh,aanya.singh3905@example.com,+91-9179968832,M,1985-02-17,2016-09-30,ACTIVE,FTE,462,643,920,3565.0
3906,Vivaan,Gowda,vivaan.gowda3906@example.com,+91-9365891207,M,2003-12-12,2022-07-11,ACTIVE,FTE,178,629,521,2335.0
3907,Myra,Joshi,myra.joshi3907@example.com,+91-9604480211,M,1982-09-03,2017-03-25,ACTIVE,FTE,434,365,519,2476.0
3908,Reyansh,Mishra,reyansh.mishra3908@example.com,+91-9488330186,O,2000-02-05,2025-01-27,ACTIVE,FTE,373,481,578,363.0
3909,Samar,Jadhav,samar.jadhav3909@example.com,+91-9407972189,M,1983-01-01,2020-12-19,INACTIVE,FTE,120,667,151,914.0
3910,Samar,Kulkarni,samar.kulkarni3910@example.com,+91-9887856235,M,1968-10-20,2022-12-14,ACTIVE,FTE,21,425,874,292.0
3911,Aditi,Ghosh,aditi.ghosh3911@example.com,+91-9450197203,O,1984-11-26,2019-01-22,ACTIVE,FTE,768,803,672,3510.0
3912,Vihaan,Das,vihaan.das3912@example.com,+91-9208184096,M,1997-02-28,2018-07-24,INACTIVE,FTE,127,160,536,2610.0
3913,Reyansh,Chandra,reyansh.chandra3913@example.com,+91-9694451243,O,1985-12-31,2017-08-03,ACTIVE,FTE,81,328,263,2031.0
3914,Aditi,Singh,aditi.singh3914@example.com,+91-9498387046,O,1996-08-08,2022-10-02,ACTIVE,FTE,877,29,455,
3915,Vihaan,Joshi,vihaan.joshi3915@example.com,+91-9805203342,M,1992-05-15,2017-03-19,ACTIVE,FTE,455,415,184,2924.0
3916,Rohan,Desai,rohan.desai3916@example.com,+91-9893184814,F,1987-10-12,2022-09-15,ACTIVE,INTERN,508,621,538,
3917,Vivaan,Chauhan,vivaan.chauhan3917@example.com,+91-9635536921,F,1999-12-10,2025-07-28,INACTIVE,FTE,657,248,452,2119.0
3918,Ira,Khan,ira.khan3918@example.com,+91-9970547602,O,1977-12-26,2025-07-21,ACTIVE,FTE,855,200,399,446.0
3919,Om,Naidu,om.naidu3919@example.com,+91-9489040368,F,1983-11-10,2019-07-22,ACTIVE,FTE,601,559,690,2077.0
3920,Aisha,Gupta,aisha.gupta3920@example.com,+91-9477852351,M,2000-11-19,2017-10-25,ACTIVE,FTE,620,19,104,3760.0
3921,Anaya,Gowda,anaya.gowda3921@example.com,+91-9630569203,M,2004-04-14,2020-05-02,ACTIVE,CONTRACTOR,458,873,821,3036.0
3922,Aadhya,Joshi,aadhya.joshi3922@example.com,+91-9344512647,M,1987-07-24,2018-10-23,ACTIVE,FTE,1000,664,457,3171.0
3923,Dhruv,Joshi,dhruv.joshi3923@example.com,+91-9599065913,F,1985-05-01,2023-06-04,ACTIVE,FTE,66,632,852,389.0
3924,Aadhya,Joshi,aadhya.joshi3924@example.com,+91-9555428266,F,1968-06-11,2017-06-04,ACTIVE,FTE,21,805,45,2165.0
3925,Meera,Mukherjee,meera.mukherjee3925@example.com,+91-9160560247,M,2003-04-26,2021-01-25,INACTIVE,FTE,687,938,774,1901.0
3926,Diya,Reddy,diya.reddy3926@example.com,+91-9202600092,O,1973-07-10,2020-07-16,ACTIVE,CONTRACTOR,55,896,666,792.0
3927,Aarav,Ghosh,aarav.ghosh3927@example.com,+91-9780426941,O,1979-09-07,2023-06-09,LEAVE,FTE,613,214,175,1916.0
3928,Aryan,Bhandari,aryan.bhandari3928@example.com,+91-9826197590,O,1998-11-20,2019-11-19,ACTIVE,FTE,794,192,184,2112.0
3929,Saanvi,Ghosh,saanvi.ghosh3929@example.com,+91-9678810503,F,1978-03-26,2016-07-06,ACTIVE,CONTRACTOR,168,685,267,846.0
3930,Rohan,Bose,rohan.bose3930@example.com,+91-9369612108,O,1966-10-16,2022-07-24,ACTIVE,FTE,751,100,318,1228.0
3931,Ishita,Kulkarni,ishita.kulkarni3931@example.com,+91-9919122292,O,1972-10-30,2025-02-06,ACTIVE,FTE,277,324,993,3112.0
3932,Myra,Khan,myra.khan3932@example.com,+91-9923469700,F,1982-11-17,2018-06-12,ACTIVE,FTE,589,971,955,578.0
3933,Sara,Pawar,sara.pawar3933@example.com,+91-9794771922,F,1970-01-25,2021-01-13,ACTIVE,CONTRACTOR,682,652,424,23.0
3934,Aditya,Ghosh,aditya.ghosh3934@example.com,+91-9305612179,M,1972-06-22,2024-03-19,ACTIVE,FTE,930,122,810,
3935,Zara,Desai,zara.desai3935@example.com,+91-9500811895,F,1995-10-28,2017-03-22,INACTIVE,FTE,593,108,281,3039.0
3936,Navya,Thakur,navya.thakur3936@example.com,+91-9873008709,F,1970-04-03,2025-07-14,ACTIVE,FTE,471,703,386,378.0
3937,Aditya,Bhandari,aditya.bhandari3937@example.com,+91-9467396592,F,1983-05-25,2018-12-28,ACTIVE,FTE,84,2,190,1524.0
3938,Myra,Bhandari,myra.bhandari3938@example.com,+91-9901064576,F,1985-09-11,2022-11-07,ACTIVE,FTE,867,789,858,1486.0
3939,Mohammed,Das,mohammed.das3939@example.com,+91-9102914995,F,1974-06-24,2025-01-01,ACTIVE,FTE,309,86,783,
3940,Mira,Ghosh,mira.ghosh3940@example.com,+91-9854470299,M,1966-06-07,2017-08-01,ACTIVE,FTE,803,305,913,3117.0
3941,Ishaan,Mishra,ishaan.mishra3941@example.com,+91-9999207745,F,1998-01-08,2015-05-26,LEAVE,FTE,858,385,974,903.0
3942,Kabir,Saxena,kabir.saxena3942@example.com,+91-9626929007,O,1965-11-12,2020-06-23,ACTIVE,CONTRACTOR,304,169,557,3896.0
3943,Mira,Iyer,mira.iyer3943@example.com,+91-9160309196,F,1993-06-08,2017-07-14,ACTIVE,FTE,590,823,665,1441.0
3944,Ishaan,Bose,ishaan.bose3944@example.com,+91-9161932878,F,1968-06-08,2022-05-07,ACTIVE,FTE,56,226,444,1883.0
3945,Aisha,Sharma,aisha.sharma3945@example.com,+91-9753674171,F,1983-04-27,2017-01-05,ACTIVE,FTE,588,656,876,1815.0
3946,Mohammed,Reddy,mohammed.reddy3946@example.com,+91-9595194531,F,2004-02-24,2019-11-07,ACTIVE,FTE,953,637,397,2251.0
3947,Meera,Desai,meera.desai3947@example.com,+91-9626227954,O,1969-09-17,2017-07-13,ACTIVE,CONTRACTOR,524,225,19,3076.0
3948,Mira,Mishra,mira.mishra3948@example.com,+91-9588841703,F,1996-12-03,2022-09-11,LEAVE,FTE,929,517,157,888.0
3949,Meera,Chandra,meera.chandra3949@example.com,+91-9847350891,M,2001-02-19,2021-08-30,ACTIVE,FTE,182,458,260,768.0
3950,Aarav,Bose,aarav.bose3950@example.com,+91-9481106175,M,1967-06-08,2024-09-11,ACTIVE,FTE,333,264,500,2419.0
3951,Ishaan,Pillai,ishaan.pillai3951@example.com,+91-9451682360,F,1978-03-25,2018-09-04,ACTIVE,CONTRACTOR,745,674,90,
3952,Sara,Mukherjee,sara.mukherjee3952@example.com,+91-9993637318,F,2000-07-07,2016-02-15,ACTIVE,FTE,929,548,187,3082.0
3953,Om,Gowda,om.gowda3953@example.com,+91-9280034909,O,1973-02-06,2019-01-31,ACTIVE,FTE,334,58,582,2621.0
3954,Dhruv,Pawar,dhruv.pawar3954@example.com,+91-9339134700,M,1972-03-15,2021-05-11,INACTIVE,FTE,242,481,552,
3955,Meera,Iyer,meera.iyer3955@example.com,+91-9128275124,F,1989-10-23,2016-10-21,ACTIVE,FTE,248,391,827,96.0
3956,Sara,Gowda,sara.gowda3956@example.com,+91-9964802410,O,1968-04-11,2020-03-03,ACTIVE,FTE,613,269,62,2795.0
3957,Arjun,Ghosh,arjun.ghosh3957@example.com,+91-9199990495,O,1971-09-08,2025-04-16,ACTIVE,FTE,930,160,507,3632.0
3958,Arjun,Gowda,arjun.gowda3958@example.com,+91-9828164868,M,1975-12-05,2022-05-20,ACTIVE,FTE,56,22,639,1745.0
3959,Navya,Saxena,navya.saxena3959@example.com,+91-9558102210,O,2000-07-26,2016-03-27,INACTIVE,FTE,316,881,83,2617.0
3960,Myra,Reddy,myra.reddy3960@example.com,+91-9539405451,F,1971-12-31,2023-02-11,ACTIVE,FTE,856,624,285,9.0
3961,Aditya,Yadav,aditya.yadav3961@example.com,+91-9112508192,F,1967-01-11,2020-10-27,ACTIVE,FTE,353,568,158,2779.0
3962,Meera,Joshi,meera.joshi3962@example.com,+91-9107261371,M,1997-08-22,2023-03-30,ACTIVE,FTE,720,331,719,1167.0
3963,Kabir,Sharma,kabir.sharma3963@example.com,+91-9473178019,O,1978-06-05,2016-06-02,ACTIVE,FTE,533,886,424,
3964,Riya,Gowda,riya.gowda3964@example.com,+91-9383433883,O,1994-08-14,2018-01-11,ACTIVE,FTE,626,312,649,1718.0
3965,Krishna,Gowda,krishna.gowda3965@example.com,+91-9180834847,O,1983-05-29,2025-01-12,INACTIVE,FTE,519,955,217,1487.0
3966,Aisha,Sharma,aisha.sharma3966@example.com,+91-9996639534,M,1970-08-19,2015-03-04,ACTIVE,CONTRACTOR,414,238,218,2551.0
3967,Shaurya,Mehta,shaurya.mehta3967@example.com,+91-9285009352,M,1998-02-04,2023-01-21,ACTIVE,FTE,314,871,696,2074.0
3968,Meera,Pawar,meera.pawar3968@example.com,+91-9661124146,O,1989-07-12,2021-04-22,ACTIVE,FTE,263,552,807,988.0
3969,Aarav,Reddy,aarav.reddy3969@example.com,+91-9497990678,M,1973-03-20,2020-05-01,ACTIVE,FTE,416,617,284,2754.0
3970,Dhruv,Gowda,dhruv.gowda3970@example.com,+91-9488282089,M,2002-02-18,2021-03-02,INACTIVE,FTE,255,161,928,1928.0
3971,Aanya,Mukherjee,aanya.mukherjee3971@example.com,+91-9831677683,O,1979-09-06,2025-05-17,ACTIVE,FTE,328,919,171,613.0
3972,Kabir,Gupta,kabir.gupta3972@example.com,+91-9618137724,O,1983-12-21,2018-12-29,ACTIVE,FTE,757,210,583,3040.0
3973,Navya,Ghosh,navya.ghosh3973@example.com,+91-9551311842,O,1994-10-02,2017-10-27,ACTIVE,FTE,908,229,383,
3974,Samar,Bose,samar.bose3974@example.com,+91-9414183287,M,1987-03-02,2020-07-19,ACTIVE,FTE,915,313,801,2512.0
3975,Saanvi,Bose,saanvi.bose3975@example.com,+91-9719055261,M,2001-10-26,2017-09-16,ACTIVE,FTE,753,356,535,737.0
3976,Sara,Patel,sara.patel3976@example.com,+91-9120905150,O,1994-02-10,2017-09-03,ACTIVE,FTE,519,975,475,1559.0
3977,Aditya,Naidu,aditya.naidu3977@example.com,+91-9813386484,M,1988-12-16,2024-02-29,ACTIVE,FTE,429,148,774,2895.0
3978,Anika,Mehta,anika.mehta3978@example.com,+91-9126258694,M,1990-05-27,2015-05-05,ACTIVE,FTE,871,139,652,3061.0
3979,Om,Mukherjee,om.mukherjee3979@example.com,+91-9684996117,O,1971-07-01,2019-11-10,INACTIVE,FTE,948,346,776,2859.0
3980,Anika,Singh,anika.singh3980@example.com,+91-9133312388,O,1998-03-07,2016-07-11,ACTIVE,FTE,605,602,551,2151.0
3981,Ira,Jadhav,ira.jadhav3981@example.com,+91-9802996861,M,1999-06-05,2018-02-19,ACTIVE,FTE,757,78,818,615.0
3982,Meera,Chandra,meera.chandra3982@example.com,+91-9517600916,F,1987-06-19,2022-09-15,ACTIVE,FTE,200,778,661,3112.0
3983,Dev,Ghosh,dev.ghosh3983@example.com,+91-9805236625,M,1972-09-28,2017-09-12,ACTIVE,CONTRACTOR,159,962,174,2219.0
3984,Yuvraj,Mukherjee,yuvraj.mukherjee3984@example.com,+91-9231022172,M,1992-10-03,2019-05-13,ACTIVE,FTE,135,603,580,1584.0
3985,Mira,Sharma,mira.sharma3985@example.com,+91-9736322346,O,1995-06-17,2016-04-12,ACTIVE,CONTRACTOR,386,46,938,2336.0
3986,Mohammed,Gowda,mohammed.gowda3986@example.com,+91-9263168690,O,1982-11-24,2020-10-12,ACTIVE,INTERN,674,870,542,2951.0
3987,Shaurya,Iyer,shaurya.iyer3987@example.com,+91-9620489524,O,1990-12-09,2017-06-24,INACTIVE,FTE,749,387,16,760.0
3988,Aadhya,Bhandari,aadhya.bhandari3988@example.com,+91-9504375402,O,1998-09-17,2016-10-19,ACTIVE,FTE,667,196,650,
3989,Ira,Joshi,ira.joshi3989@example.com,+91-9330057129,F,1993-04-03,2017-12-30,ACTIVE,FTE,596,393,629,575.0
3990,Aryan,Yadav,aryan.yadav3990@example.com,+91-9652354205,O,2000-12-23,2024-04-17,ACTIVE,FTE,843,2,694,2247.0
3991,Myra,Mukherjee,myra.mukherjee3991@example.com,+91-9287281864,M,1967-02-11,2023-12-09,ACTIVE,CONTRACTOR,4,472,102,3050.0
3992,Aarohi,Patel,aarohi.patel3992@example.com,+91-9939722866,F,1981-08-21,2022-01-16,ACTIVE,FTE,342,572,679,1070.0
3993,Dhruv,Pillai,dhruv.pillai3993@example.com,+91-9630805301,F,1998-03-17,2017-04-14,ACTIVE,FTE,178,442,880,2912.0
3994,Anika,Singh,anika.singh3994@example.com,+91-9960101428,F,2003-01-17,2018-10-21,ACTIVE,FTE,602,78,701,225.0
3995,Kabir,Verma,kabir.verma3995@example.com,+91-9928240505,F,1985-03-19,2019-02-04,ACTIVE,FTE,481,584,992,3927.0
3996,Aanya,Bhandari,aanya.bhandari3996@example.com,+91-9664368791,O,1982-10-16,2018-01-02,ACTIVE,FTE,778,984,34,
3997,Saanvi,Kulkarni,saanvi.kulkarni3997@example.com,+91-9514943749,F,1996-06-26,2017-10-29,ACTIVE,FTE,710,913,234,654.0
3998,Meera,Bhandari,meera.bhandari3998@example.com,+91-9625404721,O,1994-12-30,2020-04-05,ACTIVE,FTE,135,703,218,296.0
3999,Ishaan,Mehta,ishaan.mehta3999@example.com,+91-9692068107,M,1966-02-26,2020-03-31,ACTIVE,FTE,144,506,877,2231.0
4000,Sai,Yadav,sai.yadav4000@example.com,+91-9469442038,M,1986-08-09,2025-05-24,ACTIVE,FTE,224,25,878,1561.0
4001,Pari,Khan,pari.khan4001@example.com,+91-9145657871,M,1991-12-19,2016-07-09,ACTIVE,FTE,10,589,353,3827.0
4002,Arjun,Mehta,arjun.mehta4002@example.com,+91-9119332544,M,1977-04-23,2020-07-05,ACTIVE,FTE,653,174,160,2672.0
4003,Dhruv,Pawar,dhruv.pawar4003@example.com,+91-9993912089,O,1995-07-17,2015-07-18,ACTIVE,CONTRACTOR,669,909,574,373.0
4004,Om,Patel,om.patel4004@example.com,+91-9599745659,F,1970-02-01,2019-09-19,ACTIVE,FTE,887,722,242,147.0
4005,Shaurya,Pandey,shaurya.pandey4005@example.com,+91-9692068780,M,1998-05-30,2017-08-31,ACTIVE,FTE,374,50,713,3916.0
4006,Navya,Das,navya.das4006@example.com,+91-9301319705,F,1978-12-06,2020-12-19,ACTIVE,INTERN,372,28,115,2910.0
4007,Rohan,Ghosh,rohan.ghosh4007@example.com,+91-9138113027,F,1969-08-23,2015-08-10,ACTIVE,FTE,279,387,961,1001.0
4008,Arjun,Pillai,arjun.pillai4008@example.com,+91-9729739821,M,1987-12-31,2016-09-16,ACTIVE,FTE,31,606,406,226.0
4009,Dev,Patel,dev.patel4009@example.com,+91-9462316968,M,1997-07-06,2020-04-06,ACTIVE,FTE,347,581,647,1700.0
4010,Ritvik,Rao,ritvik.rao4010@example.com,+91-9315406193,M,1968-05-24,2018-10-13,ACTIVE,FTE,530,979,976,1139.0
4011,Ishita,Reddy,ishita.reddy4011@example.com,+91-9831931837,F,1986-10-13,2023-08-01,ACTIVE,FTE,815,566,306,581.0
4012,Kiara,Naidu,kiara.naidu4012@example.com,+91-9105840273,M,1967-12-25,2016-07-28,ACTIVE,FTE,247,664,125,1486.0
4013,Kabir,Rao,kabir.rao4013@example.com,+91-9517159541,O,1982-05-26,2021-04-19,LEAVE,FTE,734,692,744,1190.0
4014,Dev,Joshi,dev.joshi4014@example.com,+91-9329360798,M,1975-12-25,2015-12-31,ACTIVE,FTE,662,937,613,
4015,Aarav,Reddy,aarav.reddy4015@example.com,+91-9737625373,M,1990-07-17,2020-12-02,ACTIVE,FTE,954,619,8,65.0
4016,Kiara,Mukherjee,kiara.mukherjee4016@example.com,+91-9974836575,F,1988-10-02,2015-07-20,ACTIVE,FTE,942,761,593,1597.0
4017,Saanvi,Joshi,saanvi.joshi4017@example.com,+91-9784374411,O,1989-02-10,2015-05-10,ACTIVE,FTE,401,664,164,2760.0
4018,Dev,Singh,dev.singh4018@example.com,+91-9635836949,M,1994-05-08,2020-11-18,ACTIVE,CONTRACTOR,892,652,572,2618.0
4019,Aarav,Gupta,aarav.gupta4019@example.com,+91-9344135040,F,1965-03-28,2019-05-17,LEAVE,CONTRACTOR,498,83,912,
4020,Ira,Jadhav,ira.jadhav4020@example.com,+91-9863102635,O,1984-05-07,2023-04-20,ACTIVE,FTE,259,299,805,3948.0
4021,Saanvi,Reddy,saanvi.reddy4021@example.com,+91-9481318316,M,2004-08-10,2022-06-13,INACTIVE,FTE,66,885,304,1509.0
4022,Riya,Sharma,riya.sharma4022@example.com,+91-9310237971,F,1968-05-21,2017-06-20,ACTIVE,CONTRACTOR,437,737,597,1928.0
4023,Navya,Thakur,navya.thakur4023@example.com,+91-9140824848,O,1982-04-22,2017-04-20,ACTIVE,FTE,608,261,209,381.0
4024,Vihaan,Rao,vihaan.rao4024@example.com,+91-9419038260,F,2000-06-08,2017-09-18,ACTIVE,FTE,535,120,271,2724.0
4025,Vivaan,Gupta,vivaan.gupta4025@example.com,+91-9286251901,F,1978-06-26,2022-02-12,ACTIVE,FTE,504,61,804,686.0
4026,Aryan,Ghosh,aryan.ghosh4026@example.com,+91-9300477760,O,1986-12-25,2018-06-10,ACTIVE,FTE,261,761,96,764.0
4027,Vihaan,Thakur,vihaan.thakur4027@example.com,+91-9517006727,M,2004-03-13,2020-11-22,ACTIVE,FTE,379,273,696,
4028,Sara,Gowda,sara.gowda4028@example.com,+91-9319221621,M,1967-06-19,2020-12-21,ACTIVE,FTE,169,567,117,2514.0
4029,Meera,Das,meera.das4029@example.com,+91-9683234444,M,1992-08-20,2025-07-09,ACTIVE,FTE,780,940,983,3900.0
4030,Aditi,Desai,aditi.desai4030@example.com,+91-9514962173,F,1989-02-01,2022-05-21,INACTIVE,FTE,63,801,861,1167.0
4031,Anika,Saxena,anika.saxena4031@example.com,+91-9696013253,F,1997-08-19,2021-05-25,ACTIVE,FTE,365,392,174,196.0
4032,Diya,Sharma,diya.sharma4032@example.com,+91-9603055650,M,1970-04-17,2020-03-14,ACTIVE,INTERN,989,588,595,1459.0
4033,Aditi,Rao,aditi.rao4033@example.com,+91-9214963854,F,1976-08-12,2023-10-03,ACTIVE,FTE,534,353,644,3411.0
4034,Ritvik,Verma,ritvik.verma4034@example.com,+91-9878465019,O,1975-06-04,2020-06-25,ACTIVE,FTE,253,191,962,3560.0
4035,Anika,Ghosh,anika.ghosh4035@example.com,+91-9137928184,F,2003-05-30,2017-01-02,ACTIVE,INTERN,882,860,577,2168.0
4036,Reyansh,Verma,reyansh.verma4036@example.com,+91-9564998739,F,1978-12-18,2025-04-15,ACTIVE,CONTRACTOR,871,882,347,3977.0
4037,Kabir,Pandey,kabir.pandey4037@example.com,+91-9892015604,F,1966-01-08,2024-03-17,ACTIVE,FTE,576,923,540,429.0
4038,Saanvi,Mehta,saanvi.mehta4038@example.com,+91-9118659329,F,1992-05-06,2025-01-29,ACTIVE,FTE,67,596,886,3009.0
4039,Aarav,Bose,aarav.bose4039@example.com,+91-9429139843,F,1998-04-27,2016-09-23,ACTIVE,FTE,363,497,301,3111.0
4040,Yuvraj,Patel,yuvraj.patel4040@example.com,+91-9565991011,F,1994-09-15,2025-01-20,INACTIVE,INTERN,911,317,254,3271.0
4041,Dhruv,Yadav,dhruv.yadav4041@example.com,+91-9631866203,F,1985-10-08,2019-03-07,ACTIVE,FTE,649,326,763,1693.0
4042,Ishita,Ghosh,ishita.ghosh4042@example.com,+91-9334548252,M,1996-06-06,2025-08-19,ACTIVE,FTE,755,419,233,1950.0
4043,Samar,Jadhav,samar.jadhav4043@example.com,+91-9450538902,F,1998-04-12,2015-09-24,ACTIVE,CONTRACTOR,631,81,585,166.0
4044,Aarohi,Mukherjee,aarohi.mukherjee4044@example.com,+91-9581391958,F,1986-11-09,2016-11-09,INACTIVE,FTE,702,240,316,3657.0
4045,Mira,Joshi,mira.joshi4045@example.com,+91-9788204624,O,1980-09-12,2017-07-23,INACTIVE,FTE,455,394,831,352.0
4046,Navya,Sharma,navya.sharma4046@example.com,+91-9355275006,F,1989-02-08,2016-06-23,ACTIVE,FTE,8,164,698,3546.0
4047,Ritvik,Mehta,ritvik.mehta4047@example.com,+91-9382172623,M,1982-01-14,2018-08-29,ACTIVE,FTE,69,224,994,
4048,Dev,Iyer,dev.iyer4048@example.com,+91-9544587465,M,1977-10-28,2020-11-10,LEAVE,FTE,123,825,448,586.0
4049,Arjun,Reddy,arjun.reddy4049@example.com,+91-9616980839,M,1984-07-12,2022-11-06,ACTIVE,CONTRACTOR,26,456,210,2207.0
4050,Diya,Mishra,diya.mishra4050@example.com,+91-9585400436,M,1973-03-28,2019-10-10,LEAVE,FTE,358,813,957,1251.0
4051,Arjun,Joshi,arjun.joshi4051@example.com,+91-9879700577,M,1971-08-26,2021-09-29,ACTIVE,FTE,181,415,413,2610.0
4052,Aarav,Yadav,aarav.yadav4052@example.com,+91-9608870403,O,2000-07-27,2025-04-13,ACTIVE,FTE,47,128,306,1499.0
4053,Krishna,Chandra,krishna.chandra4053@example.com,+91-9173582652,O,1990-06-02,2022-05-18,ACTIVE,FTE,49,912,695,1084.0
4054,Meera,Sharma,meera.sharma4054@example.com,+91-9564103758,M,1973-11-02,2019-10-14,ACTIVE,FTE,733,190,570,699.0
4055,Pari,Singh,pari.singh4055@example.com,+91-9996036219,M,1982-11-07,2021-06-03,ACTIVE,CONTRACTOR,559,469,223,1778.0
4056,Sai,Kulkarni,sai.kulkarni4056@example.com,+91-9732941181,O,2003-05-19,2018-04-27,ACTIVE,FTE,195,463,933,622.0
4057,Mohammed,Verma,mohammed.verma4057@example.com,+91-9892889176,M,1965-06-21,2020-03-13,ACTIVE,FTE,4,795,920,3225.0
4058,Yuvraj,Rao,yuvraj.rao4058@example.com,+91-9702223815,O,1972-08-14,2016-05-17,ACTIVE,FTE,262,595,190,810.0
4059,Anika,Yadav,anika.yadav4059@example.com,+91-9782522550,F,1971-07-09,2018-06-18,INACTIVE,CONTRACTOR,487,665,135,661.0
4060,Riya,Reddy,riya.reddy4060@example.com,+91-9674375513,M,2002-12-28,2016-04-12,ACTIVE,CONTRACTOR,675,594,190,2064.0
4061,Vivaan,Thakur,vivaan.thakur4061@example.com,+91-9433835477,M,1976-11-26,2016-07-03,ACTIVE,FTE,418,53,668,2063.0
4062,Saanvi,Mukherjee,saanvi.mukherjee4062@example.com,+91-9271652862,F,2000-06-18,2022-09-28,ACTIVE,FTE,505,318,613,1934.0
4063,Samar,Verma,samar.verma4063@example.com,+91-9180033850,M,1999-08-17,2016-03-16,ACTIVE,FTE,255,602,91,2200.0
4064,Mira,Verma,mira.verma4064@example.com,+91-9339758507,M,1981-07-24,2022-07-23,ACTIVE,FTE,664,554,337,2324.0
4065,Riya,Pandey,riya.pandey4065@example.com,+91-9368357690,O,1975-07-27,2018-02-16,ACTIVE,FTE,530,99,281,1427.0
4066,Anaya,Jadhav,anaya.jadhav4066@example.com,+91-9279737153,O,1993-09-13,2025-01-14,ACTIVE,FTE,970,990,795,1797.0
4067,Om,Saxena,om.saxena4067@example.com,+91-9946204877,M,1999-10-27,2022-01-18,ACTIVE,FTE,349,443,819,3406.0
4068,Kabir,Sharma,kabir.sharma4068@example.com,+91-9397373345,O,1991-06-17,2023-06-24,ACTIVE,FTE,590,287,395,347.0
4069,Arjun,Bose,arjun.bose4069@example.com,+91-9270146803,M,1975-03-28,2024-07-20,INACTIVE,FTE,302,449,108,3634.0
4070,Riya,Singh,riya.singh4070@example.com,+91-9581759907,O,1993-07-27,2017-03-07,ACTIVE,FTE,516,338,413,3344.0
4071,Riya,Desai,riya.desai4071@example.com,+91-9127202040,O,1969-10-12,2023-02-28,INACTIVE,FTE,134,817,463,1669.0
4072,Anika,Mukherjee,anika.mukherjee4072@example.com,+91-9710970959,O,1977-10-23,2025-05-25,INACTIVE,FTE,656,68,723,2283.0
4073,Aditya,Desai,aditya.desai4073@example.com,+91-9545826722,F,1989-06-25,2023-01-27,ACTIVE,FTE,608,562,258,3925.0
4074,Ritvik,Pawar,ritvik.pawar4074@example.com,+91-9392443005,F,1981-10-13,2023-02-03,ACTIVE,FTE,427,800,88,2078.0
4075,Kabir,Ghosh,kabir.ghosh4075@example.com,+91-9396970081,F,1997-10-16,2022-09-15,ACTIVE,FTE,538,371,577,2497.0
4076,Aanya,Jadhav,aanya.jadhav4076@example.com,+91-9413142979,F,1993-03-04,2016-04-03,ACTIVE,FTE,824,526,934,1802.0
4077,Zara,Pandey,zara.pandey4077@example.com,+91-9448315732,M,2003-06-28,2017-10-29,ACTIVE,FTE,387,39,289,1094.0
4078,Reyansh,Naidu,reyansh.naidu4078@example.com,+91-9947700659,O,1991-07-15,2023-06-13,ACTIVE,FTE,491,832,530,1364.0
4079,Riya,Yadav,riya.yadav4079@example.com,+91-9920399535,M,1969-11-16,2021-10-08,ACTIVE,FTE,986,240,449,854.0
4080,Aditi,Mishra,aditi.mishra4080@example.com,+91-9329642094,F,1965-03-05,2018-10-16,LEAVE,FTE,840,744,980,
4081,Samar,Iyer,samar.iyer4081@example.com,+91-9442546784,M,1975-09-02,2022-06-08,ACTIVE,FTE,961,10,525,1306.0
4082,Aarav,Verma,aarav.verma4082@example.com,+91-9901324888,O,1993-02-13,2016-09-23,ACTIVE,FTE,940,4,888,2972.0
4083,Dhruv,Gowda,dhruv.gowda4083@example.com,+91-9731416976,F,1979-01-23,2016-05-12,ACTIVE,FTE,34,171,693,1504.0
4084,Reyansh,Naidu,reyansh.naidu4084@example.com,+91-9659878193,F,1967-11-30,2016-02-14,INACTIVE,FTE,460,374,374,1235.0
4085,Dhruv,Joshi,dhruv.joshi4085@example.com,+91-9103418939,F,1975-02-08,2024-06-12,ACTIVE,FTE,929,683,508,3091.0
4086,Aarohi,Sharma,aarohi.sharma4086@example.com,+91-9154538954,O,1987-12-17,2020-05-08,ACTIVE,FTE,641,782,980,475.0
4087,Aarohi,Patel,aarohi.patel4087@example.com,+91-9171767414,O,1966-12-14,2022-05-05,INACTIVE,FTE,418,900,998,3529.0
4088,Ira,Singh,ira.singh4088@example.com,+91-9504375700,O,1970-05-25,2022-06-30,ACTIVE,FTE,710,169,301,1535.0
4089,Pari,Bhandari,pari.bhandari4089@example.com,+91-9765506438,F,1971-03-22,2023-09-06,ACTIVE,FTE,778,708,918,1586.0
4090,Ira,Mehta,ira.mehta4090@example.com,+91-9548739297,M,1987-08-15,2021-02-27,ACTIVE,FTE,394,570,196,740.0
4091,Aadhya,Singh,aadhya.singh4091@example.com,+91-9731774207,F,1981-01-09,2023-12-06,ACTIVE,FTE,318,623,722,1783.0
4092,Myra,Das,myra.das4092@example.com,+91-9913679861,F,1968-06-01,2024-04-20,ACTIVE,CONTRACTOR,744,833,702,1910.0
4093,Mira,Yadav,mira.yadav4093@example.com,+91-9577721112,F,1967-06-19,2019-11-28,ACTIVE,FTE,198,430,229,2157.0
4094,Ira,Reddy,ira.reddy4094@example.com,+91-9276862100,M,1974-05-26,2021-08-22,ACTIVE,FTE,247,888,461,3547.0
4095,Ishita,Singh,ishita.singh4095@example.com,+91-9275369439,M,1966-07-02,2025-03-21,ACTIVE,FTE,221,967,963,
4096,Mohammed,Kulkarni,mohammed.kulkarni4096@example.com,+91-9299220810,F,1987-01-07,2020-08-14,LEAVE,FTE,611,32,942,
4097,Aarohi,Chandra,aarohi.chandra4097@example.com,+91-9579689155,O,2002-11-27,2023-04-03,ACTIVE,FTE,391,657,215,2855.0
4098,Mohammed,Mehta,mohammed.mehta4098@example.com,+91-9618913173,F,1970-01-06,2021-04-19,ACTIVE,FTE,292,102,242,3731.0
4099,Kiara,Gowda,kiara.gowda4099@example.com,+91-9745831123,F,1989-08-02,2024-11-13,ACTIVE,FTE,762,132,737,2223.0
4100,Saanvi,Singh,saanvi.singh4100@example.com,+91-9968718972,M,1996-11-04,2016-05-09,ACTIVE,FTE,337,799,463,969.0
4101,Vihaan,Saxena,vihaan.saxena4101@example.com,+91-9420124146,M,1985-10-22,2020-09-09,ACTIVE,FTE,168,552,722,2276.0
4102,Riya,Thakur,riya.thakur4102@example.com,+91-9824873483,F,2000-12-14,2017-05-09,ACTIVE,FTE,414,586,286,1930.0
4103,Myra,Chauhan,myra.chauhan4103@example.com,+91-9657660908,F,1983-05-06,2024-04-15,ACTIVE,FTE,619,598,401,67.0
4104,Mira,Desai,mira.desai4104@example.com,+91-9727157089,M,1980-10-14,2024-08-10,INACTIVE,INTERN,305,126,553,2651.0
4105,Meera,Mishra,meera.mishra4105@example.com,+91-9247862037,F,1968-08-08,2019-10-15,ACTIVE,FTE,286,191,470,
4106,Om,Kulkarni,om.kulkarni4106@example.com,+91-9690136297,F,1988-05-19,2017-07-24,ACTIVE,FTE,63,617,343,1337.0
4107,Yuvraj,Pandey,yuvraj.pandey4107@example.com,+91-9509986608,M,1968-09-24,2022-10-06,ACTIVE,FTE,629,252,626,2069.0
4108,Ritvik,Mehta,ritvik.mehta4108@example.com,+91-9825811404,M,2002-03-02,2017-11-12,INACTIVE,CONTRACTOR,32,234,322,944.0
4109,Riya,Joshi,riya.joshi4109@example.com,+91-9305502933,O,1990-04-28,2024-02-07,ACTIVE,FTE,913,737,481,871.0
4110,Meera,Singh,meera.singh4110@example.com,+91-9842613913,F,1976-10-18,2020-06-25,ACTIVE,CONTRACTOR,858,627,953,3917.0
4111,Aarohi,Saxena,aarohi.saxena4111@example.com,+91-9536353554,O,1981-08-30,2016-07-25,ACTIVE,FTE,494,69,532,3329.0
4112,Sara,Das,sara.das4112@example.com,+91-9949459156,O,2000-11-24,2021-12-29,ACTIVE,CONTRACTOR,815,232,784,1701.0
4113,Ishaan,Jadhav,ishaan.jadhav4113@example.com,+91-9425514499,M,1965-09-15,2018-05-14,ACTIVE,FTE,133,311,702,3452.0
4114,Meera,Kulkarni,meera.kulkarni4114@example.com,+91-9435868458,M,1992-05-20,2021-09-29,ACTIVE,FTE,581,499,464,
4115,Aarohi,Mishra,aarohi.mishra4115@example.com,+91-9800891276,F,1983-04-23,2019-03-24,ACTIVE,INTERN,666,345,295,893.0
4116,Myra,Khan,myra.khan4116@example.com,+91-9373441600,O,1968-04-17,2024-03-14,ACTIVE,FTE,718,181,885,2045.0
4117,Aryan,Yadav,aryan.yadav4117@example.com,+91-9445042300,M,1965-08-16,2015-05-27,ACTIVE,FTE,843,20,364,3157.0
4118,Dev,Joshi,dev.joshi4118@example.com,+91-9334589396,M,1989-02-24,2021-10-17,ACTIVE,FTE,614,41,40,1388.0
4119,Sai,Pillai,sai.pillai4119@example.com,+91-9784257327,F,1986-07-07,2017-04-06,ACTIVE,FTE,279,914,976,2567.0
4120,Anaya,Verma,anaya.verma4120@example.com,+91-9615798584,F,1983-03-01,2017-06-22,ACTIVE,FTE,1000,866,96,1430.0
4121,Aisha,Das,aisha.das4121@example.com,+91-9121392432,M,1978-06-07,2019-02-09,ACTIVE,FTE,447,962,862,1268.0
4122,Riya,Kulkarni,riya.kulkarni4122@example.com,+91-9717704371,O,1982-06-16,2020-06-14,ACTIVE,INTERN,86,425,890,1436.0
4123,Aadhya,Sharma,aadhya.sharma4123@example.com,+91-9363843937,O,1993-03-15,2019-10-15,ACTIVE,FTE,548,315,65,3989.0
4124,Reyansh,Joshi,reyansh.joshi4124@example.com,+91-9402196857,F,1992-10-05,2021-04-09,LEAVE,FTE,650,439,379,2966.0
4125,Arjun,Gupta,arjun.gupta4125@example.com,+91-9379504878,F,1969-03-10,2018-10-01,ACTIVE,FTE,756,422,466,3569.0
4126,Aditya,Iyer,aditya.iyer4126@example.com,+91-9988365337,F,1999-11-29,2025-07-04,ACTIVE,INTERN,920,617,118,1722.0
4127,Dhruv,Ghosh,dhruv.ghosh4127@example.com,+91-9965547172,O,1982-11-03,2018-01-24,ACTIVE,FTE,839,441,129,3464.0
4128,Aarav,Chauhan,aarav.chauhan4128@example.com,+91-9953720449,F,1999-10-15,2016-06-10,LEAVE,FTE,981,519,291,3725.0
4129,Arjun,Jadhav,arjun.jadhav4129@example.com,+91-9501905835,O,1982-07-06,2015-09-27,ACTIVE,FTE,91,516,891,152.0
4130,Zara,Pandey,zara.pandey4130@example.com,+91-9183837615,M,1974-06-06,2019-06-07,ACTIVE,FTE,957,323,788,2879.0
4131,Aditya,Chandra,aditya.chandra4131@example.com,+91-9334639250,O,1966-07-28,2022-04-30,ACTIVE,FTE,802,740,358,3722.0
4132,Sara,Gupta,sara.gupta4132@example.com,+91-9920148207,O,1987-05-03,2019-01-21,ACTIVE,FTE,324,548,280,1867.0
4133,Samar,Kulkarni,samar.kulkarni4133@example.com,+91-9937118044,O,1973-09-10,2024-04-22,ACTIVE,FTE,689,18,63,1351.0
4134,Dhruv,Reddy,dhruv.reddy4134@example.com,+91-9835019588,M,2004-02-17,2021-01-14,INACTIVE,FTE,484,574,509,2804.0
4135,Aditi,Patel,aditi.patel4135@example.com,+91-9517006625,M,1967-08-02,2019-01-30,ACTIVE,FTE,782,648,215,1304.0
4136,Vihaan,Pandey,vihaan.pandey4136@example.com,+91-9979348199,M,1987-07-07,2021-03-13,ACTIVE,FTE,355,962,951,3135.0
4137,Aanya,Mishra,aanya.mishra4137@example.com,+91-9738123043,M,1998-11-17,2021-04-27,ACTIVE,FTE,947,454,560,1880.0
4138,Ishita,Rao,ishita.rao4138@example.com,+91-9918040190,F,1984-09-08,2018-07-13,ACTIVE,FTE,360,82,995,2896.0
4139,Riya,Mehta,riya.mehta4139@example.com,+91-9617862357,M,2001-02-12,2018-03-06,ACTIVE,FTE,876,16,696,2787.0
4140,Aanya,Jadhav,aanya.jadhav4140@example.com,+91-9777705668,O,1995-05-01,2023-10-27,ACTIVE,FTE,73,575,617,2961.0
4141,Aditi,Bose,aditi.bose4141@example.com,+91-9466653340,F,2000-07-26,2019-12-22,ACTIVE,FTE,709,749,19,2395.0
4142,Aryan,Pawar,aryan.pawar4142@example.com,+91-9482983285,O,1986-09-26,2021-06-01,ACTIVE,FTE,215,935,161,3664.0
4143,Sara,Saxena,sara.saxena4143@example.com,+91-9466576928,O,1987-05-03,2015-11-29,ACTIVE,FTE,33,681,136,
4144,Rohan,Sharma,rohan.sharma4144@example.com,+91-9723858985,M,1982-02-26,2021-10-23,ACTIVE,FTE,49,908,474,1706.0
4145,Aarohi,Saxena,aarohi.saxena4145@example.com,+91-9419837776,O,1982-09-03,2024-01-25,ACTIVE,INTERN,195,629,172,
4146,Samar,Saxena,samar.saxena4146@example.com,+91-9681344975,O,1983-04-20,2015-03-22,ACTIVE,FTE,104,588,496,
4147,Meera,Das,meera.das4147@example.com,+91-9755437781,O,1965-01-11,2017-01-20,ACTIVE,FTE,201,776,408,1473.0
4148,Arjun,Das,arjun.das4148@example.com,+91-9785714723,F,1991-11-13,2025-07-09,ACTIVE,FTE,129,915,444,
4149,Anika,Pawar,anika.pawar4149@example.com,+91-9575632849,F,1993-08-08,2019-09-03,ACTIVE,INTERN,501,712,587,1499.0
4150,Anika,Naidu,anika.naidu4150@example.com,+91-9112279598,O,1974-03-14,2015-06-04,ACTIVE,FTE,702,923,917,1580.0
4151,Aarav,Iyer,aarav.iyer4151@example.com,+91-9163796293,F,1991-04-15,2016-05-12,ACTIVE,FTE,183,93,339,383.0
4152,Dev,Iyer,dev.iyer4152@example.com,+91-9259308220,O,1991-01-29,2021-06-04,ACTIVE,FTE,973,39,564,2432.0
4153,Ritvik,Reddy,ritvik.reddy4153@example.com,+91-9609163765,M,1992-01-27,2023-05-08,ACTIVE,FTE,308,392,857,2301.0
4154,Vivaan,Chandra,vivaan.chandra4154@example.com,+91-9177738617,F,1968-04-14,2021-09-10,ACTIVE,FTE,660,243,504,1348.0
4155,Ishaan,Yadav,ishaan.yadav4155@example.com,+91-9766421310,O,1973-01-08,2015-09-02,ACTIVE,FTE,623,27,516,3858.0
4156,Vivaan,Das,vivaan.das4156@example.com,+91-9894782459,F,1972-02-17,2016-08-13,ACTIVE,FTE,786,401,278,3511.0
4157,Zara,Joshi,zara.joshi4157@example.com,+91-9527848691,O,1990-03-16,2022-09-25,ACTIVE,FTE,22,908,231,1843.0
4158,Pari,Bose,pari.bose4158@example.com,+91-9994918226,M,1986-10-16,2025-01-08,ACTIVE,CONTRACTOR,787,501,955,681.0
4159,Aditi,Mukherjee,aditi.mukherjee4159@example.com,+91-9437679388,M,2004-09-27,2025-08-24,ACTIVE,FTE,495,542,290,3295.0
4160,Dhruv,Mukherjee,dhruv.mukherjee4160@example.com,+91-9383186795,O,1967-12-05,2024-02-26,ACTIVE,FTE,220,199,271,204.0
4161,Zara,Khan,zara.khan4161@example.com,+91-9462443003,F,1966-10-10,2022-11-17,LEAVE,FTE,158,403,976,2864.0
4162,Sara,Naidu,sara.naidu4162@example.com,+91-9466681532,M,1978-10-08,2025-06-25,ACTIVE,FTE,729,92,972,1143.0
4163,Krishna,Chauhan,krishna.chauhan4163@example.com,+91-9960612228,M,1974-08-08,2018-06-11,ACTIVE,FTE,358,520,168,
4164,Myra,Jadhav,myra.jadhav4164@example.com,+91-9674737786,O,1981-11-21,2015-07-01,ACTIVE,CONTRACTOR,802,969,767,107.0
4165,Aanya,Bhandari,aanya.bhandari4165@example.com,+91-9164507262,F,1994-03-18,2016-05-06,ACTIVE,FTE,515,22,310,1898.0
4166,Anaya,Pawar,anaya.pawar4166@example.com,+91-9100849303,O,1996-08-09,2023-03-25,ACTIVE,FTE,456,110,720,866.0
4167,Mira,Pandey,mira.pandey4167@example.com,+91-9458442718,M,1971-06-14,2022-09-21,INACTIVE,CONTRACTOR,998,239,935,699.0
4168,Anika,Chauhan,anika.chauhan4168@example.com,+91-9664766256,O,1978-09-30,2022-09-07,ACTIVE,FTE,784,7,959,3363.0
4169,Navya,Kulkarni,navya.kulkarni4169@example.com,+91-9559273046,O,1993-07-11,2020-03-23,ACTIVE,FTE,241,359,896,2547.0
4170,Aisha,Ghosh,aisha.ghosh4170@example.com,+91-9678068744,O,1978-01-11,2022-12-09,ACTIVE,FTE,177,326,471,3112.0
4171,Aisha,Joshi,aisha.joshi4171@example.com,+91-9772686821,F,1998-06-08,2023-03-17,ACTIVE,FTE,850,587,383,
4172,Vivaan,Jadhav,vivaan.jadhav4172@example.com,+91-9760388473,F,1975-12-18,2019-03-29,ACTIVE,FTE,31,103,272,140.0
4173,Aditya,Pawar,aditya.pawar4173@example.com,+91-9251218857,M,1994-12-08,2016-04-21,ACTIVE,INTERN,100,636,625,1823.0
4174,Aditya,Joshi,aditya.joshi4174@example.com,+91-9198209642,F,1985-11-21,2023-04-19,INACTIVE,FTE,735,606,429,
4175,Ishita,Bhandari,ishita.bhandari4175@example.com,+91-9566442773,M,1988-06-13,2018-11-29,ACTIVE,FTE,793,299,94,142.0
4176,Riya,Das,riya.das4176@example.com,+91-9128681923,O,1999-08-18,2016-06-25,ACTIVE,FTE,419,408,55,1582.0
4177,Zara,Sharma,zara.sharma4177@example.com,+91-9537455585,M,1988-11-29,2016-06-05,ACTIVE,FTE,954,205,281,1678.0
4178,Anaya,Desai,anaya.desai4178@example.com,+91-9405344804,F,2000-11-22,2016-01-16,ACTIVE,CONTRACTOR,511,454,631,2039.0
4179,Shaurya,Mishra,shaurya.mishra4179@example.com,+91-9359215382,M,1982-09-25,2016-08-07,ACTIVE,FTE,148,97,820,2378.0
4180,Meera,Desai,meera.desai4180@example.com,+91-9661021340,F,1984-06-19,2023-07-03,ACTIVE,FTE,206,144,401,2473.0
4181,Vihaan,Gowda,vihaan.gowda4181@example.com,+91-9697524364,F,1976-09-21,2024-12-05,LEAVE,FTE,689,173,574,332.0
4182,Diya,Kulkarni,diya.kulkarni4182@example.com,+91-9462515606,O,2000-10-23,2017-08-17,ACTIVE,FTE,928,211,229,1534.0
4183,Krishna,Gupta,krishna.gupta4183@example.com,+91-9897022836,F,2003-02-19,2022-11-29,ACTIVE,FTE,273,8,263,3624.0
4184,Samar,Thakur,samar.thakur4184@example.com,+91-9654097982,F,1996-10-27,2022-03-27,ACTIVE,FTE,788,133,311,3286.0
4185,Ishaan,Desai,ishaan.desai4185@example.com,+91-9775365364,O,1977-02-10,2016-02-18,ACTIVE,FTE,107,254,381,1177.0
4186,Om,Ghosh,om.ghosh4186@example.com,+91-9964981366,F,1982-09-25,2022-09-23,ACTIVE,FTE,335,8,641,
4187,Samar,Pawar,samar.pawar4187@example.com,+91-9223513913,M,1987-08-18,2023-12-16,INACTIVE,FTE,430,320,548,2443.0
4188,Zara,Pawar,zara.pawar4188@example.com,+91-9751382952,F,1981-12-29,2017-01-09,ACTIVE,FTE,508,549,792,2869.0
4189,Zara,Khan,zara.khan4189@example.com,+91-9515432471,M,1973-09-06,2019-05-11,ACTIVE,FTE,977,823,776,973.0
4190,Mohammed,Pandey,mohammed.pandey4190@example.com,+91-9966951269,F,1989-10-23,2019-03-23,ACTIVE,FTE,717,850,362,874.0
4191,Krishna,Reddy,krishna.reddy4191@example.com,+91-9775765290,M,2004-05-19,2016-11-09,ACTIVE,FTE,690,795,474,652.0
4192,Aisha,Verma,aisha.verma4192@example.com,+91-9592509902,F,1981-01-05,2020-05-01,ACTIVE,FTE,917,728,9,1104.0
4193,Arjun,Gupta,arjun.gupta4193@example.com,+91-9988610802,O,1995-02-09,2023-05-02,ACTIVE,CONTRACTOR,395,663,514,1595.0
4194,Aarav,Saxena,aarav.saxena4194@example.com,+91-9664960931,M,1971-07-17,2022-09-02,ACTIVE,FTE,932,967,259,
4195,Mohammed,Patel,mohammed.patel4195@example.com,+91-9749637300,O,2001-08-08,2025-02-14,ACTIVE,FTE,651,46,883,794.0
4196,Myra,Ghosh,myra.ghosh4196@example.com,+91-9982000712,F,2002-10-29,2020-01-10,ACTIVE,FTE,251,476,431,1039.0
4197,Anaya,Yadav,anaya.yadav4197@example.com,+91-9291576598,F,1995-10-22,2017-03-15,ACTIVE,CONTRACTOR,244,564,900,3439.0
4198,Vivaan,Patel,vivaan.patel4198@example.com,+91-9114504498,M,2002-09-24,2015-02-20,ACTIVE,FTE,686,890,124,4190.0
4199,Ritvik,Patel,ritvik.patel4199@example.com,+91-9776058786,M,1965-01-12,2020-08-26,INACTIVE,FTE,158,560,996,3925.0
4200,Shaurya,Sharma,shaurya.sharma4200@example.com,+91-9713217440,O,1977-12-22,2015-03-04,ACTIVE,FTE,880,556,65,3475.0
4201,Aryan,Khan,aryan.khan4201@example.com,+91-9474088434,O,1978-12-16,2025-01-16,ACTIVE,CONTRACTOR,401,172,116,567.0
4202,Arjun,Rao,arjun.rao4202@example.com,+91-9765344683,O,2003-03-14,2016-01-05,ACTIVE,FTE,696,917,130,1099.0
4203,Aryan,Saxena,aryan.saxena4203@example.com,+91-9726798882,M,1985-12-23,2017-08-19,ACTIVE,FTE,341,551,788,2510.0
4204,Myra,Singh,myra.singh4204@example.com,+91-9477041688,O,2003-01-27,2024-11-29,ACTIVE,FTE,554,500,661,2653.0
4205,Sai,Sharma,sai.sharma4205@example.com,+91-9653470122,O,1974-08-01,2018-11-28,INACTIVE,FTE,870,538,517,1217.0
4206,Kabir,Kulkarni,kabir.kulkarni4206@example.com,+91-9744105584,M,1992-03-22,2018-09-01,ACTIVE,FTE,100,909,446,
4207,Diya,Ghosh,diya.ghosh4207@example.com,+91-9872637780,O,2002-10-10,2023-04-22,ACTIVE,FTE,652,154,602,2228.0
4208,Ishita,Pawar,ishita.pawar4208@example.com,+91-9300899539,F,1968-11-20,2025-05-16,ACTIVE,FTE,580,336,643,346.0
4209,Ishita,Mukherjee,ishita.mukherjee4209@example.com,+91-9969295093,M,1999-07-28,2025-06-19,ACTIVE,FTE,282,337,872,663.0
4210,Riya,Gowda,riya.gowda4210@example.com,+91-9390393141,O,1973-03-27,2023-01-19,ACTIVE,FTE,346,802,529,3963.0
4211,Samar,Sharma,samar.sharma4211@example.com,+91-9472153228,O,1968-01-02,2024-10-21,LEAVE,FTE,566,934,799,3260.0
4212,Zara,Saxena,zara.saxena4212@example.com,+91-9481707495,F,1966-07-04,2023-05-23,ACTIVE,INTERN,849,58,571,185.0
4213,Vihaan,Iyer,vihaan.iyer4213@example.com,+91-9445218862,O,2003-10-12,2023-06-20,ACTIVE,FTE,781,674,681,3657.0
4214,Shaurya,Pawar,shaurya.pawar4214@example.com,+91-9637105194,M,1973-10-08,2020-08-13,ACTIVE,FTE,715,778,383,3455.0
4215,Riya,Kulkarni,riya.kulkarni4215@example.com,+91-9937945196,M,1993-11-17,2025-03-15,ACTIVE,FTE,348,712,669,1047.0
4216,Myra,Bose,myra.bose4216@example.com,+91-9105013074,M,1975-05-15,2019-08-25,ACTIVE,FTE,662,700,293,305.0
4217,Diya,Reddy,diya.reddy4217@example.com,+91-9154349963,O,2003-12-08,2015-09-05,ACTIVE,FTE,926,143,316,3482.0
4218,Aadhya,Pillai,aadhya.pillai4218@example.com,+91-9360721731,M,1997-03-11,2023-03-31,INACTIVE,FTE,546,491,497,3165.0
4219,Zara,Singh,zara.singh4219@example.com,+91-9942246362,O,1987-09-07,2022-06-23,ACTIVE,FTE,31,968,633,
4220,Aditya,Sharma,aditya.sharma4220@example.com,+91-9115417853,F,1993-06-01,2019-04-02,ACTIVE,FTE,643,789,692,
4221,Rohan,Sharma,rohan.sharma4221@example.com,+91-9367568282,M,1975-06-25,2017-09-01,ACTIVE,FTE,889,578,489,3742.0
4222,Navya,Yadav,navya.yadav4222@example.com,+91-9249016421,F,1977-09-28,2023-07-12,LEAVE,FTE,981,461,369,2843.0
4223,Aanya,Desai,aanya.desai4223@example.com,+91-9387089912,O,2002-12-08,2020-07-04,INACTIVE,CONTRACTOR,369,26,743,3150.0
4224,Saanvi,Verma,saanvi.verma4224@example.com,+91-9157714453,M,1976-06-02,2021-10-26,ACTIVE,INTERN,485,115,230,
4225,Ira,Naidu,ira.naidu4225@example.com,+91-9474866884,M,1982-10-11,2021-11-22,ACTIVE,FTE,256,245,293,4176.0
4226,Aditi,Kulkarni,aditi.kulkarni4226@example.com,+91-9137823993,F,1999-08-15,2019-11-14,ACTIVE,FTE,838,122,706,3047.0
4227,Myra,Singh,myra.singh4227@example.com,+91-9734085440,F,1978-04-30,2023-03-17,ACTIVE,FTE,343,665,109,856.0
4228,Ishaan,Singh,ishaan.singh4228@example.com,+91-9291302532,O,2001-05-24,2022-07-02,LEAVE,FTE,632,357,334,1340.0
4229,Mira,Reddy,mira.reddy4229@example.com,+91-9596088190,O,1977-12-30,2019-03-10,INACTIVE,FTE,296,79,631,3771.0
4230,Sai,Iyer,sai.iyer4230@example.com,+91-9978238609,M,2000-05-16,2015-02-06,LEAVE,FTE,387,453,714,2413.0
4231,Myra,Sharma,myra.sharma4231@example.com,+91-9206688699,F,1982-12-19,2024-04-12,ACTIVE,FTE,608,533,340,3593.0
4232,Kabir,Pawar,kabir.pawar4232@example.com,+91-9519227107,O,1993-04-14,2024-10-03,ACTIVE,FTE,619,211,993,3932.0
4233,Mira,Yadav,mira.yadav4233@example.com,+91-9665265282,O,2004-08-17,2018-08-11,ACTIVE,FTE,401,648,756,
4234,Saanvi,Pillai,saanvi.pillai4234@example.com,+91-9187289287,O,1996-04-06,2021-07-08,ACTIVE,FTE,537,691,58,1549.0
4235,Anika,Joshi,anika.joshi4235@example.com,+91-9444978147,M,1986-08-24,2017-10-07,ACTIVE,CONTRACTOR,458,858,578,227.0
4236,Arjun,Gupta,arjun.gupta4236@example.com,+91-9460788679,O,1993-07-30,2015-05-04,ACTIVE,FTE,502,307,64,2474.0
4237,Aadhya,Yadav,aadhya.yadav4237@example.com,+91-9653890078,M,1995-01-25,2022-03-16,ACTIVE,FTE,892,861,97,3406.0
4238,Kabir,Sharma,kabir.sharma4238@example.com,+91-9474256444,O,1998-10-03,2023-10-27,ACTIVE,CONTRACTOR,112,801,533,1981.0
4239,Om,Reddy,om.reddy4239@example.com,+91-9970704376,F,1976-08-22,2019-01-06,ACTIVE,INTERN,336,597,735,1446.0
4240,Mira,Sharma,mira.sharma4240@example.com,+91-9970762337,O,1977-04-29,2019-12-01,ACTIVE,FTE,80,940,105,1468.0
4241,Pari,Kulkarni,pari.kulkarni4241@example.com,+91-9243664152,F,1979-02-18,2020-08-30,ACTIVE,FTE,612,129,527,1648.0
4242,Aditya,Gupta,aditya.gupta4242@example.com,+91-9147751136,F,1978-12-27,2016-09-11,ACTIVE,FTE,980,35,133,609.0
4243,Aarav,Mukherjee,aarav.mukherjee4243@example.com,+91-9294838911,O,1997-12-23,2021-08-07,ACTIVE,FTE,213,213,287,17.0
4244,Myra,Singh,myra.singh4244@example.com,+91-9140511695,M,1981-09-19,2021-03-28,ACTIVE,FTE,414,654,184,4058.0
4245,Ira,Gupta,ira.gupta4245@example.com,+91-9476887585,M,1971-06-11,2021-02-14,ACTIVE,CONTRACTOR,276,695,656,1866.0
4246,Saanvi,Gupta,saanvi.gupta4246@example.com,+91-9675508722,F,1978-06-23,2021-06-27,INACTIVE,FTE,270,748,763,2556.0
4247,Aryan,Chandra,aryan.chandra4247@example.com,+91-9375382477,M,1968-06-28,2017-05-30,LEAVE,INTERN,342,295,671,1381.0
4248,Anaya,Thakur,anaya.thakur4248@example.com,+91-9104582638,F,1989-07-06,2019-01-13,ACTIVE,FTE,79,985,119,140.0
4249,Aadhya,Joshi,aadhya.joshi4249@example.com,+91-9628082051,M,2001-02-14,2025-04-13,ACTIVE,FTE,650,170,202,4150.0
4250,Aadhya,Desai,aadhya.desai4250@example.com,+91-9664590485,M,2003-04-10,2018-11-01,ACTIVE,FTE,367,412,246,519.0
4251,Riya,Kulkarni,riya.kulkarni4251@example.com,+91-9147025087,F,1979-04-14,2025-06-03,ACTIVE,FTE,543,810,399,347.0
4252,Aadhya,Chauhan,aadhya.chauhan4252@example.com,+91-9776095938,F,1979-03-11,2018-06-11,INACTIVE,FTE,639,997,753,3327.0
4253,Aarav,Rao,aarav.rao4253@example.com,+91-9116663772,F,1984-08-30,2015-03-04,ACTIVE,FTE,931,380,27,2578.0
4254,Anika,Pawar,anika.pawar4254@example.com,+91-9793128014,F,1991-08-28,2020-11-26,ACTIVE,FTE,784,627,650,319.0
4255,Anaya,Yadav,anaya.yadav4255@example.com,+91-9410819492,M,1992-01-05,2025-01-18,ACTIVE,FTE,729,730,137,1387.0
4256,Vivaan,Kulkarni,vivaan.kulkarni4256@example.com,+91-9705272573,F,1981-05-07,2015-04-23,ACTIVE,FTE,66,588,108,3520.0
4257,Krishna,Das,krishna.das4257@example.com,+91-9423434496,O,1981-10-04,2021-06-30,ACTIVE,FTE,81,781,688,745.0
4258,Shaurya,Saxena,shaurya.saxena4258@example.com,+91-9829420644,M,1968-05-13,2017-08-14,ACTIVE,FTE,836,148,222,3369.0
4259,Yuvraj,Patel,yuvraj.patel4259@example.com,+91-9408425613,M,1973-12-15,2019-11-22,INACTIVE,FTE,150,268,756,1400.0
4260,Vihaan,Gupta,vihaan.gupta4260@example.com,+91-9684731020,O,1980-10-01,2017-03-28,ACTIVE,FTE,28,99,196,1404.0
4261,Aryan,Kulkarni,aryan.kulkarni4261@example.com,+91-9460402080,M,1981-01-17,2020-08-30,ACTIVE,FTE,501,581,99,1912.0
4262,Aryan,Gowda,aryan.gowda4262@example.com,+91-9395060431,F,1986-12-18,2021-06-23,ACTIVE,CONTRACTOR,421,189,603,4256.0
4263,Kiara,Pillai,kiara.pillai4263@example.com,+91-9592173196,O,1990-07-30,2019-11-12,ACTIVE,FTE,772,990,920,3722.0
4264,Aadhya,Singh,aadhya.singh4264@example.com,+91-9521026141,M,1990-08-02,2016-03-05,INACTIVE,FTE,194,1,658,441.0
4265,Ritvik,Chandra,ritvik.chandra4265@example.com,+91-9877425285,M,1968-09-22,2017-03-11,ACTIVE,FTE,125,739,993,3850.0
4266,Anika,Iyer,anika.iyer4266@example.com,+91-9859880098,F,1998-05-04,2018-05-14,ACTIVE,FTE,299,329,832,3856.0
4267,Pari,Singh,pari.singh4267@example.com,+91-9737811135,M,2002-01-05,2018-02-06,ACTIVE,FTE,515,160,66,1362.0
4268,Aryan,Khan,aryan.khan4268@example.com,+91-9289624695,O,1975-12-07,2024-01-07,LEAVE,FTE,739,806,85,2666.0
4269,Aryan,Singh,aryan.singh4269@example.com,+91-9978533562,M,1987-12-29,2025-03-25,INACTIVE,FTE,497,698,29,2387.0
4270,Krishna,Kulkarni,krishna.kulkarni4270@example.com,+91-9970774928,F,1985-05-15,2016-04-07,ACTIVE,FTE,165,190,605,2062.0
4271,Myra,Mehta,myra.mehta4271@example.com,+91-9137157460,F,1966-10-16,2023-11-21,ACTIVE,FTE,226,590,724,2855.0
4272,Anika,Thakur,anika.thakur4272@example.com,+91-9467226156,O,1975-08-21,2025-06-09,ACTIVE,FTE,978,471,286,1612.0
4273,Kabir,Singh,kabir.singh4273@example.com,+91-9966111614,O,2000-07-17,2022-08-08,ACTIVE,CONTRACTOR,374,807,640,
4274,Vihaan,Ghosh,vihaan.ghosh4274@example.com,+91-9163561123,O,1981-06-28,2015-07-20,ACTIVE,FTE,349,575,494,2831.0
4275,Reyansh,Naidu,reyansh.naidu4275@example.com,+91-9104808734,O,1997-06-17,2017-03-13,ACTIVE,FTE,698,196,15,
4276,Anika,Bose,anika.bose4276@example.com,+91-9406154528,F,1969-10-07,2024-06-26,ACTIVE,FTE,516,846,306,3739.0
4277,Diya,Khan,diya.khan4277@example.com,+91-9696999126,O,1971-09-02,2019-07-29,ACTIVE,FTE,978,662,390,339.0
4278,Myra,Rao,myra.rao4278@example.com,+91-9979138524,M,1974-04-13,2017-05-16,ACTIVE,CONTRACTOR,958,677,1,2728.0
4279,Aadhya,Pillai,aadhya.pillai4279@example.com,+91-9893349530,F,1982-12-24,2016-10-03,ACTIVE,FTE,64,914,769,2909.0
4280,Reyansh,Joshi,reyansh.joshi4280@example.com,+91-9943909250,O,1985-08-22,2016-03-21,ACTIVE,FTE,457,431,918,215.0
4281,Aisha,Saxena,aisha.saxena4281@example.com,+91-9982073042,F,1983-01-21,2015-11-03,ACTIVE,FTE,310,496,37,3476.0
4282,Aryan,Saxena,aryan.saxena4282@example.com,+91-9250573353,F,1984-09-02,2020-07-11,ACTIVE,INTERN,160,25,441,1843.0
4283,Arjun,Mishra,arjun.mishra4283@example.com,+91-9613737806,M,1980-01-07,2020-01-29,LEAVE,FTE,928,917,862,1702.0
4284,Diya,Gupta,diya.gupta4284@example.com,+91-9672837495,M,1983-02-19,2018-03-27,ACTIVE,FTE,67,344,693,3370.0
4285,Vihaan,Gowda,vihaan.gowda4285@example.com,+91-9892021599,F,1989-11-07,2019-02-05,ACTIVE,CONTRACTOR,766,191,168,1339.0
4286,Yuvraj,Rao,yuvraj.rao4286@example.com,+91-9411891678,F,1995-03-26,2019-10-17,ACTIVE,FTE,446,449,667,3124.0
4287,Aryan,Verma,aryan.verma4287@example.com,+91-9885696443,M,1993-02-22,2018-12-17,ACTIVE,INTERN,755,31,472,326.0
4288,Vivaan,Reddy,vivaan.reddy4288@example.com,+91-9238345486,M,1974-03-15,2020-01-03,INACTIVE,INTERN,537,790,10,2436.0
4289,Ishaan,Das,ishaan.das4289@example.com,+91-9987582958,M,1999-08-28,2023-03-17,ACTIVE,FTE,21,27,287,570.0
4290,Aditya,Mehta,aditya.mehta4290@example.com,+91-9404115104,O,1976-07-16,2018-04-10,ACTIVE,FTE,825,301,940,253.0
4291,Ishita,Singh,ishita.singh4291@example.com,+91-9143058015,O,1966-02-09,2022-01-18,ACTIVE,CONTRACTOR,88,134,76,
4292,Yuvraj,Pawar,yuvraj.pawar4292@example.com,+91-9881619647,O,1979-01-31,2016-04-11,ACTIVE,FTE,805,10,223,
4293,Aanya,Mehta,aanya.mehta4293@example.com,+91-9795228866,M,2002-05-28,2020-05-20,ACTIVE,FTE,790,441,456,2931.0
4294,Yuvraj,Reddy,yuvraj.reddy4294@example.com,+91-9385438022,O,1983-01-10,2023-11-20,ACTIVE,CONTRACTOR,341,413,22,987.0
4295,Rohan,Thakur,rohan.thakur4295@example.com,+91-9212439610,F,1996-02-27,2023-01-25,ACTIVE,FTE,351,798,236,941.0
4296,Ishaan,Reddy,ishaan.reddy4296@example.com,+91-9761786627,M,1970-05-25,2022-05-23,ACTIVE,FTE,867,99,263,3030.0
4297,Samar,Reddy,samar.reddy4297@example.com,+91-9300548043,F,1967-06-08,2021-09-07,ACTIVE,CONTRACTOR,987,334,11,4088.0
4298,Diya,Singh,diya.singh4298@example.com,+91-9255726441,F,1973-04-08,2015-08-12,ACTIVE,FTE,77,192,150,
4299,Vivaan,Yadav,vivaan.yadav4299@example.com,+91-9872246424,M,1985-11-02,2020-06-16,ACTIVE,FTE,308,949,21,3580.0
4300,Meera,Desai,meera.desai4300@example.com,+91-9116035746,O,1973-09-25,2020-05-27,ACTIVE,FTE,241,418,40,
4301,Meera,Rao,meera.rao4301@example.com,+91-9929565196,M,1981-03-02,2016-04-07,LEAVE,FTE,101,967,792,2203.0
4302,Vihaan,Pillai,vihaan.pillai4302@example.com,+91-9810565491,O,1999-05-16,2016-12-11,ACTIVE,FTE,640,463,965,1112.0
4303,Reyansh,Verma,reyansh.verma4303@example.com,+91-9768535718,M,2000-06-10,2022-08-12,LEAVE,FTE,79,344,728,2105.0
4304,Diya,Kulkarni,diya.kulkarni4304@example.com,+91-9614540902,M,1978-01-18,2020-01-25,ACTIVE,FTE,153,415,437,1424.0
4305,Zara,Thakur,zara.thakur4305@example.com,+91-9140292817,F,1994-07-02,2025-08-21,ACTIVE,FTE,448,916,286,681.0
4306,Arjun,Mukherjee,arjun.mukherjee4306@example.com,+91-9120648153,O,1976-08-22,2024-08-15,ACTIVE,FTE,900,480,152,1549.0
4307,Navya,Chauhan,navya.chauhan4307@example.com,+91-9629536478,M,1997-01-13,2023-06-20,ACTIVE,FTE,395,467,470,95.0
4308,Aanya,Bhandari,aanya.bhandari4308@example.com,+91-9305079733,O,1974-03-04,2019-04-12,INACTIVE,FTE,812,229,649,1794.0
4309,Krishna,Naidu,krishna.naidu4309@example.com,+91-9989733332,O,1995-12-04,2024-10-21,ACTIVE,FTE,688,255,811,688.0
4310,Myra,Joshi,myra.joshi4310@example.com,+91-9887587794,M,1976-02-28,2015-04-11,ACTIVE,FTE,940,155,604,2666.0
4311,Rohan,Chandra,rohan.chandra4311@example.com,+91-9193883216,M,1992-04-20,2015-12-27,INACTIVE,FTE,885,429,974,905.0
4312,Riya,Kulkarni,riya.kulkarni4312@example.com,+91-9519919239,F,1965-02-10,2019-01-27,ACTIVE,FTE,185,675,671,3912.0
4313,Dhruv,Mukherjee,dhruv.mukherjee4313@example.com,+91-9147291586,F,1993-01-14,2015-05-09,ACTIVE,FTE,910,824,212,2839.0
4314,Aarohi,Bhandari,aarohi.bhandari4314@example.com,+91-9796434806,M,1992-07-09,2023-05-23,ACTIVE,FTE,349,363,21,218.0
4315,Ira,Saxena,ira.saxena4315@example.com,+91-9842858768,O,1968-04-24,2025-05-08,ACTIVE,FTE,427,641,637,393.0
4316,Aditi,Mukherjee,aditi.mukherjee4316@example.com,+91-9958977413,M,1999-05-15,2015-08-10,ACTIVE,INTERN,380,913,442,2553.0
4317,Aditi,Rao,aditi.rao4317@example.com,+91-9113799205,O,1984-08-05,2016-02-24,LEAVE,FTE,428,68,402,
4318,Reyansh,Gowda,reyansh.gowda4318@example.com,+91-9217637640,O,2004-10-07,2025-05-18,INACTIVE,FTE,95,596,121,4135.0
4319,Om,Gowda,om.gowda4319@example.com,+91-9583096502,F,2001-07-08,2018-07-31,ACTIVE,FTE,625,15,243,768.0
4320,Yuvraj,Rao,yuvraj.rao4320@example.com,+91-9399656218,M,1971-05-15,2017-01-08,ACTIVE,FTE,341,381,24,333.0
4321,Kiara,Ghosh,kiara.ghosh4321@example.com,+91-9766573079,F,1978-07-20,2016-10-15,ACTIVE,FTE,661,963,681,1453.0
4322,Aditya,Bhandari,aditya.bhandari4322@example.com,+91-9555803958,F,2001-08-21,2019-03-20,LEAVE,FTE,929,203,970,1745.0
4323,Dev,Yadav,dev.yadav4323@example.com,+91-9180542318,F,1994-03-21,2022-07-10,LEAVE,CONTRACTOR,484,975,377,2663.0
4324,Ritvik,Kulkarni,ritvik.kulkarni4324@example.com,+91-9591981876,O,1998-08-09,2019-11-03,ACTIVE,CONTRACTOR,509,2,531,465.0
4325,Vivaan,Mukherjee,vivaan.mukherjee4325@example.com,+91-9961359185,M,1966-10-03,2018-07-13,ACTIVE,FTE,3,119,4,1174.0
4326,Aanya,Gupta,aanya.gupta4326@example.com,+91-9719337445,F,1981-04-15,2019-05-17,INACTIVE,FTE,415,10,612,202.0
4327,Diya,Chauhan,diya.chauhan4327@example.com,+91-9119838781,F,2000-05-28,2024-02-05,ACTIVE,FTE,908,411,409,
4328,Aarohi,Kulkarni,aarohi.kulkarni4328@example.com,+91-9870433284,M,1986-04-06,2019-07-11,INACTIVE,FTE,229,803,605,3266.0
4329,Navya,Joshi,navya.joshi4329@example.com,+91-9212372246,M,1974-08-14,2017-02-16,ACTIVE,INTERN,707,861,903,3536.0
4330,Ira,Kulkarni,ira.kulkarni4330@example.com,+91-9481930633,O,1967-07-24,2017-11-18,ACTIVE,FTE,870,185,536,3378.0
4331,Ira,Rao,ira.rao4331@example.com,+91-9770832255,O,1974-09-03,2016-07-19,ACTIVE,FTE,393,554,520,2050.0
4332,Dhruv,Bose,dhruv.bose4332@example.com,+91-9289220522,M,1978-01-24,2024-12-14,ACTIVE,FTE,195,898,622,350.0
4333,Zara,Mishra,zara.mishra4333@example.com,+91-9819004930,O,2002-11-13,2022-07-02,ACTIVE,FTE,312,311,262,1840.0
4334,Sara,Pandey,sara.pandey4334@example.com,+91-9453570565,F,1980-10-11,2021-06-05,ACTIVE,FTE,636,993,866,
4335,Ira,Jadhav,ira.jadhav4335@example.com,+91-9292974573,O,1996-11-02,2025-04-03,ACTIVE,FTE,222,108,542,2089.0
4336,Aisha,Patel,aisha.patel4336@example.com,+91-9268652443,M,1965-11-20,2017-09-11,ACTIVE,FTE,658,499,551,2801.0
4337,Dev,Chandra,dev.chandra4337@example.com,+91-9628215770,F,1970-05-04,2020-05-25,ACTIVE,INTERN,983,164,115,3494.0
4338,Aarav,Saxena,aarav.saxena4338@example.com,+91-9642963824,O,2000-08-05,2025-05-09,ACTIVE,FTE,388,969,914,2600.0
4339,Sara,Verma,sara.verma4339@example.com,+91-9697850789,F,1975-11-23,2020-04-12,ACTIVE,FTE,432,370,566,1791.0
4340,Samar,Bhandari,samar.bhandari4340@example.com,+91-9307917813,O,1967-10-29,2020-02-11,ACTIVE,FTE,19,706,239,3272.0
4341,Mohammed,Das,mohammed.das4341@example.com,+91-9415909271,O,1982-04-09,2021-05-31,INACTIVE,INTERN,618,774,24,2110.0
4342,Mira,Chandra,mira.chandra4342@example.com,+91-9182386509,F,1967-12-19,2017-05-04,ACTIVE,FTE,339,231,188,1827.0
4343,Mohammed,Patel,mohammed.patel4343@example.com,+91-9847349230,F,1997-08-15,2015-04-14,ACTIVE,FTE,107,633,44,4317.0
4344,Mira,Desai,mira.desai4344@example.com,+91-9397589429,F,1966-07-23,2016-04-15,ACTIVE,FTE,784,653,821,1956.0
4345,Arjun,Khan,arjun.khan4345@example.com,+91-9324127820,M,2000-12-01,2017-07-14,ACTIVE,FTE,258,356,280,4162.0
4346,Kiara,Yadav,kiara.yadav4346@example.com,+91-9125378006,F,2000-06-12,2016-11-02,ACTIVE,FTE,928,726,315,2868.0
4347,Om,Jadhav,om.jadhav4347@example.com,+91-9863418053,M,2000-10-26,2017-04-05,ACTIVE,FTE,365,846,690,
4348,Sara,Verma,sara.verma4348@example.com,+91-9619865027,O,1994-02-11,2022-08-11,ACTIVE,FTE,1,36,796,2611.0
4349,Myra,Bhandari,myra.bhandari4349@example.com,+91-9606551424,F,1969-01-22,2018-09-28,ACTIVE,FTE,223,399,70,2075.0
4350,Sai,Naidu,sai.naidu4350@example.com,+91-9645787884,O,1971-05-05,2022-05-24,ACTIVE,FTE,324,448,426,2255.0
4351,Aryan,Bhandari,aryan.bhandari4351@example.com,+91-9831421964,F,1982-12-30,2019-02-13,ACTIVE,FTE,77,455,541,3684.0
4352,Kiara,Chauhan,kiara.chauhan4352@example.com,+91-9628926127,O,1978-10-24,2016-01-09,ACTIVE,FTE,892,935,401,
4353,Samar,Mukherjee,samar.mukherjee4353@example.com,+91-9451547173,F,1970-11-07,2025-02-17,ACTIVE,FTE,744,62,63,1271.0
4354,Aanya,Pillai,aanya.pillai4354@example.com,+91-9772024076,O,1978-10-07,2020-08-12,INACTIVE,FTE,437,849,130,2044.0
4355,Saanvi,Chauhan,saanvi.chauhan4355@example.com,+91-9403997801,F,1997-07-26,2021-07-04,ACTIVE,FTE,230,305,962,995.0
4356,Ishaan,Pandey,ishaan.pandey4356@example.com,+91-9548986079,F,1978-02-25,2022-09-07,ACTIVE,CONTRACTOR,799,131,545,1339.0
4357,Navya,Ghosh,navya.ghosh4357@example.com,+91-9917807396,F,1977-04-22,2024-09-12,ACTIVE,FTE,491,371,398,3030.0
4358,Ira,Pawar,ira.pawar4358@example.com,+91-9749674379,F,1982-08-04,2015-03-28,ACTIVE,FTE,650,992,523,2022.0
4359,Aadhya,Gowda,aadhya.gowda4359@example.com,+91-9721032519,F,1989-05-13,2020-08-07,ACTIVE,FTE,644,962,174,403.0
4360,Sara,Sharma,sara.sharma4360@example.com,+91-9755341122,O,1987-07-29,2019-05-17,INACTIVE,FTE,408,367,517,1646.0
4361,Aarav,Iyer,aarav.iyer4361@example.com,+91-9357694501,O,2003-04-05,2022-12-21,ACTIVE,FTE,622,169,855,2233.0
4362,Zara,Ghosh,zara.ghosh4362@example.com,+91-9799476431,O,1974-12-27,2023-11-02,ACTIVE,CONTRACTOR,362,788,707,2224.0
4363,Yuvraj,Jadhav,yuvraj.jadhav4363@example.com,+91-9433645851,F,1966-09-05,2017-03-27,LEAVE,FTE,679,478,921,2605.0
4364,Reyansh,Pillai,reyansh.pillai4364@example.com,+91-9423779645,O,1984-01-28,2016-01-13,ACTIVE,CONTRACTOR,788,266,840,61.0
4365,Navya,Verma,navya.verma4365@example.com,+91-9679029002,O,2000-09-26,2021-07-21,ACTIVE,CONTRACTOR,635,729,981,384.0
4366,Sara,Chandra,sara.chandra4366@example.com,+91-9219650525,F,1978-07-27,2019-05-04,INACTIVE,FTE,170,315,450,849.0
4367,Sara,Yadav,sara.yadav4367@example.com,+91-9268426907,M,1996-01-15,2018-04-17,ACTIVE,CONTRACTOR,88,350,911,3307.0
4368,Kiara,Singh,kiara.singh4368@example.com,+91-9121531226,O,1990-09-24,2023-01-22,LEAVE,FTE,541,740,508,2391.0
4369,Dhruv,Pandey,dhruv.pandey4369@example.com,+91-9555478977,M,1970-02-17,2024-09-06,ACTIVE,FTE,436,426,888,986.0
4370,Om,Das,om.das4370@example.com,+91-9284997902,O,1992-01-10,2025-07-02,ACTIVE,FTE,592,659,750,3222.0
4371,Arjun,Verma,arjun.verma4371@example.com,+91-9534670984,O,1974-06-08,2018-01-24,ACTIVE,FTE,645,646,186,4048.0
4372,Riya,Desai,riya.desai4372@example.com,+91-9387408617,O,1994-12-10,2015-09-21,INACTIVE,FTE,402,863,454,
4373,Aisha,Naidu,aisha.naidu4373@example.com,+91-9262493926,O,1996-04-27,2025-05-16,ACTIVE,FTE,380,709,177,2585.0
4374,Aanya,Sharma,aanya.sharma4374@example.com,+91-9389251087,M,1966-10-06,2025-07-20,ACTIVE,FTE,229,796,453,2795.0
4375,Dev,Chauhan,dev.chauhan4375@example.com,+91-9987611706,O,1971-07-12,2016-02-11,ACTIVE,FTE,191,879,186,928.0
4376,Ira,Iyer,ira.iyer4376@example.com,+91-9801324251,F,1995-04-04,2016-07-26,ACTIVE,INTERN,462,843,27,3868.0
4377,Ishita,Singh,ishita.singh4377@example.com,+91-9307407806,F,1972-12-17,2018-07-25,ACTIVE,FTE,924,885,305,1610.0
4378,Dev,Khan,dev.khan4378@example.com,+91-9975475862,O,1988-09-25,2020-06-26,INACTIVE,CONTRACTOR,985,370,251,1433.0
4379,Sai,Sharma,sai.sharma4379@example.com,+91-9413783793,O,1971-10-28,2017-09-24,ACTIVE,FTE,414,462,336,566.0
4380,Aditi,Pawar,aditi.pawar4380@example.com,+91-9964038418,F,1989-05-17,2024-09-17,ACTIVE,FTE,483,44,239,
4381,Aarav,Naidu,aarav.naidu4381@example.com,+91-9385350384,M,1994-03-02,2024-01-25,ACTIVE,FTE,566,201,192,
4382,Ira,Mishra,ira.mishra4382@example.com,+91-9653639886,O,1990-03-29,2021-08-10,ACTIVE,CONTRACTOR,805,406,896,4181.0
4383,Kabir,Desai,kabir.desai4383@example.com,+91-9722285128,O,1999-01-24,2022-05-18,ACTIVE,FTE,853,308,686,2535.0
4384,Ishaan,Patel,ishaan.patel4384@example.com,+91-9780493765,M,1992-06-24,2018-04-20,ACTIVE,FTE,881,460,780,1144.0
4385,Myra,Saxena,myra.saxena4385@example.com,+91-9912121871,M,1966-07-27,2019-09-04,ACTIVE,INTERN,302,151,631,1149.0
4386,Sai,Gowda,sai.gowda4386@example.com,+91-9562639489,O,1976-11-26,2019-07-14,ACTIVE,INTERN,658,780,811,411.0
4387,Saanvi,Yadav,saanvi.yadav4387@example.com,+91-9248610659,M,1976-07-14,2016-01-07,ACTIVE,FTE,515,492,138,774.0
4388,Dhruv,Verma,dhruv.verma4388@example.com,+91-9212586561,F,1975-04-12,2025-01-26,ACTIVE,FTE,775,841,996,336.0
4389,Aarav,Mukherjee,aarav.mukherjee4389@example.com,+91-9876432023,O,1990-01-05,2025-07-29,ACTIVE,FTE,437,81,446,499.0
4390,Myra,Verma,myra.verma4390@example.com,+91-9832456240,O,1967-05-06,2019-01-15,ACTIVE,FTE,876,32,7,2677.0
4391,Yuvraj,Bose,yuvraj.bose4391@example.com,+91-9326799528,M,1993-08-01,2023-11-11,ACTIVE,FTE,788,206,122,2247.0
4392,Anika,Patel,anika.patel4392@example.com,+91-9385684526,O,1989-05-06,2023-05-26,ACTIVE,FTE,754,904,111,2819.0
4393,Ira,Gowda,ira.gowda4393@example.com,+91-9767388855,O,1973-11-07,2024-10-31,ACTIVE,FTE,610,754,992,3105.0
4394,Aditya,Gowda,aditya.gowda4394@example.com,+91-9119401192,F,1969-07-10,2018-12-30,ACTIVE,FTE,659,427,325,1056.0
4395,Aisha,Mishra,aisha.mishra4395@example.com,+91-9551557339,O,2001-11-20,2018-06-21,ACTIVE,FTE,584,28,912,611.0
4396,Aarav,Reddy,aarav.reddy4396@example.com,+91-9513391999,F,1970-08-04,2020-10-15,INACTIVE,FTE,222,760,427,
4397,Dhruv,Gowda,dhruv.gowda4397@example.com,+91-9235397475,M,1985-05-17,2021-03-11,ACTIVE,INTERN,671,274,917,1701.0
4398,Aarav,Bose,aarav.bose4398@example.com,+91-9485271309,M,2004-09-13,2022-01-16,ACTIVE,FTE,202,343,207,238.0
4399,Reyansh,Pillai,reyansh.pillai4399@example.com,+91-9958413869,F,1988-05-27,2022-05-08,ACTIVE,CONTRACTOR,694,575,560,143.0
4400,Ishita,Chauhan,ishita.chauhan4400@example.com,+91-9833531679,F,1967-12-11,2019-07-03,ACTIVE,FTE,718,339,331,797.0
4401,Aisha,Das,aisha.das4401@example.com,+91-9912520892,O,1979-04-25,2017-10-09,ACTIVE,FTE,341,914,784,3691.0
4402,Dev,Reddy,dev.reddy4402@example.com,+91-9844760260,F,1970-06-26,2024-08-16,ACTIVE,FTE,101,642,2,603.0
4403,Aarohi,Chauhan,aarohi.chauhan4403@example.com,+91-9826334058,O,1994-12-26,2015-06-15,ACTIVE,FTE,369,159,75,2722.0
4404,Myra,Verma,myra.verma4404@example.com,+91-9951371314,O,1967-12-01,2019-06-11,ACTIVE,FTE,267,148,605,
4405,Mira,Rao,mira.rao4405@example.com,+91-9753628209,O,1974-09-23,2020-07-22,ACTIVE,FTE,849,650,333,1638.0
4406,Zara,Sharma,zara.sharma4406@example.com,+91-9692466470,O,1978-01-18,2023-02-19,ACTIVE,FTE,212,770,85,3017.0
4407,Anika,Rao,anika.rao4407@example.com,+91-9963053560,M,1985-10-25,2023-11-02,ACTIVE,FTE,468,259,533,637.0
4408,Samar,Patel,samar.patel4408@example.com,+91-9862804293,O,1988-10-03,2016-12-31,INACTIVE,FTE,59,762,74,1989.0
4409,Myra,Iyer,myra.iyer4409@example.com,+91-9877103549,O,1998-08-21,2015-07-28,ACTIVE,INTERN,528,840,367,895.0
4410,Rohan,Pawar,rohan.pawar4410@example.com,+91-9277611409,F,1978-02-01,2019-04-08,ACTIVE,FTE,896,743,597,2666.0
4411,Anaya,Pandey,anaya.pandey4411@example.com,+91-9266823053,O,1981-12-12,2024-09-25,ACTIVE,FTE,370,442,81,829.0
4412,Aisha,Yadav,aisha.yadav4412@example.com,+91-9256389397,O,1995-04-25,2016-01-16,ACTIVE,FTE,627,196,678,2731.0
4413,Samar,Reddy,samar.reddy4413@example.com,+91-9368967422,O,1998-10-09,2022-05-04,ACTIVE,FTE,872,316,528,1291.0
4414,Vivaan,Gowda,vivaan.gowda4414@example.com,+91-9232553305,F,1992-08-23,2020-10-31,INACTIVE,FTE,694,422,833,
4415,Anika,Bhandari,anika.bhandari4415@example.com,+91-9169020857,M,2003-05-09,2020-01-30,ACTIVE,CONTRACTOR,866,653,62,
4416,Dhruv,Jadhav,dhruv.jadhav4416@example.com,+91-9798510385,F,1966-07-24,2017-01-31,ACTIVE,FTE,391,346,378,3197.0
4417,Ritvik,Khan,ritvik.khan4417@example.com,+91-9358605240,F,1980-01-25,2024-04-30,ACTIVE,FTE,197,398,518,2404.0
4418,Dev,Chandra,dev.chandra4418@example.com,+91-9436920854,M,1976-07-24,2017-12-24,ACTIVE,FTE,499,271,679,457.0
4419,Aanya,Pawar,aanya.pawar4419@example.com,+91-9273742923,O,2003-11-20,2015-03-26,ACTIVE,FTE,8,630,782,2215.0
4420,Arjun,Desai,arjun.desai4420@example.com,+91-9851775400,O,2001-12-24,2018-12-09,ACTIVE,FTE,457,504,184,
4421,Kiara,Khan,kiara.khan4421@example.com,+91-9475623387,O,1996-10-08,2019-11-17,INACTIVE,FTE,52,853,961,652.0
4422,Pari,Pandey,pari.pandey4422@example.com,+91-9736681244,F,2003-12-19,2023-08-29,ACTIVE,FTE,87,383,348,2556.0
4423,Aadhya,Khan,aadhya.khan4423@example.com,+91-9251988972,F,1993-11-12,2019-05-10,ACTIVE,FTE,142,99,496,2503.0
4424,Mira,Chauhan,mira.chauhan4424@example.com,+91-9285044774,F,1976-09-04,2024-08-21,ACTIVE,FTE,24,913,159,3760.0
4425,Anaya,Mukherjee,anaya.mukherjee4425@example.com,+91-9909073677,M,1972-03-28,2019-02-24,ACTIVE,FTE,320,641,344,4225.0
4426,Ritvik,Reddy,ritvik.reddy4426@example.com,+91-9164921174,M,1984-10-21,2021-03-04,INACTIVE,CONTRACTOR,141,739,382,1792.0
4427,Yuvraj,Bose,yuvraj.bose4427@example.com,+91-9298549560,M,1969-06-13,2018-09-26,ACTIVE,FTE,216,68,289,2519.0
4428,Dev,Jadhav,dev.jadhav4428@example.com,+91-9893479374,M,1996-08-22,2023-02-18,ACTIVE,CONTRACTOR,29,988,869,1132.0
4429,Saanvi,Chauhan,saanvi.chauhan4429@example.com,+91-9757747584,O,1966-08-09,2017-02-27,ACTIVE,FTE,577,478,410,3876.0
4430,Mira,Thakur,mira.thakur4430@example.com,+91-9327301427,F,1995-08-13,2018-02-16,ACTIVE,FTE,447,664,799,522.0
4431,Aarav,Bose,aarav.bose4431@example.com,+91-9304011395,M,1995-06-23,2022-05-23,ACTIVE,FTE,390,463,172,3301.0
4432,Aisha,Desai,aisha.desai4432@example.com,+91-9437346074,M,1999-06-09,2015-06-13,INACTIVE,FTE,933,109,631,4089.0
4433,Diya,Joshi,diya.joshi4433@example.com,+91-9886217335,F,1977-07-10,2017-03-07,ACTIVE,FTE,906,864,808,68.0
4434,Shaurya,Gupta,shaurya.gupta4434@example.com,+91-9967794450,F,1990-02-18,2024-09-11,ACTIVE,FTE,735,932,142,703.0
4435,Kabir,Singh,kabir.singh4435@example.com,+91-9430070858,O,1972-08-08,2021-11-29,INACTIVE,CONTRACTOR,442,416,757,3864.0
4436,Om,Thakur,om.thakur4436@example.com,+91-9172952610,M,1993-02-16,2024-11-26,ACTIVE,FTE,115,619,540,2708.0
4437,Ishaan,Naidu,ishaan.naidu4437@example.com,+91-9445708610,O,1998-08-16,2024-04-10,INACTIVE,FTE,597,62,936,963.0
4438,Aadhya,Thakur,aadhya.thakur4438@example.com,+91-9463910686,O,2000-02-06,2021-10-25,ACTIVE,FTE,134,216,413,2477.0
4439,Zara,Das,zara.das4439@example.com,+91-9471940261,M,1984-06-08,2021-05-27,ACTIVE,CONTRACTOR,457,71,832,4071.0
4440,Mira,Pawar,mira.pawar4440@example.com,+91-9667598820,F,1966-07-28,2021-01-27,ACTIVE,FTE,68,70,911,4078.0
4441,Om,Kulkarni,om.kulkarni4441@example.com,+91-9396547944,F,1968-05-04,2016-01-11,ACTIVE,FTE,267,793,522,1393.0
4442,Kabir,Mehta,kabir.mehta4442@example.com,+91-9225335463,M,1978-12-11,2021-11-27,ACTIVE,INTERN,294,317,552,3757.0
4443,Zara,Verma,zara.verma4443@example.com,+91-9984365189,F,1970-03-05,2021-12-04,ACTIVE,FTE,502,735,452,2424.0
4444,Pari,Mishra,pari.mishra4444@example.com,+91-9842613040,M,1993-06-03,2022-06-15,INACTIVE,FTE,384,718,129,1926.0
4445,Krishna,Joshi,krishna.joshi4445@example.com,+91-9949480153,F,2000-02-24,2023-11-05,ACTIVE,FTE,335,876,292,1750.0
4446,Yuvraj,Joshi,yuvraj.joshi4446@example.com,+91-9611301011,F,1988-12-12,2020-11-04,ACTIVE,FTE,653,827,31,500.0
4447,Aditya,Saxena,aditya.saxena4447@example.com,+91-9212023200,M,1986-01-04,2021-05-08,ACTIVE,FTE,21,73,497,2148.0
4448,Saanvi,Khan,saanvi.khan4448@example.com,+91-9841582382,M,1988-12-01,2024-12-31,ACTIVE,FTE,589,642,568,3669.0
4449,Samar,Sharma,samar.sharma4449@example.com,+91-9634795916,F,1989-12-16,2021-03-24,ACTIVE,FTE,642,167,335,857.0
4450,Dev,Joshi,dev.joshi4450@example.com,+91-9331956502,F,2001-03-10,2021-01-16,ACTIVE,FTE,666,414,316,2210.0
4451,Om,Gupta,om.gupta4451@example.com,+91-9549241475,F,1999-05-21,2017-04-20,ACTIVE,FTE,131,53,282,
4452,Aisha,Chandra,aisha.chandra4452@example.com,+91-9877582501,F,1967-11-09,2022-10-14,ACTIVE,FTE,732,64,977,876.0
4453,Aanya,Mehta,aanya.mehta4453@example.com,+91-9715874377,M,1993-07-16,2015-10-20,ACTIVE,FTE,238,450,175,451.0
4454,Aryan,Reddy,aryan.reddy4454@example.com,+91-9886482258,M,2003-12-28,2020-10-29,ACTIVE,FTE,638,200,809,3068.0
4455,Navya,Das,navya.das4455@example.com,+91-9680903031,O,1988-08-22,2015-09-16,ACTIVE,FTE,933,644,117,2751.0
4456,Samar,Kulkarni,samar.kulkarni4456@example.com,+91-9959404044,M,1988-11-26,2017-02-25,ACTIVE,FTE,929,271,74,224.0
4457,Aryan,Sharma,aryan.sharma4457@example.com,+91-9254385488,M,2001-08-06,2024-09-10,ACTIVE,FTE,35,305,60,3375.0
4458,Reyansh,Reddy,reyansh.reddy4458@example.com,+91-9719097454,F,1989-09-03,2017-01-14,ACTIVE,FTE,323,128,617,1465.0
4459,Vihaan,Ghosh,vihaan.ghosh4459@example.com,+91-9292731520,M,2000-08-04,2022-04-28,ACTIVE,FTE,278,696,816,1460.0
4460,Kiara,Saxena,kiara.saxena4460@example.com,+91-9253982942,O,1968-03-06,2019-11-18,ACTIVE,FTE,47,955,467,1360.0
4461,Pari,Kulkarni,pari.kulkarni4461@example.com,+91-9135410238,M,1987-08-17,2023-08-15,ACTIVE,FTE,499,955,301,3257.0
4462,Kiara,Mukherjee,kiara.mukherjee4462@example.com,+91-9161583175,M,1991-09-02,2023-01-06,ACTIVE,FTE,979,219,928,4227.0
4463,Krishna,Iyer,krishna.iyer4463@example.com,+91-9338930428,F,1979-01-23,2015-07-25,ACTIVE,FTE,957,595,155,4339.0
4464,Aryan,Gupta,aryan.gupta4464@example.com,+91-9801138556,M,1979-04-26,2022-12-02,ACTIVE,FTE,294,815,537,3257.0
4465,Reyansh,Kulkarni,reyansh.kulkarni4465@example.com,+91-9865479453,M,1983-12-19,2024-05-12,ACTIVE,FTE,257,420,36,899.0
4466,Anika,Reddy,anika.reddy4466@example.com,+91-9159798523,M,1991-12-14,2021-03-26,ACTIVE,FTE,479,600,254,3841.0
4467,Ishaan,Pandey,ishaan.pandey4467@example.com,+91-9608503668,O,1985-04-08,2021-06-24,ACTIVE,FTE,850,763,777,
4468,Myra,Iyer,myra.iyer4468@example.com,+91-9382971405,F,1968-06-08,2017-07-13,INACTIVE,CONTRACTOR,678,777,665,3005.0
4469,Sai,Rao,sai.rao4469@example.com,+91-9135307112,F,1968-01-12,2019-07-06,ACTIVE,FTE,34,171,633,3756.0
4470,Aarav,Singh,aarav.singh4470@example.com,+91-9526265671,O,1986-11-15,2022-01-13,ACTIVE,FTE,244,973,462,2247.0
4471,Yuvraj,Mukherjee,yuvraj.mukherjee4471@example.com,+91-9728298072,O,1987-02-25,2021-10-04,ACTIVE,FTE,919,912,366,697.0
4472,Vivaan,Thakur,vivaan.thakur4472@example.com,+91-9749830789,M,1992-07-14,2020-06-12,ACTIVE,FTE,181,883,191,3975.0
4473,Ishaan,Iyer,ishaan.iyer4473@example.com,+91-9955252553,O,1998-06-10,2023-08-27,ACTIVE,FTE,618,729,176,1463.0
4474,Arjun,Chandra,arjun.chandra4474@example.com,+91-9686564802,F,1984-10-25,2017-05-17,ACTIVE,FTE,869,622,146,2022.0
4475,Arjun,Yadav,arjun.yadav4475@example.com,+91-9829753746,F,1995-02-25,2020-08-14,ACTIVE,FTE,952,400,89,3067.0
4476,Aryan,Khan,aryan.khan4476@example.com,+91-9115097684,F,1982-08-01,2021-03-12,LEAVE,CONTRACTOR,533,884,898,3547.0
4477,Aditi,Yadav,aditi.yadav4477@example.com,+91-9606703411,O,1979-09-20,2018-12-30,INACTIVE,FTE,527,206,751,1594.0
4478,Dhruv,Chandra,dhruv.chandra4478@example.com,+91-9791972341,O,1972-08-25,2020-12-25,LEAVE,FTE,873,399,425,3134.0
4479,Vihaan,Yadav,vihaan.yadav4479@example.com,+91-9971412843,M,1966-07-05,2023-03-10,ACTIVE,FTE,245,53,26,
4480,Kiara,Naidu,kiara.naidu4480@example.com,+91-9764422711,M,1965-12-03,2025-06-24,ACTIVE,FTE,834,17,288,47.0
4481,Riya,Sharma,riya.sharma4481@example.com,+91-9409972090,F,1980-12-25,2018-10-12,ACTIVE,FTE,146,699,115,3869.0
4482,Reyansh,Chauhan,reyansh.chauhan4482@example.com,+91-9712653208,F,2003-09-15,2018-11-15,ACTIVE,FTE,702,418,742,2281.0
4483,Samar,Khan,samar.khan4483@example.com,+91-9884865077,O,1998-12-10,2022-02-01,ACTIVE,FTE,253,747,747,3238.0
4484,Aanya,Singh,aanya.singh4484@example.com,+91-9762563275,F,1974-08-14,2020-04-06,ACTIVE,FTE,818,939,528,
4485,Meera,Verma,meera.verma4485@example.com,+91-9744029154,O,1972-02-19,2022-01-31,INACTIVE,FTE,27,604,819,253.0
4486,Riya,Das,riya.das4486@example.com,+91-9935059359,F,1969-03-31,2019-06-21,ACTIVE,FTE,404,741,182,2202.0
4487,Ira,Saxena,ira.saxena4487@example.com,+91-9840350217,O,1973-08-24,2018-02-27,ACTIVE,FTE,140,400,501,1097.0
4488,Saanvi,Khan,saanvi.khan4488@example.com,+91-9521284235,O,1977-08-13,2017-07-06,ACTIVE,FTE,357,244,150,790.0
4489,Aditi,Singh,aditi.singh4489@example.com,+91-9463194884,O,1977-08-26,2024-08-22,INACTIVE,FTE,371,99,88,3233.0
4490,Arjun,Desai,arjun.desai4490@example.com,+91-9341310634,M,1965-04-15,2024-04-19,ACTIVE,FTE,304,854,608,871.0
4491,Aditi,Desai,aditi.desai4491@example.com,+91-9524252238,O,1993-12-30,2015-01-29,INACTIVE,INTERN,848,476,332,3327.0
4492,Om,Thakur,om.thakur4492@example.com,+91-9586914526,M,1997-08-04,2016-02-13,INACTIVE,FTE,88,218,935,32.0
4493,Mohammed,Das,mohammed.das4493@example.com,+91-9158217168,F,2004-01-07,2017-01-07,ACTIVE,FTE,270,997,410,2990.0
4494,Dhruv,Desai,dhruv.desai4494@example.com,+91-9796648899,F,2004-06-28,2023-08-27,ACTIVE,CONTRACTOR,65,994,388,3445.0
4495,Diya,Gowda,diya.gowda4495@example.com,+91-9895255984,M,2004-07-02,2016-04-12,INACTIVE,FTE,845,423,600,504.0
4496,Rohan,Singh,rohan.singh4496@example.com,+91-9410651390,M,1990-09-28,2019-09-04,INACTIVE,FTE,588,813,818,854.0
4497,Sara,Pawar,sara.pawar4497@example.com,+91-9266786875,F,1965-04-23,2019-07-30,ACTIVE,FTE,998,159,304,3426.0
4498,Mohammed,Reddy,mohammed.reddy4498@example.com,+91-9299640673,O,1998-11-08,2022-12-17,ACTIVE,FTE,923,280,152,810.0
4499,Om,Gupta,om.gupta4499@example.com,+91-9349725016,F,1972-05-01,2025-01-16,LEAVE,FTE,526,95,685,232.0
4500,Sara,Singh,sara.singh4500@example.com,+91-9882480367,O,1972-01-28,2022-09-20,ACTIVE,FTE,181,606,951,1937.0
4501,Anaya,Patel,anaya.patel4501@example.com,+91-9194034934,M,1999-06-11,2018-07-02,ACTIVE,FTE,25,306,322,2643.0
4502,Anaya,Joshi,anaya.joshi4502@example.com,+91-9750092307,O,1994-01-09,2018-06-07,INACTIVE,FTE,231,68,714,638.0
4503,Arjun,Pandey,arjun.pandey4503@example.com,+91-9379675993,M,1990-11-28,2018-12-01,INACTIVE,FTE,357,268,457,2937.0
4504,Ritvik,Thakur,ritvik.thakur4504@example.com,+91-9840170754,O,1999-06-06,2017-10-30,ACTIVE,FTE,821,421,558,1153.0
4505,Shaurya,Sharma,shaurya.sharma4505@example.com,+91-9286534948,O,1992-02-02,2024-03-05,ACTIVE,CONTRACTOR,607,924,744,341.0
4506,Om,Naidu,om.naidu4506@example.com,+91-9191566083,F,1996-05-12,2017-01-06,ACTIVE,FTE,978,704,103,4213.0
4507,Reyansh,Naidu,reyansh.naidu4507@example.com,+91-9207173499,M,1984-12-17,2025-02-26,ACTIVE,FTE,310,330,255,2775.0
4508,Dhruv,Thakur,dhruv.thakur4508@example.com,+91-9562864407,M,2000-03-15,2022-05-18,ACTIVE,FTE,478,709,298,670.0
4509,Navya,Saxena,navya.saxena4509@example.com,+91-9510763429,F,1965-09-27,2020-06-03,ACTIVE,FTE,699,21,496,1941.0
4510,Sai,Gupta,sai.gupta4510@example.com,+91-9963919605,M,1998-11-25,2019-06-02,ACTIVE,FTE,771,937,875,1961.0
4511,Reyansh,Reddy,reyansh.reddy4511@example.com,+91-9250782082,O,1995-11-10,2023-12-29,ACTIVE,FTE,877,1,679,3696.0
4512,Navya,Mehta,navya.mehta4512@example.com,+91-9911654538,M,1974-08-01,2015-11-23,ACTIVE,FTE,174,628,201,
4513,Myra,Pandey,myra.pandey4513@example.com,+91-9841149228,F,1995-03-15,2024-05-22,INACTIVE,FTE,322,762,707,3155.0
4514,Kiara,Kulkarni,kiara.kulkarni4514@example.com,+91-9459568760,F,1965-12-21,2016-12-28,ACTIVE,FTE,373,353,253,3712.0
4515,Aarav,Kulkarni,aarav.kulkarni4515@example.com,+91-9152466220,M,1991-08-13,2016-09-30,ACTIVE,FTE,240,555,866,2228.0
4516,Ishita,Bose,ishita.bose4516@example.com,+91-9724780171,F,1996-09-18,2017-02-20,LEAVE,FTE,289,354,451,471.0
4517,Sai,Kulkarni,sai.kulkarni4517@example.com,+91-9334148978,O,1973-10-25,2021-01-19,INACTIVE,FTE,632,362,402,461.0
4518,Ira,Joshi,ira.joshi4518@example.com,+91-9622044672,O,1986-12-03,2017-09-24,ACTIVE,FTE,195,119,964,3503.0
4519,Dhruv,Pandey,dhruv.pandey4519@example.com,+91-9751196031,F,1986-01-03,2018-06-13,INACTIVE,FTE,700,688,374,886.0
4520,Pari,Desai,pari.desai4520@example.com,+91-9458741964,O,1981-10-29,2023-09-18,ACTIVE,CONTRACTOR,721,821,674,1162.0
4521,Yuvraj,Jadhav,yuvraj.jadhav4521@example.com,+91-9972297615,M,1998-03-11,2021-12-03,ACTIVE,FTE,515,510,100,
4522,Navya,Naidu,navya.naidu4522@example.com,+91-9556330865,O,1979-06-10,2020-10-29,ACTIVE,FTE,200,621,276,391.0
4523,Aisha,Verma,aisha.verma4523@example.com,+91-9751482069,O,1987-12-05,2023-07-20,ACTIVE,FTE,270,552,423,501.0
4524,Pari,Bhandari,pari.bhandari4524@example.com,+91-9335513431,M,1975-03-29,2023-11-09,ACTIVE,FTE,284,125,458,2452.0
4525,Om,Pandey,om.pandey4525@example.com,+91-9722548984,F,2003-07-08,2017-01-07,ACTIVE,CONTRACTOR,365,259,318,272.0
4526,Pari,Saxena,pari.saxena4526@example.com,+91-9432041406,M,1991-07-01,2017-07-02,ACTIVE,FTE,977,975,370,271.0
4527,Aadhya,Khan,aadhya.khan4527@example.com,+91-9508408088,M,1997-12-30,2022-11-30,INACTIVE,FTE,206,378,258,3531.0
4528,Aditya,Mehta,aditya.mehta4528@example.com,+91-9130235490,F,1995-01-19,2024-09-13,ACTIVE,FTE,79,684,661,
4529,Diya,Mukherjee,diya.mukherjee4529@example.com,+91-9964089392,F,1971-09-14,2025-07-28,LEAVE,FTE,174,847,820,2298.0
4530,Krishna,Naidu,krishna.naidu4530@example.com,+91-9249420033,M,1967-11-04,2019-08-17,ACTIVE,FTE,512,52,526,1242.0
4531,Aditi,Gupta,aditi.gupta4531@example.com,+91-9148063271,M,1986-08-15,2016-07-01,ACTIVE,FTE,30,5,184,2916.0
4532,Sai,Mishra,sai.mishra4532@example.com,+91-9497439132,F,1995-01-10,2019-05-15,INACTIVE,FTE,457,181,632,2847.0
4533,Rohan,Jadhav,rohan.jadhav4533@example.com,+91-9615491794,O,1997-10-09,2023-07-29,ACTIVE,FTE,259,628,984,2826.0
4534,Dev,Ghosh,dev.ghosh4534@example.com,+91-9934125977,O,1990-08-22,2024-04-04,ACTIVE,FTE,392,238,201,2013.0
4535,Riya,Yadav,riya.yadav4535@example.com,+91-9950385273,M,1985-12-05,2022-01-18,ACTIVE,FTE,44,213,731,1638.0
4536,Riya,Gupta,riya.gupta4536@example.com,+91-9810259792,O,1985-01-18,2016-07-08,ACTIVE,FTE,814,51,416,2087.0
4537,Samar,Pillai,samar.pillai4537@example.com,+91-9621113257,O,2004-08-01,2015-09-12,ACTIVE,FTE,580,249,896,973.0
4538,Saanvi,Das,saanvi.das4538@example.com,+91-9914014083,O,1978-03-27,2018-06-20,ACTIVE,FTE,240,958,769,348.0
4539,Pari,Reddy,pari.reddy4539@example.com,+91-9511142084,O,2002-03-24,2017-08-01,LEAVE,FTE,872,545,164,
4540,Vihaan,Pandey,vihaan.pandey4540@example.com,+91-9221860339,O,1994-07-10,2018-03-16,ACTIVE,INTERN,69,541,951,4269.0
4541,Sai,Pawar,sai.pawar4541@example.com,+91-9698191196,M,1966-11-09,2024-04-03,ACTIVE,CONTRACTOR,158,948,891,4438.0
4542,Aarohi,Rao,aarohi.rao4542@example.com,+91-9357452155,F,1997-08-22,2015-02-08,ACTIVE,FTE,861,687,813,2593.0
4543,Navya,Mishra,navya.mishra4543@example.com,+91-9845138579,M,1983-05-28,2016-02-01,INACTIVE,FTE,698,194,358,3698.0
4544,Mira,Chandra,mira.chandra4544@example.com,+91-9268373614,M,1981-12-12,2025-01-25,INACTIVE,FTE,167,314,827,
4545,Aanya,Bhandari,aanya.bhandari4545@example.com,+91-9444431455,M,1982-11-10,2025-08-07,ACTIVE,FTE,487,649,354,2141.0
4546,Ishita,Sharma,ishita.sharma4546@example.com,+91-9760208560,F,1966-08-09,2018-04-03,ACTIVE,FTE,491,142,534,1979.0
4547,Ritvik,Rao,ritvik.rao4547@example.com,+91-9577433252,F,1971-02-06,2015-06-02,ACTIVE,FTE,232,226,219,1510.0
4548,Anaya,Saxena,anaya.saxena4548@example.com,+91-9659564102,O,1979-09-23,2020-01-11,ACTIVE,FTE,183,709,308,3205.0
4549,Aisha,Bhandari,aisha.bhandari4549@example.com,+91-9178840986,M,1976-08-27,2019-01-03,INACTIVE,FTE,354,742,340,223.0
4550,Ishaan,Joshi,ishaan.joshi4550@example.com,+91-9579515163,F,1989-10-12,2020-04-10,ACTIVE,FTE,870,318,504,33.0
4551,Aditya,Naidu,aditya.naidu4551@example.com,+91-9875858501,O,1972-02-20,2024-05-06,LEAVE,FTE,997,194,695,842.0
4552,Sara,Mehta,sara.mehta4552@example.com,+91-9358881698,O,1987-05-03,2025-06-20,ACTIVE,FTE,797,258,767,4339.0
4553,Arjun,Patel,arjun.patel4553@example.com,+91-9645674792,M,1979-03-18,2017-12-29,ACTIVE,FTE,741,54,236,1076.0
4554,Aditya,Gupta,aditya.gupta4554@example.com,+91-9267247723,F,1995-11-21,2017-12-06,ACTIVE,FTE,459,335,366,938.0
4555,Dhruv,Mehta,dhruv.mehta4555@example.com,+91-9323175267,O,1968-10-19,2015-12-13,ACTIVE,FTE,789,950,955,1734.0
4556,Vihaan,Pillai,vihaan.pillai4556@example.com,+91-9226786900,M,1977-04-18,2017-09-11,ACTIVE,FTE,440,448,856,1428.0
4557,Kiara,Mishra,kiara.mishra4557@example.com,+91-9703139321,M,1993-06-09,2017-09-23,ACTIVE,FTE,311,374,591,2848.0
4558,Meera,Naidu,meera.naidu4558@example.com,+91-9742380317,M,1992-01-28,2020-12-17,ACTIVE,FTE,978,176,613,2672.0
4559,Aditi,Pandey,aditi.pandey4559@example.com,+91-9559125302,M,2003-07-29,2020-03-03,INACTIVE,FTE,306,511,374,3597.0
4560,Sara,Mukherjee,sara.mukherjee4560@example.com,+91-9434721509,F,2002-10-24,2017-12-25,ACTIVE,FTE,300,789,521,3510.0
4561,Navya,Desai,navya.desai4561@example.com,+91-9226284391,O,2004-09-17,2021-02-03,INACTIVE,FTE,509,498,741,
4562,Anika,Bose,anika.bose4562@example.com,+91-9171533191,M,1989-11-11,2015-11-21,ACTIVE,FTE,793,596,424,2762.0
4563,Aadhya,Rao,aadhya.rao4563@example.com,+91-9433296575,M,1965-05-11,2020-04-29,ACTIVE,CONTRACTOR,864,340,423,23.0
4564,Navya,Kulkarni,navya.kulkarni4564@example.com,+91-9933926368,F,1990-09-19,2025-05-20,ACTIVE,FTE,869,747,559,
4565,Aarohi,Desai,aarohi.desai4565@example.com,+91-9868827000,F,1965-06-17,2021-08-18,ACTIVE,FTE,839,849,188,260.0
4566,Krishna,Desai,krishna.desai4566@example.com,+91-9759861731,M,1974-09-05,2022-11-27,ACTIVE,CONTRACTOR,645,655,167,
4567,Reyansh,Ghosh,reyansh.ghosh4567@example.com,+91-9385029556,O,1976-11-23,2016-11-13,ACTIVE,FTE,230,575,13,2308.0
4568,Myra,Pandey,myra.pandey4568@example.com,+91-9598254353,F,1974-02-23,2023-05-19,ACTIVE,FTE,737,99,909,4191.0
4569,Aditi,Bose,aditi.bose4569@example.com,+91-9909378223,O,1997-01-27,2016-07-23,ACTIVE,FTE,690,612,971,3029.0
4570,Ishita,Jadhav,ishita.jadhav4570@example.com,+91-9712548854,O,2002-03-03,2020-04-29,ACTIVE,FTE,887,233,340,2403.0
4571,Ishita,Pawar,ishita.pawar4571@example.com,+91-9253709122,M,1969-07-12,2022-05-16,ACTIVE,FTE,357,945,781,2784.0
4572,Riya,Bhandari,riya.bhandari4572@example.com,+91-9196437822,F,1997-03-22,2020-06-21,ACTIVE,INTERN,586,710,46,
4573,Om,Mukherjee,om.mukherjee4573@example.com,+91-9325432405,F,2004-02-21,2022-10-13,ACTIVE,FTE,82,295,916,1957.0
4574,Vihaan,Rao,vihaan.rao4574@example.com,+91-9822152346,F,2001-12-08,2025-05-19,ACTIVE,CONTRACTOR,56,323,686,
4575,Ishita,Mukherjee,ishita.mukherjee4575@example.com,+91-9856826828,F,1991-07-05,2016-09-25,ACTIVE,FTE,665,986,276,
4576,Meera,Chauhan,meera.chauhan4576@example.com,+91-9195575929,M,1989-12-23,2023-11-05,ACTIVE,CONTRACTOR,298,367,615,1377.0
4577,Om,Khan,om.khan4577@example.com,+91-9444174852,F,1966-02-19,2023-08-29,INACTIVE,FTE,898,527,192,3335.0
4578,Aisha,Sharma,aisha.sharma4578@example.com,+91-9229705055,O,1996-08-28,2024-04-23,ACTIVE,FTE,36,724,383,2741.0
4579,Aditya,Rao,aditya.rao4579@example.com,+91-9805844077,M,1978-12-15,2022-10-16,ACTIVE,FTE,478,3,857,3106.0
4580,Aarohi,Iyer,aarohi.iyer4580@example.com,+91-9381915498,O,1993-11-02,2024-12-26,ACTIVE,FTE,374,836,103,4440.0
4581,Dhruv,Chandra,dhruv.chandra4581@example.com,+91-9844290501,F,1986-04-24,2021-02-15,ACTIVE,FTE,993,164,497,505.0
4582,Aditi,Gowda,aditi.gowda4582@example.com,+91-9742131001,M,1973-12-10,2017-04-27,ACTIVE,FTE,114,841,384,2063.0
4583,Navya,Pandey,navya.pandey4583@example.com,+91-9480231563,M,1966-06-03,2023-11-29,ACTIVE,FTE,128,20,12,1846.0
4584,Rohan,Patel,rohan.patel4584@example.com,+91-9320648400,O,1982-08-13,2021-03-20,INACTIVE,FTE,393,598,113,3845.0
4585,Samar,Gowda,samar.gowda4585@example.com,+91-9708906797,O,1982-10-14,2018-04-24,ACTIVE,CONTRACTOR,677,434,206,2938.0
4586,Yuvraj,Rao,yuvraj.rao4586@example.com,+91-9221330866,O,1970-10-15,2019-02-17,ACTIVE,FTE,912,724,542,23.0
4587,Mira,Iyer,mira.iyer4587@example.com,+91-9323835460,M,1970-12-13,2017-01-15,ACTIVE,FTE,485,625,334,1310.0
4588,Krishna,Kulkarni,krishna.kulkarni4588@example.com,+91-9255210959,F,1981-01-01,2017-10-31,ACTIVE,FTE,453,13,686,806.0
4589,Aanya,Chauhan,aanya.chauhan4589@example.com,+91-9878092372,M,1993-04-30,2019-01-31,ACTIVE,FTE,778,833,632,4200.0
4590,Mohammed,Pawar,mohammed.pawar4590@example.com,+91-9402715137,O,1976-09-19,2017-12-08,ACTIVE,FTE,961,146,186,2501.0
4591,Dev,Pawar,dev.pawar4591@example.com,+91-9374245621,O,1981-04-12,2020-05-30,ACTIVE,FTE,795,898,797,3403.0
4592,Diya,Chauhan,diya.chauhan4592@example.com,+91-9115955433,O,1972-08-01,2015-08-02,ACTIVE,INTERN,685,892,349,140.0
4593,Reyansh,Verma,reyansh.verma4593@example.com,+91-9773040635,M,1985-01-19,2017-10-16,ACTIVE,FTE,511,45,724,1829.0
4594,Ritvik,Chauhan,ritvik.chauhan4594@example.com,+91-9716299042,M,1998-06-30,2019-09-10,ACTIVE,FTE,912,930,61,3875.0
4595,Ira,Bhandari,ira.bhandari4595@example.com,+91-9275333686,M,1971-03-09,2023-06-22,ACTIVE,FTE,356,534,118,4103.0
4596,Aditya,Iyer,aditya.iyer4596@example.com,+91-9533839690,M,1987-10-11,2017-08-27,ACTIVE,CONTRACTOR,499,632,429,2358.0
4597,Sai,Iyer,sai.iyer4597@example.com,+91-9984169146,M,1991-03-24,2022-09-07,ACTIVE,FTE,169,45,527,867.0
4598,Yuvraj,Patel,yuvraj.patel4598@example.com,+91-9263601423,O,1996-02-08,2021-06-03,ACTIVE,FTE,652,346,684,3186.0
4599,Rohan,Reddy,rohan.reddy4599@example.com,+91-9681719518,O,1981-09-09,2020-08-29,ACTIVE,CONTRACTOR,108,246,278,3089.0
4600,Aditi,Ghosh,aditi.ghosh4600@example.com,+91-9482221576,F,1966-11-04,2025-01-13,ACTIVE,FTE,863,846,540,2102.0
4601,Aditi,Kulkarni,aditi.kulkarni4601@example.com,+91-9625592105,F,1994-11-20,2017-05-24,ACTIVE,FTE,151,675,921,2367.0
4602,Om,Gupta,om.gupta4602@example.com,+91-9382265050,F,1972-05-02,2022-08-14,LEAVE,FTE,583,264,601,
4603,Anaya,Reddy,anaya.reddy4603@example.com,+91-9957074578,F,1984-04-17,2020-02-14,ACTIVE,FTE,821,372,497,559.0
4604,Anaya,Khan,anaya.khan4604@example.com,+91-9506847931,F,1986-07-30,2017-04-16,ACTIVE,FTE,524,547,683,2442.0
4605,Vihaan,Pandey,vihaan.pandey4605@example.com,+91-9266704335,M,2003-02-16,2025-05-20,ACTIVE,FTE,244,85,488,2407.0
4606,Ritvik,Gowda,ritvik.gowda4606@example.com,+91-9334922803,O,1971-08-31,2018-10-22,ACTIVE,FTE,633,972,512,4317.0
4607,Dhruv,Chauhan,dhruv.chauhan4607@example.com,+91-9369894890,M,1997-12-31,2023-03-25,INACTIVE,FTE,796,452,756,2966.0
4608,Aryan,Kulkarni,aryan.kulkarni4608@example.com,+91-9827352530,M,1972-11-12,2017-10-17,INACTIVE,INTERN,815,2,734,4318.0
4609,Yuvraj,Mukherjee,yuvraj.mukherjee4609@example.com,+91-9146779678,F,1971-09-01,2018-03-01,ACTIVE,FTE,236,999,886,1198.0
4610,Om,Thakur,om.thakur4610@example.com,+91-9353626448,M,1969-09-08,2025-03-12,ACTIVE,FTE,489,51,966,3520.0
4611,Ritvik,Gowda,ritvik.gowda4611@example.com,+91-9100690446,O,2002-11-28,2024-06-13,INACTIVE,CONTRACTOR,215,232,979,795.0
4612,Ira,Thakur,ira.thakur4612@example.com,+91-9545664989,M,2001-01-11,2018-03-21,INACTIVE,FTE,365,699,952,1469.0
4613,Aryan,Iyer,aryan.iyer4613@example.com,+91-9697830538,O,2000-11-22,2025-04-08,ACTIVE,INTERN,785,379,901,500.0
4614,Diya,Mukherjee,diya.mukherjee4614@example.com,+91-9231497108,M,1999-07-13,2024-08-05,ACTIVE,FTE,997,728,685,
4615,Ishita,Gowda,ishita.gowda4615@example.com,+91-9937548501,O,1983-05-24,2018-01-31,ACTIVE,FTE,911,728,574,1106.0
4616,Aarav,Desai,aarav.desai4616@example.com,+91-9301943131,F,1982-05-15,2018-03-24,ACTIVE,CONTRACTOR,764,672,915,2781.0
4617,Mohammed,Singh,mohammed.singh4617@example.com,+91-9390327620,M,1984-04-24,2024-08-04,ACTIVE,FTE,788,611,456,104.0
4618,Aisha,Pawar,aisha.pawar4618@example.com,+91-9126219785,O,1979-09-06,2018-02-25,ACTIVE,FTE,201,848,642,262.0
4619,Sai,Pawar,sai.pawar4619@example.com,+91-9803659163,O,1996-04-10,2018-10-29,ACTIVE,FTE,137,301,664,4226.0
4620,Kiara,Mukherjee,kiara.mukherjee4620@example.com,+91-9621773776,M,1976-08-13,2020-03-15,ACTIVE,FTE,860,587,755,
4621,Rohan,Iyer,rohan.iyer4621@example.com,+91-9153526153,M,1976-05-14,2021-03-23,ACTIVE,FTE,966,603,443,640.0
4622,Om,Bose,om.bose4622@example.com,+91-9412328901,O,1972-08-03,2024-09-05,INACTIVE,FTE,675,184,483,2302.0
4623,Meera,Naidu,meera.naidu4623@example.com,+91-9326026633,M,1977-01-04,2015-08-20,ACTIVE,FTE,644,835,79,4428.0
4624,Sai,Thakur,sai.thakur4624@example.com,+91-9214443146,O,2003-06-25,2022-11-20,ACTIVE,FTE,110,437,416,462.0
4625,Aditya,Sharma,aditya.sharma4625@example.com,+91-9814435948,M,1990-05-06,2019-09-12,ACTIVE,FTE,148,478,449,960.0
4626,Kabir,Reddy,kabir.reddy4626@example.com,+91-9514395138,F,1991-06-21,2017-05-05,ACTIVE,FTE,95,26,35,
4627,Zara,Naidu,zara.naidu4627@example.com,+91-9786003930,M,1997-01-31,2020-04-24,ACTIVE,FTE,487,659,243,3695.0
4628,Zara,Kulkarni,zara.kulkarni4628@example.com,+91-9735915965,M,1989-11-30,2023-07-23,ACTIVE,FTE,882,49,949,1426.0
4629,Zara,Khan,zara.khan4629@example.com,+91-9249621995,O,1978-01-25,2021-12-04,ACTIVE,CONTRACTOR,996,138,339,765.0
4630,Mira,Thakur,mira.thakur4630@example.com,+91-9126445724,F,1967-02-17,2018-07-01,INACTIVE,FTE,54,158,390,3610.0
4631,Vivaan,Chandra,vivaan.chandra4631@example.com,+91-9718216156,M,1995-12-03,2020-01-06,ACTIVE,CONTRACTOR,693,359,164,1249.0
4632,Anaya,Mishra,anaya.mishra4632@example.com,+91-9564389942,O,1991-10-07,2020-09-22,INACTIVE,FTE,689,286,507,630.0
4633,Sai,Mishra,sai.mishra4633@example.com,+91-9903023466,F,1990-03-21,2021-01-08,INACTIVE,INTERN,55,212,395,2909.0
4634,Aryan,Saxena,aryan.saxena4634@example.com,+91-9279705349,F,1978-11-20,2022-07-03,ACTIVE,INTERN,448,435,463,1030.0
4635,Saanvi,Chandra,saanvi.chandra4635@example.com,+91-9278375894,M,1970-01-11,2023-05-22,ACTIVE,FTE,13,285,825,2748.0
4636,Dev,Das,dev.das4636@example.com,+91-9671661309,M,1976-08-13,2015-09-26,ACTIVE,FTE,267,994,151,3686.0
4637,Myra,Kulkarni,myra.kulkarni4637@example.com,+91-9411439480,O,1980-08-12,2023-03-16,ACTIVE,FTE,983,671,950,1549.0
4638,Meera,Chauhan,meera.chauhan4638@example.com,+91-9298780720,M,1980-02-12,2016-03-05,ACTIVE,FTE,357,390,867,3036.0
4639,Krishna,Mukherjee,krishna.mukherjee4639@example.com,+91-9329433236,O,1986-08-21,2019-10-06,ACTIVE,FTE,96,356,24,2140.0
4640,Pari,Gowda,pari.gowda4640@example.com,+91-9871240027,O,1969-02-20,2023-12-05,ACTIVE,FTE,544,824,525,4320.0
4641,Aadhya,Pandey,aadhya.pandey4641@example.com,+91-9581394001,F,1988-12-22,2023-07-21,ACTIVE,CONTRACTOR,438,268,329,4603.0
4642,Meera,Mehta,meera.mehta4642@example.com,+91-9778655281,O,2004-02-04,2024-08-12,ACTIVE,FTE,267,137,358,1328.0
4643,Aditya,Das,aditya.das4643@example.com,+91-9821439835,O,1985-08-21,2018-08-16,ACTIVE,FTE,489,335,414,4053.0
4644,Anaya,Sharma,anaya.sharma4644@example.com,+91-9349719101,M,1995-11-02,2023-11-21,LEAVE,CONTRACTOR,930,822,493,2601.0
4645,Aanya,Reddy,aanya.reddy4645@example.com,+91-9500647985,M,1987-09-13,2024-01-06,ACTIVE,CONTRACTOR,987,450,535,2143.0
4646,Krishna,Bose,krishna.bose4646@example.com,+91-9598388714,F,1980-02-20,2017-09-13,ACTIVE,FTE,73,662,732,1265.0
4647,Aryan,Singh,aryan.singh4647@example.com,+91-9757597694,O,1994-11-19,2016-10-17,ACTIVE,FTE,151,746,816,3016.0
4648,Myra,Singh,myra.singh4648@example.com,+91-9318946550,M,1986-08-27,2016-04-03,ACTIVE,FTE,498,360,464,
4649,Vivaan,Rao,vivaan.rao4649@example.com,+91-9393768683,M,1981-09-20,2021-05-27,ACTIVE,FTE,21,67,296,3338.0
4650,Meera,Chauhan,meera.chauhan4650@example.com,+91-9452302750,O,1975-09-26,2024-08-07,LEAVE,FTE,73,674,59,4040.0
4651,Aarav,Chandra,aarav.chandra4651@example.com,+91-9142737670,M,2003-09-03,2018-10-12,ACTIVE,FTE,792,741,537,2181.0
4652,Sai,Mehta,sai.mehta4652@example.com,+91-9593819152,M,1970-04-14,2018-03-24,INACTIVE,FTE,973,724,497,
4653,Mira,Kulkarni,mira.kulkarni4653@example.com,+91-9783943184,M,1993-01-17,2022-10-22,ACTIVE,FTE,488,819,715,1771.0
4654,Anika,Pillai,anika.pillai4654@example.com,+91-9146315307,M,2003-11-13,2017-06-08,ACTIVE,FTE,503,317,424,691.0
4655,Aarohi,Joshi,aarohi.joshi4655@example.com,+91-9331297431,M,1995-02-11,2023-01-03,ACTIVE,FTE,706,474,57,
4656,Aadhya,Joshi,aadhya.joshi4656@example.com,+91-9463711068,M,1992-02-07,2021-06-27,ACTIVE,FTE,9,387,97,
4657,Pari,Sharma,pari.sharma4657@example.com,+91-9878357157,M,1965-06-10,2023-07-02,ACTIVE,FTE,7,942,154,1085.0
4658,Aryan,Bhandari,aryan.bhandari4658@example.com,+91-9230883404,M,1991-12-07,2024-07-09,LEAVE,CONTRACTOR,967,629,43,293.0
4659,Zara,Thakur,zara.thakur4659@example.com,+91-9510200977,F,1969-08-22,2021-06-11,ACTIVE,FTE,744,603,115,
4660,Navya,Gowda,navya.gowda4660@example.com,+91-9949847341,F,2000-04-05,2023-02-11,LEAVE,FTE,113,289,629,669.0
4661,Kabir,Saxena,kabir.saxena4661@example.com,+91-9733586710,F,1977-03-19,2024-07-03,ACTIVE,FTE,115,582,391,1107.0
4662,Aanya,Joshi,aanya.joshi4662@example.com,+91-9972676051,F,1991-04-12,2017-01-25,ACTIVE,FTE,65,920,896,1278.0
4663,Samar,Bose,samar.bose4663@example.com,+91-9868802255,M,1985-07-06,2025-02-14,ACTIVE,FTE,996,161,724,1284.0
4664,Mira,Pawar,mira.pawar4664@example.com,+91-9763237878,F,1974-08-29,2020-07-16,LEAVE,FTE,538,52,340,2829.0
4665,Aarav,Pandey,aarav.pandey4665@example.com,+91-9292669447,M,1976-08-12,2020-01-04,ACTIVE,FTE,786,142,429,3071.0
4666,Ishaan,Pawar,ishaan.pawar4666@example.com,+91-9264962536,M,1996-07-03,2020-06-13,ACTIVE,FTE,966,128,865,1592.0
4667,Shaurya,Patel,shaurya.patel4667@example.com,+91-9545947381,F,1992-04-06,2016-07-13,ACTIVE,FTE,653,134,15,4293.0
4668,Navya,Saxena,navya.saxena4668@example.com,+91-9635794987,M,1996-06-15,2019-10-07,ACTIVE,CONTRACTOR,183,523,764,90.0
4669,Meera,Sharma,meera.sharma4669@example.com,+91-9582231103,F,1967-12-28,2020-02-03,ACTIVE,FTE,715,593,937,3207.0
4670,Reyansh,Rao,reyansh.rao4670@example.com,+91-9754921866,O,1990-09-30,2015-07-16,ACTIVE,CONTRACTOR,727,624,870,2555.0
4671,Arjun,Thakur,arjun.thakur4671@example.com,+91-9375985640,F,1967-10-31,2019-05-17,ACTIVE,FTE,425,305,842,2685.0
4672,Aanya,Bose,aanya.bose4672@example.com,+91-9219465121,F,1983-01-05,2020-03-08,INACTIVE,FTE,473,735,970,3689.0
4673,Mohammed,Kulkarni,mohammed.kulkarni4673@example.com,+91-9926516119,M,1976-05-21,2022-12-03,ACTIVE,FTE,651,863,179,3804.0
4674,Shaurya,Thakur,shaurya.thakur4674@example.com,+91-9237535558,F,1976-10-22,2022-12-20,ACTIVE,FTE,329,264,775,2372.0
4675,Om,Mukherjee,om.mukherjee4675@example.com,+91-9873180143,M,1984-09-17,2022-04-15,ACTIVE,FTE,282,664,61,247.0
4676,Shaurya,Joshi,shaurya.joshi4676@example.com,+91-9485584420,M,1971-10-25,2020-02-09,ACTIVE,FTE,775,872,914,2408.0
4677,Riya,Yadav,riya.yadav4677@example.com,+91-9474852861,F,1976-09-20,2018-08-29,ACTIVE,FTE,809,980,341,1789.0
4678,Anika,Verma,anika.verma4678@example.com,+91-9927173164,F,1976-01-08,2017-04-03,ACTIVE,FTE,987,752,784,2989.0
4679,Aadhya,Mishra,aadhya.mishra4679@example.com,+91-9316718138,M,1975-02-15,2015-02-02,INACTIVE,INTERN,862,717,630,927.0
4680,Pari,Joshi,pari.joshi4680@example.com,+91-9206621108,F,1991-12-31,2016-03-31,ACTIVE,FTE,375,689,468,66.0
4681,Sai,Reddy,sai.reddy4681@example.com,+91-9479736060,M,1970-05-18,2021-01-21,ACTIVE,FTE,652,390,858,567.0
4682,Meera,Kulkarni,meera.kulkarni4682@example.com,+91-9141932187,O,1975-12-03,2024-05-03,ACTIVE,FTE,474,897,740,2768.0
4683,Arjun,Chandra,arjun.chandra4683@example.com,+91-9229672523,F,1978-09-30,2025-03-18,ACTIVE,FTE,24,378,909,1124.0
4684,Arjun,Sharma,arjun.sharma4684@example.com,+91-9249401705,F,2002-11-18,2016-07-28,ACTIVE,FTE,876,272,302,291.0
4685,Kiara,Jadhav,kiara.jadhav4685@example.com,+91-9774856374,M,1974-06-01,2015-03-29,ACTIVE,FTE,580,297,150,3384.0
4686,Riya,Patel,riya.patel4686@example.com,+91-9890906203,M,2000-10-21,2017-12-11,ACTIVE,FTE,169,893,404,3418.0
4687,Krishna,Iyer,krishna.iyer4687@example.com,+91-9184173794,F,1986-01-21,2019-03-12,ACTIVE,FTE,348,235,881,3898.0
4688,Krishna,Kulkarni,krishna.kulkarni4688@example.com,+91-9884407562,F,1977-08-27,2022-05-07,ACTIVE,FTE,607,227,32,2108.0
4689,Ishaan,Mishra,ishaan.mishra4689@example.com,+91-9633888133,F,1978-07-12,2023-08-12,ACTIVE,FTE,746,519,894,3384.0
4690,Rohan,Bhandari,rohan.bhandari4690@example.com,+91-9378705560,M,2001-10-06,2025-02-14,LEAVE,CONTRACTOR,894,53,365,3888.0
4691,Riya,Pillai,riya.pillai4691@example.com,+91-9799747457,F,2004-09-27,2019-12-25,ACTIVE,FTE,816,521,972,1327.0
4692,Ira,Saxena,ira.saxena4692@example.com,+91-9470251324,O,1996-03-08,2024-08-05,ACTIVE,FTE,183,192,948,2785.0
4693,Dev,Patel,dev.patel4693@example.com,+91-9217591665,F,1984-01-10,2017-07-29,ACTIVE,FTE,308,652,606,971.0
4694,Sara,Verma,sara.verma4694@example.com,+91-9855338671,O,1986-11-23,2019-10-05,ACTIVE,FTE,857,665,33,3606.0
4695,Zara,Chandra,zara.chandra4695@example.com,+91-9463358350,M,1991-02-26,2017-03-06,INACTIVE,FTE,181,870,804,4641.0
4696,Aarav,Sharma,aarav.sharma4696@example.com,+91-9529831108,O,1973-09-13,2020-11-22,ACTIVE,CONTRACTOR,610,343,882,3025.0
4697,Dhruv,Mehta,dhruv.mehta4697@example.com,+91-9966189630,M,1998-03-05,2018-09-17,ACTIVE,FTE,162,319,371,4010.0
4698,Ishaan,Jadhav,ishaan.jadhav4698@example.com,+91-9310576685,F,1971-06-19,2016-12-27,ACTIVE,FTE,503,244,684,4565.0
4699,Shaurya,Pandey,shaurya.pandey4699@example.com,+91-9336522039,O,1985-01-03,2024-07-31,ACTIVE,FTE,89,348,440,2552.0
4700,Kiara,Pandey,kiara.pandey4700@example.com,+91-9474242153,O,2002-04-08,2023-02-03,ACTIVE,CONTRACTOR,237,332,974,1768.0
4701,Aanya,Pawar,aanya.pawar4701@example.com,+91-9455189972,F,2004-10-10,2016-06-04,INACTIVE,CONTRACTOR,803,841,286,1427.0
4702,Aryan,Das,aryan.das4702@example.com,+91-9562204037,M,1997-12-06,2018-08-16,ACTIVE,FTE,204,690,798,1022.0
4703,Shaurya,Patel,shaurya.patel4703@example.com,+91-9815801484,O,1974-08-11,2024-05-06,ACTIVE,FTE,740,721,488,1255.0
4704,Saanvi,Chauhan,saanvi.chauhan4704@example.com,+91-9733424825,F,1987-06-29,2016-10-01,ACTIVE,FTE,451,810,141,
4705,Diya,Sharma,diya.sharma4705@example.com,+91-9436864073,O,1991-02-14,2021-05-22,ACTIVE,FTE,956,658,132,4478.0
4706,Aarohi,Verma,aarohi.verma4706@example.com,+91-9206675541,M,1987-06-08,2024-08-14,LEAVE,FTE,431,293,842,1684.0
4707,Sai,Ghosh,sai.ghosh4707@example.com,+91-9656088159,M,1990-12-18,2024-03-21,ACTIVE,INTERN,175,397,767,815.0
4708,Aarohi,Bhandari,aarohi.bhandari4708@example.com,+91-9690412082,F,1965-09-01,2019-03-06,ACTIVE,FTE,174,237,702,1003.0
4709,Aryan,Gupta,aryan.gupta4709@example.com,+91-9572677386,O,1971-01-21,2022-04-10,ACTIVE,FTE,205,712,917,
4710,Ritvik,Pillai,ritvik.pillai4710@example.com,+91-9430627455,M,2000-02-01,2022-06-13,ACTIVE,FTE,524,297,698,2220.0
4711,Vihaan,Patel,vihaan.patel4711@example.com,+91-9603453290,F,1996-08-03,2019-12-21,ACTIVE,FTE,782,919,991,4004.0
4712,Ishaan,Joshi,ishaan.joshi4712@example.com,+91-9204251199,F,1984-12-22,2022-02-23,LEAVE,FTE,811,355,889,1721.0
4713,Ritvik,Singh,ritvik.singh4713@example.com,+91-9457038731,F,1976-11-29,2021-03-29,ACTIVE,FTE,911,249,723,326.0
4714,Diya,Mehta,diya.mehta4714@example.com,+91-9124941136,F,1999-05-30,2021-06-17,ACTIVE,FTE,60,192,848,2758.0
4715,Myra,Desai,myra.desai4715@example.com,+91-9864328559,M,1994-01-16,2015-10-05,INACTIVE,FTE,690,366,20,2958.0
4716,Navya,Iyer,navya.iyer4716@example.com,+91-9513918438,F,1968-03-20,2022-02-28,ACTIVE,FTE,355,881,868,1114.0
4717,Kiara,Kulkarni,kiara.kulkarni4717@example.com,+91-9710749403,F,1972-04-20,2019-06-02,ACTIVE,FTE,15,691,771,1602.0
4718,Mira,Mishra,mira.mishra4718@example.com,+91-9172214416,O,2000-01-13,2018-07-31,ACTIVE,FTE,398,52,8,
4719,Shaurya,Patel,shaurya.patel4719@example.com,+91-9863349269,O,1999-12-15,2023-04-23,ACTIVE,FTE,544,909,565,1766.0
4720,Aditi,Joshi,aditi.joshi4720@example.com,+91-9755360043,O,1974-11-16,2023-02-10,ACTIVE,FTE,607,590,827,867.0
4721,Saanvi,Pandey,saanvi.pandey4721@example.com,+91-9891370809,F,1973-10-01,2016-08-21,ACTIVE,FTE,869,538,979,
4722,Pari,Desai,pari.desai4722@example.com,+91-9904662158,M,1965-07-17,2016-09-29,ACTIVE,INTERN,442,730,451,2617.0
4723,Rohan,Desai,rohan.desai4723@example.com,+91-9648001066,M,1973-12-05,2020-03-17,ACTIVE,FTE,132,703,531,1377.0
4724,Aarohi,Bose,aarohi.bose4724@example.com,+91-9189599574,O,1994-09-14,2020-09-25,ACTIVE,FTE,971,501,206,
4725,Pari,Pandey,pari.pandey4725@example.com,+91-9826243822,F,1984-09-17,2024-09-07,ACTIVE,FTE,141,731,995,4006.0
4726,Reyansh,Pillai,reyansh.pillai4726@example.com,+91-9656923483,M,1988-06-14,2020-10-30,ACTIVE,INTERN,434,676,379,
4727,Anaya,Desai,anaya.desai4727@example.com,+91-9370403259,O,1993-11-05,2020-09-28,ACTIVE,FTE,113,467,174,2702.0
4728,Mohammed,Desai,mohammed.desai4728@example.com,+91-9125224761,M,1976-09-18,2024-02-07,ACTIVE,FTE,968,200,295,2735.0
4729,Mohammed,Mishra,mohammed.mishra4729@example.com,+91-9573496674,F,1992-05-17,2015-03-18,ACTIVE,FTE,607,426,866,4138.0
4730,Sara,Mishra,sara.mishra4730@example.com,+91-9333722438,O,1985-02-16,2022-04-12,ACTIVE,FTE,260,552,146,4002.0
4731,Riya,Pawar,riya.pawar4731@example.com,+91-9605810874,F,1977-01-14,2016-10-18,ACTIVE,CONTRACTOR,928,334,523,4011.0
4732,Vivaan,Pandey,vivaan.pandey4732@example.com,+91-9500952886,M,1988-11-29,2015-12-27,ACTIVE,FTE,68,213,318,3107.0
4733,Zara,Bhandari,zara.bhandari4733@example.com,+91-9626549958,F,1993-04-18,2020-07-01,ACTIVE,FTE,942,440,707,4469.0
4734,Dev,Chauhan,dev.chauhan4734@example.com,+91-9997474148,O,1998-06-24,2016-04-30,ACTIVE,FTE,348,763,245,4249.0
4735,Ritvik,Kulkarni,ritvik.kulkarni4735@example.com,+91-9552669427,F,1970-12-10,2015-06-08,ACTIVE,FTE,847,919,139,3650.0
4736,Aadhya,Desai,aadhya.desai4736@example.com,+91-9329782429,F,1975-09-08,2015-09-22,INACTIVE,FTE,647,51,888,1910.0
4737,Sara,Bose,sara.bose4737@example.com,+91-9370504472,M,1998-02-21,2022-09-22,ACTIVE,FTE,35,884,754,4577.0
4738,Aditi,Chauhan,aditi.chauhan4738@example.com,+91-9137767000,O,1973-04-21,2016-11-26,ACTIVE,INTERN,57,924,13,2256.0
4739,Ritvik,Ghosh,ritvik.ghosh4739@example.com,+91-9975674459,M,1999-10-14,2018-02-12,ACTIVE,FTE,942,904,498,1108.0
4740,Dhruv,Iyer,dhruv.iyer4740@example.com,+91-9638545983,F,1965-09-25,2022-06-09,ACTIVE,FTE,447,720,369,
4741,Saanvi,Verma,saanvi.verma4741@example.com,+91-9475440566,O,1999-08-02,2023-06-24,ACTIVE,FTE,479,539,563,2495.0
4742,Kiara,Gowda,kiara.gowda4742@example.com,+91-9745980415,F,1989-03-12,2022-11-30,ACTIVE,FTE,102,300,895,3753.0
4743,Anika,Iyer,anika.iyer4743@example.com,+91-9962250574,F,1968-09-08,2021-05-22,ACTIVE,CONTRACTOR,182,820,231,4679.0
4744,Krishna,Patel,krishna.patel4744@example.com,+91-9557047361,O,2001-09-03,2018-06-22,INACTIVE,FTE,687,530,986,4262.0
4745,Ishita,Rao,ishita.rao4745@example.com,+91-9164929755,O,2000-09-26,2020-02-18,ACTIVE,FTE,192,965,395,2712.0
4746,Kabir,Sharma,kabir.sharma4746@example.com,+91-9501492075,M,1986-07-25,2017-05-18,ACTIVE,FTE,774,173,41,3335.0
4747,Kabir,Singh,kabir.singh4747@example.com,+91-9864501550,O,1987-12-15,2018-01-09,LEAVE,FTE,383,488,448,
4748,Aisha,Desai,aisha.desai4748@example.com,+91-9157700026,F,1969-10-23,2015-07-08,ACTIVE,FTE,965,648,697,3915.0
4749,Anaya,Singh,anaya.singh4749@example.com,+91-9627114831,F,2000-06-28,2022-03-20,ACTIVE,FTE,147,712,770,3369.0
4750,Shaurya,Reddy,shaurya.reddy4750@example.com,+91-9469848428,O,1978-05-08,2020-09-14,ACTIVE,FTE,769,70,288,988.0
4751,Mohammed,Thakur,mohammed.thakur4751@example.com,+91-9363093897,M,1999-11-07,2018-04-02,ACTIVE,FTE,843,855,657,2972.0
4752,Reyansh,Bose,reyansh.bose4752@example.com,+91-9936132897,M,1968-06-09,2015-07-18,ACTIVE,FTE,945,44,320,
4753,Reyansh,Kulkarni,reyansh.kulkarni4753@example.com,+91-9876138382,M,1972-01-29,2022-09-04,ACTIVE,FTE,258,188,906,4022.0
4754,Dhruv,Iyer,dhruv.iyer4754@example.com,+91-9961009470,O,1978-12-03,2020-02-01,ACTIVE,FTE,65,300,906,1016.0
4755,Aisha,Pandey,aisha.pandey4755@example.com,+91-9881229263,M,1997-10-28,2021-09-11,ACTIVE,FTE,492,803,904,2412.0
4756,Meera,Khan,meera.khan4756@example.com,+91-9186873393,O,1971-09-16,2015-08-06,ACTIVE,FTE,508,914,274,1093.0
4757,Ira,Pandey,ira.pandey4757@example.com,+91-9353342727,M,1970-11-30,2023-03-03,ACTIVE,INTERN,750,956,503,3456.0
4758,Kabir,Gupta,kabir.gupta4758@example.com,+91-9850648261,O,1983-08-21,2016-01-11,ACTIVE,FTE,282,601,399,3439.0
4759,Anaya,Iyer,anaya.iyer4759@example.com,+91-9841009449,O,1991-12-23,2021-09-02,ACTIVE,FTE,360,496,53,2593.0
4760,Navya,Mukherjee,navya.mukherjee4760@example.com,+91-9596594682,M,1999-07-14,2022-06-01,ACTIVE,FTE,868,220,453,3675.0
4761,Pari,Reddy,pari.reddy4761@example.com,+91-9628983491,F,1977-02-09,2016-02-14,ACTIVE,FTE,200,875,711,708.0
4762,Saanvi,Patel,saanvi.patel4762@example.com,+91-9890874986,F,1998-04-23,2015-03-12,ACTIVE,FTE,450,592,883,1318.0
4763,Om,Ghosh,om.ghosh4763@example.com,+91-9335593849,O,1977-06-16,2022-07-12,ACTIVE,FTE,972,201,1,88.0
4764,Zara,Chauhan,zara.chauhan4764@example.com,+91-9430193599,O,1999-01-28,2015-09-06,ACTIVE,FTE,294,434,920,4621.0
4765,Ishita,Iyer,ishita.iyer4765@example.com,+91-9848349358,F,2001-10-13,2022-01-20,ACTIVE,FTE,853,312,616,3986.0
4766,Ishita,Bhandari,ishita.bhandari4766@example.com,+91-9638167043,F,1978-03-01,2018-01-13,ACTIVE,FTE,145,171,388,3299.0
4767,Vihaan,Joshi,vihaan.joshi4767@example.com,+91-9451843035,F,1979-02-02,2023-01-02,ACTIVE,INTERN,756,812,503,2351.0
4768,Myra,Pandey,myra.pandey4768@example.com,+91-9642529392,M,1987-01-26,2018-08-25,ACTIVE,FTE,766,977,429,148.0
4769,Kabir,Gupta,kabir.gupta4769@example.com,+91-9522232838,F,1975-03-20,2017-12-12,ACTIVE,FTE,20,265,78,3454.0
4770,Ritvik,Bhandari,ritvik.bhandari4770@example.com,+91-9349552919,M,1990-06-01,2015-01-19,ACTIVE,FTE,323,379,991,3634.0
4771,Dev,Mukherjee,dev.mukherjee4771@example.com,+91-9570721017,F,2003-10-19,2017-07-25,ACTIVE,FTE,182,149,828,4025.0
4772,Aarav,Singh,aarav.singh4772@example.com,+91-9152566892,M,2002-10-19,2017-08-03,ACTIVE,INTERN,61,493,985,
4773,Samar,Ghosh,samar.ghosh4773@example.com,+91-9741900872,O,2000-10-08,2023-12-26,ACTIVE,FTE,116,645,471,1961.0
4774,Myra,Gowda,myra.gowda4774@example.com,+91-9363894718,O,1997-07-21,2025-04-05,ACTIVE,CONTRACTOR,801,808,656,1664.0
4775,Mohammed,Das,mohammed.das4775@example.com,+91-9660497405,O,1978-05-02,2023-12-19,ACTIVE,FTE,525,216,565,3265.0
4776,Mira,Gupta,mira.gupta4776@example.com,+91-9210054513,F,1988-07-06,2023-09-21,ACTIVE,FTE,571,892,738,4412.0
4777,Diya,Khan,diya.khan4777@example.com,+91-9615312751,O,1974-09-01,2019-03-31,ACTIVE,FTE,848,651,618,1931.0
4778,Kiara,Jadhav,kiara.jadhav4778@example.com,+91-9132728310,O,1989-06-29,2017-04-06,ACTIVE,FTE,26,386,965,3309.0
4779,Mohammed,Thakur,mohammed.thakur4779@example.com,+91-9523710064,F,1979-03-14,2019-12-03,ACTIVE,CONTRACTOR,799,632,743,4434.0
4780,Shaurya,Das,shaurya.das4780@example.com,+91-9533962612,F,1975-07-02,2021-12-12,ACTIVE,FTE,548,91,920,
4781,Pari,Das,pari.das4781@example.com,+91-9180784074,O,1995-03-27,2024-02-27,LEAVE,INTERN,687,730,235,3950.0
4782,Arjun,Gowda,arjun.gowda4782@example.com,+91-9710452135,M,1968-02-03,2021-02-08,ACTIVE,FTE,930,441,514,4704.0
4783,Dhruv,Sharma,dhruv.sharma4783@example.com,+91-9516519217,M,1989-08-09,2018-09-01,ACTIVE,FTE,685,435,162,1150.0
4784,Aditya,Bhandari,aditya.bhandari4784@example.com,+91-9216690564,O,1981-01-07,2019-02-10,ACTIVE,INTERN,710,484,511,2869.0
4785,Zara,Kulkarni,zara.kulkarni4785@example.com,+91-9123019201,F,1972-07-22,2025-06-12,ACTIVE,FTE,403,84,217,2467.0
4786,Ritvik,Naidu,ritvik.naidu4786@example.com,+91-9967584245,F,1997-02-27,2018-02-07,ACTIVE,FTE,209,614,564,1208.0
4787,Mira,Ghosh,mira.ghosh4787@example.com,+91-9796145521,O,1967-05-09,2015-03-11,ACTIVE,FTE,694,724,307,4163.0
4788,Diya,Verma,diya.verma4788@example.com,+91-9272922401,O,1965-07-26,2015-06-17,ACTIVE,FTE,935,524,440,4657.0
4789,Yuvraj,Joshi,yuvraj.joshi4789@example.com,+91-9902771733,M,1986-04-21,2015-04-13,INACTIVE,FTE,274,632,30,3828.0
4790,Diya,Das,diya.das4790@example.com,+91-9415334241,O,1998-03-12,2021-05-17,ACTIVE,FTE,975,814,330,3127.0
4791,Aisha,Chandra,aisha.chandra4791@example.com,+91-9260523164,M,1971-10-30,2016-01-18,ACTIVE,FTE,588,620,652,1167.0
4792,Shaurya,Bhandari,shaurya.bhandari4792@example.com,+91-9354415287,M,1994-03-19,2020-03-25,INACTIVE,FTE,692,87,775,1983.0
4793,Aarav,Gupta,aarav.gupta4793@example.com,+91-9964289769,O,1998-10-22,2015-03-11,ACTIVE,FTE,760,62,877,3437.0
4794,Saanvi,Mukherjee,saanvi.mukherjee4794@example.com,+91-9358041819,O,1994-09-25,2024-07-30,ACTIVE,FTE,40,919,327,2936.0
4795,Myra,Joshi,myra.joshi4795@example.com,+91-9634679449,F,1965-08-31,2016-12-28,INACTIVE,FTE,894,73,159,308.0
4796,Aarav,Sharma,aarav.sharma4796@example.com,+91-9668806756,F,1966-09-21,2021-11-06,ACTIVE,FTE,633,701,83,2998.0
4797,Aisha,Jadhav,aisha.jadhav4797@example.com,+91-9296212757,M,2004-11-02,2017-09-01,LEAVE,CONTRACTOR,263,327,365,2775.0
4798,Reyansh,Gupta,reyansh.gupta4798@example.com,+91-9767761329,O,1971-07-13,2020-03-02,ACTIVE,FTE,630,317,287,1553.0
4799,Aisha,Naidu,aisha.naidu4799@example.com,+91-9440195166,F,1970-10-24,2022-08-10,ACTIVE,FTE,214,961,54,649.0
4800,Aditi,Ghosh,aditi.ghosh4800@example.com,+91-9860616134,M,2004-12-18,2015-09-16,ACTIVE,FTE,676,690,783,3026.0
4801,Aarav,Saxena,aarav.saxena4801@example.com,+91-9412747952,M,1994-05-11,2018-07-20,ACTIVE,FTE,805,66,828,3971.0
4802,Aanya,Joshi,aanya.joshi4802@example.com,+91-9994233583,O,1972-09-11,2016-02-01,ACTIVE,FTE,26,704,385,1878.0
4803,Shaurya,Iyer,shaurya.iyer4803@example.com,+91-9706769020,F,1983-09-28,2020-05-04,ACTIVE,FTE,825,532,597,4755.0
4804,Rohan,Verma,rohan.verma4804@example.com,+91-9639510651,F,2004-03-20,2018-12-28,ACTIVE,FTE,566,294,58,613.0
4805,Aditya,Ghosh,aditya.ghosh4805@example.com,+91-9157311997,F,1991-02-01,2015-11-21,ACTIVE,FTE,110,585,99,3346.0
4806,Zara,Naidu,zara.naidu4806@example.com,+91-9392422928,M,2000-12-13,2024-08-25,ACTIVE,FTE,959,565,70,2227.0
4807,Ishita,Bose,ishita.bose4807@example.com,+91-9927607314,M,1981-06-16,2024-03-31,INACTIVE,FTE,362,316,471,
4808,Kiara,Joshi,kiara.joshi4808@example.com,+91-9264470904,M,1968-07-02,2021-05-05,ACTIVE,FTE,543,484,38,3118.0
4809,Vihaan,Bose,vihaan.bose4809@example.com,+91-9487310910,M,1968-03-21,2021-04-27,ACTIVE,FTE,665,317,279,886.0
4810,Krishna,Gupta,krishna.gupta4810@example.com,+91-9991176355,F,1980-01-20,2020-09-09,ACTIVE,FTE,384,881,386,453.0
4811,Vihaan,Naidu,vihaan.naidu4811@example.com,+91-9716851538,M,1966-06-02,2023-09-13,LEAVE,FTE,713,469,439,4406.0
4812,Saanvi,Rao,saanvi.rao4812@example.com,+91-9737346281,M,1981-12-03,2024-12-05,ACTIVE,FTE,500,273,232,4645.0
4813,Mohammed,Ghosh,mohammed.ghosh4813@example.com,+91-9736181043,M,1975-05-17,2016-05-28,ACTIVE,FTE,581,750,951,150.0
4814,Vihaan,Gupta,vihaan.gupta4814@example.com,+91-9301103118,F,1996-01-02,2022-03-10,INACTIVE,FTE,73,932,783,2528.0
4815,Kabir,Khan,kabir.khan4815@example.com,+91-9351850371,F,1970-06-28,2016-09-17,ACTIVE,FTE,51,134,448,1095.0
4816,Sara,Singh,sara.singh4816@example.com,+91-9361313037,M,2002-07-31,2016-11-08,ACTIVE,CONTRACTOR,808,256,8,4402.0
4817,Samar,Naidu,samar.naidu4817@example.com,+91-9959211979,M,1976-01-22,2019-04-02,ACTIVE,CONTRACTOR,815,14,213,1777.0
4818,Reyansh,Verma,reyansh.verma4818@example.com,+91-9521643409,F,1995-02-23,2019-07-01,ACTIVE,FTE,427,328,414,4526.0
4819,Zara,Sharma,zara.sharma4819@example.com,+91-9851137929,M,1987-09-16,2024-06-03,ACTIVE,FTE,369,930,570,2865.0
4820,Zara,Reddy,zara.reddy4820@example.com,+91-9337158950,O,1987-04-19,2022-12-25,LEAVE,CONTRACTOR,55,935,95,2209.0
4821,Zara,Bhandari,zara.bhandari4821@example.com,+91-9764885790,O,1987-08-31,2022-09-22,ACTIVE,FTE,51,985,493,2243.0
4822,Krishna,Pillai,krishna.pillai4822@example.com,+91-9416713574,F,1984-03-12,2024-01-10,INACTIVE,CONTRACTOR,118,356,686,936.0
4823,Navya,Desai,navya.desai4823@example.com,+91-9997178673,F,1971-04-22,2025-02-24,ACTIVE,FTE,114,466,96,
4824,Aadhya,Desai,aadhya.desai4824@example.com,+91-9352269129,O,1974-08-19,2021-09-23,ACTIVE,FTE,371,298,878,2725.0
4825,Aarohi,Jadhav,aarohi.jadhav4825@example.com,+91-9281123094,O,1998-11-12,2023-06-11,ACTIVE,FTE,636,911,361,374.0
4826,Kabir,Kulkarni,kabir.kulkarni4826@example.com,+91-9560679073,F,1984-02-29,2017-04-05,ACTIVE,FTE,105,855,439,3123.0
4827,Aanya,Bose,aanya.bose4827@example.com,+91-9689126757,O,1986-01-29,2025-06-11,ACTIVE,FTE,402,100,320,1313.0
4828,Kabir,Chandra,kabir.chandra4828@example.com,+91-9188116244,O,1979-10-31,2020-09-13,ACTIVE,FTE,384,770,212,2956.0
4829,Mohammed,Iyer,mohammed.iyer4829@example.com,+91-9620922250,O,1978-05-28,2020-11-16,ACTIVE,FTE,969,455,919,
4830,Dev,Chauhan,dev.chauhan4830@example.com,+91-9343377052,O,1977-10-09,2020-01-21,ACTIVE,INTERN,592,808,197,1440.0
4831,Ishaan,Chauhan,ishaan.chauhan4831@example.com,+91-9660752582,O,1990-11-17,2016-04-18,ACTIVE,INTERN,418,571,165,2837.0
4832,Ira,Pawar,ira.pawar4832@example.com,+91-9426860658,M,2000-07-26,2019-08-26,ACTIVE,FTE,650,723,770,4060.0
4833,Mira,Mehta,mira.mehta4833@example.com,+91-9212049273,O,1985-12-03,2022-08-09,ACTIVE,CONTRACTOR,200,625,489,3440.0
4834,Kiara,Naidu,kiara.naidu4834@example.com,+91-9360828818,O,1992-09-20,2020-10-23,ACTIVE,FTE,830,869,57,4152.0
4835,Dev,Kulkarni,dev.kulkarni4835@example.com,+91-9728168906,O,1975-03-01,2020-08-05,ACTIVE,FTE,612,324,267,639.0
4836,Rohan,Mishra,rohan.mishra4836@example.com,+91-9171589314,F,1972-02-10,2021-04-12,INACTIVE,FTE,443,243,319,50.0
4837,Sai,Pawar,sai.pawar4837@example.com,+91-9428497709,F,1995-09-21,2015-10-25,INACTIVE,FTE,390,258,622,2493.0
4838,Dhruv,Jadhav,dhruv.jadhav4838@example.com,+91-9567485696,O,1998-07-02,2020-12-12,LEAVE,FTE,839,369,391,2262.0
4839,Krishna,Chandra,krishna.chandra4839@example.com,+91-9390048600,M,1985-05-02,2016-04-20,ACTIVE,FTE,193,487,436,4242.0
4840,Meera,Iyer,meera.iyer4840@example.com,+91-9219481478,O,1978-09-20,2019-07-18,ACTIVE,FTE,71,16,634,
4841,Aadhya,Chauhan,aadhya.chauhan4841@example.com,+91-9450997346,O,1971-12-14,2020-02-02,INACTIVE,FTE,597,368,102,2943.0
4842,Mohammed,Yadav,mohammed.yadav4842@example.com,+91-9880045714,M,1998-02-04,2018-08-14,ACTIVE,FTE,893,479,180,3493.0
4843,Mira,Sharma,mira.sharma4843@example.com,+91-9668506470,M,2001-05-31,2019-05-18,ACTIVE,FTE,907,71,392,2548.0
4844,Pari,Bhandari,pari.bhandari4844@example.com,+91-9945724637,F,1976-07-24,2018-04-29,ACTIVE,FTE,609,619,33,144.0
4845,Myra,Kulkarni,myra.kulkarni4845@example.com,+91-9483988969,O,1982-01-24,2020-10-16,ACTIVE,FTE,8,387,688,
4846,Ishaan,Pawar,ishaan.pawar4846@example.com,+91-9629333932,O,1968-03-28,2023-09-15,ACTIVE,FTE,237,217,55,
4847,Myra,Jadhav,myra.jadhav4847@example.com,+91-9163619752,F,1974-06-10,2022-10-10,ACTIVE,FTE,509,228,853,2655.0
4848,Dhruv,Gupta,dhruv.gupta4848@example.com,+91-9276421336,F,1991-04-05,2015-10-06,ACTIVE,FTE,476,240,366,1154.0
4849,Aadhya,Kulkarni,aadhya.kulkarni4849@example.com,+91-9602766712,M,1979-01-08,2015-11-22,INACTIVE,FTE,353,882,215,4615.0
4850,Om,Saxena,om.saxena4850@example.com,+91-9551840847,M,1990-02-14,2016-08-22,ACTIVE,FTE,829,630,602,1189.0
4851,Myra,Saxena,myra.saxena4851@example.com,+91-9852324681,F,1969-03-20,2015-06-08,ACTIVE,FTE,470,161,479,91.0
4852,Sai,Kulkarni,sai.kulkarni4852@example.com,+91-9852911600,M,1981-06-29,2016-12-12,INACTIVE,FTE,94,811,71,730.0
4853,Navya,Naidu,navya.naidu4853@example.com,+91-9987362872,M,1993-07-29,2020-04-13,ACTIVE,INTERN,780,161,715,2364.0
4854,Navya,Sharma,navya.sharma4854@example.com,+91-9378905926,M,1967-11-14,2022-01-08,ACTIVE,FTE,589,675,188,4266.0
4855,Aadhya,Bose,aadhya.bose4855@example.com,+91-9494366794,O,1996-06-22,2025-05-13,INACTIVE,FTE,662,612,327,2463.0
4856,Aisha,Khan,aisha.khan4856@example.com,+91-9768588547,F,1975-08-04,2020-07-18,ACTIVE,FTE,889,498,330,2219.0
4857,Pari,Naidu,pari.naidu4857@example.com,+91-9567765118,M,1992-02-05,2021-03-25,ACTIVE,FTE,867,796,830,2729.0
4858,Zara,Singh,zara.singh4858@example.com,+91-9103492835,M,1994-02-19,2023-05-06,ACTIVE,FTE,465,60,216,
4859,Aryan,Gupta,aryan.gupta4859@example.com,+91-9788274434,O,1969-11-10,2019-03-05,ACTIVE,FTE,717,989,529,1723.0
4860,Samar,Khan,samar.khan4860@example.com,+91-9910162361,F,1970-01-06,2020-02-16,ACTIVE,FTE,845,812,344,2717.0
4861,Dev,Rao,dev.rao4861@example.com,+91-9844246793,M,1999-06-20,2023-12-15,ACTIVE,FTE,436,907,533,4604.0
4862,Aadhya,Gupta,aadhya.gupta4862@example.com,+91-9285627734,M,1990-04-17,2019-11-15,ACTIVE,FTE,197,961,350,2783.0
4863,Diya,Iyer,diya.iyer4863@example.com,+91-9671844979,O,1998-05-11,2018-04-30,ACTIVE,FTE,389,431,969,3544.0
4864,Aisha,Joshi,aisha.joshi4864@example.com,+91-9545837561,M,2003-06-15,2017-07-31,INACTIVE,FTE,105,986,367,2629.0
4865,Vihaan,Yadav,vihaan.yadav4865@example.com,+91-9325108452,O,1968-02-28,2016-04-22,ACTIVE,FTE,21,167,184,1146.0
4866,Ira,Naidu,ira.naidu4866@example.com,+91-9696449547,F,1972-04-03,2018-01-16,ACTIVE,FTE,611,525,230,1256.0
4867,Samar,Reddy,samar.reddy4867@example.com,+91-9222182472,F,1982-10-25,2017-02-25,INACTIVE,FTE,237,643,137,1046.0
4868,Samar,Ghosh,samar.ghosh4868@example.com,+91-9624522389,O,1978-10-23,2023-01-29,ACTIVE,FTE,274,330,128,3218.0
4869,Sara,Chauhan,sara.chauhan4869@example.com,+91-9917714224,O,2002-06-17,2023-07-05,ACTIVE,FTE,984,81,696,2892.0
4870,Krishna,Singh,krishna.singh4870@example.com,+91-9462595350,F,1977-02-26,2022-03-11,ACTIVE,FTE,929,180,724,1558.0
4871,Yuvraj,Desai,yuvraj.desai4871@example.com,+91-9466388083,F,1967-10-07,2018-07-14,ACTIVE,FTE,754,577,723,288.0
4872,Sai,Rao,sai.rao4872@example.com,+91-9587554407,O,1995-12-18,2019-03-17,ACTIVE,FTE,103,363,301,1128.0
4873,Saanvi,Desai,saanvi.desai4873@example.com,+91-9349884614,M,1976-01-01,2021-06-25,ACTIVE,FTE,221,338,440,4779.0
4874,Meera,Gowda,meera.gowda4874@example.com,+91-9847177086,O,2001-05-06,2022-05-18,ACTIVE,INTERN,615,742,383,
4875,Navya,Chauhan,navya.chauhan4875@example.com,+91-9793722391,M,2003-09-21,2021-09-01,ACTIVE,FTE,223,684,538,4666.0
4876,Aisha,Mishra,aisha.mishra4876@example.com,+91-9847253936,O,2003-03-30,2022-10-30,ACTIVE,FTE,241,987,676,
4877,Aarav,Sharma,aarav.sharma4877@example.com,+91-9333801188,F,1974-08-31,2019-12-02,ACTIVE,FTE,507,869,935,3248.0
4878,Dhruv,Ghosh,dhruv.ghosh4878@example.com,+91-9538517047,F,1978-11-28,2018-06-13,ACTIVE,FTE,134,517,794,3292.0
4879,Aanya,Desai,aanya.desai4879@example.com,+91-9273480141,M,2001-04-10,2021-04-11,ACTIVE,FTE,276,218,72,
4880,Aditya,Bhandari,aditya.bhandari4880@example.com,+91-9321990923,O,1992-07-26,2021-01-11,LEAVE,FTE,313,718,631,3782.0
4881,Aarohi,Das,aarohi.das4881@example.com,+91-9320017298,O,1989-09-30,2019-12-09,ACTIVE,FTE,349,363,450,371.0
4882,Aditya,Pawar,aditya.pawar4882@example.com,+91-9919614242,F,1974-10-17,2022-11-04,ACTIVE,FTE,571,943,645,4737.0
4883,Riya,Chandra,riya.chandra4883@example.com,+91-9302229109,M,1995-09-19,2025-05-05,ACTIVE,FTE,534,307,209,1320.0
4884,Samar,Rao,samar.rao4884@example.com,+91-9565189091,M,1983-10-27,2020-09-02,ACTIVE,FTE,354,725,891,4491.0
4885,Navya,Gupta,navya.gupta4885@example.com,+91-9716592773,O,1965-05-02,2025-08-16,INACTIVE,FTE,46,699,280,
4886,Meera,Rao,meera.rao4886@example.com,+91-9945633929,M,1972-11-09,2020-05-23,ACTIVE,INTERN,764,107,299,
4887,Riya,Naidu,riya.naidu4887@example.com,+91-9335336767,F,1965-12-21,2016-05-07,ACTIVE,FTE,491,645,280,3290.0
4888,Samar,Iyer,samar.iyer4888@example.com,+91-9850933378,O,1977-06-06,2017-12-03,ACTIVE,FTE,139,328,709,1796.0
4889,Reyansh,Mishra,reyansh.mishra4889@example.com,+91-9676458127,M,1988-03-05,2018-08-09,ACTIVE,FTE,14,868,297,215.0
4890,Pari,Mishra,pari.mishra4890@example.com,+91-9666852457,O,1983-10-25,2017-05-08,ACTIVE,FTE,585,717,719,3279.0
4891,Ira,Mukherjee,ira.mukherjee4891@example.com,+91-9205116195,O,1977-08-22,2022-09-10,ACTIVE,CONTRACTOR,443,516,877,4657.0
4892,Riya,Reddy,riya.reddy4892@example.com,+91-9936813991,O,1976-04-05,2017-08-05,ACTIVE,INTERN,394,400,126,1308.0
4893,Vivaan,Gowda,vivaan.gowda4893@example.com,+91-9823786288,M,1998-03-23,2015-01-10,ACTIVE,FTE,863,480,602,3567.0
4894,Diya,Bose,diya.bose4894@example.com,+91-9158922257,M,1971-11-29,2020-05-30,ACTIVE,FTE,350,665,219,3604.0
4895,Diya,Pandey,diya.pandey4895@example.com,+91-9602201520,F,1978-11-14,2019-01-26,ACTIVE,FTE,545,399,53,1931.0
4896,Diya,Yadav,diya.yadav4896@example.com,+91-9223332482,F,1996-05-10,2018-01-23,ACTIVE,FTE,89,505,142,
4897,Kabir,Jadhav,kabir.jadhav4897@example.com,+91-9391636538,F,1980-06-17,2015-06-04,ACTIVE,CONTRACTOR,191,345,974,3406.0
4898,Samar,Thakur,samar.thakur4898@example.com,+91-9545134334,O,1969-07-28,2018-03-31,INACTIVE,FTE,946,103,366,
4899,Kabir,Gowda,kabir.gowda4899@example.com,+91-9193321098,F,1984-10-12,2024-03-05,ACTIVE,FTE,162,145,423,1618.0
4900,Om,Pandey,om.pandey4900@example.com,+91-9842407181,O,1979-06-12,2015-04-20,ACTIVE,FTE,31,212,658,2550.0
4901,Ishaan,Jadhav,ishaan.jadhav4901@example.com,+91-9632725589,M,1970-03-06,2021-01-19,LEAVE,FTE,201,880,840,3540.0
4902,Dhruv,Chandra,dhruv.chandra4902@example.com,+91-9281209396,M,1985-10-31,2022-02-14,INACTIVE,FTE,337,86,765,2661.0
4903,Aanya,Mukherjee,aanya.mukherjee4903@example.com,+91-9878653027,M,1974-03-27,2018-08-13,ACTIVE,FTE,222,851,317,2630.0
4904,Ishita,Mehta,ishita.mehta4904@example.com,+91-9690322932,M,2003-08-30,2018-08-08,ACTIVE,FTE,417,364,997,2583.0
4905,Kabir,Naidu,kabir.naidu4905@example.com,+91-9565163362,F,1976-12-30,2017-01-11,ACTIVE,FTE,700,397,302,
4906,Sai,Gupta,sai.gupta4906@example.com,+91-9585917385,F,1978-05-11,2016-04-19,ACTIVE,FTE,316,268,472,69.0
4907,Aarav,Reddy,aarav.reddy4907@example.com,+91-9371326118,M,1992-03-19,2018-05-08,ACTIVE,FTE,982,195,667,943.0
4908,Vihaan,Pawar,vihaan.pawar4908@example.com,+91-9279456320,F,1988-07-25,2017-02-18,ACTIVE,FTE,407,206,841,2438.0
4909,Shaurya,Das,shaurya.das4909@example.com,+91-9317646590,F,1970-01-17,2018-03-11,INACTIVE,FTE,970,268,701,2334.0
4910,Kiara,Desai,kiara.desai4910@example.com,+91-9514894650,O,1999-09-07,2023-03-09,ACTIVE,FTE,675,314,400,1524.0
4911,Aanya,Desai,aanya.desai4911@example.com,+91-9890970652,O,1978-03-27,2015-01-30,INACTIVE,FTE,239,212,226,4596.0
4912,Riya,Gupta,riya.gupta4912@example.com,+91-9513183821,M,1971-06-11,2022-09-10,ACTIVE,FTE,428,683,882,4643.0
4913,Dev,Bose,dev.bose4913@example.com,+91-9232266882,F,1984-04-07,2025-08-07,ACTIVE,FTE,123,316,753,3461.0
4914,Vivaan,Pillai,vivaan.pillai4914@example.com,+91-9653444139,M,1979-03-20,2024-04-07,ACTIVE,CONTRACTOR,999,708,154,3431.0
4915,Aryan,Verma,aryan.verma4915@example.com,+91-9508411344,F,1996-03-13,2024-08-19,ACTIVE,FTE,315,798,87,4634.0
4916,Arjun,Pawar,arjun.pawar4916@example.com,+91-9666750861,O,1990-01-31,2025-06-18,ACTIVE,CONTRACTOR,162,750,346,3702.0
4917,Vivaan,Thakur,vivaan.thakur4917@example.com,+91-9406664015,O,2002-03-27,2023-08-02,ACTIVE,CONTRACTOR,434,583,16,1824.0
4918,Saanvi,Das,saanvi.das4918@example.com,+91-9351637923,O,1969-11-05,2016-05-01,ACTIVE,FTE,218,26,852,1139.0
4919,Aadhya,Joshi,aadhya.joshi4919@example.com,+91-9137787950,F,2004-01-05,2020-08-16,ACTIVE,FTE,711,704,143,1263.0
4920,Shaurya,Gupta,shaurya.gupta4920@example.com,+91-9680832994,O,1978-05-29,2015-10-12,ACTIVE,FTE,754,567,154,4722.0
4921,Diya,Iyer,diya.iyer4921@example.com,+91-9953981076,M,1972-03-08,2017-01-15,INACTIVE,FTE,635,597,510,3847.0
4922,Zara,Saxena,zara.saxena4922@example.com,+91-9363994442,F,1996-02-24,2025-03-27,ACTIVE,FTE,480,400,449,1282.0
4923,Aarav,Joshi,aarav.joshi4923@example.com,+91-9453298119,M,2002-07-10,2019-12-26,ACTIVE,FTE,393,830,894,3344.0
4924,Om,Kulkarni,om.kulkarni4924@example.com,+91-9510302626,O,1982-09-16,2023-08-29,ACTIVE,FTE,203,25,920,191.0
4925,Arjun,Mishra,arjun.mishra4925@example.com,+91-9154072129,M,2002-11-29,2020-01-31,ACTIVE,FTE,127,602,518,1157.0
4926,Aditi,Verma,aditi.verma4926@example.com,+91-9728151808,M,1970-05-21,2016-01-27,ACTIVE,FTE,531,279,244,1790.0
4927,Dev,Pandey,dev.pandey4927@example.com,+91-9540460629,M,1970-09-24,2024-11-08,ACTIVE,FTE,78,718,984,4841.0
4928,Mohammed,Patel,mohammed.patel4928@example.com,+91-9403731652,M,1987-12-23,2015-01-09,INACTIVE,FTE,287,586,983,2313.0
4929,Aryan,Mehta,aryan.mehta4929@example.com,+91-9401688959,O,1971-08-04,2025-01-17,ACTIVE,FTE,666,988,7,4261.0
4930,Samar,Mukherjee,samar.mukherjee4930@example.com,+91-9393139766,M,1972-08-02,2021-12-18,ACTIVE,FTE,219,701,985,1466.0
4931,Mira,Das,mira.das4931@example.com,+91-9358263368,O,2000-10-23,2020-08-15,INACTIVE,FTE,913,671,668,1088.0
4932,Krishna,Singh,krishna.singh4932@example.com,+91-9360810781,F,1998-05-07,2015-03-28,INACTIVE,FTE,495,730,681,309.0
4933,Anika,Thakur,anika.thakur4933@example.com,+91-9486680741,O,1975-10-21,2017-12-24,ACTIVE,FTE,616,275,126,1054.0
4934,Dhruv,Verma,dhruv.verma4934@example.com,+91-9541702548,F,1988-10-24,2016-06-03,ACTIVE,FTE,505,530,76,972.0
4935,Yuvraj,Bhandari,yuvraj.bhandari4935@example.com,+91-9950729381,M,1994-07-08,2021-12-26,LEAVE,FTE,491,109,843,481.0
4936,Aditya,Pandey,aditya.pandey4936@example.com,+91-9835667378,M,1977-02-05,2025-04-10,ACTIVE,CONTRACTOR,534,791,880,2793.0
4937,Krishna,Yadav,krishna.yadav4937@example.com,+91-9241351166,M,1990-01-07,2023-12-11,ACTIVE,FTE,968,55,97,374.0
4938,Aadhya,Jadhav,aadhya.jadhav4938@example.com,+91-9390643790,M,1987-12-29,2025-01-26,INACTIVE,FTE,523,607,16,
4939,Zara,Reddy,zara.reddy4939@example.com,+91-9152682835,M,1974-07-27,2019-02-14,ACTIVE,FTE,84,409,508,3238.0
4940,Sara,Reddy,sara.reddy4940@example.com,+91-9650383071,O,1992-01-08,2024-07-17,ACTIVE,FTE,918,649,569,3839.0
4941,Pari,Iyer,pari.iyer4941@example.com,+91-9902269443,M,2002-02-09,2016-04-21,LEAVE,FTE,978,545,236,3635.0
4942,Diya,Iyer,diya.iyer4942@example.com,+91-9276748118,M,1965-11-10,2019-05-07,ACTIVE,INTERN,643,569,32,4237.0
4943,Dhruv,Reddy,dhruv.reddy4943@example.com,+91-9893969212,F,1970-05-09,2020-01-27,LEAVE,FTE,645,908,877,
4944,Kabir,Patel,kabir.patel4944@example.com,+91-9704110768,F,1983-08-26,2020-01-11,ACTIVE,FTE,546,642,603,2685.0
4945,Kabir,Mishra,kabir.mishra4945@example.com,+91-9364938615,F,2004-06-12,2015-04-08,ACTIVE,CONTRACTOR,605,463,430,1853.0
4946,Aadhya,Patel,aadhya.patel4946@example.com,+91-9128269912,F,1969-03-01,2019-05-25,ACTIVE,FTE,683,89,203,1757.0
4947,Myra,Bose,myra.bose4947@example.com,+91-9697385535,O,1991-07-22,2016-03-14,ACTIVE,FTE,953,109,398,3293.0
4948,Yuvraj,Bose,yuvraj.bose4948@example.com,+91-9743508910,O,1993-02-27,2020-04-15,ACTIVE,FTE,934,139,816,254.0
4949,Kiara,Gupta,kiara.gupta4949@example.com,+91-9716428041,F,2001-02-17,2020-04-07,ACTIVE,CONTRACTOR,907,73,525,3189.0
4950,Ishita,Gupta,ishita.gupta4950@example.com,+91-9635221715,F,1980-05-27,2019-10-11,ACTIVE,FTE,335,379,451,2533.0
4951,Aryan,Iyer,aryan.iyer4951@example.com,+91-9725890745,M,1980-02-20,2024-09-16,ACTIVE,FTE,989,414,157,
4952,Anika,Patel,anika.patel4952@example.com,+91-9173306673,O,1983-07-19,2024-12-09,ACTIVE,FTE,113,489,754,1587.0
4953,Vihaan,Iyer,vihaan.iyer4953@example.com,+91-9244068978,M,1994-11-13,2015-12-14,ACTIVE,FTE,844,540,944,3588.0
4954,Zara,Pillai,zara.pillai4954@example.com,+91-9966172456,F,1989-09-14,2024-06-09,ACTIVE,FTE,526,964,257,418.0
4955,Saanvi,Sharma,saanvi.sharma4955@example.com,+91-9512422692,O,1989-12-02,2022-10-08,ACTIVE,CONTRACTOR,163,852,427,2839.0
4956,Yuvraj,Reddy,yuvraj.reddy4956@example.com,+91-9189273435,M,1994-02-25,2020-05-14,ACTIVE,FTE,98,344,470,919.0
4957,Rohan,Sharma,rohan.sharma4957@example.com,+91-9305904398,F,1998-08-18,2015-04-22,ACTIVE,FTE,19,710,346,4643.0
4958,Aisha,Desai,aisha.desai4958@example.com,+91-9247368795,F,1998-05-20,2025-01-12,ACTIVE,FTE,906,420,187,2778.0
4959,Pari,Desai,pari.desai4959@example.com,+91-9793221165,F,1970-04-28,2020-12-11,ACTIVE,FTE,868,899,244,4205.0
4960,Zara,Sharma,zara.sharma4960@example.com,+91-9907281167,M,2000-02-05,2022-02-09,ACTIVE,FTE,779,686,708,1567.0
4961,Samar,Singh,samar.singh4961@example.com,+91-9240423861,M,1984-01-27,2017-06-20,ACTIVE,FTE,682,862,508,1777.0
4962,Aarav,Iyer,aarav.iyer4962@example.com,+91-9107900163,M,1981-05-13,2018-09-22,INACTIVE,FTE,847,223,10,2299.0
4963,Ritvik,Chauhan,ritvik.chauhan4963@example.com,+91-9213855023,F,1993-08-10,2020-11-11,ACTIVE,FTE,942,915,673,131.0
4964,Vivaan,Pandey,vivaan.pandey4964@example.com,+91-9822170248,O,1988-01-30,2022-05-12,ACTIVE,FTE,855,361,461,306.0
4965,Ishita,Sharma,ishita.sharma4965@example.com,+91-9519736891,M,1987-02-10,2025-05-22,ACTIVE,FTE,473,754,617,2222.0
4966,Aarohi,Gowda,aarohi.gowda4966@example.com,+91-9386390735,O,1969-08-18,2025-02-13,ACTIVE,CONTRACTOR,529,784,198,3441.0
4967,Zara,Singh,zara.singh4967@example.com,+91-9577896590,O,1990-11-20,2017-04-06,ACTIVE,CONTRACTOR,425,82,423,3186.0
4968,Saanvi,Pandey,saanvi.pandey4968@example.com,+91-9858711463,F,1969-07-11,2022-09-30,INACTIVE,FTE,190,613,421,4674.0
4969,Reyansh,Bhandari,reyansh.bhandari4969@example.com,+91-9684322698,O,1991-03-08,2025-08-05,ACTIVE,CONTRACTOR,725,554,648,4423.0
4970,Sai,Pawar,sai.pawar4970@example.com,+91-9138060846,F,1983-01-08,2016-08-21,ACTIVE,FTE,853,168,815,3870.0
4971,Vivaan,Pillai,vivaan.pillai4971@example.com,+91-9186272220,O,2001-04-15,2023-01-14,ACTIVE,FTE,330,441,167,4377.0
4972,Zara,Yadav,zara.yadav4972@example.com,+91-9221223022,O,1991-03-26,2022-07-08,ACTIVE,FTE,377,885,26,4703.0
4973,Mohammed,Verma,mohammed.verma4973@example.com,+91-9208697489,M,1996-05-23,2016-01-22,ACTIVE,FTE,733,83,306,180.0
4974,Yuvraj,Saxena,yuvraj.saxena4974@example.com,+91-9433570619,M,2001-08-11,2020-04-08,ACTIVE,INTERN,766,179,559,616.0
4975,Dev,Chandra,dev.chandra4975@example.com,+91-9908076637,M,1977-01-14,2020-04-22,ACTIVE,FTE,746,201,815,3605.0
4976,Dhruv,Desai,dhruv.desai4976@example.com,+91-9428359764,F,1976-01-24,2023-03-12,INACTIVE,FTE,514,677,585,
4977,Dev,Mishra,dev.mishra4977@example.com,+91-9737659165,F,1992-01-01,2023-07-04,ACTIVE,CONTRACTOR,988,780,183,345.0
4978,Dev,Gowda,dev.gowda4978@example.com,+91-9708033328,M,1991-05-04,2024-07-24,ACTIVE,FTE,822,736,682,3869.0
4979,Aisha,Gowda,aisha.gowda4979@example.com,+91-9957549261,F,1970-03-04,2024-09-18,ACTIVE,CONTRACTOR,649,668,812,4104.0
4980,Aarohi,Mehta,aarohi.mehta4980@example.com,+91-9867458436,F,1993-07-16,2016-02-28,ACTIVE,FTE,382,121,95,1765.0
4981,Aarohi,Das,aarohi.das4981@example.com,+91-9252998036,O,1976-02-04,2020-06-02,ACTIVE,FTE,71,59,744,276.0
4982,Vihaan,Naidu,vihaan.naidu4982@example.com,+91-9375750305,F,1995-11-15,2025-01-16,INACTIVE,FTE,24,25,824,
4983,Yuvraj,Iyer,yuvraj.iyer4983@example.com,+91-9501978847,O,1988-06-08,2022-04-03,LEAVE,FTE,392,697,244,
4984,Sara,Pandey,sara.pandey4984@example.com,+91-9221991425,F,1975-08-23,2023-06-15,ACTIVE,FTE,906,927,892,1342.0
4985,Anaya,Yadav,anaya.yadav4985@example.com,+91-9131394113,M,2003-09-02,2018-01-16,LEAVE,FTE,578,718,23,3765.0
4986,Kabir,Joshi,kabir.joshi4986@example.com,+91-9263914434,O,1997-07-15,2021-09-04,ACTIVE,FTE,966,682,468,1774.0
4987,Yuvraj,Verma,yuvraj.verma4987@example.com,+91-9610943948,O,1978-02-26,2017-05-24,ACTIVE,FTE,946,494,939,4027.0
4988,Yuvraj,Thakur,yuvraj.thakur4988@example.com,+91-9642615766,F,1990-07-31,2021-08-07,LEAVE,FTE,851,191,284,2405.0
4989,Shaurya,Desai,shaurya.desai4989@example.com,+91-9780290362,F,2003-03-20,2025-04-13,ACTIVE,FTE,37,909,499,3902.0
4990,Navya,Pillai,navya.pillai4990@example.com,+91-9194231076,O,1988-06-11,2024-01-05,ACTIVE,FTE,563,381,404,3004.0
4991,Aditi,Khan,aditi.khan4991@example.com,+91-9489990643,M,1983-11-08,2017-05-04,ACTIVE,FTE,396,552,698,4584.0
4992,Aarohi,Naidu,aarohi.naidu4992@example.com,+91-9601352434,F,1974-10-29,2018-02-14,ACTIVE,FTE,907,213,335,4512.0
4993,Mira,Chandra,mira.chandra4993@example.com,+91-9573862982,F,1981-05-15,2019-06-02,INACTIVE,FTE,292,574,924,3975.0
4994,Sara,Desai,sara.desai4994@example.com,+91-9676472422,F,1978-05-25,2024-12-09,ACTIVE,FTE,977,993,19,4292.0
4995,Reyansh,Chauhan,reyansh.chauhan4995@example.com,+91-9819274869,F,1998-02-07,2024-09-02,INACTIVE,INTERN,896,420,684,4276.0
4996,Sara,Pawar,sara.pawar4996@example.com,+91-9605373020,O,1984-03-29,2017-12-21,INACTIVE,FTE,720,32,681,2658.0
4997,Dev,Chandra,dev.chandra4997@example.com,+91-9874415336,F,1976-12-09,2017-06-15,LEAVE,FTE,269,791,417,4353.0
4998,Anaya,Mukherjee,anaya.mukherjee4998@example.com,+91-9864818575,O,1972-09-16,2020-11-20,ACTIVE,FTE,301,914,74,1913.0
4999,Rohan,Joshi,rohan.joshi4999@example.com,+91-9438149495,M,1999-02-24,2023-03-29,ACTIVE,FTE,851,750,441,3500.0
5000,Samar,Desai,samar.desai5000@example.com,+91-9354398785,O,1992-11-22,2015-11-26,ACTIVE,FTE,15,820,785,4643.0
