employee_id,project_id,assigned_date,allocation_pct
1,254,2022-10-15,20
2,709,2018-10-20,60
2,20,2018-08-14,35
2,344,2020-01-19,100
3,944,2018-09-19,85
3,470,2019-02-21,60
3,735,2021-12-01,15
4,655,2025-07-08,10
5,417,2025-05-28,55
5,96,2023-05-09,40
6,741,2022-07-14,20
6,640,2019-02-13,40
6,818,2017-07-07,75
7,341,2025-02-10,20
7,207,2017-09-15,25
7,209,2019-01-04,35
9,285,2021-02-01,70
9,559,2019-01-03,10
10,41,2024-06-02,5
10,874,2025-07-21,65
10,216,2024-11-22,85
11,602,2024-05-29,100
12,174,2022-03-03,100
15,623,2025-05-19,90
17,702,2022-04-18,10
18,948,2021-03-08,90
19,275,2021-02-10,5
19,268,2022-12-13,95
21,394,2018-02-27,100
21,374,2017-09-30,95
23,387,2024-10-01,55
25,981,2020-04-22,70
25,470,2024-08-22,80
26,583,2019-03-09,45
30,408,2025-04-16,90
32,599,2018-12-26,35
32,719,2020-08-15,15
33,112,2025-06-23,10
35,766,2023-09-29,70
37,263,2024-10-10,40
37,405,2024-07-22,100
38,672,2023-11-20,15
39,28,2024-09-24,35
39,217,2023-03-22,5
41,128,2018-08-06,75
42,914,2020-03-07,80
42,326,2025-03-23,80
43,723,2020-01-22,50
43,84,2024-12-07,100
44,33,2024-04-24,55
44,729,2023-06-25,55
45,632,2024-08-31,5
47,46,2024-12-09,80
48,284,2023-03-29,90
48,810,2025-02-01,5
49,854,2024-08-04,35
50,562,2021-12-08,95
50,223,2025-07-19,90
50,160,2025-05-23,5
54,889,2024-08-01,10
56,678,2022-10-31,20
56,239,2020-06-25,30
57,41,2023-06-28,40
60,218,2024-02-19,10
62,71,2022-10-07,100
62,36,2025-03-27,20
62,23,2020-09-12,60
63,705,2018-08-16,35
64,688,2025-08-22,5
64,563,2025-04-02,50
64,396,2025-08-20,25
65,149,2022-11-01,95
70,25,2019-08-06,25
70,904,2022-08-08,75
71,663,2025-05-01,90
71,854,2023-02-04,55
71,138,2022-12-01,100
73,723,2024-10-31,75
73,778,2025-03-11,20
73,407,2025-08-05,70
74,533,2017-09-27,90
76,829,2022-07-26,100
76,909,2019-01-23,80
77,905,2022-11-25,60
77,523,2023-08-02,15
77,407,2024-12-14,85
78,292,2025-07-10,15
78,694,2023-06-02,40
78,211,2023-04-01,90
81,642,2024-11-17,80
81,80,2022-07-07,10
82,58,2023-04-23,55
83,309,2023-02-18,40
84,88,2024-02-23,20
86,172,2020-11-01,35
87,793,2020-03-23,25
88,360,2022-09-10,85
88,519,2019-05-10,25
89,763,2017-03-11,80
89,696,2019-12-24,45
91,181,2022-07-11,25
91,503,2022-04-09,10
92,629,2022-12-03,85
92,53,2024-01-10,75
93,985,2023-08-02,30
94,290,2024-04-13,95
94,692,2023-11-07,75
94,763,2025-05-18,95
96,218,2022-11-23,20
97,365,2021-01-26,25
97,909,2020-02-09,75
97,563,2024-11-30,55
98,266,2024-03-08,70
98,27,2019-11-25,70
99,192,2023-02-14,75
100,436,2024-12-30,40
102,32,2022-09-01,30
103,12,2021-06-08,35
105,441,2019-09-20,60
105,546,2022-04-26,90
106,822,2023-06-27,5
107,139,2023-01-10,100
107,464,2025-08-17,90
108,246,2024-11-07,40
109,28,2017-02-09,45
109,527,2017-02-17,45
110,373,2021-09-13,65
110,941,2025-05-23,40
111,201,2021-11-13,30
111,175,2016-11-25,35
111,875,2024-01-27,65
112,271,2023-12-08,25
114,938,2023-12-15,55
114,438,2022-07-16,70
116,323,2025-05-29,80
117,204,2017-09-12,40
118,123,2020-06-02,30
118,423,2022-03-06,20
119,358,2025-02-23,80
120,630,2022-05-20,90
120,200,2023-02-19,50
123,688,2024-06-13,65
124,73,2023-06-25,45
125,508,2024-08-03,90
126,897,2018-07-09,15
126,796,2020-07-20,100
127,776,2020-02-12,5
129,4,2025-04-03,85
130,711,2025-03-17,55
131,107,2024-03-07,60
133,695,2024-12-04,45
134,370,2020-04-29,45
136,290,2022-12-16,80
137,903,2025-06-24,30
137,830,2025-07-31,80
140,277,2022-07-23,15
140,739,2022-05-24,50
140,394,2022-12-05,25
142,70,2024-09-11,35
142,720,2017-03-04,25
142,980,2018-12-09,25
143,522,2022-01-14,25
143,409,2018-06-30,100
145,964,2024-03-02,40
146,759,2020-11-09,5
146,98,2021-07-02,70
146,624,2023-04-08,50
148,508,2024-04-04,20
149,672,2024-05-02,80
151,993,2024-08-17,100
153,963,2022-10-06,30
154,934,2025-07-08,50
156,796,2022-06-19,100
158,944,2019-04-05,80
159,837,2022-05-19,65
160,255,2024-06-13,35
160,928,2025-08-07,5
161,198,2018-05-02,70
161,966,2019-10-08,15
161,70,2020-01-14,10
162,623,2025-06-16,70
162,850,2023-05-11,30
162,848,2021-06-05,95
165,494,2024-01-01,5
167,245,2023-02-16,60
167,412,2022-06-21,80
168,943,2024-04-20,70
170,281,2022-10-11,95
170,795,2021-08-02,75
173,839,2023-10-14,55
174,246,2024-11-27,55
174,961,2025-06-13,35
174,751,2025-03-24,20
176,892,2022-06-30,50
176,3,2023-12-02,45
178,313,2022-05-21,60
180,704,2025-04-23,40
181,981,2024-10-14,90
182,103,2016-11-24,70
182,162,2022-07-10,10
184,653,2022-10-22,55
185,170,2025-07-14,90
186,446,2016-04-23,100
187,385,2023-08-23,60
188,529,2020-09-29,50
189,788,2024-05-04,65
189,633,2024-07-26,70
193,741,2021-03-04,85
195,458,2023-07-24,5
195,424,2025-07-27,80
195,446,2024-03-03,40
196,931,2019-08-06,45
197,535,2024-01-01,45
198,730,2020-09-09,5
198,539,2020-09-30,75
200,707,2025-08-21,50
201,861,2025-06-08,50
202,75,2025-04-10,35
202,794,2024-10-26,45
203,952,2020-07-08,25
203,985,2025-07-09,90
203,815,2021-02-19,85
205,741,2022-11-24,85
206,920,2023-10-08,40
207,552,2022-03-12,15
207,249,2022-04-29,25
211,71,2023-07-29,60
211,849,2018-10-19,80
211,24,2025-02-22,100
212,152,2024-06-08,50
212,542,2023-12-01,85
213,716,2022-05-05,85
214,409,2022-01-04,60
215,160,2024-03-12,80
216,641,2020-10-09,70
217,37,2025-06-13,20
217,525,2025-06-23,55
218,176,2024-06-13,30
219,235,2021-04-07,5
220,517,2020-06-08,70
221,619,2025-07-12,55
222,105,2025-05-20,15
223,167,2022-08-10,30
224,561,2025-01-09,25
225,900,2025-05-17,45
227,680,2024-09-05,40
228,646,2025-03-29,80
228,862,2016-11-17,65
229,440,2020-08-15,50
230,38,2021-07-28,85
231,299,2023-06-02,25
234,284,2024-06-08,45
234,211,2023-01-28,10
235,723,2022-01-16,80
237,984,2021-04-24,100
239,29,2022-02-11,65
240,59,2021-08-03,60
240,747,2023-10-09,60
242,563,2025-08-23,60
243,256,2024-05-08,90
243,71,2023-05-19,75
244,565,2017-08-28,45
245,367,2021-09-02,85
246,139,2019-06-24,75
246,683,2023-09-09,90
247,516,2018-09-26,65
247,372,2024-02-25,35
247,788,2023-03-20,60
248,165,2024-08-03,55
248,353,2024-10-26,95
249,807,2025-03-09,20
250,216,2023-05-01,95
252,763,2022-03-23,50
252,76,2024-01-06,90
253,12,2020-06-12,40
254,978,2024-12-06,60
255,838,2020-12-24,70
257,406,2025-06-18,15
258,575,2021-06-02,95
263,470,2024-10-05,55
263,283,2025-04-02,15
264,220,2025-08-16,35
264,96,2025-06-19,15
264,429,2025-04-16,90
265,555,2023-10-23,15
266,833,2023-12-08,5
266,601,2024-05-06,25
267,615,2025-07-24,55
268,856,2024-01-07,80
268,836,2023-10-26,95
268,268,2025-01-07,90
269,472,2019-09-27,90
270,62,2025-02-21,30
270,679,2023-05-22,50
273,611,2023-08-30,100
274,830,2023-06-24,60
275,683,2021-02-13,65
276,778,2019-12-07,25
276,487,2016-02-26,45
277,25,2016-01-07,100
278,298,2021-01-07,45
279,949,2020-12-31,60
280,374,2023-08-24,60
281,631,2017-03-03,80
281,506,2016-11-10,90
282,141,2025-06-09,20
282,234,2018-10-21,5
284,128,2022-11-01,25
285,675,2025-05-19,80
286,173,2022-03-09,85
286,129,2021-10-03,45
289,134,2019-05-24,45
290,627,2023-05-05,10
291,392,2025-05-08,20
291,681,2025-07-26,15
292,796,2023-12-27,50
292,572,2023-06-09,80
292,607,2025-06-01,90
293,335,2025-07-28,35
294,400,2019-07-29,70
295,548,2024-09-29,100
296,873,2024-12-27,100
297,762,2024-04-09,20
297,438,2023-01-18,5
298,22,2023-04-10,45
299,769,2025-07-21,50
300,147,2024-06-13,15
301,783,2025-07-03,55
301,128,2022-05-16,5
302,580,2024-05-31,35
302,49,2024-01-25,75
303,759,2018-01-27,45
303,363,2023-11-30,100
303,937,2018-12-31,70
304,152,2023-08-21,10
306,631,2025-08-21,75
307,244,2024-10-03,70
308,569,2025-06-16,100
309,312,2022-06-16,30
309,710,2021-10-15,50
310,53,2018-01-20,75
310,927,2024-06-22,95
313,307,2019-02-22,50
313,477,2019-04-16,85
316,680,2021-05-01,40
316,521,2024-06-07,30
317,413,2025-02-06,45
317,444,2021-12-18,30
319,189,2025-04-18,50
319,635,2020-03-10,55
319,805,2016-08-23,80
320,571,2025-03-01,5
320,269,2021-04-02,100
321,622,2016-11-14,80
322,83,2023-07-06,50
322,779,2024-01-01,10
322,131,2023-02-14,30
323,754,2023-01-13,65
323,880,2025-07-07,65
323,218,2025-07-16,85
324,170,2025-03-18,40
325,111,2018-11-19,75
326,550,2021-12-31,35
328,535,2025-04-04,45
330,775,2022-12-20,100
330,107,2025-06-27,85
330,235,2023-05-24,95
333,437,2025-07-26,35
333,299,2025-03-24,40
334,706,2024-07-19,15
335,290,2023-07-23,50
337,379,2025-08-01,55
338,305,2018-06-08,25
338,810,2021-09-28,50
338,390,2023-07-06,60
339,519,2023-06-06,90
341,730,2023-03-15,35
342,342,2024-02-25,65
342,957,2024-10-13,25
343,628,2024-07-20,50
343,106,2024-04-08,35
344,267,2025-06-10,5
345,725,2024-01-23,75
346,710,2025-01-03,100
346,37,2023-08-08,85
348,302,2025-05-28,15
348,838,2025-07-26,95
349,182,2024-07-28,90
350,736,2019-03-18,95
352,751,2025-03-02,50
352,913,2022-12-01,35
353,930,2024-12-02,25
353,394,2025-02-04,75
355,298,2025-06-10,5
356,593,2024-03-26,25
358,769,2022-07-31,70
359,109,2022-10-31,25
359,807,2022-07-29,45
360,112,2023-03-14,85
360,981,2024-04-05,40
362,145,2024-06-04,65
363,827,2020-06-10,85
364,543,2023-06-10,75
365,291,2024-07-12,50
366,434,2021-03-10,100
367,364,2022-06-09,10
367,585,2021-10-01,70
367,765,2024-12-02,100
368,751,2022-03-18,90
369,742,2023-01-10,20
369,806,2019-03-16,85
371,543,2018-10-20,35
371,300,2019-09-28,70
371,286,2021-06-07,55
372,37,2022-09-12,40
372,524,2020-09-03,20
372,113,2019-12-17,10
373,404,2023-05-29,55
373,454,2022-11-15,75
374,231,2022-12-05,15
374,649,2022-11-08,70
374,586,2023-12-31,20
375,868,2023-09-13,25
375,353,2020-01-17,85
376,706,2024-09-12,5
378,161,2021-03-13,45
379,588,2023-12-06,75
380,554,2025-05-25,65
381,3,2017-01-05,85
382,44,2025-06-23,60
385,371,2020-12-12,30
385,373,2025-04-06,30
385,209,2022-04-21,5
386,466,2025-04-26,15
388,326,2023-09-12,80
388,744,2020-07-26,60
390,786,2025-08-14,45
392,911,2018-08-25,65
392,530,2021-11-28,65
395,597,2024-11-14,25
396,69,2017-05-04,45
396,339,2017-10-29,25
397,348,2020-03-20,70
398,558,2025-08-20,95
398,291,2024-01-30,30
399,731,2017-06-19,50
400,382,2021-10-24,30
401,272,2018-04-27,25
402,794,2025-01-13,20
403,515,2022-02-04,30
404,264,2023-10-27,100
404,11,2022-12-28,85
406,761,2021-11-07,95
408,530,2025-02-06,25
408,866,2025-01-01,20
409,416,2025-04-19,80
411,676,2018-12-27,75
413,742,2022-02-07,50
414,58,2023-08-05,30
415,71,2023-03-31,15
417,695,2024-07-11,55
418,604,2024-12-17,85
419,731,2019-12-14,5
420,393,2020-02-29,25
420,587,2018-05-18,15
421,81,2023-05-05,45
424,502,2024-08-15,15
424,27,2021-08-02,35
424,544,2025-07-13,70
426,302,2021-04-09,75
426,370,2023-11-11,15
428,882,2025-02-22,85
429,533,2017-10-04,5
430,718,2019-08-22,95
431,640,2021-12-24,50
431,199,2025-05-09,80
432,896,2023-11-21,35
432,191,2024-02-06,55
434,242,2024-01-14,15
434,533,2017-08-30,40
436,334,2025-04-23,50
436,420,2024-04-20,35
437,284,2024-01-18,80
438,706,2019-04-10,65
438,439,2024-07-13,15
438,296,2020-01-12,95
440,1,2025-03-10,55
441,479,2025-03-05,55
441,750,2023-11-07,55
441,495,2020-11-20,60
443,644,2024-03-15,15
444,159,2018-11-09,90
446,196,2023-05-16,80
449,140,2023-06-09,30
450,783,2022-02-18,80
452,841,2021-09-18,5
454,656,2022-02-05,80
454,900,2024-03-08,15
454,483,2023-08-20,5
455,630,2022-12-16,70
455,381,2024-10-09,5
455,768,2022-02-17,85
456,601,2025-04-01,80
456,498,2025-05-27,65
457,792,2019-03-08,55
458,930,2023-11-04,55
459,654,2022-06-01,25
460,348,2024-01-27,35
461,727,2023-10-23,35
462,304,2024-07-11,45
462,208,2023-07-05,75
464,394,2025-07-31,10
464,874,2025-05-03,95
464,195,2025-06-13,45
465,514,2019-04-03,50
465,203,2018-10-30,35
466,458,2016-04-05,90
466,587,2018-11-05,20
468,607,2022-05-26,95
470,392,2020-08-13,75
470,777,2022-10-26,10
472,700,2021-08-18,5
472,312,2023-04-21,65
473,242,2018-11-18,80
473,521,2022-03-14,90
473,920,2018-11-10,80
474,816,2025-07-25,15
474,212,2025-02-10,60
475,80,2024-03-26,95
475,514,2019-07-16,70
476,492,2023-12-13,100
477,90,2025-03-16,25
478,364,2022-08-06,30
478,926,2024-06-27,25
479,601,2021-11-21,40
480,66,2017-09-08,65
482,867,2025-02-10,50
483,894,2024-12-24,55
484,810,2023-12-08,85
488,618,2020-04-05,75
488,576,2020-09-11,45
488,918,2024-07-12,90
489,926,2025-03-02,70
489,674,2024-05-01,70
489,315,2024-06-22,30
492,479,2024-01-01,5
493,482,2020-10-03,30
496,264,2024-07-23,70
496,862,2022-07-30,95
496,892,2023-03-30,5
497,635,2025-08-19,55
497,928,2024-09-26,60
497,487,2025-02-28,30
499,763,2025-02-04,85
499,941,2024-11-26,20
500,323,2018-01-24,80
500,624,2025-08-07,20
500,4,2018-01-31,100
501,165,2024-10-07,45
505,55,2023-06-10,35
506,712,2025-08-21,25
507,522,2018-08-28,10
509,490,2020-12-14,80
511,556,2023-06-03,20
512,911,2021-12-07,75
514,626,2020-08-25,25
514,644,2022-01-08,70
514,101,2025-07-10,65
515,520,2024-01-17,95
515,84,2020-12-31,85
516,325,2021-02-16,60
517,922,2025-01-25,75
518,787,2024-01-15,40
518,156,2023-01-07,50
520,993,2023-10-09,75
520,142,2025-03-17,45
521,538,2022-04-15,75
524,100,2020-11-30,15
525,104,2020-12-07,60
527,55,2021-11-14,55
527,389,2020-05-18,85
528,925,2023-05-24,90
529,738,2025-06-13,70
530,636,2020-09-22,40
531,330,2021-09-16,80
533,960,2024-04-24,40
536,428,2024-01-17,70
538,770,2023-07-03,70
539,771,2023-06-04,5
539,182,2022-06-15,65
539,631,2025-07-05,35
541,634,2021-08-06,70
549,948,2025-05-30,65
549,843,2025-02-16,15
550,362,2025-01-16,25
550,135,2025-06-11,20
550,455,2025-02-22,15
553,259,2025-07-30,35
554,333,2021-08-17,10
554,806,2024-11-07,70
554,156,2018-10-29,45
555,741,2025-06-26,40
555,252,2023-01-24,60
560,830,2019-11-28,100
560,924,2025-02-28,65
561,692,2023-04-17,30
561,94,2018-01-01,40
561,310,2019-11-12,65
562,113,2023-08-21,95
562,825,2023-05-11,85
563,671,2024-07-26,40
564,16,2025-05-26,40
565,748,2023-08-07,85
568,954,2021-02-07,5
568,181,2016-11-14,55
569,862,2024-11-05,80
569,220,2024-07-16,80
569,718,2025-04-17,55
572,345,2017-12-23,55
574,701,2025-07-19,85
576,996,2016-10-30,75
576,543,2024-11-06,35
577,275,2024-03-16,70
578,491,2025-07-01,60
579,890,2025-05-16,20
580,989,2023-08-28,80
581,695,2023-07-07,55
584,948,2022-03-11,100
585,358,2024-05-12,100
585,61,2025-05-28,20
587,459,2025-08-18,70
587,913,2025-08-15,85
588,351,2022-12-10,30
588,851,2023-12-10,75
589,139,2019-12-15,45
589,727,2021-07-19,50
589,192,2025-01-25,35
590,886,2020-05-07,80
591,650,2022-01-31,65
592,182,2025-01-03,75
592,364,2024-07-30,25
593,638,2020-05-13,25
594,578,2024-11-28,90
595,319,2022-10-25,30
596,283,2022-04-20,20
597,965,2022-04-09,50
599,763,2020-09-30,20
600,460,2019-08-21,5
602,399,2025-02-22,70
603,355,2023-02-28,85
604,316,2020-12-25,20
604,65,2024-07-26,80
607,897,2019-04-20,70
607,135,2022-03-16,55
609,416,2023-04-22,45
610,351,2025-07-09,15
611,802,2023-07-13,100
612,408,2021-08-29,100
612,856,2019-06-26,75
612,576,2017-03-01,60
613,162,2021-03-11,50
614,463,2024-07-17,60
615,776,2023-12-25,85
617,857,2025-06-25,95
617,328,2016-08-05,65
617,477,2023-07-28,30
618,586,2024-01-07,55
619,854,2025-02-03,15
620,782,2016-02-23,85
620,263,2022-11-05,65
620,212,2025-01-21,40
621,499,2021-07-13,25
622,503,2022-12-15,30
623,106,2024-11-10,90
624,896,2021-12-31,75
624,704,2025-03-05,70
624,423,2021-12-15,95
626,338,2024-08-02,90
626,916,2023-12-19,15
626,886,2019-10-23,80
627,327,2022-08-04,80
627,835,2022-08-19,50
627,472,2022-03-22,75
628,209,2019-05-18,10
630,931,2018-11-24,10
630,13,2017-03-28,80
631,428,2017-08-08,40
631,225,2017-06-26,20
633,818,2023-10-12,80
633,427,2020-05-29,15
633,469,2021-10-28,40
634,136,2023-10-30,25
634,934,2025-02-09,75
634,60,2022-10-07,40
635,908,2024-03-18,65
636,240,2024-09-17,25
636,156,2023-01-17,60
636,409,2023-08-01,60
637,131,2023-07-16,55
639,880,2024-01-16,25
639,668,2024-06-25,10
640,94,2024-01-18,95
641,109,2023-11-18,70
641,395,2023-04-06,20
642,887,2019-09-30,90
643,381,2021-04-20,30
644,39,2025-06-29,25
645,516,2024-01-31,45
645,623,2023-08-18,45
647,992,2022-06-25,100
647,110,2024-01-09,45
648,778,2024-03-03,95
649,236,2022-05-16,40
650,582,2024-10-22,25
651,865,2021-11-23,70
653,501,2015-12-20,80
654,113,2023-11-12,65
657,388,2021-01-21,60
657,104,2021-01-25,55
657,567,2025-07-04,50
658,562,2024-08-15,15
660,921,2021-01-29,35
660,529,2018-06-03,5
660,372,2018-11-12,95
661,412,2023-07-24,75
662,836,2025-06-17,10
662,29,2020-11-19,85
663,377,2022-06-16,15
664,588,2017-11-11,15
665,724,2021-08-31,100
666,994,2020-04-18,35
666,537,2020-02-26,90
667,913,2017-02-28,60
668,757,2022-01-25,60
671,310,2025-08-18,10
673,540,2022-02-12,20
673,825,2018-03-26,10
674,728,2023-03-08,5
675,314,2025-08-23,80
675,206,2025-08-23,65
676,847,2021-11-08,90
676,627,2021-10-30,30
676,895,2022-10-05,30
677,468,2020-02-22,80
678,868,2025-08-23,40
679,228,2025-01-08,15
679,404,2023-08-30,80
679,454,2024-12-20,20
680,743,2023-01-06,70
681,707,2023-09-30,60
682,811,2025-07-03,85
682,483,2025-02-19,20
682,109,2025-03-31,25
684,863,2025-06-14,40
685,562,2022-10-21,55
686,605,2023-02-19,15
687,578,2021-09-30,30
687,49,2024-08-12,100
689,484,2022-05-29,85
689,984,2024-05-07,55
691,90,2022-06-28,65
693,166,2024-08-07,80
693,80,2025-06-16,65
694,208,2021-06-04,80
694,910,2024-09-03,35
694,103,2023-04-13,55
695,432,2019-06-30,65
696,263,2025-03-05,95
697,273,2021-04-01,10
698,211,2024-09-26,75
698,250,2023-02-18,30
699,717,2019-05-03,80
700,64,2025-08-16,40
701,194,2020-07-11,15
702,506,2019-05-13,95
703,120,2025-06-17,10
705,978,2025-06-17,95
706,24,2019-12-08,80
711,435,2023-11-21,25
712,13,2025-04-23,90
714,706,2025-08-19,95
715,568,2022-08-22,70
715,376,2024-12-17,75
715,111,2024-09-10,65
716,500,2024-10-07,95
717,114,2021-09-24,45
718,574,2024-12-20,90
718,351,2022-11-26,75
719,649,2020-09-28,35
719,227,2023-07-02,75
720,718,2023-11-27,40
721,705,2024-09-12,90
721,416,2025-08-14,65
723,749,2025-05-04,45
723,925,2024-05-21,20
724,22,2022-04-26,5
724,399,2019-07-24,60
725,173,2023-05-12,100
725,694,2023-08-01,75
726,484,2022-01-29,70
726,294,2021-11-26,85
727,862,2024-01-30,5
727,601,2021-04-18,35
727,578,2022-12-21,70
729,565,2025-07-04,100
729,223,2025-06-20,30
731,722,2024-12-07,75
732,96,2024-05-15,60
732,458,2023-03-11,40
732,860,2024-02-13,55
733,85,2024-04-26,75
735,387,2023-10-24,20
736,289,2024-04-22,65
738,64,2023-04-16,20
738,349,2022-03-06,100
739,682,2025-05-31,10
740,227,2024-01-06,60
741,948,2024-07-25,10
741,227,2024-06-14,40
742,635,2023-04-09,15
745,258,2018-01-24,80
745,204,2022-06-21,90
746,735,2021-10-09,25
746,780,2020-05-04,30
747,580,2025-05-19,20
747,69,2024-10-12,90
748,814,2016-05-20,5
749,837,2020-04-06,10
749,369,2023-03-18,45
750,763,2025-04-21,45
750,293,2025-07-09,20
751,746,2024-08-24,45
753,408,2024-07-29,95
753,974,2024-11-07,40
753,221,2017-05-12,60
755,896,2023-04-23,70
755,6,2020-02-12,65
755,631,2021-09-29,65
756,557,2017-05-29,25
757,711,2024-12-30,30
757,297,2023-02-09,30
758,531,2024-09-21,75
758,546,2024-06-27,95
758,849,2022-11-20,95
759,529,2021-12-06,85
759,59,2019-09-22,15
761,964,2023-01-24,5
761,337,2025-01-04,20
761,77,2021-06-25,95
762,68,2022-02-19,50
763,199,2024-09-27,90
765,481,2022-05-10,10
766,669,2023-12-19,95
766,32,2024-09-20,45
767,335,2021-01-24,25
767,507,2020-04-19,100
768,631,2019-04-21,90
769,688,2020-11-04,20
769,11,2019-08-15,30
769,989,2022-05-07,15
770,531,2019-07-05,40
771,103,2024-02-15,90
773,531,2025-06-20,30
774,494,2021-04-19,15
774,958,2025-04-29,75
775,520,2022-03-07,55
776,944,2024-12-20,40
776,474,2024-10-18,5
777,787,2025-05-06,90
779,617,2025-03-28,35
779,228,2024-05-16,10
781,741,2025-08-16,60
781,239,2022-04-20,50
782,338,2023-03-23,70
783,855,2025-02-16,10
783,379,2025-03-09,55
783,164,2025-06-23,40
784,383,2022-10-31,45
785,519,2016-08-20,50
786,589,2019-05-13,90
787,595,2022-03-18,10
788,626,2025-08-02,60
789,366,2025-08-23,15
791,906,2024-09-17,95
791,513,2025-01-07,25
792,41,2018-10-08,60
792,843,2019-10-21,30
795,508,2023-07-14,10
797,86,2022-07-15,45
798,122,2020-09-10,15
799,282,2025-06-22,10
801,128,2020-04-30,25
802,1000,2024-04-25,15
805,917,2020-05-15,25
806,934,2024-08-14,90
808,20,2024-02-24,50
808,882,2023-07-04,60
809,272,2025-07-20,30
811,952,2025-04-30,45
812,875,2018-03-27,35
812,262,2022-08-08,50
812,89,2023-02-15,50
814,411,2025-07-07,90
815,146,2020-03-07,90
815,539,2022-05-18,35
816,363,2025-05-08,60
816,580,2024-07-08,10
816,599,2024-06-22,75
817,127,2023-06-05,70
818,880,2022-05-27,55
819,482,2025-07-01,30
819,619,2018-10-09,90
819,195,2025-02-12,80
820,360,2022-08-26,60
821,520,2022-12-19,100
823,296,2022-12-13,10
823,443,2017-12-25,80
823,390,2021-04-01,5
824,846,2022-11-16,70
827,130,2024-10-07,75
827,588,2024-01-04,20
827,754,2021-10-04,20
828,269,2017-07-21,100
828,198,2023-08-10,15
829,509,2023-06-17,90
829,768,2025-07-14,90
829,755,2025-05-24,70
830,4,2025-01-12,35
830,7,2025-01-08,15
831,126,2025-01-13,90
832,995,2019-03-23,10
832,438,2021-11-17,45
833,312,2020-03-05,15
834,192,2023-11-13,85
836,610,2016-12-27,45
836,698,2018-06-14,20
836,799,2020-11-11,10
837,22,2025-04-24,85
837,104,2025-03-15,85
837,471,2025-03-19,70
839,124,2022-02-27,25
840,294,2023-06-09,85
841,508,2022-11-04,50
841,224,2024-08-04,40
841,762,2024-11-13,50
842,200,2022-07-29,35
843,937,2024-03-23,5
844,57,2024-11-17,15
845,210,2025-02-27,40
846,612,2025-04-05,35
846,257,2025-06-11,35
846,879,2024-11-24,45
848,596,2022-12-10,70
850,562,2017-10-21,75
852,353,2025-06-28,100
853,681,2023-10-31,75
856,578,2022-05-22,20
856,554,2021-03-30,75
857,104,2023-11-22,30
858,397,2022-01-13,55
859,443,2023-12-03,10
859,98,2022-07-19,100
859,422,2025-02-20,35
861,401,2020-04-14,35
863,67,2025-01-27,5
865,544,2025-05-26,95
866,95,2023-10-02,95
868,700,2024-11-17,60
869,608,2023-06-27,5
869,14,2020-04-07,25
871,346,2024-12-19,30
873,349,2025-04-29,45
874,38,2025-08-17,95
875,146,2025-06-01,55
875,242,2022-05-28,35
877,812,2024-06-29,30
878,262,2022-12-12,20
882,956,2022-03-27,70
882,271,2025-02-28,55
882,980,2015-10-14,85
884,662,2021-11-23,65
885,389,2022-01-14,35
885,775,2017-06-19,100
888,214,2024-10-20,35
888,370,2023-09-24,5
888,26,2022-07-10,40
889,556,2020-11-11,10
889,255,2023-04-02,10
890,828,2024-03-25,55
891,138,2024-06-07,85
891,342,2022-09-04,45
894,333,2025-07-18,15
895,379,2020-10-31,100
896,635,2023-05-18,15
897,518,2024-09-02,40
898,317,2025-08-20,50
898,261,2025-04-16,60
899,620,2025-02-17,5
899,26,2022-01-23,25
900,652,2021-03-25,95
901,582,2025-01-15,70
902,11,2025-08-09,50
905,285,2020-02-23,80
905,671,2022-04-29,5
905,766,2022-07-03,30
906,366,2023-07-22,60
906,452,2025-07-04,15
907,246,2018-06-13,5
907,801,2018-06-07,35
908,478,2025-07-18,30
909,589,2023-01-03,55
909,617,2023-05-13,85
911,150,2022-05-12,30
913,735,2025-05-15,15
915,122,2024-10-26,95
915,943,2024-12-26,40
916,368,2021-11-08,50
917,434,2022-08-25,95
917,800,2023-06-19,80
917,213,2024-12-06,60
918,414,2021-08-09,15
918,77,2019-01-09,100
922,946,2023-09-28,100
924,283,2025-08-16,80
924,843,2025-08-22,65
924,549,2025-08-24,20
927,924,2022-12-22,15
927,287,2022-10-01,40
928,412,2024-04-06,10
928,333,2020-03-16,25
930,417,2018-12-30,95
930,505,2019-12-13,60
931,449,2024-11-25,40
932,327,2025-07-12,100
933,93,2025-07-30,80
933,408,2023-09-16,35
933,128,2025-02-19,15
934,809,2024-04-05,55
937,425,2021-09-13,75
939,924,2022-07-12,65
940,879,2024-12-17,100
941,108,2019-05-08,30
941,158,2018-06-18,5
943,143,2025-02-05,15
945,90,2020-10-26,85
946,933,2020-10-22,80
946,88,2023-02-24,95
946,900,2021-12-12,55
947,507,2024-03-24,35
949,381,2020-11-15,10
949,41,2019-03-22,15
949,37,2022-01-04,50
950,972,2024-02-19,75
951,635,2025-07-29,85
952,132,2022-05-14,20
952,602,2022-05-20,5
953,802,2024-10-11,35
954,278,2023-09-29,25
957,933,2022-07-20,40
957,963,2024-08-25,95
958,232,2017-07-12,30
959,25,2019-04-18,75
960,337,2023-12-13,40
960,302,2022-08-20,25
960,43,2025-07-19,25
961,643,2022-02-09,20
963,175,2025-06-25,35
965,713,2022-12-19,25
967,657,2020-09-19,20
967,919,2025-07-02,100
968,595,2024-11-20,35
968,842,2024-12-22,70
972,205,2024-06-08,90
973,488,2021-10-01,55
973,905,2022-01-19,90
974,115,2022-12-14,10
974,750,2025-03-30,50
974,568,2022-05-01,10
975,808,2024-03-01,50
975,836,2025-05-05,10
978,199,2021-11-28,75
979,721,2020-12-26,100
979,969,2019-06-10,35
981,618,2025-05-13,5
981,420,2025-08-01,40
982,179,2025-05-24,5
983,509,2021-08-03,5
984,45,2022-01-10,65
984,555,2024-01-02,50
984,408,2020-02-04,70
985,724,2024-07-31,45
986,687,2022-07-16,85
986,765,2019-09-19,55
987,900,2025-06-30,20
988,110,2016-10-13,5
988,702,2022-05-03,90
989,586,2019-10-11,20
989,738,2019-01-25,55
990,844,2024-07-27,85
990,253,2023-07-22,5
990,49,2023-01-12,65
992,336,2024-07-23,80
994,219,2016-11-12,75
995,853,2020-05-10,85
996,318,2024-09-27,55
996,677,2025-04-02,30
997,123,2022-11-23,75
997,245,2018-05-09,45
998,888,2017-12-05,55
998,187,2024-12-11,80
998,382,2016-06-01,100
999,534,2024-03-10,25
999,453,2024-05-14,55
1000,126,2021-02-27,10
1001,742,2022-01-02,60
1003,142,2022-01-24,50
1003,837,2023-06-29,35
1004,352,2023-09-13,5
1004,734,2022-07-15,40
1004,943,2025-06-17,95
1005,55,2020-09-10,65
1006,345,2023-11-24,90
1006,443,2025-02-27,80
1007,406,2020-12-13,5
1009,877,2022-06-27,75
1010,727,2023-05-31,65
1010,180,2022-07-31,95
1010,449,2023-07-27,55
1011,597,2020-05-02,30
1011,551,2017-03-27,70
1011,314,2025-08-09,95
1013,544,2020-01-24,5
1014,549,2024-02-16,35
1014,666,2024-01-07,50
1014,493,2021-12-01,100
1017,151,2017-06-25,95
1017,92,2025-04-18,20
1020,732,2025-06-22,80
1020,662,2025-01-03,75
1020,793,2024-11-19,95
1024,270,2022-07-29,20
1025,712,2023-02-25,45
1026,475,2025-03-15,65
1027,485,2024-11-23,95
1027,166,2018-05-01,55
1028,523,2024-08-06,25
1029,623,2023-04-02,50
1029,929,2025-05-01,70
1030,744,2021-02-17,60
1031,418,2023-05-10,80
1031,467,2023-11-10,5
1032,138,2025-08-06,45
1033,192,2022-10-31,70
1034,483,2024-10-16,10
1035,214,2022-08-19,15
1036,763,2020-05-02,30
1037,191,2023-05-30,15
1038,343,2024-02-16,20
1038,352,2019-07-31,50
1039,508,2021-10-22,75
1040,445,2021-06-06,15
1041,489,2025-02-13,100
1041,9,2025-07-10,35
1041,492,2025-07-19,70
1043,138,2025-08-03,95
1044,866,2022-11-18,75
1044,248,2017-03-08,40
1044,402,2021-05-22,10
1045,378,2020-10-15,25
1046,965,2023-07-01,90
1047,192,2025-06-06,40
1048,611,2023-03-07,95
1049,686,2021-01-16,15
1049,537,2020-07-02,100
1050,989,2017-12-08,70
1050,805,2024-08-13,50
1052,813,2024-06-14,10
1052,121,2024-06-04,20
1053,119,2023-03-19,70
1054,989,2024-05-28,70
1054,30,2024-09-08,50
1055,534,2020-09-21,40
1055,415,2022-06-26,25
1057,799,2024-12-18,30
1058,902,2021-10-11,40
1058,585,2019-08-01,80
1058,14,2017-10-14,85
1060,813,2022-11-28,65
1060,188,2018-09-15,30
1060,626,2018-08-10,40
1061,774,2019-09-06,50
1061,615,2018-07-17,40
1062,217,2025-06-12,65
1062,45,2025-08-20,25
1064,60,2025-03-07,30
1064,916,2022-08-09,15
1066,698,2016-04-19,85
1066,929,2022-10-09,100
1066,559,2017-04-30,100
1070,198,2025-03-28,10
1070,767,2025-08-24,25
1070,390,2025-01-31,10
1071,349,2025-08-16,100
1077,91,2025-07-21,65
1077,996,2025-08-07,55
1078,244,2024-09-11,25
1079,701,2024-07-11,85
1080,521,2019-01-07,30
1080,374,2022-09-22,75
1080,406,2025-06-29,50
1081,92,2021-08-11,65
1082,447,2019-04-23,55
1082,442,2022-02-12,45
1084,117,2019-04-16,90
1084,485,2017-12-10,15
1086,89,2024-06-26,95
1086,598,2025-04-24,35
1087,941,2025-03-13,35
1088,172,2024-09-08,40
1088,882,2018-05-17,55
1088,674,2019-03-07,10
1089,3,2024-12-18,45
1090,206,2021-11-20,40
1091,677,2019-06-22,10
1091,114,2018-02-25,50
1092,478,2024-12-01,50
1092,785,2024-08-16,65
1092,234,2024-01-11,60
1093,631,2020-08-18,5
1093,461,2019-04-10,55
1093,681,2019-02-14,80
1094,304,2022-11-22,60
1095,514,2025-07-02,60
1096,372,2021-04-28,5
1096,842,2020-10-04,55
1097,45,2023-08-04,50
1098,358,2017-04-26,65
1100,684,2025-04-11,70
1101,442,2021-12-23,45
1102,669,2016-08-08,65
1103,854,2020-07-17,15
1103,135,2019-11-04,60
1104,758,2021-07-02,100
1106,290,2025-06-20,90
1106,960,2024-10-11,30
1106,875,2023-09-06,25
1108,505,2019-03-10,90
1108,36,2020-12-02,70
1110,398,2024-12-25,35
1112,335,2025-06-15,100
1113,324,2020-01-17,95
1113,922,2021-01-14,50
1115,763,2024-11-01,15
1116,266,2023-08-26,15
1117,191,2023-09-12,15
1121,317,2021-09-25,5
1121,98,2020-09-22,30
1121,311,2020-04-27,20
1122,902,2025-08-04,20
1124,705,2020-09-11,60
1127,117,2023-12-28,95
1128,779,2025-08-05,85
1129,837,2024-03-14,85
1132,978,2025-01-08,20
1134,885,2023-04-11,75
1134,451,2019-08-10,80
1137,528,2022-02-12,55
1139,193,2024-07-26,15
1140,518,2022-04-12,65
1141,188,2023-02-20,70
1141,45,2024-02-18,35
1142,483,2019-12-20,55
1142,475,2020-04-09,25
1143,607,2025-05-15,30
1143,592,2024-10-31,70
1144,324,2023-02-16,90
1144,514,2021-08-17,65
1145,415,2018-09-15,40
1147,855,2023-02-21,25
1148,27,2017-01-09,25
1151,739,2025-07-05,10
1153,464,2023-12-11,40
1153,520,2025-08-24,90
1154,39,2021-01-05,50
1154,157,2022-11-19,5
1155,698,2020-02-09,5
1156,159,2017-12-08,50
1157,861,2023-12-04,60
1158,588,2023-08-05,90
1158,19,2025-03-13,90
1161,789,2025-06-12,70
1163,512,2025-04-30,25
1164,63,2023-02-26,80
1165,872,2019-08-18,20
1165,605,2024-03-09,75
1166,265,2023-01-28,60
1166,844,2022-01-28,95
1169,992,2023-06-09,50
1171,284,2025-01-03,60
1171,70,2023-01-02,75
1176,316,2025-05-23,85
1177,386,2019-09-06,100
1177,196,2020-08-24,25
1177,886,2025-08-13,45
1178,311,2025-01-04,40
1179,576,2024-07-30,95
1179,160,2024-04-20,35
1184,975,2019-12-22,45
1184,314,2025-02-28,100
1185,640,2020-08-30,65
1186,602,2021-06-03,70
1186,886,2020-10-08,70
1187,229,2024-12-28,20
1190,97,2022-09-06,55
1191,88,2025-06-07,70
1192,554,2019-02-23,85
1194,504,2024-06-25,85
1194,965,2025-03-02,55
1194,75,2025-02-22,45
1196,688,2024-09-23,45
1196,868,2022-05-20,50
1197,472,2016-08-17,90
1199,256,2022-06-12,15
1199,790,2023-09-11,25
1199,669,2024-02-04,65
1201,864,2024-07-04,100
1203,654,2023-07-06,70
1203,900,2018-03-30,85
1204,954,2024-03-30,40
1205,95,2020-08-09,20
1205,451,2018-06-23,50
1205,654,2019-12-14,35
1206,134,2022-04-07,85
1206,419,2023-11-17,30
1208,556,2024-03-05,80
1211,39,2019-12-25,65
1211,566,2024-10-25,40
1212,440,2020-01-26,60
1212,35,2021-05-16,50
1213,587,2020-06-24,90
1215,635,2025-03-20,30
1215,2,2018-03-26,60
1215,213,2023-11-16,30
1216,105,2019-10-20,20
1217,945,2024-03-09,60
1217,236,2024-09-03,80
1217,172,2025-04-27,35
1219,866,2024-08-21,80
1221,288,2025-03-16,55
1222,946,2023-03-25,25
1222,960,2020-03-23,35
1225,607,2022-11-21,10
1225,28,2016-09-25,80
1225,615,2018-06-18,5
1227,623,2024-03-17,20
1227,340,2023-12-03,90
1227,329,2025-07-04,55
1228,60,2019-03-09,75
1230,739,2019-12-08,5
1231,143,2023-08-28,100
1232,992,2023-01-24,50
1232,431,2020-09-27,95
1232,14,2021-10-17,40
1233,971,2024-04-30,55
1233,459,2023-08-04,15
1233,764,2024-06-10,60
1235,175,2020-11-22,75
1237,627,2024-09-01,15
1238,836,2025-01-17,45
1239,75,2019-08-09,45
1240,228,2023-02-25,35
1240,33,2024-10-03,90
1240,447,2025-08-07,35
1241,637,2023-03-08,40
1241,202,2020-01-01,45
1241,607,2022-03-09,65
1243,642,2024-07-22,35
1244,60,2024-02-17,75
1245,164,2024-01-19,40
1246,97,2021-11-04,30
1247,583,2022-01-12,70
1249,488,2025-05-17,50
1250,748,2024-09-26,30
1251,8,2023-07-31,5
1252,207,2022-11-11,10
1252,842,2018-12-08,65
1253,176,2019-04-01,15
1253,196,2023-01-16,70
1254,127,2025-05-21,30
1255,50,2025-06-08,75
1260,155,2024-11-27,15
1263,252,2024-06-26,5
1264,801,2018-12-25,35
1265,121,2020-03-22,65
1265,182,2017-01-27,80
1265,139,2020-05-01,65
1266,899,2023-07-19,80
1266,742,2017-10-21,70
1268,438,2024-10-13,70
1269,929,2021-06-13,50
1270,169,2023-10-08,90
1271,823,2022-01-30,50
1272,848,2025-07-14,30
1272,97,2022-08-02,25
1273,373,2021-07-24,60
1274,840,2017-02-19,100
1275,804,2025-08-03,75
1275,361,2025-08-14,10
1278,654,2020-07-01,65
1279,713,2022-02-13,45
1280,797,2021-08-03,35
1281,873,2022-11-18,15
1281,360,2019-05-09,60
1282,566,2022-11-26,80
1284,132,2023-10-18,40
1284,477,2016-04-23,80
1284,615,2016-08-13,55
1285,130,2023-09-26,100
1286,618,2020-01-21,45
1287,946,2025-02-17,35
1288,87,2025-03-09,5
1289,199,2023-11-27,15
1291,737,2024-02-11,65
1291,354,2024-05-18,50
1291,904,2024-01-13,55
1292,123,2020-09-07,35
1293,170,2022-10-11,95
1293,825,2025-05-14,70
1295,172,2020-06-20,70
1296,871,2025-06-08,70
1298,462,2024-11-04,15
1299,5,2019-05-18,40
1299,473,2022-04-27,95
1300,299,2018-09-19,90
1301,767,2024-10-20,25
1302,995,2020-12-05,5
1303,829,2024-11-13,50
1303,846,2024-11-15,25
1304,34,2024-12-10,15
1304,510,2021-12-30,40
1309,793,2025-06-03,10
1312,337,2025-05-26,40
1312,634,2025-07-09,50
1312,416,2025-07-23,80
1313,893,2025-07-07,55
1314,678,2019-08-05,60
1316,20,2024-11-11,50
1317,364,2021-12-25,65
1317,932,2024-06-18,45
1317,419,2025-03-09,35
1318,759,2024-11-29,25
1319,304,2024-04-03,30
1320,254,2025-03-19,85
1320,980,2025-06-16,100
1322,367,2021-09-12,5
1322,15,2025-04-18,5
1322,762,2022-11-26,70
1324,81,2024-06-29,45
1325,668,2024-06-07,85
1326,407,2019-09-29,30
1327,437,2024-08-25,20
1327,469,2022-08-25,5
1330,406,2025-07-04,30
1330,621,2025-07-07,55
1331,193,2025-06-26,85
1331,820,2018-12-01,15
1332,360,2024-07-01,10
1333,645,2023-10-06,65
1337,862,2025-03-06,60
1338,467,2022-07-14,65
1338,243,2024-03-08,45
1338,459,2023-04-26,100
1339,140,2022-07-20,30
1339,367,2022-06-19,85
1340,60,2024-01-29,50
1342,79,2023-03-10,30
1343,902,2019-07-04,25
1344,103,2024-09-28,100
1346,587,2021-10-11,45
1347,710,2018-10-26,25
1348,519,2023-03-27,80
1348,727,2022-07-30,5
1351,901,2021-11-08,20
1352,487,2023-12-16,65
1352,366,2021-04-01,80
1353,30,2020-01-01,15
1353,129,2022-09-14,30
1354,691,2018-12-09,100
1355,234,2022-03-18,30
1356,346,2024-12-29,60
1356,794,2024-02-10,10
1357,679,2024-03-31,95
1357,70,2025-01-30,100
1358,347,2021-09-11,80
1359,564,2016-12-01,85
1359,795,2022-11-05,100
1360,496,2025-04-25,40
1361,967,2025-05-17,85
1362,969,2019-05-02,45
1362,684,2021-12-23,20
1363,764,2025-05-17,95
1364,516,2025-07-10,15
1366,634,2017-06-01,55
1366,276,2020-08-17,60
1367,474,2020-08-22,75
1367,186,2020-01-14,25
1367,130,2018-07-19,65
1368,822,2025-04-05,5
1369,904,2018-08-12,10
1370,949,2023-04-17,20
1371,806,2025-04-21,80
1371,466,2020-10-28,75
1372,14,2017-11-27,15
1373,992,2024-12-09,85
1374,936,2024-10-18,15
1375,811,2022-09-06,65
1376,616,2024-06-19,5
1377,146,2025-06-04,65
1377,752,2025-07-15,15
1377,68,2024-05-02,40
1378,731,2016-12-03,95
1378,483,2018-03-20,30
1379,608,2023-02-07,25
1380,640,2020-09-17,15
1380,437,2023-02-07,70
1382,317,2022-09-07,45
1383,239,2018-07-05,55
1384,517,2017-07-10,60
1385,141,2017-09-16,65
1385,427,2022-01-06,45
1386,48,2023-11-26,90
1387,43,2023-05-29,100
1388,293,2022-01-17,75
1388,267,2021-11-01,100
1389,927,2017-06-27,50
1390,946,2023-06-26,90
1390,647,2025-03-06,15
1391,868,2021-08-23,95
1392,159,2021-03-04,40
1394,172,2024-03-14,60
1394,81,2024-10-21,90
1394,495,2021-03-05,25
1396,889,2024-08-04,75
1397,779,2025-01-15,25
1397,527,2020-01-12,25
1398,760,2023-09-12,30
1399,363,2025-06-04,5
1400,107,2021-07-17,50
1401,420,2019-04-28,85
1402,538,2025-03-20,100
1402,347,2025-08-03,10
1402,895,2025-06-08,75
1403,854,2018-01-07,45
1403,931,2024-12-06,20
1403,587,2022-11-20,70
1404,735,2022-04-28,100
1405,246,2025-04-29,30
1405,577,2025-05-18,35
1405,786,2025-06-17,65
1408,681,2025-02-22,100
1409,608,2020-09-05,35
1409,32,2021-08-31,10
1410,767,2024-02-07,40
1410,77,2020-01-01,95
1412,585,2022-02-15,40
1412,528,2021-12-20,50
1413,894,2025-07-12,25
1413,533,2021-05-09,70
1414,535,2019-08-02,15
1414,807,2018-07-29,85
1415,684,2025-07-10,95
1416,539,2025-06-13,25
1416,251,2019-09-22,45
1418,529,2022-01-20,50
1418,840,2022-11-25,80
1418,943,2022-10-01,45
1419,552,2024-01-27,90
1421,620,2025-07-18,30
1421,945,2024-02-26,25
1422,909,2025-06-17,20
1423,848,2025-07-31,45
1423,932,2023-07-25,90
1425,799,2025-03-21,50
1425,865,2023-02-11,30
1426,219,2025-02-24,30
1426,271,2022-11-10,35
1427,207,2024-03-30,80
1430,22,2024-02-05,30
1431,337,2025-01-20,60
1432,338,2022-11-29,70
1433,265,2024-01-06,40
1435,902,2025-08-01,90
1435,432,2025-08-13,30
1435,888,2025-05-20,60
1436,700,2016-09-18,70
1437,250,2019-04-06,5
1439,916,2024-10-30,25
1440,704,2025-08-01,20
1440,640,2024-10-28,80
1441,52,2025-05-26,60
1442,647,2025-04-27,35
1443,144,2023-08-29,100
1443,696,2023-12-14,30
1444,471,2024-02-21,30
1444,84,2023-07-26,45
1447,250,2025-05-14,100
1449,930,2022-07-28,10
1451,196,2023-11-01,60
1451,59,2024-07-11,65
1451,759,2024-04-17,10
1453,842,2020-12-06,10
1454,138,2025-07-18,5
1456,341,2025-01-07,70
1456,598,2023-03-13,75
1457,51,2024-08-12,25
1458,895,2017-10-16,85
1458,180,2023-10-26,75
1463,787,2023-12-04,40
1465,488,2024-06-07,5
1466,684,2021-12-06,75
1466,421,2021-02-27,95
1467,476,2021-02-25,50
1468,247,2025-05-30,30
1470,196,2022-06-01,40
1471,250,2017-09-18,30
1471,688,2023-04-30,65
1471,629,2024-10-04,70
1473,610,2020-01-27,80
1474,385,2019-09-26,20
1474,797,2017-07-07,70
1475,673,2020-01-27,50
1476,683,2025-02-28,45
1476,293,2025-04-24,25
1477,641,2019-10-03,75
1477,794,2023-10-10,50
1477,762,2023-02-14,90
1479,508,2023-10-30,25
1480,111,2025-07-04,60
1481,436,2025-08-17,50
1481,357,2025-08-24,45
1486,794,2024-07-15,80
1486,234,2024-03-19,85
1487,739,2022-10-29,10
1487,650,2021-05-20,75
1490,932,2024-06-03,75
1491,101,2024-05-01,5
1491,469,2020-10-07,55
1491,896,2025-06-24,70
1492,651,2018-03-14,45
1493,879,2024-03-10,10
1496,881,2018-09-19,5
1496,987,2019-10-17,85
1497,90,2019-05-17,35
1497,948,2020-05-10,80
1497,988,2016-03-03,90
1499,958,2025-02-02,40
1500,582,2024-08-28,90
1500,117,2024-01-15,45
1500,961,2023-08-20,45
1501,273,2020-01-26,70
1501,842,2024-10-21,20
1502,249,2018-05-25,100
1504,741,2023-12-26,45
1506,369,2025-04-18,40
1506,489,2024-11-08,30
1506,78,2024-11-06,15
1508,383,2024-12-07,90
1508,563,2024-12-14,30
1509,861,2023-11-02,25
1509,565,2020-03-13,90
1511,684,2025-05-07,60
1512,678,2024-06-11,70
1512,418,2025-07-01,50
1513,583,2023-04-24,90
1515,186,2024-06-16,70
1518,217,2025-06-27,50
1518,269,2017-10-20,100
1519,207,2022-11-25,15
1519,166,2021-09-10,60
1519,985,2017-05-10,25
1522,186,2023-03-10,40
1524,979,2025-03-26,45
1525,135,2025-05-18,85
1525,667,2024-12-05,95
1526,166,2017-11-04,10
1526,526,2017-01-20,65
1527,3,2018-08-16,80
1527,254,2019-07-18,10
1527,897,2023-05-15,40
1530,154,2024-10-20,95
1533,555,2025-08-07,20
1534,162,2024-05-15,80
1535,260,2025-02-27,25
1535,8,2021-07-27,55
1537,377,2021-07-08,35
1538,900,2021-10-12,50
1538,693,2019-10-25,95
1541,771,2025-08-22,15
1541,931,2025-01-01,10
1541,557,2024-11-25,5
1543,55,2025-06-27,70
1544,684,2025-02-07,10
1545,419,2025-05-22,5
1545,209,2024-05-10,70
1546,93,2024-10-19,25
1546,441,2024-12-17,55
1547,444,2022-10-05,25
1548,585,2025-04-20,90
1549,897,2021-11-06,90
1551,897,2023-06-04,85
1551,868,2024-08-17,30
1552,323,2025-07-03,85
1554,615,2025-05-26,20
1555,167,2025-08-09,5
1555,476,2025-07-07,75
1556,259,2025-07-17,95
1556,77,2024-12-30,75
1557,148,2025-06-18,25
1558,348,2025-03-30,40
1558,447,2020-10-14,25
1558,486,2018-11-14,45
1560,509,2021-05-14,85
1561,106,2025-07-23,15
1562,321,2023-06-16,75
1564,829,2024-05-09,60
1564,515,2023-12-16,30
1567,698,2025-07-01,85
1568,83,2023-12-02,85
1568,530,2023-08-26,60
1568,401,2024-04-18,35
1569,361,2024-05-25,80
1570,6,2025-08-02,60
1571,406,2018-03-10,25
1572,573,2024-08-31,50
1574,147,2018-09-28,15
1577,628,2021-12-14,100
1578,491,2020-01-19,25
1580,640,2023-01-19,35
1582,798,2022-12-09,25
1582,961,2025-05-23,5
1582,713,2023-05-11,75
1583,226,2021-02-26,60
1583,626,2022-08-29,25
1583,282,2023-07-18,30
1584,117,2022-01-22,70
1585,414,2025-03-21,100
1588,874,2023-10-21,50
1589,390,2022-02-28,15
1590,359,2022-11-21,70
1592,718,2025-01-13,50
1592,457,2025-05-30,80
1594,553,2017-05-08,55
1594,554,2017-06-15,55
1595,947,2025-06-24,100
1596,283,2017-10-26,85
1596,415,2021-01-21,20
1596,163,2024-04-27,95
1597,380,2025-05-03,15
1598,564,2021-09-11,40
1599,618,2024-11-15,5
1600,420,2022-11-10,95
1601,683,2024-04-20,20
1602,749,2019-03-21,25
1602,881,2023-10-20,20
1603,555,2025-01-29,35
1604,86,2024-09-06,40
1606,276,2023-02-02,50
1607,19,2025-05-16,10
1608,801,2025-07-01,100
1608,442,2020-03-31,40
1608,272,2024-01-21,95
1609,530,2020-06-07,50
1609,623,2022-11-19,100
1610,470,2024-05-07,50
1611,936,2023-03-20,90
1611,725,2025-05-28,30
1613,684,2022-10-16,95
1614,488,2024-05-19,95
1614,800,2025-02-17,95
1614,726,2025-05-18,35
1615,513,2021-09-02,95
1616,777,2019-03-22,55
1616,86,2021-11-01,55
1617,871,2025-03-10,30
1619,204,2025-05-19,25
1620,946,2022-04-25,90
1620,550,2024-03-26,20
1621,434,2025-08-06,100
1621,133,2024-10-15,40
1621,332,2025-01-31,20
1624,249,2025-01-05,35
1624,161,2020-10-20,40
1625,606,2022-02-16,70
1626,676,2018-09-28,10
1627,897,2023-01-21,65
1630,638,2024-04-11,25
1632,125,2020-08-21,10
1632,815,2022-05-10,90
1633,508,2021-10-29,30
1634,704,2023-01-04,75
1635,863,2021-05-03,80
1636,8,2021-12-29,20
1637,693,2023-09-22,30
1638,664,2025-01-17,90
1639,234,2018-02-14,35
1641,477,2024-09-23,60
1641,802,2023-09-07,55
1641,161,2024-03-18,75
1642,728,2024-02-29,10
1642,63,2024-08-08,15
1643,427,2021-11-21,10
1643,78,2024-06-14,90
1644,873,2024-10-15,45
1644,911,2025-06-27,70
1647,405,2024-05-24,90
1647,498,2022-12-05,95
1648,915,2024-04-24,5
1648,560,2023-09-01,35
1650,907,2021-05-05,75
1650,587,2023-11-09,50
1651,715,2018-03-09,90
1651,745,2024-02-24,35
1651,88,2018-11-15,50
1653,135,2025-06-21,50
1653,778,2025-04-01,65
1653,280,2025-05-13,50
1654,537,2024-12-20,100
1654,838,2020-01-01,45
1654,853,2020-02-08,100
1658,145,2025-04-02,45
1659,870,2021-03-26,35
1659,994,2023-11-26,15
1660,141,2025-06-19,85
1661,489,2023-01-03,30
1662,771,2025-06-05,90
1662,673,2024-11-25,25
1664,364,2023-05-18,20
1666,708,2017-12-12,75
1668,479,2025-03-26,15
1669,529,2019-09-26,85
1670,564,2022-12-18,70
1670,249,2024-05-29,80
1670,193,2025-04-19,70
1671,462,2021-06-09,10
1671,477,2022-10-14,10
1672,406,2021-07-23,80
1672,715,2025-05-03,25
1673,9,2023-07-16,75
1674,244,2018-10-01,80
1675,360,2024-12-05,85
1675,185,2022-11-24,5
1675,537,2024-10-05,60
1677,975,2025-08-13,100
1677,314,2020-08-10,55
1677,859,2024-11-19,10
1678,644,2025-06-11,10
1679,793,2025-02-14,15
1680,615,2024-10-23,60
1680,783,2025-07-06,85
1681,857,2020-12-09,60
1683,284,2025-01-22,80
1683,418,2024-07-05,25
1685,813,2024-09-17,95
1687,220,2024-01-08,5
1687,807,2020-11-10,5
1687,696,2023-11-22,100
1688,494,2017-07-25,100
1688,812,2017-04-06,95
1689,418,2018-06-02,25
1689,51,2023-01-17,90
1690,812,2025-07-02,55
1692,692,2025-04-22,25
1692,333,2025-04-03,80
1694,846,2024-09-24,85
1699,494,2022-09-19,20
1699,442,2021-08-21,100
1699,833,2018-08-10,95
1700,640,2024-03-23,50
1700,431,2023-09-30,85
1701,126,2024-04-23,55
1701,800,2025-05-05,80
1701,628,2025-02-12,85
1703,406,2025-07-11,100
1703,382,2023-10-25,35
1704,829,2022-01-12,75
1707,178,2021-11-11,95
1707,533,2025-02-17,55
1708,134,2024-06-24,35
1709,257,2023-10-05,90
1709,423,2025-02-18,70
1713,457,2025-07-12,5
1714,992,2025-04-02,30
1714,483,2022-04-07,65
1715,547,2018-06-24,50
1715,764,2021-11-19,100
1716,519,2022-03-15,20
1716,297,2022-02-10,65
1717,493,2025-06-14,85
1717,840,2025-08-13,5
1717,254,2024-09-29,25
1718,692,2019-04-22,85
1719,4,2023-10-15,10
1719,472,2019-05-15,75
1720,306,2025-08-17,60
1722,79,2024-11-28,55
1724,468,2023-03-15,90
1726,881,2021-05-20,100
1726,961,2024-04-23,5
1728,78,2022-11-09,15
1729,979,2020-01-16,30
1729,995,2017-05-15,40
1729,92,2021-08-27,85
1731,421,2018-07-30,65
1731,338,2018-12-25,15
1731,454,2020-02-27,5
1733,920,2023-02-20,85
1733,59,2024-04-14,75
1734,402,2019-12-30,5
1734,610,2024-09-08,55
1734,443,2024-03-07,100
1737,481,2024-03-05,25
1738,34,2025-03-03,75
1739,752,2022-12-22,55
1739,448,2025-01-06,25
1742,471,2020-08-25,65
1743,735,2025-08-06,50
1743,695,2025-08-10,70
1743,45,2025-07-29,10
1744,1,2024-12-28,50
1746,830,2019-02-13,65
1746,256,2022-06-29,25
1748,141,2019-07-30,65
1748,419,2021-10-08,50
1749,434,2024-10-24,30
1752,291,2021-02-13,85
1753,685,2022-10-07,45
1753,870,2025-06-25,75
1753,606,2018-05-06,65
1754,793,2025-07-22,5
1754,34,2025-06-21,75
1754,269,2025-05-26,55
1755,269,2021-09-02,60
1758,97,2025-01-19,55
1759,600,2021-12-06,25
1760,582,2018-05-03,85
1761,603,2024-08-03,35
1763,109,2019-02-18,60
1764,782,2022-08-09,20
1766,230,2025-06-14,10
1767,918,2016-11-19,40
1767,589,2019-09-23,60
1768,979,2023-09-15,70
1768,170,2021-12-18,45
1770,821,2025-05-01,50
1770,952,2025-07-21,80
1771,677,2025-08-20,15
1771,924,2025-08-17,30
1772,340,2025-02-08,100
1773,248,2024-02-22,10
1773,311,2025-02-18,75
1774,146,2021-06-21,15
1775,453,2021-10-01,30
1776,341,2024-03-29,25
1776,42,2019-08-19,40
1779,174,2020-05-18,90
1780,1,2019-03-15,50
1780,749,2024-07-04,20
1780,710,2022-11-18,30
1781,818,2025-03-03,40
1782,389,2024-07-12,80
1782,964,2020-04-10,95
1783,12,2025-01-16,60
1786,974,2024-07-21,30
1786,258,2022-10-10,75
1786,847,2024-05-02,95
1787,868,2020-03-13,65
1788,630,2020-07-22,30
1790,520,2023-06-28,85
1793,593,2021-07-02,10
1795,366,2025-06-11,85
1797,177,2022-09-09,100
1797,837,2017-03-22,80
1797,563,2023-10-27,60
1798,953,2021-12-17,55
1799,59,2021-07-08,95
1799,607,2024-01-11,50
1799,363,2025-02-28,100
1800,9,2023-03-21,10
1800,303,2025-04-12,40
1801,3,2021-09-30,95
1801,343,2022-11-14,15
1802,826,2025-01-08,50
1803,961,2025-04-18,30
1803,549,2025-05-06,75
1803,826,2020-04-13,90
1804,173,2021-05-15,70
1804,659,2021-05-22,85
1805,416,2024-01-30,65
1805,791,2024-12-28,30
1805,986,2023-09-10,40
1806,111,2024-02-07,75
1806,236,2024-03-07,70
1807,167,2018-09-05,60
1808,26,2021-02-24,65
1809,483,2019-05-28,55
1810,420,2022-02-24,10
1811,43,2020-01-25,50
1812,650,2023-07-26,60
1816,834,2023-09-12,80
1817,448,2023-11-20,40
1818,922,2021-06-14,95
1822,596,2025-06-21,20
1823,54,2019-01-12,10
1823,466,2022-05-14,25
1824,259,2024-02-20,65
1825,610,2020-03-30,25
1825,172,2020-08-05,15
1825,775,2019-12-01,65
1826,304,2022-05-18,65
1826,211,2018-05-09,75
1826,474,2017-08-08,45
1827,911,2023-03-16,80
1828,144,2024-07-15,85
1829,331,2024-12-05,60
1830,952,2018-06-08,35
1831,963,2019-07-29,10
1832,426,2023-04-30,75
1832,134,2024-03-27,100
1832,464,2018-09-04,90
1834,158,2025-04-19,55
1835,246,2020-09-08,15
1836,900,2025-07-13,100
1837,131,2020-09-07,70
1838,413,2025-08-23,15
1839,74,2024-05-14,65
1840,269,2024-03-29,100
1840,885,2023-04-18,90
1841,97,2019-09-11,30
1842,822,2023-02-07,40
1843,385,2024-11-07,75
1844,195,2022-09-30,75
1845,631,2020-06-21,95
1846,649,2020-09-24,15
1846,421,2023-10-18,40
1847,960,2020-07-21,45
1848,389,2023-08-31,65
1851,426,2022-10-21,85
1851,534,2022-12-27,40
1852,931,2025-03-19,60
1853,306,2024-12-14,95
1855,936,2019-08-27,100
1857,395,2022-12-05,90
1857,454,2023-12-16,80
1859,669,2020-04-06,10
1859,770,2020-06-06,40
1860,566,2025-05-23,70
1861,367,2023-07-26,5
1861,346,2024-09-25,20
1864,294,2025-02-12,45
1865,828,2025-07-04,50
1867,876,2023-04-05,50
1868,935,2023-10-22,25
1868,209,2023-06-29,20
1870,682,2025-03-28,25
1872,218,2025-08-24,30
1872,169,2025-08-24,15
1873,192,2021-02-02,70
1873,33,2025-05-30,10
1873,808,2023-02-11,65
1875,948,2025-06-29,75
1877,162,2025-07-09,60
1879,436,2018-10-30,5
1880,513,2022-09-11,10
1881,94,2019-10-13,25
1886,803,2020-03-29,80
1887,375,2025-01-18,20
1887,14,2025-07-20,5
1891,243,2022-08-18,45
1891,236,2023-11-21,80
1891,152,2025-03-17,90
1893,607,2019-03-16,90
1893,254,2022-07-21,35
1893,490,2023-07-13,25
1894,556,2025-05-04,60
1895,921,2025-07-21,95
1895,936,2025-04-15,75
1895,289,2025-08-22,30
1898,2,2020-04-23,45
1898,564,2018-11-09,65
1898,108,2022-06-24,60
1900,820,2023-10-28,85
1900,639,2021-09-03,70
1901,490,2022-11-25,75
1902,440,2022-07-17,70
1902,846,2024-07-14,20
1903,717,2022-05-05,75
1904,259,2024-01-07,45
1907,382,2022-03-07,55
1911,54,2022-10-25,70
1911,901,2023-02-04,65
1912,859,2025-06-01,65
1913,49,2025-07-11,75
1914,770,2025-08-14,65
1916,232,2025-01-09,20
1916,182,2025-07-20,45
1918,154,2023-02-16,5
1918,467,2023-12-13,10
1919,422,2015-07-25,50
1922,6,2023-03-01,45
1923,678,2024-06-05,80
1924,557,2020-12-04,60
1924,411,2022-01-16,70
1925,208,2022-12-13,55
1925,98,2025-04-25,100
1926,196,2021-05-01,15
1926,28,2025-02-04,65
1929,672,2025-07-21,65
1930,521,2020-02-17,100
1931,919,2024-06-06,10
1932,819,2020-06-04,75
1932,960,2017-09-17,15
1932,839,2019-01-06,95
1934,243,2022-09-20,75
1934,127,2025-04-11,15
1935,593,2022-11-21,25
1936,496,2025-06-09,60
1937,223,2018-06-09,50
1937,533,2020-04-13,50
1938,640,2024-12-10,45
1938,240,2025-02-13,30
1938,257,2025-02-19,70
1939,966,2021-07-26,55
1939,949,2019-12-31,5
1939,810,2018-05-09,75
1940,45,2021-02-03,50
1940,622,2018-07-02,40
1942,331,2021-10-02,100
1942,996,2020-07-23,25
1943,319,2016-07-09,70
1943,109,2024-05-06,95
1947,126,2016-08-18,65
1947,643,2021-12-05,25
1947,10,2019-08-20,25
1952,171,2025-08-19,15
1952,314,2025-08-18,95
1955,647,2023-03-09,40
1956,732,2025-04-14,100
1957,738,2022-11-05,35
1958,775,2024-06-28,20
1959,100,2024-02-08,5
1960,430,2022-02-12,45
1960,370,2018-05-07,10
1961,366,2023-08-28,15
1961,134,2024-08-03,15
1961,535,2023-10-23,70
1962,783,2022-05-09,20
1962,151,2019-11-11,80
1965,723,2022-02-23,15
1965,199,2024-01-21,85
1966,376,2022-11-27,20
1967,151,2022-04-08,20
1968,689,2018-02-18,80
1969,321,2017-01-15,65
1970,217,2025-04-14,10
1970,366,2025-07-17,65
1971,313,2025-03-03,70
1973,196,2018-01-25,10
1976,682,2022-10-12,5
1976,990,2025-04-23,75
1976,352,2022-10-27,40
1979,559,2023-03-13,10
1979,519,2025-03-13,15
1979,766,2023-12-01,15
1981,105,2017-03-17,90
1981,259,2018-06-16,35
1981,857,2024-12-28,70
1982,978,2023-10-31,25
1983,916,2018-11-03,95
1986,789,2025-06-12,50
1986,624,2024-05-14,40
1986,332,2024-10-20,50
1987,61,2024-04-09,50
1987,390,2024-08-23,20
1987,90,2024-08-08,85
1988,763,2025-04-18,45
1990,466,2025-03-25,35
1991,144,2025-03-04,15
1993,39,2021-11-02,65
1994,309,2023-09-06,55
1995,753,2025-07-24,75
1996,483,2021-11-30,75
1998,397,2023-12-30,15
1999,772,2022-11-24,80
1999,879,2024-10-25,20
1999,11,2024-05-22,80
2000,419,2022-12-17,40
2000,741,2022-03-04,50
2001,497,2021-02-22,20
2003,404,2024-02-25,35
2006,102,2023-08-26,60
2006,928,2023-10-16,10
2008,986,2025-02-02,35
2009,321,2025-07-20,20
2010,631,2025-05-17,85
2010,197,2025-06-01,50
2011,504,2025-01-12,100
2011,684,2022-04-25,40
2011,388,2021-03-16,20
2012,110,2025-05-17,15
2013,547,2020-12-14,100
2015,811,2022-07-14,70
2015,6,2022-01-31,75
2015,15,2019-03-18,65
2017,267,2024-01-11,95
2018,315,2025-04-30,70
2019,961,2025-08-22,15
2020,74,2024-05-27,20
2020,244,2022-12-01,60
2021,91,2025-03-16,35
2023,515,2021-06-21,95
2025,872,2016-05-10,30
2026,70,2022-02-25,70
2026,725,2018-05-05,10
2027,343,2023-11-26,15
2028,454,2022-12-31,70
2029,288,2022-03-25,80
2029,962,2019-10-29,15
2029,627,2023-09-11,70
2033,391,2025-01-01,15
2034,655,2023-10-16,40
2035,466,2024-12-23,20
2036,530,2024-07-08,25
2037,735,2020-04-14,70
2038,157,2023-03-31,70
2038,188,2022-07-12,5
2041,974,2025-05-17,30
2041,106,2025-04-04,70
2041,491,2024-12-04,25
2043,70,2025-07-14,10
2044,284,2023-01-05,100
2045,398,2023-10-06,95
2047,415,2025-03-01,45
2047,510,2025-06-20,35
2048,446,2025-03-17,50
2049,292,2025-02-28,45
2050,136,2025-04-05,75
2050,717,2025-04-26,5
2050,356,2025-06-16,15
2051,709,2022-10-10,40
2052,651,2022-04-30,40
2053,12,2025-03-12,10
2053,618,2016-10-30,30
2054,395,2021-08-05,10
2054,768,2017-01-15,90
2056,580,2024-12-31,55
2056,58,2025-04-02,100
2057,946,2025-01-15,40
2057,332,2024-10-15,60
2058,539,2022-01-12,20
2058,464,2022-12-03,75
2059,974,2019-06-29,5
2060,879,2023-04-16,25
2060,739,2023-05-12,70
2061,598,2018-05-25,35
2061,13,2021-11-08,70
2061,24,2020-07-11,75
2063,79,2024-04-12,25
2064,668,2024-04-28,70
2065,791,2024-02-24,10
2065,721,2023-10-02,80
2066,59,2025-02-15,100
2067,240,2022-03-23,80
2067,273,2021-06-29,70
2068,733,2020-05-20,30
2070,182,2022-03-14,70
2070,696,2018-04-25,40
2073,809,2024-04-26,70
2077,352,2025-08-23,80
2079,125,2021-06-06,95
2080,203,2020-03-13,85
2080,309,2023-02-23,90
2081,923,2023-08-07,45
2082,883,2021-06-05,55
2082,190,2024-03-07,10
2083,811,2024-04-28,15
2084,673,2023-03-12,10
2085,450,2017-11-05,50
2087,528,2019-09-28,30
2089,281,2025-02-14,40
2089,816,2025-04-21,5
2091,421,2025-05-15,65
2092,14,2022-01-07,5
2093,812,2025-07-26,90
2093,711,2025-08-16,70
2093,465,2025-08-10,85
2094,892,2018-02-13,70
2095,524,2025-08-04,55
2097,810,2021-09-11,25
2097,864,2016-10-07,30
2099,605,2022-07-09,30
2101,662,2024-02-03,70
2102,543,2025-01-27,30
2103,266,2016-02-07,30
2103,199,2018-11-04,80
2104,96,2018-07-02,30
2104,483,2024-09-23,40
2104,895,2020-06-07,65
2106,154,2022-12-13,35
2106,239,2022-01-13,100
2108,827,2025-08-09,25
2109,547,2019-09-30,50
2110,726,2024-04-05,90
2111,994,2022-08-06,40
2113,597,2020-01-31,85
2113,111,2016-07-20,25
2114,999,2019-05-09,35
2114,286,2024-05-13,100
2115,190,2025-07-05,65
2115,514,2025-05-27,95
2116,937,2020-07-25,60
2117,719,2018-12-25,35
2119,233,2025-01-31,65
2119,234,2022-01-20,80
2121,218,2023-12-31,40
2125,725,2018-05-05,90
2125,289,2020-01-15,65
2125,760,2017-04-12,50
2126,352,2024-11-28,20
2127,822,2024-09-26,20
2130,882,2024-08-04,100
2130,914,2023-10-16,55
2131,603,2024-09-02,70
2132,951,2025-08-14,100
2132,970,2019-02-14,10
2133,982,2021-08-20,5
2135,410,2015-10-23,10
2136,813,2025-07-04,90
2136,860,2025-06-12,80
2136,794,2025-06-12,40
2137,366,2022-04-04,45
2138,573,2022-05-22,75
2138,271,2023-07-21,90
2138,659,2022-11-22,95
2139,514,2024-09-30,85
2140,241,2023-10-18,75
2141,48,2021-03-11,60
2141,447,2021-01-14,65
2141,734,2023-05-18,5
2142,443,2020-10-09,85
2142,956,2020-09-26,80
2143,773,2023-12-24,70
2143,324,2024-04-24,10
2143,124,2021-04-15,95
2144,717,2023-07-16,55
2145,200,2024-03-29,40
2146,200,2022-11-30,10
2147,871,2021-10-29,75
2148,674,2023-03-25,90
2150,799,2025-05-13,90
2151,239,2024-07-23,90
2152,604,2023-11-13,5
2154,622,2021-12-03,90
2154,447,2021-05-15,45
2155,73,2021-06-13,40
2155,119,2020-09-29,80
2156,435,2018-01-27,70
2157,457,2019-04-25,45
2157,138,2019-10-03,100
2157,880,2022-03-25,70
2159,613,2025-07-25,90
2162,849,2023-11-11,55
2163,138,2025-06-15,15
2163,249,2021-09-21,50
2163,534,2019-10-26,65
2164,375,2022-01-05,35
2168,877,2019-10-13,90
2168,125,2021-02-16,10
2169,577,2025-04-16,65
2170,276,2023-02-04,70
2172,826,2024-12-04,95
2174,297,2022-09-23,15
2175,728,2025-05-28,5
2176,109,2022-08-29,80
2176,244,2025-08-17,10
2176,933,2021-11-17,45
2178,343,2021-09-26,95
2179,276,2021-11-27,55
2180,602,2024-01-28,25
2181,329,2025-02-05,90
2182,737,2023-03-16,25
2184,207,2023-03-27,100
2186,785,2019-07-17,80
2186,860,2019-12-03,65
2186,597,2024-12-23,70
2188,705,2020-07-04,10
2188,455,2018-06-26,30
2189,318,2023-09-16,45
2191,358,2021-10-01,55
2192,905,2024-01-30,20
2195,936,2018-02-25,60
2196,99,2025-01-29,85
2196,324,2025-03-30,35
2197,204,2024-06-23,50
2198,949,2023-10-07,60
2199,461,2021-10-17,20
2200,181,2020-10-02,65
2201,627,2022-12-03,15
2201,269,2023-09-07,15
2201,65,2025-05-29,25
2203,144,2022-04-12,10
2203,721,2022-07-22,55
2204,62,2018-07-15,30
2205,769,2025-07-29,80
2205,825,2020-11-18,70
2205,75,2015-07-08,100
2207,254,2019-06-24,85
2208,451,2023-12-17,65
2210,663,2022-07-10,15
2211,517,2020-03-04,60
2211,265,2020-04-20,45
2211,21,2025-04-01,25
2213,482,2025-05-20,80
2213,161,2015-04-28,30
2214,931,2023-11-28,45
2215,235,2024-09-14,40
2216,795,2025-05-07,15
2216,741,2025-02-22,50
2216,406,2023-06-27,35
2217,893,2025-08-02,75
2217,551,2023-12-07,80
2218,113,2022-07-30,100
2218,328,2023-04-01,30
2218,340,2025-06-15,60
2221,758,2022-07-02,75
2222,93,2025-06-17,70
2222,855,2021-05-06,20
2224,255,2019-01-19,40
2224,773,2023-03-06,85
2224,500,2022-02-23,10
2226,259,2016-09-26,25
2227,243,2020-03-15,60
2228,596,2025-05-19,65
2229,557,2023-10-15,75
2229,526,2020-05-09,100
2230,631,2019-11-05,20
2231,32,2022-04-30,45
2231,988,2023-04-19,5
2231,764,2023-10-14,15
2232,827,2025-05-15,15
2233,511,2019-12-12,95
2235,64,2025-04-15,70
2236,277,2025-04-11,50
2236,955,2024-06-27,25
2236,299,2021-05-10,5
2238,375,2020-02-27,45
2239,838,2022-05-01,95
2239,33,2019-06-16,55
2240,158,2018-06-17,75
2242,862,2024-06-06,80
2242,415,2023-08-27,95
2243,889,2024-12-26,15
2243,612,2024-12-10,85
2245,691,2025-02-17,80
2246,95,2025-03-09,15
2246,395,2024-12-27,40
2246,946,2024-12-18,20
2248,199,2024-01-17,95
2248,668,2023-05-29,5
2250,108,2021-08-02,60
2251,814,2025-07-26,40
2252,414,2019-09-01,25
2253,748,2025-07-18,80
2253,214,2025-01-06,15
2255,324,2023-12-21,100
2255,399,2022-11-12,15
2256,958,2021-04-06,10
2256,36,2024-06-17,70
2256,895,2024-01-03,100
2257,732,2020-02-24,80
2258,449,2024-07-14,65
2259,320,2022-11-06,85
2260,835,2025-04-13,5
2260,681,2024-01-09,70
2261,476,2023-05-06,10
2261,660,2022-09-12,75
2261,147,2025-02-19,20
2262,258,2024-11-21,5
2263,7,2021-03-22,55
2265,525,2023-05-14,75
2266,161,2020-03-15,70
2266,187,2025-05-06,75
2266,10,2024-04-26,80
2267,289,2025-07-19,100
2267,545,2024-06-17,10
2268,545,2023-07-16,45
2269,366,2024-09-28,90
2271,185,2023-01-17,20
2272,177,2023-05-13,95
2272,807,2025-05-18,90
2273,651,2024-12-31,90
2274,229,2024-07-28,20
2277,632,2019-04-25,60
2277,116,2021-06-13,60
2277,294,2022-10-05,90
2279,335,2023-04-02,45
2279,635,2018-03-25,20
2280,623,2024-07-12,85
2280,679,2021-09-28,60
2282,517,2024-05-08,95
2283,215,2023-05-08,15
2285,337,2025-08-02,80
2286,606,2021-04-29,20
2286,916,2018-07-11,50
2287,496,2025-01-05,90
2287,940,2022-01-09,35
2287,692,2021-08-13,95
2288,104,2025-04-28,10
2289,854,2021-04-28,95
2291,288,2023-06-15,5
2291,743,2024-12-10,65
2294,317,2024-01-19,90
2294,126,2024-08-21,10
2297,500,2022-11-16,10
2298,151,2024-01-31,100
2298,16,2023-07-01,100
2300,54,2023-12-07,30
2300,474,2023-12-23,35
2300,851,2025-08-17,25
2301,581,2025-08-15,25
2302,386,2022-05-05,90
2302,124,2022-12-31,40
2303,251,2025-08-08,20
2308,751,2024-08-09,60
2308,734,2022-10-19,20
2310,455,2019-02-10,90
2310,385,2016-08-06,40
2310,610,2021-08-13,10
2311,617,2021-08-02,100
2312,435,2025-07-23,85
2313,397,2023-12-25,50
2314,156,2024-06-20,55
2315,562,2025-04-19,15
2316,621,2024-09-17,85
2316,803,2025-05-29,15
2317,301,2024-08-05,55
2318,49,2019-11-10,35
2318,661,2020-03-23,10
2319,450,2024-05-04,40
2323,336,2024-08-06,35
2323,377,2024-04-06,5
2325,204,2025-04-05,100
2325,291,2022-07-19,85
2325,17,2025-05-29,85
2326,750,2025-01-20,95
2327,269,2025-08-17,40
2329,522,2024-02-21,90
2330,215,2023-04-30,60
2330,204,2022-03-17,85
2332,77,2023-09-13,80
2333,997,2023-01-28,80
2334,663,2025-02-19,60
2338,655,2023-08-15,15
2340,861,2023-11-23,70
2340,491,2024-08-18,50
2341,568,2025-01-14,55
2342,328,2025-01-17,25
2343,382,2021-11-29,45
2346,748,2021-07-01,100
2346,428,2022-04-13,20
2349,598,2023-09-03,55
2350,152,2019-08-09,55
2351,948,2024-11-14,70
2352,668,2024-08-17,55
2354,815,2024-10-26,100
2355,525,2023-03-16,10
2355,358,2021-05-08,40
2355,968,2018-12-28,25
2356,772,2023-11-14,60
2356,215,2021-08-27,55
2358,564,2020-05-15,50
2359,747,2023-09-05,25
2360,135,2023-12-19,70
2361,2,2021-04-27,95
2361,954,2021-06-08,10
2363,477,2024-05-31,5
2363,511,2025-01-21,75
2368,831,2025-08-17,35
2369,505,2020-10-08,70
2370,375,2024-10-25,25
2370,612,2023-03-25,80
2371,369,2019-05-12,30
2371,543,2017-09-08,45
2371,920,2020-03-31,50
2375,301,2023-02-12,100
2377,17,2020-07-02,25
2378,452,2019-07-25,45
2378,931,2023-06-03,100
2379,513,2017-06-05,30
2379,587,2018-04-16,50
2380,798,2025-05-25,50
2380,870,2025-07-12,40
2381,32,2023-06-01,80
2384,956,2022-12-09,45
2384,31,2023-01-23,45
2384,560,2020-11-14,35
2385,88,2022-10-20,80
2385,58,2023-10-20,75
2385,865,2021-08-10,30
2386,69,2021-05-09,35
2387,193,2024-04-26,60
2387,863,2025-06-13,15
2389,770,2022-10-04,75
2390,178,2024-07-22,10
2391,32,2023-11-12,50
2392,582,2025-07-12,55
2392,324,2022-04-25,25
2392,629,2024-11-30,40
2393,830,2022-08-28,40
2394,58,2021-02-28,10
2395,585,2023-06-27,55
2395,664,2024-03-17,55
2396,75,2022-08-11,90
2397,981,2024-06-12,5
2398,781,2022-12-09,65
2398,653,2025-04-05,35
2399,472,2022-09-07,20
2401,252,2025-05-03,30
2401,69,2024-04-21,40
2401,521,2025-06-12,100
2402,126,2018-12-01,90
2403,792,2020-12-15,35
2405,511,2022-08-01,60
2407,340,2024-08-31,35
2407,299,2025-02-25,25
2409,278,2024-10-15,85
2409,216,2025-06-11,10
2410,1000,2019-11-06,15
2411,355,2022-10-08,45
2412,819,2025-06-26,25
2412,688,2023-12-20,10
2412,111,2024-05-23,50
2413,948,2022-09-24,45
2414,797,2022-02-11,15
2414,5,2024-07-12,75
2415,322,2025-07-27,65
2419,959,2022-07-06,35
2420,199,2019-08-03,55
2421,45,2019-07-06,100
2422,86,2023-01-01,5
2423,763,2022-06-29,70
2425,210,2022-12-23,95
2425,501,2024-08-02,25
2427,108,2022-02-16,5
2431,702,2025-04-19,65
2432,898,2022-03-15,35
2433,133,2019-12-24,65
2433,210,2024-08-11,5
2434,454,2022-04-21,20
2435,59,2025-01-11,10
2435,772,2020-11-21,60
2437,575,2020-06-08,95
2438,820,2025-08-11,50
2438,481,2025-05-21,15
2439,893,2024-02-26,40
2440,915,2023-03-10,10
2443,882,2025-04-17,20
2444,326,2024-02-09,95
2445,806,2023-03-05,25
2446,68,2022-02-10,100
2447,724,2025-06-24,100
2448,207,2022-08-10,50
2449,688,2018-11-30,40
2450,304,2017-07-05,90
2451,922,2025-06-07,30
2454,797,2024-10-18,15
2455,722,2024-08-04,10
2455,281,2024-06-11,85
2455,250,2024-08-26,25
2458,884,2024-08-04,100
2458,858,2018-07-25,30
2459,488,2022-06-17,85
2461,279,2025-05-22,40
2462,555,2025-02-28,70
2462,519,2024-08-18,65
2462,969,2025-06-19,20
2463,641,2019-01-12,50
2466,528,2021-07-03,50
2467,177,2024-07-13,30
2468,345,2025-05-11,90
2470,703,2025-07-28,20
2471,93,2023-05-31,5
2471,534,2022-09-23,20
2472,506,2022-09-20,40
2474,258,2023-07-07,5
2474,799,2024-06-22,50
2474,360,2024-04-06,20
2476,642,2022-09-22,50
2477,151,2022-07-17,10
2478,292,2024-05-25,50
2478,915,2017-04-30,20
2478,21,2017-11-15,35
2479,318,2024-11-12,65
2479,618,2022-01-23,25
2481,392,2023-08-11,80
2481,566,2021-08-06,20
2482,705,2015-11-21,55
2485,450,2024-06-03,50
2485,514,2024-08-14,35
2486,513,2019-11-30,100
2488,887,2023-01-13,85
2489,917,2025-05-11,5
2491,897,2023-11-22,75
2492,169,2023-07-01,95
2493,857,2024-10-25,20
2496,871,2024-09-30,65
2496,415,2025-04-18,40
2497,937,2022-05-29,5
2497,521,2021-03-09,20
2498,862,2017-12-23,95
2499,595,2024-09-24,35
2500,752,2025-02-26,85
2500,741,2024-12-21,20
2502,167,2024-11-17,35
2505,317,2023-03-27,70
2506,271,2021-03-18,95
2506,703,2024-07-04,45
2508,735,2024-07-13,80
2509,35,2025-07-12,15
2509,834,2025-08-10,5
2509,293,2025-07-17,10
2510,855,2024-10-18,65
2510,435,2024-08-28,70
2510,353,2024-09-16,15
2511,634,2023-05-08,70
2511,762,2021-06-11,60
2512,283,2024-11-28,40
2513,651,2024-10-11,20
2515,9,2023-01-21,80
2516,82,2024-01-04,20
2517,232,2024-04-04,70
2517,274,2024-08-07,55
2518,69,2020-06-24,35
2519,487,2018-04-17,95
2520,465,2022-06-29,100
2521,484,2025-07-04,45
2522,681,2021-10-09,20
2522,157,2022-07-11,65
2524,983,2025-02-04,40
2526,314,2024-11-28,10
2526,409,2021-06-08,45
2526,228,2023-04-26,70
2528,856,2022-10-05,95
2528,743,2024-08-14,5
2529,73,2023-06-04,65
2530,243,2025-04-01,30
2530,844,2021-01-13,20
2531,105,2019-04-09,40
2534,710,2025-05-05,80
2534,54,2025-08-21,75
2536,967,2022-10-30,35
2537,1,2021-10-19,70
2537,487,2017-12-18,15
2539,717,2025-01-23,95
2541,314,2017-07-09,70
2541,753,2018-12-30,70
2542,937,2025-04-03,15
2542,310,2024-12-10,45
2542,782,2025-06-23,60
2543,423,2024-01-25,15
2544,614,2022-07-29,75
2544,818,2023-03-12,100
2545,819,2018-03-03,60
2546,431,2024-05-03,65
2549,443,2025-05-24,65
2549,811,2025-06-07,20
2550,937,2021-08-10,40
2551,947,2024-10-03,60
2551,30,2019-08-25,10
2552,315,2022-12-11,10
2553,518,2025-02-09,75
2554,920,2017-12-08,50
2555,31,2024-04-10,35
2557,278,2023-09-10,90
2557,957,2025-06-16,75
2558,863,2023-02-10,15
2561,566,2024-11-04,35
2563,904,2024-06-27,95
2563,126,2017-12-20,5
2563,418,2025-01-12,15
2564,756,2023-05-09,55
2564,894,2024-06-26,5
2564,491,2018-07-13,20
2565,539,2024-11-20,35
2567,583,2025-06-11,35
2568,418,2022-10-08,15
2570,706,2017-11-18,80
2570,115,2023-03-03,100
2570,935,2020-03-04,20
2571,35,2022-01-27,5
2571,232,2021-09-09,30
2572,486,2023-11-09,35
2572,611,2022-10-11,75
2574,459,2025-01-07,35
2576,486,2023-01-23,15
2578,680,2025-08-04,10
2579,757,2025-01-19,80
2579,388,2025-04-01,30
2579,21,2025-07-27,10
2580,853,2023-12-22,90
2580,398,2019-10-16,45
2580,133,2021-09-30,15
2582,822,2023-09-11,60
2584,593,2020-09-06,90
2585,571,2021-09-09,15
2586,523,2023-05-14,90
2591,923,2021-12-20,25
2592,338,2016-06-18,40
2593,305,2023-03-22,10
2594,46,2024-04-24,90
2596,683,2023-05-16,55
2597,257,2023-04-22,10
2598,262,2025-07-05,95
2599,297,2023-04-05,65
2599,487,2021-09-26,65
2601,930,2017-12-09,25
2602,290,2020-07-21,15
2603,479,2023-07-25,65
2608,345,2022-01-17,45
2608,200,2022-02-16,25
2608,118,2024-06-08,40
2609,113,2019-02-27,90
2609,483,2019-03-20,65
2610,877,2024-10-09,85
2611,336,2021-11-18,15
2611,998,2021-10-21,40
2611,919,2017-05-14,70
2613,488,2023-06-13,20
2613,509,2024-10-07,5
2614,586,2025-08-19,25
2614,202,2025-08-23,15
2615,229,2025-08-11,50
2615,517,2025-07-10,35
2616,919,2025-05-13,70
2617,364,2023-11-06,15
2619,617,2022-04-19,85
2620,817,2022-01-31,80
2620,471,2023-03-23,80
2621,307,2023-04-05,65
2625,940,2020-11-08,5
2626,838,2025-06-19,95
2626,946,2025-04-28,90
2627,6,2018-10-31,20
2627,589,2020-11-09,35
2630,680,2025-07-28,10
2632,463,2025-02-25,85
2634,269,2019-12-23,45
2634,471,2021-08-19,80
2636,506,2024-09-29,30
2637,456,2019-09-11,10
2639,66,2022-09-10,45
2640,728,2024-07-07,10
2641,615,2024-03-04,90
2643,324,2022-07-14,95
2644,90,2017-05-07,65
2645,826,2025-04-29,85
2645,291,2023-08-20,50
2647,902,2022-10-24,55
2648,512,2024-02-29,20
2649,645,2020-06-12,55
2651,206,2022-04-21,45
2653,70,2018-08-24,100
2654,371,2020-07-31,40
2656,604,2021-12-15,95
2657,462,2025-05-21,60
2657,904,2025-07-15,95
2657,127,2025-01-14,80
2658,745,2025-06-18,75
2658,77,2025-08-13,35
2658,925,2025-06-16,50
2660,402,2025-08-16,60
2660,756,2025-03-27,95
2660,423,2023-07-16,30
2663,667,2024-07-30,85
2664,387,2025-08-19,15
2666,281,2020-07-04,70
2667,443,2020-01-31,55
2667,296,2019-02-22,75
2669,172,2017-07-11,20
2670,41,2022-11-23,40
2671,21,2021-07-10,55
2671,811,2021-08-04,75
2675,832,2024-05-26,45
2675,409,2025-07-08,100
2675,886,2025-05-05,15
2678,792,2024-06-21,95
2679,46,2025-07-18,85
2681,57,2023-01-18,80
2682,651,2025-04-30,30
2682,446,2025-07-19,10
2683,976,2018-06-11,95
2683,171,2022-07-16,75
2683,930,2023-07-26,15
2684,835,2021-10-01,10
2687,643,2016-10-17,60
2687,930,2018-01-18,45
2688,620,2022-06-15,25
2688,954,2024-08-29,90
2689,693,2024-04-18,15
2691,520,2024-03-15,20
2692,203,2025-06-18,45
2692,111,2025-07-08,5
2693,882,2016-12-07,85
2694,887,2024-05-11,15
2694,424,2024-08-22,60
2695,294,2023-07-27,90
2695,814,2023-03-04,75
2695,442,2023-05-17,15
2696,134,2018-10-08,5
2698,937,2017-01-24,80
2698,181,2021-07-08,70
2698,674,2017-10-20,70
2700,469,2024-07-25,15
2702,615,2023-01-13,80
2702,973,2025-08-07,5
2704,534,2021-01-18,55
2704,905,2023-07-08,85
2708,128,2022-07-05,10
2709,592,2017-10-17,40
2709,952,2025-03-31,40
2711,909,2024-03-18,65
2712,440,2022-06-02,15
2712,390,2023-09-09,35
2713,893,2024-05-03,10
2714,461,2024-09-19,20
2715,960,2025-07-20,45
2715,593,2022-03-03,45
2715,762,2025-03-04,45
2716,43,2024-06-25,80
2718,186,2025-08-03,70
2719,183,2024-12-28,35
2719,740,2025-05-10,85
2721,267,2022-07-03,65
2722,475,2021-07-14,35
2723,905,2023-06-19,80
2723,623,2021-10-03,70
2723,551,2021-11-29,70
2725,280,2022-04-19,90
2726,227,2024-05-26,15
2727,68,2018-07-10,95
2728,419,2020-06-19,95
2728,730,2024-12-08,95
2730,319,2024-12-16,55
2732,429,2023-11-07,75
2732,239,2025-07-27,20
2733,895,2023-12-11,10
2736,552,2024-06-15,5
2737,952,2022-02-15,45
2738,640,2021-07-26,25
2738,479,2023-11-02,55
2738,82,2021-12-18,95
2739,113,2025-08-20,40
2739,490,2025-08-07,70
2739,237,2025-08-20,75
2740,732,2024-09-13,70
2740,269,2025-03-03,30
2741,585,2024-10-08,90
2742,687,2016-04-09,95
2743,91,2025-08-09,30
2743,723,2025-06-29,95
2744,396,2025-05-19,65
2745,212,2024-08-26,40
2745,244,2023-04-22,5
2747,633,2024-06-15,60
2748,309,2025-05-08,75
2750,543,2022-11-17,60
2750,849,2018-10-23,20
2751,183,2025-01-05,15
2751,669,2024-05-31,85
2755,52,2020-01-05,55
2755,180,2018-03-16,80
2756,51,2020-03-19,30
2758,873,2019-03-29,55
2759,509,2020-09-06,55
2759,260,2021-09-13,5
2760,636,2024-12-15,20
2761,612,2025-03-27,90
2761,955,2025-06-30,10
2762,950,2025-01-11,45
2762,142,2024-05-30,55
2763,976,2025-07-18,80
2764,903,2018-04-29,55
2764,836,2021-01-28,50
2764,636,2023-07-10,65
2767,831,2025-04-28,95
2768,161,2023-07-08,10
2769,984,2025-05-09,90
2770,269,2022-10-31,40
2770,792,2025-08-20,35
2771,426,2024-11-14,60
2772,953,2023-11-11,85
2773,498,2021-05-18,55
2774,811,2020-12-12,20
2776,866,2021-07-05,5
2777,844,2025-07-23,50
2777,613,2022-12-23,55
2781,68,2023-02-17,20
2782,181,2023-06-15,80
2782,500,2024-10-05,35
2783,906,2018-08-25,25
2784,410,2020-04-11,5
2784,868,2023-11-03,70
2785,752,2025-07-26,10
2785,353,2020-03-16,100
2786,541,2022-04-08,75
2786,337,2019-05-17,5
2786,718,2025-08-14,10
2788,209,2020-09-09,15
2788,782,2020-09-07,35
2790,870,2022-07-21,60
2791,372,2022-05-25,20
2792,760,2020-04-19,40
2792,144,2022-03-19,90
2793,233,2024-03-09,5
2793,496,2023-06-09,45
2794,600,2025-01-12,70
2795,453,2025-06-14,50
2795,322,2025-01-17,80
2796,947,2022-06-16,50
2796,442,2018-03-20,55
2797,881,2023-12-10,70
2798,111,2016-07-31,80
2798,104,2016-06-16,20
2799,81,2024-05-05,100
2800,511,2023-10-10,65
2801,369,2023-11-12,60
2802,285,2020-09-11,25
2802,545,2022-04-29,50
2805,681,2016-05-13,85
2805,920,2024-04-09,75
2806,299,2022-01-05,25
2807,610,2020-03-09,50
2808,96,2025-07-22,55
2809,543,2019-07-23,20
2809,277,2020-06-17,60
2813,939,2020-08-22,55
2816,925,2021-11-27,40
2817,997,2024-09-13,80
2818,59,2021-07-11,80
2818,844,2021-08-17,15
2819,217,2025-06-20,100
2819,982,2025-08-02,60
2820,815,2016-06-08,45
2820,969,2021-09-24,25
2821,820,2022-07-05,20
2821,355,2024-10-01,75
2822,294,2019-07-28,90
2823,125,2022-09-12,60
2825,540,2023-03-08,80
2827,786,2021-11-06,5
2827,254,2024-09-17,80
2827,509,2017-02-04,10
2828,526,2025-06-14,35
2831,289,2024-02-01,75
2832,155,2025-07-04,40
2832,53,2025-07-11,85
2832,764,2025-08-22,30
2833,629,2017-09-18,20
2834,689,2025-07-03,30
2835,639,2022-07-27,30
2838,24,2025-05-15,95
2842,969,2024-06-24,5
2843,381,2025-01-23,25
2844,239,2025-03-22,20
2844,832,2025-06-26,45
2845,846,2025-01-11,50
2848,564,2022-09-04,5
2849,383,2025-06-18,40
2849,303,2025-06-27,75
2853,688,2019-02-12,95
2855,824,2021-03-20,25
2857,526,2022-09-13,15
2857,964,2021-01-01,40
2858,745,2025-07-06,95
2859,267,2019-05-28,80
2860,834,2025-06-09,55
2863,222,2020-10-02,85
2863,790,2019-02-25,50
2863,304,2021-07-22,100
2864,422,2024-09-11,100
2865,973,2015-08-06,40
2866,760,2022-12-07,10
2867,989,2021-03-22,20
2867,933,2020-05-10,30
2868,827,2025-03-22,85
2869,819,2024-09-13,5
2870,488,2024-09-22,55
2870,381,2023-03-05,5
2871,466,2022-06-01,90
2872,250,2021-09-06,50
2872,787,2020-08-01,50
2873,259,2023-08-27,25
2874,157,2024-03-08,65
2874,354,2024-05-19,30
2874,827,2023-01-27,65
2876,776,2025-03-30,65
2877,146,2023-12-29,90
2877,262,2020-09-09,70
2878,993,2023-03-17,35
2878,504,2020-03-07,95
2878,496,2020-03-16,5
2879,219,2025-03-25,50
2879,830,2021-11-12,65
2881,632,2025-02-18,20
2881,117,2025-02-18,50
2882,158,2024-07-25,45
2882,286,2024-11-01,45
2884,17,2024-12-09,20
2884,377,2024-12-07,20
2885,388,2020-12-11,85
2886,804,2024-12-29,75
2887,474,2025-05-15,85
2888,811,2022-10-13,85
2889,164,2025-05-12,40
2891,668,2022-12-05,45
2891,188,2021-07-09,100
2891,649,2021-12-31,5
2895,376,2024-02-01,65
2895,750,2024-10-10,10
2896,242,2023-10-09,5
2897,743,2025-03-02,10
2899,200,2024-04-17,80
2901,472,2025-07-25,65
2901,587,2024-10-11,65
2902,851,2022-07-06,100
2902,742,2023-08-11,80
2902,13,2024-10-31,55
2903,588,2023-04-05,65
2903,117,2024-10-20,70
2903,102,2024-01-17,25
2904,12,2020-01-02,35
2906,413,2022-02-17,30
2908,505,2025-01-07,70
2909,648,2025-03-26,80
2909,817,2021-11-30,30
2910,585,2025-06-15,95
2911,569,2020-05-08,30
2912,807,2024-05-11,85
2912,813,2024-01-30,35
2913,879,2023-02-14,65
2914,664,2022-03-19,50
2916,324,2022-04-29,65
2916,699,2023-09-25,60
2917,263,2018-08-17,30
2917,375,2024-12-30,75
2919,45,2025-07-27,80
2920,583,2025-07-16,55
2921,643,2024-12-24,15
2924,614,2025-03-13,45
2924,931,2025-02-28,35
2925,179,2025-07-19,15
2926,402,2023-04-08,15
2927,349,2025-08-04,65
2928,645,2021-02-05,45
2928,832,2022-05-17,100
2928,872,2021-02-10,25
2929,633,2023-02-22,30
2930,240,2023-06-17,85
2932,854,2020-01-30,25
2933,2,2024-01-08,80
2933,532,2024-07-13,50
2934,26,2024-01-09,65
2934,91,2024-03-10,75
2934,486,2023-05-02,30
2935,748,2020-01-30,15
2935,967,2017-10-11,40
2936,588,2022-08-09,100
2937,697,2020-05-04,50
2939,720,2020-07-13,50
2939,966,2024-03-15,100
2940,594,2025-01-22,80
2941,657,2021-10-26,20
2942,828,2025-04-30,15
2943,55,2022-05-16,60
2943,216,2024-11-23,30
2943,814,2024-12-19,20
2944,504,2024-09-08,60
2944,146,2024-12-21,75
2945,770,2021-02-05,65
2946,104,2024-09-02,10
2947,970,2020-07-17,20
2947,639,2023-04-17,85
2948,19,2024-06-16,95
2948,453,2024-07-31,65
2950,284,2020-12-14,80
2953,566,2023-03-04,5
2953,156,2023-02-06,15
2955,174,2022-05-13,70
2956,146,2023-08-07,60
2958,584,2021-10-12,25
2958,695,2017-05-10,5
2960,244,2022-07-07,40
2961,44,2023-03-21,20
2961,305,2018-08-27,30
2965,417,2022-03-10,80
2966,998,2025-08-05,25
2967,999,2024-08-04,10
2968,760,2022-09-21,60
2968,139,2020-07-11,15
2971,470,2024-02-11,95
2972,866,2024-07-05,35
2974,306,2019-06-21,55
2974,954,2020-03-26,10
2979,466,2020-05-09,90
2981,15,2018-05-12,100
2982,159,2024-01-25,90
2982,570,2021-07-21,70
2982,640,2022-01-03,90
2984,159,2022-07-01,85
2985,165,2019-09-04,45
2985,852,2025-02-21,100
2986,405,2025-07-17,85
2989,533,2025-06-21,70
2989,264,2022-04-27,85
2990,724,2019-10-29,10
2990,287,2022-03-22,100
2993,263,2023-09-25,95
2994,757,2020-05-11,95
2994,578,2019-12-10,90
2994,92,2023-03-18,85
2996,452,2023-11-27,65
2996,904,2023-09-16,95
2996,695,2024-09-10,40
2997,379,2017-10-31,50
2997,122,2023-01-23,5
2998,525,2022-07-18,15
2998,210,2023-07-17,55
2999,580,2025-07-11,85
3000,100,2020-08-28,25
3000,263,2023-10-25,50
3001,365,2023-06-18,20
3003,236,2016-12-17,55
3003,902,2017-04-15,45
3004,275,2024-11-25,65
3004,354,2025-03-24,40
3005,666,2018-02-08,100
3006,15,2020-12-30,15
3010,986,2021-07-31,20
3010,498,2023-09-16,90
3011,835,2023-05-05,60
3012,16,2020-05-23,10
3014,885,2023-04-12,60
3015,455,2023-05-29,85
3017,787,2023-04-15,90
3017,925,2022-02-13,20
3018,364,2025-04-17,75
3019,978,2024-07-01,30
3019,922,2018-07-29,10
3021,151,2015-12-01,70
3022,983,2025-03-08,20
3023,686,2023-08-16,100
3023,846,2024-10-06,45
3027,398,2024-12-28,50
3027,527,2025-07-21,70
3029,87,2022-01-19,35
3029,497,2018-10-24,70
3031,140,2025-05-14,40
3031,951,2025-04-13,100
3031,457,2025-04-13,25
3033,711,2024-04-24,35
3033,285,2024-08-15,45
3034,666,2023-03-30,25
3035,329,2020-05-25,65
3035,310,2022-01-02,45
3036,287,2025-07-12,100
3037,138,2025-01-03,60
3037,300,2019-10-07,10
3037,462,2017-12-17,5
3038,138,2025-01-05,50
3040,10,2019-09-11,20
3042,433,2021-06-08,80
3042,782,2019-06-15,5
3044,329,2023-04-10,100
3045,267,2024-11-28,35
3045,806,2020-02-25,30
3045,583,2019-03-26,65
3046,60,2023-07-11,100
3048,765,2017-10-05,75
3048,617,2024-01-24,70
3049,260,2024-11-27,65
3051,882,2020-09-28,70
3051,53,2021-11-18,5
3052,288,2023-12-23,5
3054,665,2025-02-14,90
3054,103,2023-09-16,50
3056,730,2025-01-31,60
3057,940,2022-02-09,45
3059,933,2016-09-05,70
3061,96,2023-01-08,75
3062,667,2023-01-26,95
3062,178,2023-03-15,55
3062,532,2022-06-08,60
3063,643,2025-01-14,70
3064,684,2018-08-30,10
3065,240,2024-12-04,20
3065,386,2023-04-14,25
3066,562,2024-08-15,60
3068,852,2024-10-07,60
3069,41,2023-04-24,30
3070,521,2025-03-31,95
3070,331,2019-06-12,35
3070,670,2023-08-11,25
3071,761,2022-11-11,60
3071,818,2025-01-14,5
3071,626,2025-07-05,25
3072,856,2019-01-13,5
3073,500,2019-09-05,40
3074,905,2020-08-17,95
3075,504,2024-04-07,15
3076,637,2023-06-11,90
3077,156,2022-07-15,15
3077,318,2022-01-11,35
3077,33,2022-04-23,55
3080,282,2024-05-06,25
3080,510,2025-01-14,85
3080,314,2022-07-23,20
3082,906,2024-06-22,40
3082,879,2022-12-11,100
3083,952,2022-12-25,10
3083,877,2022-08-14,30
3084,487,2024-05-28,10
3084,491,2022-02-19,35
3084,838,2023-02-13,40
3085,353,2025-02-12,55
3086,282,2018-04-14,15
3086,356,2021-01-04,45
3087,387,2024-07-04,65
3087,896,2024-06-01,80
3088,655,2017-09-16,35
3091,485,2024-03-11,25
3091,444,2024-09-11,70
3092,769,2024-08-08,25
3092,228,2022-07-13,100
3094,438,2024-06-07,60
3095,209,2019-10-07,55
3095,901,2019-09-27,5
3097,985,2024-03-30,70
3097,764,2023-10-29,25
3100,199,2023-11-03,30
3100,145,2019-05-19,45
3102,211,2022-10-31,15
3102,11,2019-05-04,50
3103,261,2017-12-01,30
3104,720,2020-10-19,40
3105,642,2024-07-11,30
3106,917,2022-03-16,100
3106,415,2022-02-23,85
3109,849,2022-10-06,75
3111,454,2023-05-10,100
3112,819,2023-06-19,70
3114,304,2020-12-21,10
3114,511,2019-08-20,5
3119,788,2021-09-13,70
3120,908,2023-03-01,45
3122,586,2024-10-19,65
3122,164,2023-09-22,40
3122,892,2024-11-04,75
3123,986,2018-05-16,25
3123,303,2019-09-28,45
3125,265,2019-04-08,95
3125,780,2023-10-22,20
3127,73,2020-07-03,50
3129,249,2017-03-20,45
3129,670,2019-10-23,50
3130,599,2025-08-24,85
3130,831,2025-02-22,85
3131,202,2023-09-15,25
3132,35,2018-08-12,60
3133,478,2022-05-08,45
3135,751,2021-01-05,95
3135,12,2024-08-14,70
3136,226,2024-08-28,75
3138,811,2025-05-19,65
3138,3,2025-07-08,40
3139,102,2022-11-04,35
3140,670,2018-06-29,20
3141,440,2025-01-23,95
3141,628,2022-10-03,90
3142,27,2016-08-30,100
3142,846,2016-03-17,20
3142,403,2021-08-29,60
3143,344,2021-03-21,100
3143,428,2025-04-21,80
3144,308,2025-05-22,85
3145,273,2022-10-12,25
3146,205,2025-05-28,10
3146,71,2025-05-11,85
3147,227,2023-11-30,70
3148,367,2025-08-19,75
3148,988,2025-08-17,25
3151,193,2023-01-14,20
3151,61,2021-11-06,10
3152,79,2023-06-27,30
3152,13,2020-01-08,35
3154,241,2023-04-19,70
3155,951,2023-06-15,20
3155,699,2024-06-27,80
3156,226,2018-02-15,10
3156,248,2022-09-04,75
3157,126,2022-09-28,65
3157,685,2023-09-05,35
3158,710,2021-11-02,95
3158,561,2021-02-14,25
3159,296,2025-06-07,35
3159,293,2023-04-26,65
3161,78,2025-06-12,100
3161,473,2025-05-28,30
3163,380,2021-06-20,80
3164,578,2025-08-06,20
3164,182,2025-07-27,80
3166,765,2022-08-05,85
3166,762,2023-04-14,90
3167,525,2022-06-23,80
3169,779,2024-08-25,15
3169,592,2022-10-26,55
3171,795,2024-05-05,20
3171,64,2024-04-03,45
3172,834,2023-09-10,60
3172,858,2024-11-02,20
3173,544,2025-06-15,10
3174,120,2023-11-29,45
3174,470,2024-05-30,20
3175,477,2025-08-07,50
3177,589,2025-02-07,50
3178,899,2024-08-02,80
3178,788,2019-04-25,60
3179,917,2023-04-04,30
3182,316,2020-03-09,30
3182,133,2020-11-30,25
3182,373,2023-11-18,30
3183,940,2017-12-15,70
3183,815,2017-12-28,65
3183,132,2024-05-21,5
3184,990,2024-12-02,10
3184,538,2023-07-26,35
3184,796,2023-07-17,20
3185,415,2017-11-28,5
3187,78,2025-06-17,60
3188,132,2024-08-18,20
3188,777,2022-10-26,90
3189,142,2024-08-19,100
3190,173,2025-03-24,75
3190,486,2020-09-21,65
3190,402,2021-09-11,95
3191,49,2020-04-17,65
3191,901,2022-06-05,65
3193,115,2025-03-02,45
3194,87,2025-08-17,95
3195,433,2023-05-22,5
3195,376,2025-04-29,5
3195,633,2023-12-09,30
3196,943,2025-08-16,35
3196,733,2019-05-29,85
3199,639,2024-08-23,40
3200,257,2024-05-01,20
3200,800,2023-03-15,15
3201,774,2025-03-01,50
3201,503,2025-01-05,10
3202,450,2023-01-24,45
3202,547,2019-11-17,100
3203,452,2024-12-21,75
3204,501,2024-05-19,50
3204,127,2025-07-01,30
3206,285,2023-04-01,95
3208,162,2025-06-15,30
3209,19,2022-10-21,40
3209,517,2024-01-14,60
3210,307,2024-05-12,55
3210,428,2024-09-29,35
3211,692,2021-04-17,50
3212,846,2020-10-21,80
3212,581,2020-02-29,55
3212,661,2020-09-05,45
3213,739,2017-11-25,70
3213,460,2018-04-13,40
3215,882,2020-11-09,65
3216,496,2024-02-18,5
3218,696,2022-06-21,55
3219,809,2025-07-18,50
3220,567,2023-10-12,5
3221,776,2018-08-14,60
3221,206,2023-04-25,25
3222,731,2025-01-22,30
3223,222,2019-03-30,95
3224,410,2025-08-14,45
3224,297,2025-07-18,80
3224,961,2025-08-15,80
3225,527,2025-05-09,100
3226,257,2024-12-26,50
3226,41,2024-10-30,20
3226,398,2025-08-14,25
3227,167,2023-07-05,40
3227,540,2023-01-31,35
3228,28,2019-03-03,100
3230,744,2023-07-23,55
3231,815,2022-11-03,65
3233,600,2024-12-03,85
3234,114,2023-06-13,70
3235,648,2020-03-22,45
3235,163,2021-09-20,85
3235,746,2024-11-23,70
3236,718,2025-01-29,85
3236,6,2023-06-20,80
3236,277,2024-07-23,90
3237,887,2025-07-01,50
3237,22,2023-03-16,55
3241,953,2020-05-31,95
3242,973,2024-07-25,100
3243,416,2025-05-10,95
3243,787,2022-05-23,25
3244,717,2025-03-06,5
3244,35,2024-11-17,70
3245,5,2018-10-20,60
3245,740,2024-06-17,45
3246,923,2023-06-24,70
3246,488,2019-01-04,80
3246,375,2025-06-28,70
3247,117,2020-03-17,90
3248,176,2022-03-29,30
3250,150,2023-11-22,55
3251,568,2025-07-11,90
3253,833,2023-12-10,70
3254,502,2023-03-16,75
3255,291,2025-07-06,70
3255,917,2024-12-21,15
3255,43,2024-11-25,45
3257,233,2022-04-29,55
3257,549,2020-09-12,50
3258,177,2025-07-14,20
3259,103,2021-10-25,75
3259,783,2024-12-20,10
3259,658,2023-11-26,95
3262,126,2022-10-05,55
3262,838,2021-05-14,30
3263,96,2023-07-17,20
3263,549,2022-03-11,50
3264,120,2024-07-07,80
3266,141,2025-08-01,60
3267,385,2024-07-01,55
3267,115,2024-03-06,30
3267,436,2024-07-18,25
3271,547,2021-03-23,15
3273,604,2024-12-15,20
3274,259,2021-11-14,85
3275,529,2021-04-02,55
3276,635,2022-10-23,15
3277,817,2024-01-28,40
3277,987,2023-11-08,90
3279,113,2017-11-04,95
3280,207,2024-06-19,90
3280,887,2024-12-15,85
3280,438,2024-09-10,5
3282,909,2023-04-08,45
3282,373,2023-05-24,35
3282,430,2022-12-29,30
3283,668,2023-04-05,80
3284,1,2025-02-14,35
3284,762,2024-01-31,50
3285,158,2025-05-26,25
3285,911,2024-10-26,50
3285,672,2025-01-15,65
3286,213,2022-03-28,25
3287,933,2017-01-17,35
3288,587,2017-09-28,45
3288,756,2018-02-25,80
3288,240,2023-08-30,35
3289,604,2022-11-22,5
3290,896,2024-07-29,50
3290,974,2024-06-13,15
3292,974,2025-04-09,25
3292,593,2025-03-30,75
3293,294,2023-02-13,90
3295,988,2021-11-21,100
3299,545,2019-06-12,95
3300,405,2020-09-28,20
3301,256,2020-08-25,85
3303,191,2024-08-06,45
3303,642,2023-12-23,45
3304,767,2021-11-18,95
3304,967,2020-03-08,95
3304,184,2023-11-10,45
3305,949,2023-03-01,40
3305,225,2023-12-05,55
3305,1000,2022-10-25,30
3306,417,2017-11-17,30
3306,666,2018-06-09,40
3307,153,2023-11-03,15
3309,553,2023-01-27,50
3309,964,2019-10-15,50
3311,155,2025-03-07,75
3311,972,2025-06-08,55
3312,724,2020-01-21,90
3313,881,2025-07-03,65
3315,450,2019-12-06,40
3315,595,2018-11-25,20
3317,559,2023-04-06,60
3318,129,2023-10-11,30
3319,291,2021-07-02,35
3320,318,2022-04-17,70
3321,788,2025-06-21,15
3321,29,2024-03-12,40
3321,661,2025-05-11,25
3322,334,2021-04-01,30
3322,859,2021-11-05,35
3322,852,2024-01-12,20
3324,885,2022-08-24,100
3325,748,2019-03-01,75
3325,54,2024-07-07,40
3326,464,2024-09-20,80
3327,908,2024-02-11,95
3327,549,2023-03-10,30
3329,63,2024-11-11,85
3331,20,2022-03-30,40
3333,94,2025-07-12,100
3333,398,2025-07-06,40
3333,344,2025-06-25,30
3335,69,2020-01-17,85
3336,677,2021-10-13,35
3336,706,2018-11-17,5
3337,535,2021-03-12,60
3338,882,2020-02-18,80
3340,356,2022-01-30,5
3341,823,2023-08-11,30
3342,510,2020-03-08,25
3344,863,2016-05-05,70
3344,605,2019-11-16,15
3346,502,2024-08-31,80
3346,995,2022-09-01,50
3346,663,2020-05-08,60
3348,39,2024-12-08,65
3349,918,2025-05-24,100
3350,900,2022-07-22,65
3350,374,2025-01-02,25
3352,242,2024-07-25,35
3356,887,2020-01-31,5
3356,851,2019-04-23,55
3357,938,2024-03-27,40
3359,818,2024-06-15,45
3361,439,2021-03-14,80
3362,43,2019-03-05,70
3362,198,2020-03-01,95
3363,604,2018-03-19,85
3363,119,2022-12-17,15
3364,557,2024-10-29,35
3366,940,2024-09-04,80
3367,45,2017-09-24,70
3368,834,2018-07-27,40
3369,679,2024-01-18,25
3372,212,2022-06-17,85
3373,593,2024-09-25,10
3373,171,2025-05-25,20
3373,975,2024-06-12,20
3374,414,2024-10-17,50
3374,16,2025-04-20,35
3376,412,2024-08-27,45
3378,327,2023-07-08,55
3378,240,2025-06-14,80
3379,565,2020-04-19,10
3380,669,2016-06-03,75
3380,50,2019-05-13,60
3381,799,2025-08-04,5
3381,634,2025-08-15,50
3385,905,2025-05-14,50
3386,958,2022-08-14,75
3386,596,2023-05-31,85
3388,424,2024-10-03,15
3388,249,2025-06-05,15
3388,394,2025-07-07,75
3389,585,2022-01-15,60
3389,269,2018-06-11,95
3390,21,2023-05-10,70
3390,305,2025-06-22,75
3391,140,2017-02-07,65
3393,926,2024-08-11,85
3393,413,2023-11-07,35
3394,992,2023-07-04,75
3397,194,2023-06-19,45
3398,206,2023-11-13,70
3400,328,2025-01-11,70
3401,177,2018-07-26,35
3401,885,2023-08-25,60
3401,639,2018-06-19,75
3402,629,2023-11-17,55
3402,456,2021-11-27,85
3402,778,2021-06-07,5
3403,797,2022-01-16,100
3405,169,2024-01-19,25
3405,56,2023-07-23,40
3406,719,2024-08-03,60
3407,459,2025-05-01,65
3407,402,2024-05-21,20
3408,904,2025-01-04,15
3408,175,2024-04-15,90
3408,642,2020-05-13,15
3409,209,2025-07-10,100
3410,132,2019-07-08,70
3411,730,2025-07-07,70
3412,529,2024-02-27,85
3413,764,2025-04-26,35
3413,677,2024-11-04,40
3414,368,2022-11-22,15
3414,459,2020-06-14,85
3417,8,2020-03-22,100
3417,683,2021-08-05,85
3419,912,2024-04-24,30
3419,228,2023-09-25,55
3422,919,2024-12-02,70
3423,34,2020-11-02,55
3425,180,2024-03-26,5
3425,346,2024-08-03,60
3426,285,2025-02-16,50
3427,831,2023-05-07,65
3428,406,2019-04-30,95
3428,98,2021-04-11,80
3428,449,2018-08-30,75
3429,939,2023-02-25,45
3429,264,2024-03-22,35
3430,723,2021-04-03,50
3431,968,2024-10-14,80
3434,263,2025-04-13,50
3435,771,2025-05-25,5
3435,134,2025-08-14,25
3435,237,2025-04-27,80
3436,361,2019-12-17,70
3437,980,2022-09-29,70
3438,561,2025-01-07,50
3438,157,2020-12-19,95
3439,821,2023-12-26,15
3441,34,2025-04-22,35
3441,225,2020-07-23,100
3442,685,2024-11-28,25
3443,968,2024-05-31,45
3445,476,2019-09-06,85
3447,904,2019-03-07,10
3448,984,2023-10-17,95
3448,621,2024-09-11,40
3448,149,2023-06-20,70
3449,599,2022-08-19,50
3449,852,2024-02-06,90
3450,749,2019-08-19,95
3452,871,2024-11-26,30
3453,178,2024-06-05,65
3455,916,2023-02-27,35
3457,719,2018-10-25,100
3458,557,2018-11-30,70
3460,802,2023-06-15,60
3461,128,2024-06-03,40
3462,740,2024-12-31,80
3465,257,2025-05-22,100
3465,229,2023-06-27,25
3465,106,2023-06-23,5
3466,18,2024-07-19,90
3466,754,2023-03-22,80
3467,999,2023-12-26,75
3467,892,2019-05-25,30
3468,204,2025-08-21,35
3468,355,2025-08-19,15
3469,321,2018-07-05,20
3470,212,2025-02-06,70
3470,924,2021-12-18,80
3471,481,2025-08-16,45
3471,131,2025-05-18,70
3471,802,2025-02-22,10
3472,227,2022-07-25,35
3473,649,2022-12-01,5
3474,329,2024-01-31,45
3475,853,2024-11-20,90
3475,25,2025-04-10,30
3476,92,2023-12-28,100
3476,422,2022-12-14,20
3477,237,2023-06-15,40
3477,354,2025-06-03,90
3478,889,2024-12-19,80
3479,115,2024-03-06,90
3480,259,2020-09-24,80
3481,963,2022-09-21,45
3483,916,2019-01-23,85
3483,283,2023-10-13,80
3484,554,2024-10-20,75
3484,178,2024-02-17,55
3484,291,2022-01-21,30
3486,53,2025-04-06,20
3486,11,2025-06-11,75
3487,698,2023-03-11,80
3489,641,2025-08-19,60
3490,495,2021-06-09,95
3490,454,2019-04-05,25
3490,195,2024-08-18,55
3492,505,2025-07-28,35
3493,394,2022-07-01,60
3495,647,2022-06-16,50
3496,366,2020-03-19,35
3497,93,2023-04-18,35
3498,144,2023-06-13,100
3500,632,2025-03-07,70
3500,551,2023-04-15,40
3500,765,2022-07-23,50
3501,521,2025-03-21,50
3502,730,2019-04-21,15
3502,32,2025-04-23,80
3503,729,2022-11-08,80
3504,811,2021-12-10,60
3505,680,2018-11-18,20
3506,190,2025-07-30,15
3506,829,2024-08-06,80
3506,489,2024-09-02,95
3507,465,2017-10-20,50
3507,764,2022-07-17,30
3508,112,2024-02-14,15
3508,678,2025-05-17,15
3509,694,2025-07-14,65
3510,108,2024-11-27,25
3510,636,2021-10-07,90
3511,334,2017-07-17,30
3511,20,2022-07-20,70
3511,66,2022-11-29,50
3512,623,2022-06-02,70
3512,124,2025-08-14,60
3513,824,2025-07-01,80
3513,893,2025-08-16,10
3514,747,2023-12-06,80
3515,515,2024-11-23,50
3516,9,2024-09-07,20
3517,785,2022-07-10,55
3518,215,2022-01-24,65
3518,300,2025-08-18,25
3518,682,2024-05-22,75
3519,991,2020-08-31,20
3519,372,2024-03-27,85
3519,268,2019-08-08,10
3520,969,2020-10-03,60
3520,613,2018-05-17,30
3520,235,2023-05-24,80
3521,764,2025-08-12,85
3522,344,2022-11-07,70
3522,760,2024-06-19,25
3522,313,2024-07-22,60
3523,841,2022-10-16,60
3524,365,2024-05-30,25
3527,809,2024-09-06,65
3527,16,2024-10-04,80
3527,916,2023-01-24,40
3528,459,2022-07-28,85
3528,824,2023-12-23,65
3528,231,2025-02-06,25
3531,984,2022-07-15,15
3532,209,2021-07-20,45
3532,309,2021-09-11,75
3534,857,2023-11-18,35
3534,205,2015-09-07,55
3538,72,2020-09-16,55
3540,421,2022-12-03,30
3540,674,2021-09-05,35
3540,754,2025-08-04,25
3541,132,2025-07-18,75
3541,798,2017-04-12,65
3541,52,2021-02-23,30
3544,103,2024-06-01,20
3546,702,2025-07-06,100
3546,29,2025-05-02,50
3547,481,2023-02-13,25
3548,986,2024-02-17,20
3548,591,2024-01-24,30
3548,321,2025-02-26,20
3549,622,2021-04-07,45
3549,191,2023-11-25,55
3550,543,2024-03-11,70
3550,185,2021-12-31,100
3551,958,2024-07-22,5
3554,566,2023-11-27,35
3554,958,2023-11-12,45
3556,521,2024-04-27,20
3556,340,2020-02-16,40
3558,868,2021-03-23,40
3558,592,2023-02-14,45
3560,389,2022-03-02,45
3562,603,2025-07-20,70
3563,512,2021-06-28,45
3563,444,2022-10-20,30
3563,256,2017-06-10,90
3564,453,2019-07-04,30
3564,888,2021-05-12,75
3564,266,2022-02-08,85
3565,661,2023-06-13,100
3566,102,2021-02-19,95
3568,823,2023-10-12,65
3569,144,2020-06-15,65
3569,811,2020-04-26,70
3569,640,2023-09-13,80
3571,140,2018-12-04,70
3571,614,2020-06-06,100
3572,902,2025-07-22,35
3572,395,2025-04-14,85
3572,917,2025-06-18,5
3573,453,2022-04-29,10
3574,73,2018-10-20,100
3575,981,2018-07-02,35
3575,113,2022-12-14,50
3577,164,2024-08-03,85
3579,189,2021-12-29,5
3579,749,2025-08-17,75
3579,667,2025-07-15,75
3582,384,2023-07-30,100
3583,682,2025-08-07,35
3583,405,2024-05-15,35
3584,279,2023-03-08,100
3585,123,2025-01-02,35
3585,666,2015-09-22,35
3587,791,2024-11-02,25
3588,68,2025-08-20,45
3590,567,2022-04-20,20
3591,323,2025-04-09,30
3591,611,2023-04-10,80
3593,333,2025-07-16,10
3593,605,2024-04-10,30
3594,907,2025-04-15,50
3595,459,2025-07-20,100
3595,957,2025-06-30,15
3597,506,2025-06-17,25
3598,769,2024-01-02,40
3598,485,2023-11-08,65
3599,403,2022-08-22,75
3600,775,2022-03-17,30
3601,855,2022-08-08,100
3601,430,2019-05-12,30
3601,483,2024-10-13,15
3602,950,2021-09-30,85
3602,673,2025-04-01,75
3602,758,2024-08-14,90
3603,958,2023-03-07,50
3604,423,2021-10-15,100
3605,930,2019-10-11,85
3607,562,2018-10-18,65
3607,722,2018-03-23,50
3607,796,2019-07-03,100
3608,233,2020-05-09,15
3608,322,2016-02-22,95
3608,604,2015-11-16,85
3610,504,2024-09-21,55
3611,968,2025-05-12,95
3612,999,2024-05-20,95
3613,400,2025-05-23,85
3613,983,2019-04-28,40
3615,607,2024-09-19,40
3616,177,2025-04-14,20
3617,975,2024-09-15,15
3617,937,2023-01-11,60
3618,213,2025-07-21,35
3619,733,2023-04-21,95
3620,8,2024-11-04,30
3620,666,2024-09-24,70
3621,809,2021-07-20,30
3621,742,2025-03-30,80
3622,650,2024-06-19,55
3623,723,2022-12-07,95
3625,834,2024-12-26,55
3626,931,2019-05-25,30
3627,9,2021-08-12,35
3629,112,2023-01-27,15
3629,146,2021-11-18,40
3631,27,2025-07-25,70
3633,977,2023-08-28,80
3634,473,2025-05-07,20
3635,650,2024-03-16,55
3636,877,2024-07-01,70
3637,78,2023-04-10,45
3638,39,2025-04-07,100
3639,333,2024-08-16,15
3639,321,2025-08-15,75
3639,770,2025-01-20,55
3640,706,2021-07-17,100
3641,689,2024-08-09,95
3642,925,2022-11-01,40
3643,394,2020-02-26,85
3643,524,2022-08-21,85
3643,504,2024-02-26,85
3644,276,2024-12-09,40
3644,392,2024-05-11,80
3646,269,2022-06-07,55
3647,496,2024-01-20,45
3648,846,2025-04-20,75
3648,960,2024-11-10,95
3649,94,2023-03-04,15
3651,929,2021-06-10,65
3651,221,2025-02-11,60
3651,373,2023-09-08,30
3652,977,2022-12-02,85
3653,489,2024-11-01,30
3653,856,2025-07-30,85
3654,526,2024-04-01,35
3654,495,2018-10-08,65
3654,284,2020-09-19,35
3655,310,2023-08-14,15
3656,245,2024-12-26,100
3656,494,2023-09-21,55
3659,231,2022-12-30,40
3661,738,2020-12-05,50
3661,505,2021-12-12,50
3662,781,2022-08-13,15
3663,550,2024-07-10,5
3667,814,2016-04-03,70
3668,317,2023-10-01,90
3670,65,2023-04-07,25
3672,497,2025-03-21,60
3673,422,2024-06-14,25
3675,59,2024-12-20,85
3675,236,2024-11-15,60
3677,525,2017-01-11,25
3678,285,2019-01-07,35
3679,495,2017-07-20,90
3679,62,2017-03-12,55
3679,333,2023-09-22,95
3681,761,2022-10-17,80
3681,593,2025-03-21,30
3682,469,2023-04-11,60
3683,79,2025-08-15,5
3683,39,2025-06-30,50
3685,378,2025-05-11,95
3687,697,2020-03-22,35
3687,956,2019-02-12,10
3689,882,2023-08-24,40
3692,645,2023-11-23,80
3692,97,2024-11-03,35
3694,518,2024-01-20,45
3695,339,2022-10-26,100
3695,279,2024-11-30,5
3696,351,2024-11-14,45
3698,49,2024-08-13,45
3698,260,2022-01-23,20
3698,944,2017-03-10,75
3699,941,2018-12-25,95
3700,829,2020-07-27,5
3701,523,2022-04-12,10
3702,154,2024-04-10,75
3703,645,2020-09-23,10
3703,397,2025-04-27,10
3703,139,2021-01-12,40
3704,554,2024-09-18,10
3706,656,2023-05-29,45
3706,961,2021-09-28,95
3707,858,2023-03-31,80
3707,979,2022-05-28,25
3708,375,2025-07-07,70
3710,654,2024-12-04,85
3710,967,2025-01-05,45
3710,576,2025-04-11,40
3711,430,2022-01-07,90
3712,884,2025-05-11,65
3713,639,2019-07-02,20
3713,123,2020-11-23,50
3713,83,2024-04-22,75
3714,673,2023-11-04,50
3715,943,2021-08-13,75
3720,742,2024-01-21,80
3721,877,2025-08-09,45
3721,435,2025-08-19,70
3721,884,2025-07-24,65
3723,929,2022-08-10,15
3724,316,2025-03-13,30
3724,66,2019-05-19,70
3725,689,2021-04-19,40
3726,603,2021-08-29,85
3727,637,2024-07-07,25
3728,748,2025-03-30,10
3731,713,2025-06-27,50
3733,44,2022-06-19,100
3734,688,2022-03-07,65
3736,276,2024-09-22,60
3737,201,2023-04-23,20
3737,398,2024-05-25,25
3738,925,2025-06-24,25
3739,778,2025-07-18,85
3739,929,2025-06-12,10
3740,338,2025-02-26,15
3740,150,2023-09-18,45
3742,616,2018-02-06,55
3742,482,2021-08-05,30
3743,36,2024-05-07,5
3744,637,2024-02-18,25
3744,898,2021-07-31,90
3745,865,2025-08-17,45
3745,963,2025-08-15,10
3745,476,2025-08-24,100
3746,73,2025-02-13,10
3747,224,2025-05-04,90
3749,775,2018-11-02,90
3750,338,2022-02-18,65
3751,285,2018-08-30,70
3751,148,2021-07-27,75
3752,698,2021-06-17,80
3753,582,2021-09-15,95
3753,399,2022-01-24,10
3755,793,2025-04-17,40
3756,860,2024-03-20,35
3756,940,2024-03-24,65
3758,330,2025-08-15,75
3760,476,2025-08-24,50
3762,967,2021-06-18,100
3762,499,2021-05-19,90
3765,377,2021-10-09,50
3765,302,2023-03-16,40
3766,898,2020-09-05,75
3767,738,2024-11-21,60
3768,548,2024-12-30,40
3769,930,2025-01-30,30
3770,890,2020-07-24,65
3771,913,2025-08-08,80
3772,99,2022-12-06,65
3772,823,2022-07-11,75
3772,792,2020-10-10,75
3773,226,2023-07-17,60
3773,867,2023-05-10,65
3774,519,2022-09-20,95
3774,138,2022-11-24,90
3775,259,2021-02-03,75
3776,475,2021-11-29,15
3776,986,2018-03-06,75
3778,73,2025-07-31,30
3780,593,2023-11-08,85
3783,104,2023-05-28,55
3784,644,2022-09-03,35
3784,62,2023-06-05,65
3785,454,2023-09-18,45
3786,166,2023-11-21,25
3786,77,2022-03-26,95
3787,465,2018-10-17,15
3788,52,2022-05-19,10
3788,81,2019-06-16,20
3790,127,2023-02-02,55
3792,148,2025-02-19,35
3793,840,2024-02-14,10
3793,420,2023-08-13,95
3794,148,2024-08-17,100
3795,822,2025-08-18,50
3797,331,2022-06-07,35
3798,347,2024-01-18,70
3798,299,2025-01-23,25
3801,321,2023-04-16,55
3802,82,2020-12-12,85
3802,307,2018-07-04,100
3803,401,2022-04-20,85
3804,966,2020-07-22,35
3805,278,2017-05-26,30
3805,306,2021-08-08,80
3806,122,2023-12-03,95
3807,805,2025-05-13,5
3807,217,2025-06-01,65
3808,665,2022-10-10,55
3808,60,2024-06-17,75
3809,864,2023-11-30,55
3809,49,2022-02-04,90
3810,577,2021-11-12,100
3811,575,2016-12-07,45
3812,131,2020-10-20,15
3812,512,2020-01-19,50
3814,913,2023-04-15,60
3814,225,2025-07-05,45
3814,653,2022-08-29,20
3817,100,2025-05-18,30
3818,226,2016-10-28,25
3819,469,2025-05-14,55
3823,4,2017-04-22,20
3823,98,2024-02-21,20
3824,850,2023-10-21,80
3824,925,2022-04-11,100
3826,447,2016-05-09,85
3827,451,2025-08-22,55
3828,517,2021-06-16,50
3828,526,2019-02-20,30
3831,580,2024-02-07,35
3832,457,2020-09-11,100
3832,353,2023-03-09,75
3834,217,2025-03-16,95
3837,992,2024-11-05,45
3837,814,2021-06-06,10
3837,449,2023-03-05,65
3838,660,2025-03-23,60
3839,214,2019-03-04,35
3840,616,2020-07-16,40
3842,264,2018-07-23,10
3843,647,2025-07-24,25
3843,465,2025-06-18,10
3844,268,2025-04-02,65
3845,271,2024-07-07,40
3845,800,2021-06-16,20
3845,482,2024-04-21,15
3846,348,2024-01-25,85
3846,88,2019-07-10,20
3847,574,2024-08-11,100
3848,441,2025-06-10,100
3849,809,2024-08-19,90
3850,743,2022-02-02,40
3852,463,2023-10-10,20
3853,485,2023-06-04,55
3853,470,2023-02-18,5
3854,160,2022-01-03,15
3854,694,2021-05-15,15
3855,205,2025-06-25,100
3855,674,2025-07-09,45
3855,571,2025-06-21,35
3856,972,2024-12-19,100
3857,772,2024-05-14,20
3858,147,2025-04-13,50
3858,954,2025-06-15,10
3859,615,2025-04-01,75
3860,892,2023-05-10,85
3861,28,2021-05-23,15
3862,998,2024-04-22,40
3862,23,2024-05-24,95
3863,277,2025-05-21,15
3865,984,2023-06-27,90
3866,884,2025-02-02,30
3867,431,2024-02-20,75
3867,168,2025-07-21,95
3868,966,2019-03-22,25
3869,584,2025-03-05,5
3870,880,2024-11-23,15
3872,300,2025-04-15,25
3873,187,2021-09-17,100
3873,284,2024-10-28,15
3874,831,2025-07-21,95
3874,868,2024-11-29,45
3874,88,2024-03-14,15
3876,526,2020-05-27,75
3876,759,2019-05-12,5
3877,17,2024-07-28,30
3878,90,2020-11-13,45
3878,740,2020-09-10,65
3878,494,2025-07-07,40
3879,656,2023-12-03,45
3880,338,2022-08-01,80
3880,162,2024-04-13,90
3881,355,2024-10-05,85
3881,348,2022-10-04,40
3881,231,2023-02-12,30
3885,274,2024-07-11,90
3885,70,2024-08-12,15
3887,309,2018-03-13,45
3887,591,2019-12-23,95
3888,493,2024-11-17,30
3888,615,2025-01-04,90
3888,580,2023-07-22,90
3889,814,2025-05-23,85
3889,315,2025-03-22,45
3889,360,2022-09-08,95
3890,24,2025-03-26,90
3890,114,2025-01-22,35
3891,634,2023-03-05,25
3892,41,2024-10-22,25
3894,982,2024-11-25,80
3896,125,2024-06-23,85
3896,203,2020-04-27,65
3897,231,2021-05-14,40
3897,919,2022-02-21,15
3898,47,2024-07-20,50
3899,720,2025-04-18,80
3899,279,2025-08-20,45
3901,448,2023-08-02,55
3902,35,2022-12-16,35
3902,519,2020-02-24,90
3903,679,2022-06-16,25
3903,629,2022-06-15,65
3904,569,2024-12-09,45
3904,530,2025-01-07,45
3904,28,2022-09-25,55
3905,24,2023-04-19,45
3905,406,2019-10-15,40
3905,533,2022-01-02,85
3906,695,2025-08-11,25
3906,764,2023-07-19,35
3907,931,2021-08-22,65
3907,324,2020-07-30,70
3911,97,2025-04-14,90
3911,591,2024-02-29,70
3911,333,2022-05-09,80
3912,696,2022-02-15,45
3914,502,2023-05-06,70
3915,970,2025-04-10,95
3915,161,2019-01-28,40
3916,134,2023-11-11,10
3917,847,2025-08-15,55
3918,768,2025-08-19,65
3918,909,2025-08-13,25
3918,359,2025-08-11,65
3919,88,2020-08-21,95
3919,608,2024-09-11,60
3919,181,2021-10-15,30
3920,33,2022-11-10,85
3921,886,2022-04-30,75
3922,534,2025-02-09,55
3924,21,2022-07-18,30
3927,388,2025-03-21,10
3927,250,2024-09-19,20
3928,707,2022-06-18,95
3928,298,2025-04-13,30
3929,758,2017-02-04,50
3929,45,2020-05-30,60
3930,579,2023-03-30,55
3932,663,2020-03-30,95
3933,162,2022-08-12,90
3933,530,2025-08-17,55
3933,439,2025-08-01,55
3935,306,2024-06-30,85
3936,91,2025-07-23,55
3936,911,2025-07-21,95
3937,282,2024-07-07,15
3939,899,2025-02-11,20
3940,786,2023-05-11,60
3941,568,2022-03-18,20
3942,211,2023-02-02,45
3943,127,2023-09-29,50
3945,455,2019-03-03,100
3947,452,2021-03-20,90
3948,44,2025-07-16,80
3948,209,2023-01-14,45
3948,761,2023-01-17,80
3949,22,2023-10-15,35
3950,267,2025-02-12,25
3950,517,2024-12-06,35
3951,536,2023-03-22,80
3952,890,2017-02-15,70
3952,306,2017-03-31,5
3953,884,2024-03-20,90
3956,857,2023-11-06,100
3957,448,2025-06-08,45
3958,681,2024-12-16,35
3959,456,2022-11-15,40
3959,25,2022-07-21,65
3960,423,2024-11-09,45
3960,48,2023-04-27,45
3962,439,2024-09-27,100
3964,24,2022-01-24,100
3965,375,2025-05-10,30
3966,938,2016-04-04,85
3967,615,2023-07-16,50
3967,450,2025-08-10,75
3968,737,2025-05-23,95
3969,607,2020-12-29,40
3969,625,2021-02-02,40
3969,390,2024-07-21,15
3971,123,2025-05-28,80
3972,934,2024-05-24,25
3974,38,2021-12-08,50
3975,936,2021-10-21,10
3975,810,2018-12-28,5
3975,550,2022-01-21,55
3976,693,2024-10-15,25
3977,224,2024-09-23,70
3978,856,2022-10-03,50
3980,93,2019-11-15,40
3980,416,2023-07-09,35
3980,360,2017-05-08,100
3981,514,2020-12-09,45
3982,105,2024-11-29,85
3982,251,2024-09-15,10
3984,702,2024-10-19,35
3984,225,2021-04-30,90
3985,920,2018-05-28,25
3985,729,2017-11-07,5
3987,241,2018-07-23,45
3988,810,2016-11-09,10
3989,767,2019-08-03,60
3990,89,2024-05-04,100
3990,161,2025-04-16,35
3991,179,2025-05-29,15
3991,822,2025-08-22,75
3992,29,2023-10-16,55
3992,948,2023-12-05,55
3992,937,2023-10-26,20
3993,941,2019-02-15,25
3993,507,2018-10-09,75
3993,999,2024-09-16,20
3994,334,2021-06-10,85
3995,981,2019-08-18,35
3996,13,2019-03-12,40
3998,801,2025-02-06,25
3999,572,2024-08-17,20
4000,127,2025-06-26,55
4002,948,2023-06-13,10
4003,898,2017-03-04,80
4003,884,2017-08-17,60
4004,581,2022-06-28,20
4005,358,2022-11-07,30
4006,378,2024-12-16,35
4007,32,2021-01-16,55
4007,52,2016-03-29,35
4008,761,2017-01-30,30
4008,710,2025-03-30,5
4008,295,2022-01-17,70
4009,987,2021-12-23,70
4011,490,2023-10-10,95
4013,896,2022-04-08,70
4013,770,2024-08-22,50
4016,903,2018-12-03,35
4017,483,2023-03-05,30
4018,708,2023-04-22,35
4019,80,2020-02-06,40
4020,128,2023-05-27,70
4022,866,2024-12-22,45
4024,552,2018-07-11,80
4025,250,2024-02-04,30
4026,647,2020-10-28,80
4026,55,2019-08-24,20
4026,293,2018-09-03,15
4027,638,2020-12-31,5
4027,213,2025-08-13,95
4027,573,2021-01-15,65
4028,1,2024-08-25,60
4028,943,2025-02-27,5
4029,823,2025-07-21,20
4030,661,2023-12-28,20
4032,669,2025-08-03,5
4035,41,2022-10-23,20
4035,100,2022-07-01,85
4035,597,2019-01-02,100
4037,585,2025-01-03,55
4040,605,2025-03-22,55
4040,356,2025-03-12,80
4041,902,2023-05-24,30
4042,820,2025-08-21,60
4042,20,2025-08-20,40
4043,981,2020-07-16,80
4045,29,2025-02-19,20
4045,269,2025-03-01,10
4047,202,2020-11-29,25
4048,232,2022-09-08,60
4048,838,2023-12-09,15
4049,442,2025-03-14,80
4051,378,2024-09-05,10
4053,970,2023-09-30,60
4053,85,2023-03-20,55
4054,358,2024-02-15,75
4055,886,2021-08-30,45
4057,465,2024-10-06,55
4057,583,2025-01-01,25
4059,992,2021-07-15,35
4059,383,2019-07-16,95
4061,705,2022-12-26,65
4062,843,2022-11-15,20
4064,981,2024-05-31,5
4065,367,2023-07-21,45
4066,278,2025-06-17,55
4067,873,2024-04-25,90
4067,750,2025-06-14,65
4068,595,2025-06-13,85
4069,864,2025-04-23,95
4070,275,2024-06-13,30
4070,601,2017-07-24,100
4071,527,2023-10-07,45
4072,60,2025-06-23,35
4075,177,2024-12-29,5
4075,174,2025-02-28,70
4077,988,2019-10-31,65
4078,209,2025-04-23,75
4079,359,2025-02-28,50
4080,255,2018-12-09,80
4082,10,2016-09-27,50
4083,177,2020-11-21,20
4085,278,2025-08-19,95
4086,480,2024-10-18,40
4088,587,2025-05-01,25
4091,157,2025-08-14,70
4092,520,2024-08-02,25
4093,46,2023-07-14,50
4094,165,2022-12-17,35
4094,23,2022-09-13,70
4095,144,2025-07-17,50
4095,105,2025-03-28,70
4095,284,2025-07-13,90
4096,529,2022-07-13,60
4096,906,2021-09-07,5
4098,559,2024-07-11,85
4098,861,2025-05-27,30
4099,38,2025-01-17,20
4099,232,2025-03-01,40
4100,645,2022-01-13,55
4102,131,2017-11-20,70
4103,512,2024-08-31,65
4103,812,2024-09-12,25
4104,59,2024-10-21,30
4104,957,2024-12-09,5
4105,935,2023-12-08,15
4106,784,2022-07-28,85
4108,666,2022-12-17,95
4108,830,2022-01-16,100
4110,150,2024-12-31,10
4112,861,2023-09-10,25
4114,407,2024-03-12,65
4114,161,2025-04-14,55
4115,537,2023-06-16,50
4115,85,2025-03-14,25
4116,984,2024-06-12,65
4116,756,2024-12-23,85
4116,267,2025-01-05,40
4117,279,2023-09-27,90
4117,764,2019-08-13,30
4118,175,2022-11-23,100
4119,313,2025-06-21,45
4122,568,2024-01-02,40
4122,507,2023-11-07,50
4123,316,2021-10-30,95
4125,643,2024-01-29,45
4126,859,2025-07-21,35
4127,233,2021-10-08,45
4128,963,2017-01-30,100
4128,84,2019-12-26,75
4131,86,2023-12-30,15
4131,687,2022-09-29,30
4131,42,2024-08-08,100
4132,97,2022-04-05,95
4133,534,2024-07-06,70
4133,740,2025-05-21,70
4136,79,2022-04-10,25
4136,470,2022-08-16,35
4138,530,2022-07-19,50
4138,870,2019-08-09,35
4139,142,2019-02-24,25
4139,557,2022-08-17,35
4140,840,2024-05-18,50
4140,516,2024-06-27,65
4141,581,2022-05-15,25
4141,830,2023-02-04,85
4142,129,2022-09-23,100
4142,682,2023-05-28,15
4142,388,2025-01-19,5
4143,809,2023-07-04,15
4146,771,2023-12-13,20
4147,154,2021-11-09,15
4147,64,2018-03-20,85
4149,146,2020-08-02,85
4150,213,2018-10-28,10
4150,367,2022-05-28,90
4150,987,2018-05-25,60
4151,232,2019-12-12,70
4152,560,2023-09-09,95
4153,389,2025-02-07,25
4156,128,2024-11-12,50
4156,261,2024-08-14,100
4156,165,2024-01-20,40
4157,406,2022-09-29,30
4157,732,2023-12-13,95
4159,675,2025-08-24,25
4159,135,2025-08-24,100
4160,889,2025-04-24,55
4161,259,2024-01-24,35
4163,369,2024-09-01,65
4164,526,2018-07-02,55
4164,452,2023-10-02,60
4165,30,2020-11-01,45
4166,86,2023-05-27,45
4166,661,2024-09-08,30
4167,311,2023-05-05,75
4167,939,2024-12-16,50
4168,580,2023-05-24,85
4169,667,2022-08-17,55
4169,362,2022-02-27,45
4170,708,2025-05-19,75
4170,632,2023-09-11,95
4172,603,2024-06-05,60
4173,141,2018-09-30,60
4173,36,2020-10-04,100
4174,478,2023-12-26,40
4176,1,2024-05-30,55
4178,170,2021-01-22,95
4179,749,2016-08-19,100
4179,146,2023-10-02,30
4179,784,2022-02-20,75
4180,511,2024-07-21,55
4180,647,2024-03-12,45
4181,213,2025-08-09,15
4181,671,2025-04-26,95
4182,826,2020-10-28,70
4182,412,2021-05-12,45
4183,69,2025-04-27,70
4184,202,2023-03-10,25
4184,675,2024-05-28,85
4184,512,2024-05-18,65
4186,136,2025-07-16,5
4187,195,2024-03-24,50
4187,262,2024-08-13,25
4189,618,2020-03-10,75
4191,27,2021-05-31,80
4191,70,2019-05-31,25
4192,998,2022-11-12,95
4192,181,2022-03-21,5
4193,328,2023-10-02,90
4194,377,2023-12-03,95
4194,62,2024-09-10,90
4194,784,2023-01-27,40
4196,74,2024-02-18,25
4196,557,2022-06-10,85
4196,344,2023-09-30,30
4198,473,2025-04-24,45
4200,850,2015-08-22,15
4200,944,2022-02-05,40
4200,915,2017-02-27,60
4201,785,2025-02-23,10
4202,422,2025-02-26,15
4202,367,2022-09-27,75
4202,226,2022-04-20,30
4203,635,2021-11-01,80
4204,633,2025-08-23,50
4205,16,2019-06-04,75
4206,300,2022-06-23,20
4206,950,2021-12-16,45
4207,664,2023-05-12,35
4211,852,2025-05-31,95
4212,895,2024-04-24,100
4213,942,2023-12-25,95
4213,425,2025-02-27,80
4214,338,2023-08-15,100
4214,879,2022-10-04,95
4215,209,2025-04-27,95
4217,274,2019-08-18,20
4217,227,2024-09-24,75
4218,339,2025-04-02,5
4220,516,2020-10-25,50
4221,195,2021-06-25,5
4221,308,2023-05-15,70
4222,853,2024-07-14,20
4223,626,2024-03-07,90
4223,351,2024-01-27,10
4223,895,2021-04-27,80
4224,351,2021-10-28,80
4225,265,2022-06-02,55
4225,133,2025-05-20,70
4225,891,2023-10-13,40
4226,564,2021-02-21,70
4226,381,2019-12-28,90
4230,395,2017-03-28,100
4233,111,2021-03-15,25
4234,153,2024-09-17,45
4234,120,2023-03-28,70
4235,101,2024-08-14,90
4236,830,2017-09-14,30
4236,562,2018-04-18,70
4236,149,2016-07-14,60
4237,466,2024-01-01,95
4238,293,2025-05-03,95
4239,366,2020-04-23,55
4239,130,2021-03-29,20
4239,966,2022-12-19,5
4240,798,2022-06-04,5
4240,983,2024-09-04,45
4240,686,2021-08-10,25
4242,325,2019-11-15,40
4244,201,2022-02-18,100
4245,180,2021-06-12,70
4245,794,2023-10-02,30
4245,104,2024-10-10,55
4246,695,2025-02-25,75
4248,491,2022-11-18,100
4249,375,2025-05-24,10
4251,947,2025-06-05,45
4251,26,2025-06-13,20
4252,336,2022-02-27,100
4253,541,2015-08-07,65
4254,425,2024-09-20,45
4255,504,2025-02-06,35
4255,913,2025-05-16,20
4255,391,2025-06-13,70
4256,134,2015-11-23,15
4256,832,2023-05-03,5
4257,794,2024-10-26,70
4258,722,2018-08-13,75
4260,42,2024-04-20,85
4260,899,2020-03-06,70
4260,172,2018-12-27,10
4261,238,2022-11-06,70
4262,822,2022-11-22,85
4263,660,2024-12-10,50
4263,119,2020-07-09,70
4264,683,2022-10-02,75
4264,960,2024-05-12,30
4266,606,2020-01-09,85
4269,322,2025-06-05,20
4271,853,2024-06-06,70
4271,389,2024-04-30,5
4271,355,2024-06-16,50
4272,901,2025-08-10,35
4273,284,2024-09-19,5
4275,861,2023-02-02,55
4277,654,2024-11-27,90
4278,653,2025-06-28,20
4278,568,2024-01-08,55
4279,563,2017-10-02,10
4281,540,2016-05-04,50
4282,719,2025-04-03,65
4283,783,2025-03-22,45
4283,733,2020-08-10,55
4283,23,2021-07-15,30
4284,779,2019-06-29,50
4284,703,2021-08-06,30
4285,431,2025-03-01,25
4286,407,2023-10-28,60
4288,319,2025-05-24,100
4288,966,2020-07-02,85
4288,775,2023-05-10,10
4290,305,2019-09-07,90
4290,969,2022-01-16,10
4293,806,2024-03-24,20
4294,452,2024-02-02,95
4295,701,2023-06-22,45
4298,254,2020-07-15,55
4298,399,2021-01-26,5
4299,223,2021-10-23,100
4300,535,2021-06-13,85
4300,909,2024-03-19,50
4301,469,2018-05-18,25
4301,220,2024-02-15,50
4303,946,2025-06-02,85
4303,889,2023-02-06,10
4304,50,2020-08-04,45
4304,749,2020-05-05,100
4304,320,2024-02-20,35
4308,320,2020-09-04,45
4309,789,2025-06-04,10
4312,218,2021-10-15,35
4313,177,2016-02-23,80
4315,199,2025-06-02,85
4315,828,2025-06-28,30
4316,557,2022-09-13,45
4318,600,2025-07-26,25
4318,969,2025-07-31,100
4319,27,2023-07-07,25
4319,413,2025-08-06,80
4320,266,2018-12-21,35
4321,758,2021-10-17,85
4321,12,2022-05-11,45
4322,358,2025-05-15,5
4322,860,2024-12-11,30
4323,763,2024-07-05,15
4324,405,2020-01-21,20
4325,285,2019-02-03,50
4325,386,2021-01-04,60
4325,150,2021-09-20,95
4326,67,2022-03-25,95
4327,294,2024-02-06,50
4327,688,2025-05-09,30
4328,575,2023-06-30,95
4328,409,2022-05-19,10
4328,655,2020-01-15,65
4332,67,2025-07-12,40
4332,174,2025-01-13,95
4332,68,2025-08-11,65
4335,965,2025-08-24,15
4338,858,2025-05-20,50
4339,923,2023-06-19,100
4340,875,2020-03-21,85
4341,566,2024-12-25,45
4342,676,2021-02-16,50
4343,850,2024-10-08,55
4344,261,2018-05-24,5
4345,908,2022-03-27,70
4346,536,2023-11-29,85
4346,615,2017-10-26,65
4347,684,2020-11-12,40
4347,448,2024-10-17,30
4349,605,2021-10-05,65
4350,952,2022-06-10,65
4351,165,2023-03-17,55
4354,324,2025-07-07,100
4354,371,2025-04-05,5
4355,400,2024-09-18,95
4356,646,2023-07-14,65
4356,615,2023-01-26,5
4360,387,2022-08-02,5
4361,515,2024-12-30,55
4362,511,2024-06-12,90
4362,360,2024-04-21,5
4363,929,2018-11-20,100
4364,898,2020-10-28,15
4365,981,2021-11-14,45
4367,988,2019-03-08,95
4367,137,2018-09-14,100
4369,793,2025-06-13,65
4370,498,2025-07-26,45
4372,504,2022-08-19,15
4373,88,2025-07-20,10
4373,739,2025-05-17,90
4373,465,2025-05-18,5
4374,35,2025-07-20,55
4376,713,2023-12-01,100
4381,912,2025-01-11,5
4381,346,2025-08-13,65
4382,845,2025-05-29,95
4382,48,2025-05-04,50
4383,7,2023-09-07,85
4383,636,2024-12-19,55
4384,619,2019-10-08,65
4385,657,2024-01-27,40
4386,930,2021-06-21,10
4388,912,2025-04-03,60
4390,497,2021-10-04,65
4393,783,2025-04-06,25
4394,909,2023-06-06,30
4396,159,2023-03-07,40
4398,991,2023-10-21,40
4398,557,2024-08-26,25
4398,229,2023-04-02,65
4399,585,2025-07-14,40
4399,220,2024-12-10,100
4400,319,2020-11-11,55
4400,615,2025-08-17,90
4400,825,2023-10-23,75
4401,850,2017-12-06,20
4401,694,2019-12-17,5
4402,244,2025-05-15,75
4402,573,2025-06-09,85
4403,956,2015-07-04,95
4404,878,2020-01-27,40
4404,452,2025-05-08,20
4404,804,2023-04-13,45
4405,579,2021-03-10,50
4406,585,2024-12-18,10
4409,424,2018-12-17,25
4409,102,2021-12-27,100
4409,456,2024-12-23,75
4410,949,2022-09-04,70
4411,703,2025-01-03,95
4411,705,2024-11-07,30
4411,880,2025-02-20,10
4412,260,2020-03-14,30
4413,431,2024-10-08,45
4415,867,2021-04-28,85
4416,909,2023-02-15,85
4417,53,2024-11-23,50
4417,102,2025-04-26,70
4420,592,2020-11-05,75
4421,367,2020-01-07,85
4422,708,2023-10-13,15
4422,536,2024-12-22,85
4423,778,2024-08-24,50
4424,625,2024-09-02,100
4425,667,2022-02-05,95
4426,162,2024-01-26,50
4428,956,2023-10-07,65
4429,218,2025-04-18,75
4430,668,2020-11-07,30
4430,890,2021-11-20,40
4430,871,2023-07-04,50
4432,497,2017-11-21,60
4432,642,2021-10-05,65
4433,38,2023-05-29,40
4433,781,2023-10-13,5
4435,357,2023-08-10,85
4438,277,2023-11-26,20
4439,313,2022-08-26,50
4440,896,2022-07-06,85
4441,293,2016-11-07,70
4442,539,2022-03-01,50
4442,544,2023-11-21,20
4443,539,2025-07-24,65
4445,231,2025-05-10,45
4447,732,2021-07-23,70
4447,280,2021-10-08,45
4449,548,2022-07-31,20
4449,150,2025-01-13,15
4450,166,2022-01-13,95
4452,590,2024-07-04,75
4452,913,2024-04-12,95
4452,10,2025-08-19,25
4453,744,2022-06-23,70
4454,212,2023-04-12,95
4455,617,2016-07-18,5
4457,604,2024-12-31,15
4458,996,2023-07-25,80
4459,551,2022-11-01,80
4460,260,2025-01-16,100
4461,942,2025-04-02,75
4461,435,2025-01-20,100
4462,807,2025-03-01,20
4463,719,2018-10-23,65
4464,464,2024-10-01,40
4464,248,2023-09-29,40
4464,980,2023-12-05,50
4466,190,2021-06-08,100
4468,916,2023-01-08,100
4468,560,2020-10-25,60
4469,716,2023-08-21,20
4471,56,2021-11-08,25
4471,1,2023-08-22,55
4472,787,2025-01-22,80
4474,379,2022-10-12,90
4476,701,2024-04-04,30
4476,436,2025-08-05,65
4477,337,2023-10-11,50
4478,760,2023-08-23,55
4478,870,2021-07-16,60
4479,475,2023-10-02,5
4479,975,2023-07-12,35
4480,242,2025-06-28,90
4482,98,2020-12-24,20
4484,288,2025-06-07,30
4484,437,2023-09-16,100
4485,942,2022-10-05,5
4487,11,2022-09-09,25
4487,140,2021-03-12,5
4489,3,2024-12-21,55
4490,749,2025-02-08,95
4491,212,2023-02-17,50
4492,5,2023-11-03,40
4492,408,2022-03-09,15
4494,426,2024-01-11,85
4494,714,2024-07-14,40
4494,89,2024-05-03,15
4495,114,2021-04-04,10
4496,420,2024-01-21,50
4497,736,2021-01-09,95
4497,927,2022-10-20,30
4498,854,2023-12-26,55
4499,359,2025-06-08,55
4499,371,2025-04-22,60
4500,596,2024-06-07,95
4501,465,2025-07-30,40
4501,509,2019-11-29,65
4501,166,2021-01-07,15
4502,80,2022-10-16,35
4503,275,2024-06-10,75
4503,860,2024-10-07,10
4504,28,2019-06-28,95
4504,129,2019-12-29,70
4504,333,2022-07-18,100
4505,669,2025-01-26,10
4505,585,2025-07-08,90
4506,900,2020-03-30,90
4506,977,2024-06-30,75
4506,331,2019-11-24,25
4507,557,2025-06-07,50
4510,27,2020-06-23,65
4512,658,2021-10-19,10
4512,397,2023-06-08,25
4512,100,2022-03-25,85
4513,968,2025-06-09,80
4513,814,2025-01-07,5
4516,787,2021-10-31,75
4516,574,2018-01-31,35
4518,236,2017-10-24,100
4519,108,2023-02-17,45
4520,758,2024-04-17,35
4520,361,2023-09-22,95
4520,73,2025-07-28,15
4522,879,2022-03-25,85
4522,412,2024-11-26,65
4523,678,2025-07-24,20
4523,771,2024-02-03,60
4525,969,2023-02-23,55
4526,698,2019-11-05,25
4526,57,2019-11-16,65
4528,700,2025-02-17,100
4528,530,2025-02-17,10
4528,165,2024-11-19,65
4529,475,2025-08-16,40
4530,749,2023-01-27,75
4532,205,2021-08-07,75
4532,491,2023-10-09,45
4533,901,2023-11-15,80
4533,197,2023-11-16,65
4534,830,2024-06-30,60
4535,524,2025-04-19,95
4536,171,2018-07-03,35
4536,7,2023-07-15,55
4536,741,2021-07-25,90
4537,664,2021-10-24,95
4539,671,2023-01-26,70
4541,336,2025-03-08,90
4542,909,2018-09-18,60
4543,966,2016-08-26,55
4544,175,2025-01-30,80
4546,24,2025-05-22,60
4546,678,2020-08-19,90
4546,979,2024-11-07,35
4547,739,2019-07-13,10
4548,340,2025-07-27,35
4548,145,2021-05-09,65
4550,847,2022-11-09,40
4552,115,2025-06-25,20
4553,945,2020-12-11,15
4555,815,2020-09-15,85
4556,873,2019-09-12,15
4556,159,2018-10-26,75
4556,281,2020-06-20,60
4557,377,2021-02-13,75
4558,832,2023-01-04,75
4559,707,2020-08-12,65
4559,495,2023-07-14,70
4559,933,2021-01-09,30
4560,737,2021-10-04,95
4561,449,2023-04-26,35
4563,982,2023-05-14,95
4564,855,2025-08-14,100
4565,334,2023-01-07,75
4566,351,2025-08-15,15
4569,791,2025-08-13,10
4569,965,2018-01-27,5
4569,447,2021-01-18,70
4570,314,2024-04-20,80
4570,377,2020-12-25,100
4571,667,2023-04-23,35
4571,597,2024-07-02,35
4572,683,2022-11-27,85
4572,545,2024-12-29,50
4572,244,2025-03-01,65
4573,819,2025-06-30,85
4574,576,2025-07-19,5
4574,532,2025-06-27,75
4574,73,2025-07-22,90
4575,240,2021-04-08,60
4578,434,2025-03-28,70
4580,151,2025-06-23,45
4580,145,2025-01-21,80
4580,985,2025-05-30,30
4582,577,2023-05-02,30
4583,689,2024-12-29,60
4583,326,2024-07-23,25
4583,510,2024-04-09,25
4587,228,2025-03-02,70
4587,313,2020-08-26,30
4589,349,2020-02-27,10
4590,916,2019-12-31,90
4590,119,2022-03-06,75
4591,341,2020-11-01,40
4592,907,2021-02-03,20
4593,25,2022-10-24,50
4593,326,2024-07-15,95
4593,39,2021-11-23,75
4595,734,2023-09-15,25
4596,929,2022-09-01,100
4596,945,2022-03-27,30
4597,531,2025-08-04,30
4598,251,2021-07-31,50
4598,174,2025-06-19,20
4599,989,2021-06-28,5
4599,350,2021-10-30,75
4599,624,2022-11-25,90
4600,634,2025-07-19,60
4602,215,2024-05-26,20
4603,628,2021-03-14,90
4603,392,2025-05-20,5
4603,445,2023-08-02,100
4604,872,2019-04-04,15
4607,537,2025-02-09,90
4608,425,2023-10-08,75
4608,851,2024-12-06,100
4608,140,2018-11-24,30
4609,196,2018-10-11,80
4609,32,2019-09-03,35
4610,242,2025-07-08,45
4614,63,2025-07-19,30
4614,437,2025-07-16,55
4615,360,2022-05-22,5
4615,180,2018-12-20,90
4617,717,2024-08-27,95
4618,24,2024-06-17,55
4618,789,2024-02-16,45
4618,324,2020-07-25,95
4621,577,2023-02-22,75
4621,531,2023-11-05,25
4622,973,2024-10-17,55
4625,956,2020-03-19,35
4627,435,2024-01-07,5
4628,557,2024-05-04,65
4628,499,2024-05-19,30
4629,360,2023-10-06,15
4630,139,2019-05-17,55
4631,690,2021-12-25,100
4633,903,2022-05-02,80
4633,778,2025-04-23,100
4633,610,2023-02-17,90
4635,866,2024-02-11,50
4635,10,2024-07-06,85
4636,90,2017-01-12,15
4637,502,2024-11-18,60
4639,977,2021-06-25,30
4640,868,2024-06-28,35
4642,450,2024-08-23,15
4642,315,2024-11-02,45
4644,874,2025-06-01,30
4644,177,2024-02-12,30
4645,430,2024-03-22,25
4645,68,2024-07-16,85
4647,429,2017-04-11,15
4649,461,2023-11-15,40
4652,719,2024-02-09,40
4653,757,2025-02-11,65
4655,790,2024-12-28,80
4656,929,2023-05-25,50
4656,740,2023-12-31,30
4656,284,2023-09-11,60
4660,538,2024-02-16,90
4663,187,2025-05-09,60
4663,151,2025-08-06,75
4664,924,2023-12-22,5
4665,582,2023-09-08,45
4666,989,2022-02-18,35
4666,453,2023-01-09,100
4670,830,2020-08-04,15
4671,274,2020-09-03,90
4672,31,2021-07-09,70
4673,813,2024-05-17,60
4674,630,2023-05-17,80
4677,68,2021-02-13,10
4678,371,2019-05-14,85
4678,42,2021-02-11,30
4678,926,2019-10-06,75
4679,541,2023-11-14,100
4680,713,2022-10-17,20
4680,29,2018-10-31,60
4681,153,2021-07-09,75
4681,302,2023-09-17,35
4682,940,2025-01-10,85
4684,316,2024-07-25,15
4684,436,2024-11-01,25
4684,219,2023-02-10,75
4685,538,2015-10-16,70
4685,508,2022-12-22,10
4686,4,2024-08-15,100
4686,235,2019-12-02,10
4687,439,2020-07-08,75
4689,426,2024-09-19,60
4690,301,2025-08-23,15
4690,811,2025-06-19,20
4691,24,2021-05-03,5
4691,978,2024-09-13,65
4693,539,2019-05-09,40
4693,244,2022-06-08,55
4694,537,2021-03-31,60
4697,238,2022-07-23,30
4698,500,2022-01-02,5
4698,575,2017-04-09,25
4699,230,2024-08-11,5
4701,243,2024-08-18,10
4702,503,2025-04-16,95
4703,532,2024-06-30,95
4704,858,2017-02-14,10
4707,873,2024-06-01,70
4707,255,2024-09-09,45
4709,909,2025-06-17,20
4710,492,2023-07-25,55
4711,744,2020-12-26,85
4712,643,2023-05-03,50
4713,129,2022-01-01,45
4713,932,2025-05-03,45
4714,865,2024-07-09,85
4714,816,2022-07-27,15
4716,282,2022-12-07,75
4718,970,2024-04-21,100
4718,321,2025-06-09,15
4718,12,2023-12-26,45
4719,139,2025-02-09,20
4719,232,2024-11-28,35
4720,803,2024-02-27,55
4723,929,2025-02-08,30
4726,806,2022-03-21,10
4727,518,2022-04-02,75
4727,660,2023-04-06,85
4731,9,2021-10-31,80
4731,622,2025-07-19,50
4732,78,2024-08-10,45
4734,528,2020-11-27,25
4735,481,2020-10-04,85
4735,992,2017-05-16,45
4736,111,2023-11-15,15
4737,644,2025-03-17,40
4738,515,2023-09-03,45
4739,885,2021-08-02,65
4739,806,2020-02-17,70
4739,830,2025-07-27,65
4742,934,2025-08-11,50
4745,895,2022-03-06,80
4746,954,2020-03-02,5
4747,256,2018-08-23,80
4747,457,2024-09-08,90
4749,357,2023-02-05,35
4750,281,2022-10-07,30
4750,366,2021-06-16,60
4751,552,2019-01-09,50
4752,878,2019-01-26,30
4754,957,2024-01-28,85
4754,390,2022-09-21,30
4754,629,2023-08-06,5
4755,403,2022-05-13,5
4757,201,2024-09-09,75
4757,708,2025-01-24,55
4759,407,2022-11-23,95
4761,246,2019-02-13,65
4762,341,2018-01-28,35
4763,691,2022-10-07,5
4764,471,2019-11-01,15
4765,136,2024-01-18,25
4765,521,2025-07-29,80
4765,47,2022-06-04,70
4766,820,2021-01-19,10
4766,996,2019-04-25,100
4766,254,2025-04-02,95
4767,440,2025-02-13,15
4768,724,2021-04-18,55
4768,263,2025-06-01,60
4770,125,2023-02-04,5
4771,826,2024-08-22,70
4772,2,2024-02-16,65
4772,847,2025-01-04,85
4773,517,2025-06-27,65
4774,35,2025-06-18,25
4774,57,2025-06-25,35
4774,852,2025-06-14,65
4776,16,2025-04-02,70
4776,581,2024-05-11,65
4777,696,2023-08-09,80
4781,359,2024-08-17,45
4781,972,2025-03-28,65
4782,745,2024-11-30,90
4784,569,2019-07-29,90
4784,496,2020-02-04,65
4784,361,2023-02-14,75
4785,610,2025-08-20,60
4785,673,2025-06-21,35
4788,334,2019-01-27,100
4788,958,2021-01-03,35
4789,719,2018-01-22,15
4789,990,2018-01-29,100
4790,655,2022-02-24,40
4790,611,2024-04-06,25
4791,910,2022-04-30,15
4792,826,2020-07-30,75
4792,435,2023-09-22,45
4793,459,2018-05-29,40
4796,369,2023-04-08,15
4796,114,2023-08-09,50
4796,739,2025-07-18,100
4797,3,2018-09-07,10
4799,816,2023-02-02,25
4803,558,2022-01-11,85
4804,561,2019-06-12,55
4805,594,2019-10-30,40
4806,848,2024-10-15,80
4806,312,2024-09-22,5
4807,605,2024-05-03,90
4808,127,2025-03-25,15
4810,728,2021-12-18,80
4811,165,2024-03-25,35
4813,414,2018-11-11,55
4813,255,2020-11-03,10
4815,394,2022-12-18,20
4818,469,2019-10-24,15
4819,29,2024-10-17,45
4821,422,2025-05-10,15
4821,463,2025-02-02,55
4821,460,2023-11-03,40
4822,721,2024-03-22,15
4823,360,2025-05-27,50
4823,776,2025-07-18,30
4823,29,2025-03-03,95
4826,431,2020-06-04,25
4828,621,2023-11-24,40
4831,647,2020-07-05,100
4832,560,2021-08-25,45
4834,771,2024-02-06,20
4835,964,2021-06-09,35
4835,783,2024-08-10,85
4836,243,2024-09-20,10
4836,190,2021-09-24,35
4840,267,2024-08-01,30
4841,662,2023-10-31,60
4843,593,2022-10-03,15
4843,443,2025-07-05,85
4843,602,2025-06-28,60
4844,719,2019-11-12,85
4844,62,2024-12-27,90
4845,200,2022-07-08,80
4848,734,2021-10-10,100
4850,983,2024-01-09,10
4852,826,2017-10-05,100
4852,267,2021-07-23,50
4854,875,2024-11-08,85
4856,238,2023-01-24,35
4857,433,2023-04-15,95
4858,743,2025-04-30,55
4858,825,2023-12-23,55
4861,420,2025-08-09,55
4862,8,2025-06-06,40
4864,323,2019-05-04,90
4865,282,2023-07-10,25
4865,281,2017-08-30,55
4865,192,2021-01-06,40
4866,343,2020-08-29,20
4866,232,2022-05-02,85
4866,56,2025-06-06,80
4868,457,2023-04-15,30
4868,729,2023-12-06,35
4869,711,2023-11-02,90
4869,177,2024-12-25,35
4870,914,2022-05-09,40
4874,702,2025-03-18,30
4874,858,2024-09-30,85
4876,822,2025-07-06,85
4877,46,2022-12-04,95
4877,509,2021-07-11,85
4878,631,2021-11-02,35
4878,129,2020-01-03,55
4880,568,2025-07-29,25
4880,891,2024-10-29,65
4880,405,2021-03-13,100
4882,909,2022-11-21,40
4884,323,2021-01-04,60
4884,815,2024-08-05,35
4884,130,2024-05-17,45
4885,483,2025-08-20,5
4885,822,2025-08-17,75
4885,87,2025-08-18,30
4886,166,2022-05-19,10
4886,266,2022-11-02,60
4887,17,2025-08-17,60
4888,892,2020-12-09,85
4888,535,2019-06-28,55
4890,483,2025-04-12,85
4891,966,2025-01-23,45
4891,111,2024-08-15,90
4891,944,2023-12-29,95
4892,897,2023-09-25,65
4893,872,2023-09-01,35
4894,465,2021-10-20,70
4894,440,2023-08-01,10
4895,418,2024-04-13,35
4895,269,2024-01-19,80
4896,159,2025-01-15,35
4896,784,2025-04-26,95
4897,164,2023-07-25,5
4897,853,2025-05-13,45
4897,918,2024-04-26,60
4898,307,2024-04-22,60
4898,708,2024-06-13,45
4899,270,2024-05-27,20
4899,629,2025-01-11,85
4900,500,2022-08-16,85
4901,46,2021-01-26,45
4901,258,2024-01-18,60
4902,209,2022-08-15,95
4902,888,2022-09-02,95
4904,218,2019-11-01,100
4904,32,2020-12-17,55
4905,991,2021-12-24,100
4907,639,2019-09-20,15
4907,282,2024-07-17,65
4908,200,2018-11-22,60
4909,778,2023-04-04,100
4909,252,2018-05-08,10
4911,563,2016-07-03,20
4912,758,2024-09-07,75
4913,358,2025-08-17,20
4913,47,2025-08-24,100
4914,276,2025-03-06,30
4914,942,2025-07-11,45
4916,86,2025-08-03,55
4917,45,2025-01-27,100
4917,212,2025-08-03,10
4919,829,2022-11-24,15
4919,909,2021-11-19,85
4919,894,2023-01-26,55
4920,224,2023-08-18,40
4920,722,2018-02-01,70
4922,506,2025-05-19,40
4922,226,2025-04-04,35
4923,300,2022-03-01,35
4923,284,2024-03-03,80
4924,352,2025-06-01,60
4924,735,2024-04-04,35
4925,406,2024-12-13,60
4926,316,2022-01-17,95
4927,609,2025-08-19,15
4927,448,2024-12-24,45
4928,892,2025-08-23,100
4928,313,2021-03-15,5
4931,911,2021-09-11,60
4931,172,2025-04-29,55
4932,433,2019-10-05,70
4935,503,2022-01-07,55
4936,654,2025-06-04,60
4938,683,2025-07-18,85
4939,155,2024-06-07,90
4939,295,2021-05-28,40
4941,88,2023-01-17,55
4941,863,2018-06-15,85
4943,797,2022-08-31,55
4944,99,2020-04-11,25
4944,251,2022-10-21,70
4946,45,2022-05-30,100
4946,543,2021-03-22,100
4946,238,2024-06-29,45
4947,266,2024-04-20,25
4947,39,2024-05-28,95
4949,565,2022-10-01,100
4949,707,2023-03-04,40
4949,940,2021-11-11,10
4950,50,2023-06-26,90
4950,332,2021-01-30,65
4950,21,2020-10-05,65
4952,132,2025-02-18,80
4953,741,2024-06-13,75
4954,415,2024-11-27,65
4955,70,2024-12-22,80
4956,708,2024-11-01,15
4956,860,2021-08-27,95
4957,819,2022-04-25,20
4957,935,2019-04-17,55
4957,825,2023-03-30,100
4958,395,2025-01-15,5
4958,287,2025-06-16,40
4959,374,2024-10-16,90
4959,382,2024-01-17,5
4960,790,2024-07-24,50
4960,574,2023-04-23,95
4961,121,2021-02-16,15
4961,187,2025-03-14,10
4963,551,2025-04-27,60
4963,684,2024-10-27,55
4967,117,2023-02-17,85
4968,99,2025-04-04,60
4969,751,2025-08-07,45
4969,503,2025-08-07,50
4970,812,2021-01-09,55
4976,995,2023-08-28,60
4976,148,2023-09-05,75
4977,935,2024-07-13,60
4977,925,2024-01-31,50
4977,120,2025-03-23,90
4981,129,2020-08-14,55
4982,831,2025-02-20,75
4983,294,2023-01-03,90
4984,856,2024-07-07,85
4984,759,2025-07-13,95
4985,860,2020-09-24,55
4986,303,2023-10-07,20
4988,228,2024-04-02,15
4990,488,2024-10-26,35
4992,476,2018-03-18,35
4994,94,2025-07-16,85
4995,407,2025-02-21,40
4996,941,2025-02-04,65
4997,596,2018-12-26,70
4997,227,2022-07-17,25
4998,31,2022-02-08,30
4998,510,2022-02-04,100
4999,118,2023-12-02,50
5000,711,2024-09-16,100
5000,903,2020-11-28,50
