salary_id,employee_id,effective_date,end_date,currency,base_salary,bonus_pct,reason
1,1,2019-07-23,,INR,6989364,0.163,PROMOTION
2,2,2025-03-15,,INR,1547181,0.0616,MERIT
3,3,2022-10-26,,USD,1067424,0.1377,PROMOTION
4,4,2025-04-08,2025-06-30,INR,4395460,0.0229,MERIT
5,4,2025-07-01,,INR,3207390,0.1632,MERIT
6,5,2021-08-11,2023-10-07,INR,941270,0.1305,HIRE
7,5,2023-10-08,,INR,971562,0.1493,HIRE
8,6,2024-12-02,,USD,2642842,0.1372,PROMOTION
9,7,2024-11-30,,INR,1632090,0.129,MERIT
10,8,2017-09-17,2020-06-10,INR,3365612,0.1325,HIRE
11,8,2020-06-11,,INR,3740660,0.116,PROMOTION
12,9,2020-12-18,2021-11-22,INR,1162186,0.078,ADJUSTMENT
13,9,2021-11-23,,INR,969104,0.1961,ADJUSTMENT
14,10,2024-12-29,2025-02-15,USD,342502,0.0214,MERIT
15,10,2025-02-16,2025-07-01,USD,315999,0.0287,PROMOTION
16,10,2025-07-02,,USD,554796,0.105,PROMOTION
17,11,2024-04-30,2024-10-20,INR,6004744,0.0759,HIRE
18,11,2024-10-21,,USD,5668427,0.0397,HIRE
19,12,2019-03-11,2025-02-13,USD,3578319,0.1441,PROMOTION
20,12,2025-02-14,,USD,3430679,0.0535,PROMOTION
21,13,2025-08-19,,INR,2282106,0.1456,PROMOTION
22,14,2023-12-07,2025-04-19,INR,737559,0.1172,HIRE
23,14,2025-04-20,,INR,805630,0.0286,HIRE
24,15,2025-06-09,,INR,2541234,0.0193,MERIT
25,16,2023-06-30,2024-02-23,INR,1568169,0.1019,HIRE
26,16,2024-02-24,,USD,1632524,0.0216,ADJUSTMENT
27,17,2018-06-20,2019-07-26,USD,4519626,0.1533,ADJUSTMENT
28,17,2019-07-27,,USD,5690263,0.0155,HIRE
29,18,2021-10-14,2022-01-13,INR,889194,0.0862,ADJUSTMENT
30,18,2022-01-14,,INR,686081,0.1745,PROMOTION
31,19,2023-03-18,,USD,3155132,0.1761,PROMOTION
32,20,2019-09-08,,INR,4209380,0.1634,MERIT
33,21,2019-12-05,,USD,4254302,0.0485,ADJUSTMENT
34,22,2016-06-15,2019-07-14,USD,3912375,0.1076,HIRE
35,22,2019-07-15,2023-09-13,USD,4351083,0.0555,PROMOTION
36,22,2023-09-14,,USD,3909185,0.0277,MERIT
37,23,2018-11-08,,INR,2349256,0.1905,PROMOTION
38,24,2023-11-06,2023-12-30,INR,6338620,0.0337,MERIT
39,24,2023-12-31,2024-10-16,INR,5692964,0.0239,HIRE
40,24,2024-10-17,,INR,6807836,0.1537,ADJUSTMENT
41,25,2022-04-25,,USD,6757501,0.0915,MERIT
42,26,2020-11-13,2021-04-05,USD,390133,0.1651,ADJUSTMENT
43,26,2021-04-06,,USD,496225,0.1928,HIRE
44,27,2021-01-05,,USD,4250751,0.1387,ADJUSTMENT
45,28,2024-10-31,2025-07-27,INR,335134,0.0083,PROMOTION
46,28,2025-07-28,,INR,416161,0.0591,ADJUSTMENT
47,29,2024-08-25,2024-09-04,USD,3867613,0.1417,HIRE
48,29,2024-09-05,2025-04-10,INR,3450089,0.0692,PROMOTION
49,29,2025-04-11,,USD,3375813,0.0381,MERIT
50,30,2024-11-02,2025-02-05,INR,551532,0.0982,HIRE
51,30,2025-02-06,,INR,416660,0.0369,HIRE
52,31,2024-02-16,,INR,6823368,0.1033,HIRE
53,32,2022-06-30,,USD,1366885,0.1782,PROMOTION
54,33,2024-12-21,2025-06-13,USD,1918926,0.1649,HIRE
55,33,2025-06-14,,INR,1850559,0.0809,PROMOTION
56,34,2022-12-20,,INR,1676393,0.0287,PROMOTION
57,35,2023-08-09,2024-01-09,INR,1331021,0.1765,ADJUSTMENT
58,35,2024-01-10,,INR,1243236,0.1921,HIRE
59,36,2023-12-04,2024-02-01,INR,1394071,0.0718,MERIT
60,36,2024-02-02,,INR,921257,0.1173,PROMOTION
61,37,2024-03-08,,INR,2491465,0.0766,ADJUSTMENT
62,38,2018-12-24,,INR,3571811,0.1727,MERIT
63,39,2024-09-26,,USD,869078,0.1228,HIRE
64,40,2021-12-12,2025-06-30,INR,2767728,0.1581,ADJUSTMENT
65,40,2025-07-01,,USD,2258288,0.0806,PROMOTION
66,41,2021-07-12,,INR,2382809,0.1896,MERIT
67,42,2017-03-05,,INR,1314576,0.0697,MERIT
68,43,2018-08-17,2021-05-21,USD,1311158,0.1904,MERIT
69,43,2021-05-22,,USD,1292297,0.1902,PROMOTION
70,44,2023-04-18,,INR,1230518,0.1887,PROMOTION
71,45,2025-04-01,2025-06-23,USD,729380,0.06,ADJUSTMENT
72,45,2025-06-24,,USD,740042,0.1546,PROMOTION
73,46,2017-02-02,,USD,982911,0.101,HIRE
74,47,2019-06-20,,INR,1005863,0.1882,ADJUSTMENT
75,48,2024-12-06,,USD,746731,0.0195,ADJUSTMENT
76,49,2023-03-15,,INR,587649,0.0295,MERIT
77,50,2023-05-19,,INR,1913758,0.0283,MERIT
78,51,2021-05-01,2022-05-14,INR,334681,0.0552,ADJUSTMENT
79,51,2022-05-15,,USD,421460,0.0924,ADJUSTMENT
80,52,2023-05-25,2023-07-19,INR,310721,0.1774,HIRE
81,52,2023-07-20,2025-01-26,INR,458901,0.0762,PROMOTION
82,52,2025-01-27,,USD,482517,0.0477,MERIT
83,53,2025-01-11,2025-02-16,INR,5212930,0.0257,ADJUSTMENT
84,53,2025-02-17,,INR,4715488,0.064,PROMOTION
85,54,2023-09-13,2024-12-22,INR,1918798,0.1007,PROMOTION
86,54,2024-12-23,,USD,2017859,0.0922,HIRE
87,55,2023-11-01,2024-01-18,INR,1267699,0.1103,MERIT
88,55,2024-01-19,2024-09-05,USD,927110,0.1484,PROMOTION
89,55,2024-09-06,,USD,1028060,0.1072,PROMOTION
90,56,2024-06-19,,INR,2831013,0.0175,PROMOTION
91,57,2023-11-15,2025-06-23,INR,5872900,0.0617,MERIT
92,57,2025-06-24,,INR,6877747,0.148,PROMOTION
93,58,2025-04-24,,USD,2089440,0.1919,ADJUSTMENT
94,59,2022-12-08,,INR,933388,0.0844,MERIT
95,60,2021-09-17,,USD,6474843,0.1652,ADJUSTMENT
96,61,2025-05-21,,INR,2279014,0.0076,MERIT
97,62,2019-08-24,2023-09-30,USD,3808241,0.0837,HIRE
98,62,2023-10-01,2023-10-02,USD,4103743,0.0601,ADJUSTMENT
99,62,2023-10-03,,USD,3213890,0.1939,ADJUSTMENT
100,63,2024-06-10,,INR,2284943,0.1474,MERIT
101,64,2024-12-07,2024-12-23,INR,2189603,0.0626,ADJUSTMENT
102,64,2024-12-24,,USD,1575499,0.1124,MERIT
103,65,2023-11-06,,USD,1011606,0.0396,ADJUSTMENT
104,66,2022-07-26,,INR,1150797,0.1183,HIRE
105,67,2023-10-30,2024-06-06,USD,3615693,0.0789,ADJUSTMENT
106,67,2024-06-07,,INR,3525441,0.0634,PROMOTION
107,68,2022-03-30,2023-02-09,INR,2372543,0.0832,MERIT
108,68,2023-02-10,,USD,2973757,0.1057,MERIT
109,69,2019-06-04,,USD,1167350,0.1328,ADJUSTMENT
110,70,2020-12-02,,USD,1995592,0.1234,HIRE
111,71,2022-12-21,2025-01-27,INR,687078,0.1115,MERIT
112,71,2025-01-28,,INR,868096,0.1668,MERIT
113,72,2020-03-24,,USD,4299362,0.162,ADJUSTMENT
114,73,2019-10-20,2020-06-20,INR,5741751,0.1671,MERIT
115,73,2020-06-21,,INR,6849361,0.1004,HIRE
116,74,2021-03-30,,INR,3098603,0.0982,HIRE
117,75,2025-08-21,,USD,313037,0.0107,ADJUSTMENT
118,76,2018-09-09,2021-11-02,USD,2519346,0.1514,PROMOTION
119,76,2021-11-03,2022-05-12,INR,2673725,0.1227,PROMOTION
120,76,2022-05-13,,INR,2217970,0.0124,HIRE
121,77,2021-05-26,2022-07-26,INR,1316757,0.1374,MERIT
122,77,2022-07-27,2022-08-29,INR,1038143,0.1095,HIRE
123,77,2022-08-30,,USD,1357854,0.0159,MERIT
124,78,2025-01-03,2025-04-24,INR,4772357,0.1321,HIRE
125,78,2025-04-25,,INR,5665177,0.0984,MERIT
126,79,2021-12-08,,USD,6276699,0.1901,PROMOTION
127,80,2024-11-07,,USD,5565697,0.1147,HIRE
128,81,2025-02-21,,INR,661907,0.0794,PROMOTION
129,82,2023-04-11,2024-05-29,USD,3083961,0.1861,HIRE
130,82,2024-05-30,,USD,2715343,0.1484,HIRE
131,83,2025-07-15,2025-08-21,INR,4325419,0.1577,MERIT
132,83,2025-08-22,,INR,4295662,0.0752,ADJUSTMENT
133,84,2023-10-09,,USD,2743452,0.0141,ADJUSTMENT
134,85,2024-05-24,,INR,1092517,0.1692,MERIT
135,86,2023-12-04,2023-12-17,INR,502521,0.1005,ADJUSTMENT
136,86,2023-12-18,,USD,406526,0.184,PROMOTION
137,87,2021-05-26,2022-04-20,USD,1753852,0.1907,ADJUSTMENT
138,87,2022-04-21,2025-03-29,USD,1746948,0.0428,HIRE
139,87,2025-03-30,,INR,2121959,0.0636,ADJUSTMENT
140,88,2019-10-06,2023-09-15,INR,534102,0.047,MERIT
141,88,2023-09-16,,INR,383713,0.1545,HIRE
142,89,2019-03-26,2023-08-16,USD,2052737,0.0898,ADJUSTMENT
143,89,2023-08-17,2024-09-22,INR,1915820,0.1089,PROMOTION
144,89,2024-09-23,,USD,2072092,0.0006,PROMOTION
145,90,2025-08-07,,INR,340589,0.0497,HIRE
146,91,2024-12-06,2025-07-26,INR,839675,0.1016,HIRE
147,91,2025-07-27,,INR,894955,0.1551,MERIT
148,92,2020-03-25,2024-03-24,USD,2977218,0.1741,ADJUSTMENT
149,92,2024-03-25,,USD,2818497,0.0436,MERIT
150,93,2025-08-03,,INR,431591,0.1464,HIRE
151,94,2024-11-26,2025-01-20,INR,725229,0.0377,HIRE
152,94,2025-01-21,,USD,822265,0.045,PROMOTION
153,95,2023-05-14,,USD,393084,0.17,HIRE
154,96,2021-05-23,2023-04-16,USD,962022,0.1407,MERIT
155,96,2023-04-17,,USD,1204823,0.1262,ADJUSTMENT
156,97,2019-06-05,,USD,5434147,0.1575,HIRE
157,98,2019-10-31,2021-01-26,INR,4020482,0.1559,ADJUSTMENT
158,98,2021-01-27,2022-06-29,USD,3432049,0.0022,ADJUSTMENT
159,98,2022-06-30,,INR,3927536,0.0985,HIRE
160,99,2017-05-24,2018-02-06,USD,862364,0.0796,ADJUSTMENT
161,99,2018-02-07,2019-11-14,INR,618907,0.1732,HIRE
162,99,2019-11-15,,USD,635630,0.0222,PROMOTION
163,100,2025-05-06,2025-06-15,INR,4131350,0.009,HIRE
164,100,2025-06-16,,INR,3394804,0.0158,HIRE
165,101,2024-08-17,2025-01-07,INR,693953,0.0382,PROMOTION
166,101,2025-01-08,2025-02-27,USD,632695,0.1847,HIRE
167,101,2025-02-28,,USD,671376,0.018,ADJUSTMENT
168,102,2019-08-30,2021-02-03,USD,850624,0.0691,PROMOTION
169,102,2021-02-04,2021-04-13,USD,625767,0.1972,MERIT
170,102,2021-04-14,,INR,880081,0.0681,HIRE
171,103,2022-01-22,,INR,404682,0.0821,MERIT
172,104,2025-04-14,,USD,359942,0.1025,PROMOTION
173,105,2015-08-22,2020-12-21,INR,433936,0.0589,MERIT
174,105,2020-12-22,,USD,353807,0.1607,HIRE
175,106,2022-09-20,,INR,3737187,0.0462,PROMOTION
176,107,2024-03-03,,USD,483999,0.1688,ADJUSTMENT
177,108,2024-10-19,,INR,2057807,0.0416,HIRE
178,109,2022-05-29,,INR,382211,0.1713,ADJUSTMENT
179,110,2021-11-07,,USD,664821,0.1835,HIRE
180,111,2020-01-01,2022-08-20,INR,850040,0.0555,ADJUSTMENT
181,111,2022-08-21,,INR,779572,0.1202,PROMOTION
182,112,2021-04-13,2021-12-17,INR,1289830,0.0409,ADJUSTMENT
183,112,2021-12-18,,INR,924582,0.0598,HIRE
184,113,2020-10-26,2021-07-30,USD,6390861,0.1423,HIRE
185,113,2021-07-31,2024-02-11,INR,6117778,0.0725,HIRE
186,113,2024-02-12,,USD,6647059,0.0478,MERIT
187,114,2025-04-10,2025-06-03,USD,4817689,0.1165,MERIT
188,114,2025-06-04,,INR,6677964,0.0857,ADJUSTMENT
189,115,2018-04-17,2018-05-12,INR,2908285,0.1957,HIRE
190,115,2018-05-13,,INR,2710862,0.1488,MERIT
191,116,2024-06-03,,USD,351956,0.0478,HIRE
192,117,2019-05-23,2021-01-21,USD,334781,0.0988,HIRE
193,117,2021-01-22,,USD,435043,0.0245,ADJUSTMENT
194,118,2023-04-04,,INR,4737217,0.0281,MERIT
195,119,2025-04-09,,USD,2765000,0.0498,MERIT
196,120,2021-09-15,,USD,1597789,0.0864,ADJUSTMENT
197,121,2025-03-31,2025-04-16,INR,531426,0.1437,HIRE
198,121,2025-04-17,,USD,331059,0.1587,ADJUSTMENT
199,122,2025-06-19,,USD,765183,0.1064,MERIT
200,123,2024-10-15,,INR,3577292,0.0772,MERIT
201,124,2017-02-09,2022-04-08,INR,1700315,0.1196,HIRE
202,124,2022-04-09,,INR,1818547,0.1707,PROMOTION
203,125,2025-03-10,2025-04-06,USD,4341593,0.0283,MERIT
204,125,2025-04-07,,INR,4378078,0.1916,PROMOTION
205,126,2021-09-19,,INR,3788894,0.1741,MERIT
206,127,2025-05-05,,INR,647568,0.0503,PROMOTION
207,128,2019-05-11,,USD,4423817,0.1083,ADJUSTMENT
208,129,2023-05-29,,USD,1029082,0.0566,HIRE
209,130,2024-08-09,,INR,2473088,0.0156,PROMOTION
210,131,2020-03-28,,INR,1093355,0.0643,PROMOTION
211,132,2025-06-24,,INR,1905647,0.0536,PROMOTION
212,133,2024-12-19,2025-07-09,USD,1981494,0.0237,PROMOTION
213,133,2025-07-10,,USD,2135252,0.1507,ADJUSTMENT
214,134,2025-05-21,,USD,5735249,0.1434,HIRE
215,135,2020-05-03,2023-12-07,USD,1738813,0.0693,HIRE
216,135,2023-12-08,,INR,1964733,0.1878,MERIT
217,136,2023-06-26,,USD,5608859,0.025,PROMOTION
218,137,2025-05-22,2025-07-20,USD,455398,0.1169,MERIT
219,137,2025-07-21,,USD,335145,0.0344,MERIT
220,138,2023-07-25,,INR,518442,0.172,HIRE
221,139,2016-07-29,2024-04-09,INR,478190,0.1029,MERIT
222,139,2024-04-10,,INR,599453,0.1161,MERIT
223,140,2022-02-26,,INR,794022,0.1603,PROMOTION
224,141,2019-09-08,2022-03-27,USD,1145557,0.0164,HIRE
225,141,2022-03-28,,INR,1144948,0.1557,MERIT
226,142,2016-12-15,2019-08-12,USD,1469530,0.0031,MERIT
227,142,2019-08-13,,INR,1783354,0.1123,MERIT
228,143,2021-03-05,2024-05-09,INR,5332395,0.1225,PROMOTION
229,143,2024-05-10,,INR,4922095,0.158,MERIT
230,144,2024-09-10,,USD,614749,0.0009,ADJUSTMENT
231,145,2024-02-23,,INR,1016488,0.1544,HIRE
232,146,2023-02-12,,INR,4365103,0.1084,MERIT
233,147,2020-03-17,,USD,2057471,0.0323,HIRE
234,148,2022-12-07,2023-12-16,INR,6451819,0.0281,ADJUSTMENT
235,148,2023-12-17,,USD,6905872,0.0043,ADJUSTMENT
236,149,2024-05-20,2024-05-27,INR,630840,0.0884,PROMOTION
237,149,2024-05-28,2025-01-05,INR,670413,0.0591,ADJUSTMENT
238,149,2025-01-06,,INR,741369,0.1394,HIRE
239,150,2019-05-06,2020-10-15,USD,3857981,0.1042,MERIT
240,150,2020-10-16,,USD,4188095,0.1397,ADJUSTMENT
241,151,2025-01-03,2025-07-02,USD,1459526,0.0624,MERIT
242,151,2025-07-03,,USD,1938527,0.1846,PROMOTION
243,152,2019-05-22,2025-05-23,USD,5598292,0.1739,ADJUSTMENT
244,152,2025-05-24,,INR,4611167,0.197,HIRE
245,153,2024-09-02,2024-11-02,INR,1016090,0.0377,ADJUSTMENT
246,153,2024-11-03,,INR,1351367,0.1248,HIRE
247,154,2022-04-23,2023-07-18,INR,3545418,0.1915,HIRE
248,154,2023-07-19,,USD,3616694,0.1925,ADJUSTMENT
249,155,2021-03-31,,USD,1933366,0.1084,HIRE
250,156,2018-12-04,,USD,1051949,0.1717,HIRE
251,157,2025-07-02,,USD,483545,0.1195,HIRE
252,158,2025-04-08,2025-05-25,USD,697572,0.1161,HIRE
253,158,2025-05-26,,USD,661586,0.0788,ADJUSTMENT
254,159,2018-11-13,,USD,3489937,0.0436,ADJUSTMENT
255,160,2021-02-04,2021-04-15,INR,2112466,0.1652,HIRE
256,160,2021-04-16,2021-11-17,USD,1598413,0.0329,PROMOTION
257,160,2021-11-18,,USD,1588162,0.0769,PROMOTION
258,161,2023-01-04,2024-05-31,USD,624087,0.1028,HIRE
259,161,2024-06-01,2025-03-04,USD,750175,0.1328,PROMOTION
260,161,2025-03-05,,INR,897254,0.1196,PROMOTION
261,162,2022-01-21,,USD,3952842,0.1806,HIRE
262,163,2025-07-30,2025-08-01,USD,5834595,0.1189,HIRE
263,163,2025-08-02,2025-08-05,USD,6042545,0.0099,HIRE
264,163,2025-08-06,,INR,4583648,0.0011,PROMOTION
265,164,2022-03-22,,INR,1882302,0.1403,MERIT
266,165,2018-10-08,2019-08-29,USD,1871282,0.1517,ADJUSTMENT
267,165,2019-08-30,2021-06-02,USD,1630450,0.1525,MERIT
268,165,2021-06-03,,INR,1757564,0.0006,HIRE
269,166,2020-07-25,2023-02-27,INR,2715892,0.012,ADJUSTMENT
270,166,2023-02-28,,INR,2257386,0.0209,ADJUSTMENT
271,167,2021-04-15,,USD,2805309,0.1659,HIRE
272,168,2019-11-09,2021-10-11,USD,2489303,0.0543,PROMOTION
273,168,2021-10-12,,INR,2793949,0.017,PROMOTION
274,169,2021-07-24,2021-12-24,USD,5140213,0.1129,MERIT
275,169,2021-12-25,2024-07-01,USD,6796660,0.1911,HIRE
276,169,2024-07-02,,INR,6422404,0.0821,HIRE
277,170,2024-04-14,,INR,1540669,0.0162,ADJUSTMENT
278,171,2024-07-18,,INR,1145264,0.1553,HIRE
279,172,2025-07-29,,INR,1599664,0.1437,PROMOTION
280,173,2024-08-16,,INR,1467887,0.1481,HIRE
281,174,2025-05-09,,USD,5546560,0.1765,HIRE
282,175,2025-05-19,2025-06-08,USD,5277645,0.0527,ADJUSTMENT
283,175,2025-06-09,,USD,6457974,0.1593,HIRE
284,176,2025-05-04,,INR,1302237,0.069,ADJUSTMENT
285,177,2021-11-18,2022-10-30,INR,701582,0.0597,PROMOTION
286,177,2022-10-31,2023-08-07,USD,839227,0.0881,PROMOTION
287,177,2023-08-08,,INR,778525,0.0128,HIRE
288,178,2021-10-15,2024-04-22,USD,2228051,0.1757,HIRE
289,178,2024-04-23,2025-01-12,USD,2503520,0.129,PROMOTION
290,178,2025-01-13,,USD,2369962,0.1487,PROMOTION
291,179,2023-01-17,,USD,3654173,0.1103,ADJUSTMENT
292,180,2025-07-04,2025-07-31,INR,2994156,0.1952,HIRE
293,180,2025-08-01,,USD,3100678,0.0781,ADJUSTMENT
294,181,2023-12-11,,USD,6110660,0.0363,MERIT
295,182,2021-12-24,,USD,476767,0.0988,ADJUSTMENT
296,183,2025-07-02,2025-07-28,INR,2198373,0.0555,HIRE
297,183,2025-07-29,2025-08-18,USD,1750129,0.0468,MERIT
298,183,2025-08-19,,USD,1434096,0.1595,ADJUSTMENT
299,184,2018-01-25,2025-02-01,INR,2768820,0.1984,ADJUSTMENT
300,184,2025-02-02,,INR,2964017,0.0837,MERIT
301,185,2025-05-09,,INR,1079062,0.1807,HIRE
302,186,2022-12-04,,INR,1329580,0.0687,HIRE
303,187,2023-06-14,2023-10-10,USD,1478870,0.0671,PROMOTION
304,187,2023-10-11,,INR,2060060,0.1841,HIRE
305,188,2023-08-14,,INR,5034581,0.1292,MERIT
306,189,2023-01-04,2023-01-12,INR,697288,0.1835,MERIT
307,189,2023-01-13,,INR,682623,0.1995,ADJUSTMENT
308,190,2023-08-12,,INR,1290424,0.0188,PROMOTION
309,191,2019-10-19,,INR,2540121,0.059,MERIT
310,192,2025-03-09,,INR,6877307,0.1877,ADJUSTMENT
311,193,2024-04-12,,INR,4209643,0.0517,MERIT
312,194,2022-11-05,,INR,1488605,0.03,ADJUSTMENT
313,195,2024-03-18,,USD,6379182,0.0756,MERIT
314,196,2016-03-30,2019-01-01,INR,3194746,0.0322,ADJUSTMENT
315,196,2019-01-02,,INR,2666351,0.0191,MERIT
316,197,2023-06-18,2024-07-11,USD,3541714,0.1625,HIRE
317,197,2024-07-12,2024-07-14,INR,4432297,0.1507,HIRE
318,197,2024-07-15,,INR,3334995,0.1092,MERIT
319,198,2024-05-22,,INR,740748,0.1427,PROMOTION
320,199,2021-12-09,,USD,1341389,0.1791,ADJUSTMENT
321,200,2025-06-03,2025-07-09,INR,2610976,0.1667,HIRE
322,200,2025-07-10,2025-07-16,USD,2322841,0.0273,MERIT
323,200,2025-07-17,,USD,3175173,0.138,ADJUSTMENT
324,201,2024-02-12,2025-03-13,USD,402235,0.0689,MERIT
325,201,2025-03-14,,INR,598332,0.0095,MERIT
326,202,2024-02-28,,INR,369291,0.1919,HIRE
327,203,2023-04-14,,USD,368397,0.0434,MERIT
328,204,2025-01-17,2025-05-02,USD,488064,0.032,HIRE
329,204,2025-05-03,,INR,320613,0.0267,MERIT
330,205,2022-10-09,,INR,2925435,0.0843,ADJUSTMENT
331,206,2023-05-11,,INR,4618667,0.1902,HIRE
332,207,2021-06-30,2024-12-09,INR,1460128,0.0156,HIRE
333,207,2024-12-10,,INR,2164600,0.1532,ADJUSTMENT
334,208,2024-01-01,,INR,4042789,0.0094,PROMOTION
335,209,2025-03-09,2025-04-03,USD,944473,0.04,PROMOTION
336,209,2025-04-04,,INR,1136088,0.1266,MERIT
337,210,2025-08-08,,INR,847806,0.1812,HIRE
338,211,2019-04-10,,INR,692250,0.1058,HIRE
339,212,2023-04-27,,USD,707069,0.0946,ADJUSTMENT
340,213,2020-03-18,,USD,1381299,0.191,HIRE
341,214,2019-04-19,,INR,349857,0.1312,PROMOTION
342,215,2024-07-01,,USD,2653577,0.1164,HIRE
343,216,2019-09-15,2022-11-14,USD,1239520,0.0931,HIRE
344,216,2022-11-15,2025-08-06,INR,972499,0.0427,PROMOTION
345,216,2025-08-07,,USD,1217177,0.1597,PROMOTION
346,217,2025-07-11,,USD,3882834,0.157,ADJUSTMENT
347,218,2025-03-03,2025-05-27,USD,2501213,0.0657,PROMOTION
348,218,2025-05-28,,INR,2318053,0.0736,MERIT
349,219,2021-01-10,2025-03-21,USD,2332507,0.1436,ADJUSTMENT
350,219,2025-03-22,,INR,2419417,0.1579,HIRE
351,220,2022-07-16,,INR,732202,0.1572,ADJUSTMENT
352,221,2023-05-26,,INR,2933359,0.0703,PROMOTION
353,222,2024-10-03,,USD,817318,0.1557,MERIT
354,223,2020-11-09,,USD,6484931,0.0883,MERIT
355,224,2023-05-18,,INR,5102992,0.1223,MERIT
356,225,2024-09-22,,INR,315260,0.0958,MERIT
357,226,2023-08-06,2024-01-12,INR,1813597,0.1368,HIRE
358,226,2024-01-13,,INR,2106682,0.1447,HIRE
359,227,2025-06-17,,USD,759666,0.1879,PROMOTION
360,228,2017-05-18,,USD,2709434,0.0691,HIRE
361,229,2020-11-02,,USD,890755,0.0667,ADJUSTMENT
362,230,2024-09-23,,USD,877790,0.135,MERIT
363,231,2024-08-05,,INR,1379188,0.061,PROMOTION
364,232,2022-06-08,,INR,6273652,0.1718,ADJUSTMENT
365,233,2020-12-13,,INR,1048026,0.077,MERIT
366,234,2024-01-29,,USD,1062163,0.0667,HIRE
367,235,2024-06-16,,INR,969896,0.1815,PROMOTION
368,236,2021-08-25,2022-09-18,INR,891570,0.1919,MERIT
369,236,2022-09-19,,INR,766102,0.1041,MERIT
370,237,2025-05-10,,INR,1226861,0.0371,HIRE
371,238,2024-07-08,,INR,842823,0.0853,ADJUSTMENT
372,239,2024-09-26,,USD,1335396,0.0403,MERIT
373,240,2023-02-03,2023-08-11,USD,5223806,0.1367,HIRE
374,240,2023-08-12,,INR,5995841,0.1977,ADJUSTMENT
375,241,2021-08-15,,USD,1864269,0.0819,PROMOTION
376,242,2022-12-08,2025-01-14,INR,1984578,0.0282,MERIT
377,242,2025-01-15,,USD,1665932,0.0378,HIRE
378,243,2022-09-28,,USD,6211427,0.0397,PROMOTION
379,244,2019-09-10,,USD,930767,0.0951,PROMOTION
380,245,2021-08-10,2022-09-29,INR,4018785,0.0536,MERIT
381,245,2022-09-30,2022-10-11,INR,3355377,0.1239,PROMOTION
382,245,2022-10-12,,USD,4438224,0.1509,ADJUSTMENT
383,246,2025-03-11,,USD,1087489,0.1961,MERIT
384,247,2024-03-15,,USD,4342994,0.0704,HIRE
385,248,2025-06-01,,USD,6496145,0.0027,MERIT
386,249,2023-08-25,2024-07-07,INR,644638,0.1121,PROMOTION
387,249,2024-07-08,,INR,888255,0.116,ADJUSTMENT
388,250,2023-04-03,2025-05-04,INR,309342,0.1265,PROMOTION
389,250,2025-05-05,2025-06-08,INR,459070,0.057,PROMOTION
390,250,2025-06-09,,INR,309596,0.0349,MERIT
391,251,2024-02-15,2024-10-21,USD,3068134,0.1531,ADJUSTMENT
392,251,2024-10-22,,INR,2852608,0.0036,MERIT
393,252,2022-07-13,,INR,1348048,0.009,PROMOTION
394,253,2025-07-15,,USD,541170,0.0009,ADJUSTMENT
395,254,2025-01-28,2025-06-21,USD,442105,0.1122,HIRE
396,254,2025-06-22,,INR,579313,0.1016,HIRE
397,255,2019-12-08,2022-10-10,USD,1536526,0.1648,ADJUSTMENT
398,255,2022-10-11,2024-10-21,USD,1906386,0.0617,PROMOTION
399,255,2024-10-22,,USD,2174265,0.0521,ADJUSTMENT
400,256,2025-01-18,,USD,3047102,0.0155,ADJUSTMENT
401,257,2025-03-20,2025-07-27,INR,2791534,0.187,MERIT
402,257,2025-07-28,,USD,2831885,0.1165,HIRE
403,258,2025-04-28,,USD,2874299,0.0616,ADJUSTMENT
404,259,2020-12-23,2024-11-01,INR,303440,0.1246,PROMOTION
405,259,2024-11-02,,USD,532341,0.1193,PROMOTION
406,260,2024-09-08,,INR,6417912,0.178,PROMOTION
407,261,2022-10-10,,USD,1310707,0.0913,HIRE
408,262,2024-05-10,,USD,683977,0.0816,ADJUSTMENT
409,263,2024-11-14,2025-02-10,USD,3027315,0.0412,ADJUSTMENT
410,263,2025-02-11,,INR,2577911,0.0473,HIRE
411,264,2025-04-04,2025-07-27,INR,6893434,0.161,PROMOTION
412,264,2025-07-28,,USD,6976431,0.0277,HIRE
413,265,2018-11-20,2024-03-14,USD,1792552,0.0328,ADJUSTMENT
414,265,2024-03-15,2025-04-14,INR,1618304,0.1479,MERIT
415,265,2025-04-15,,USD,1470243,0.0245,HIRE
416,266,2024-12-22,,INR,1246813,0.157,HIRE
417,267,2023-08-04,,INR,3316668,0.0258,HIRE
418,268,2023-10-23,2024-06-30,USD,2900268,0.0186,PROMOTION
419,268,2024-07-01,,USD,2768663,0.0193,PROMOTION
420,269,2016-08-09,2018-11-08,INR,1269464,0.0346,PROMOTION
421,269,2018-11-09,2024-02-27,INR,1031324,0.1559,HIRE
422,269,2024-02-28,,INR,1274713,0.0086,MERIT
423,270,2024-08-10,,USD,3783198,0.1465,ADJUSTMENT
424,271,2022-07-01,2023-11-29,USD,4946159,0.0619,ADJUSTMENT
425,271,2023-11-30,,INR,6868318,0.0772,HIRE
426,272,2022-06-01,2025-07-22,USD,421707,0.1213,MERIT
427,272,2025-07-23,,INR,445137,0.1398,ADJUSTMENT
428,273,2024-04-11,,INR,516050,0.1046,ADJUSTMENT
429,274,2023-05-11,2023-10-10,INR,1004043,0.1948,PROMOTION
430,274,2023-10-11,2025-05-08,USD,1015290,0.0879,PROMOTION
431,274,2025-05-09,,INR,1174468,0.1139,HIRE
432,275,2021-03-17,2024-06-18,USD,1960363,0.119,HIRE
433,275,2024-06-19,,INR,1845699,0.0557,MERIT
434,276,2019-01-12,,USD,1953783,0.1318,PROMOTION
435,277,2017-09-13,2020-11-18,USD,6519070,0.0916,HIRE
436,277,2020-11-19,,USD,5215864,0.0653,PROMOTION
437,278,2024-06-02,,INR,420239,0.1276,ADJUSTMENT
438,279,2025-01-23,,INR,2449127,0.1035,HIRE
439,280,2017-12-22,2017-12-29,INR,2794074,0.1073,ADJUSTMENT
440,280,2017-12-30,2023-08-28,USD,2930748,0.1105,PROMOTION
441,280,2023-08-29,,USD,2514062,0.0627,HIRE
442,281,2017-10-21,2018-05-05,INR,3357225,0.1028,HIRE
443,281,2018-05-06,,USD,4010459,0.041,PROMOTION
444,282,2019-01-02,2024-02-15,INR,6292232,0.0299,MERIT
445,282,2024-02-16,,USD,4859094,0.061,MERIT
446,283,2025-03-03,,INR,754725,0.1112,HIRE
447,284,2021-03-28,,INR,897236,0.0328,MERIT
448,285,2025-03-16,,USD,2624972,0.1716,ADJUSTMENT
449,286,2025-05-20,,USD,4702706,0.1017,HIRE
450,287,2023-05-28,2024-04-07,INR,1368343,0.1814,MERIT
451,287,2024-04-08,,INR,1123046,0.1505,PROMOTION
452,288,2020-07-20,2024-10-27,INR,1289571,0.0689,PROMOTION
453,288,2024-10-28,,USD,1028677,0.0262,ADJUSTMENT
454,289,2017-11-25,,USD,3190531,0.1816,ADJUSTMENT
455,290,2019-04-29,2023-09-24,INR,2126858,0.1315,ADJUSTMENT
456,290,2023-09-25,,INR,1425474,0.0983,PROMOTION
457,291,2025-05-19,2025-07-17,USD,3039842,0.1693,MERIT
458,291,2025-07-18,,INR,2951760,0.1777,HIRE
459,292,2023-05-04,,INR,900984,0.1902,ADJUSTMENT
460,293,2025-04-26,,USD,5707462,0.0727,PROMOTION
461,294,2023-02-01,2023-11-05,INR,1263596,0.1823,PROMOTION
462,294,2023-11-06,,USD,1320242,0.0453,PROMOTION
463,295,2022-10-26,2024-01-13,INR,1547477,0.1068,PROMOTION
464,295,2024-01-14,2024-01-18,INR,1661217,0.1188,PROMOTION
465,295,2024-01-19,,USD,1703852,0.021,MERIT
466,296,2025-06-27,,INR,976694,0.1353,HIRE
467,297,2023-01-08,,INR,5199659,0.0072,PROMOTION
468,298,2020-11-02,,INR,526311,0.0655,HIRE
469,299,2025-07-25,2025-08-03,INR,3270677,0.0952,HIRE
470,299,2025-08-04,2025-08-16,INR,3346041,0.0642,PROMOTION
471,299,2025-08-17,,USD,4101598,0.0909,PROMOTION
472,300,2024-12-18,,INR,1434508,0.0837,PROMOTION
473,301,2021-10-06,2024-09-09,INR,535646,0.0982,HIRE
474,301,2024-09-10,2025-06-05,USD,446460,0.0983,HIRE
475,301,2025-06-06,,INR,305444,0.0331,PROMOTION
476,302,2024-05-09,2024-07-12,INR,4471772,0.0019,MERIT
477,302,2024-07-13,2025-04-15,INR,3593437,0.1797,ADJUSTMENT
478,302,2025-04-16,,INR,4213217,0.1414,HIRE
479,303,2019-09-16,2023-04-16,INR,4636932,0.168,HIRE
480,303,2023-04-17,2023-05-12,INR,6378755,0.0539,HIRE
481,303,2023-05-13,,INR,5602556,0.044,MERIT
482,304,2020-03-25,2023-02-14,USD,1840664,0.103,HIRE
483,304,2023-02-15,2024-11-03,USD,1961414,0.113,ADJUSTMENT
484,304,2024-11-04,,INR,1510501,0.0355,MERIT
485,305,2016-09-25,2024-04-01,INR,4379358,0.0471,ADJUSTMENT
486,305,2024-04-02,2025-01-01,INR,4336490,0.0188,HIRE
487,305,2025-01-02,,USD,3432075,0.0553,ADJUSTMENT
488,306,2025-03-19,2025-07-10,INR,2126238,0.1537,HIRE
489,306,2025-07-11,,USD,1863040,0.1827,PROMOTION
490,307,2017-11-08,2021-08-07,USD,6122581,0.1397,ADJUSTMENT
491,307,2021-08-08,,USD,5181414,0.0548,HIRE
492,308,2020-09-23,,INR,4605695,0.0686,MERIT
493,309,2021-11-18,,USD,5335599,0.0919,HIRE
494,310,2021-10-05,2023-10-28,INR,757628,0.0271,PROMOTION
495,310,2023-10-29,,INR,856282,0.0033,MERIT
496,311,2025-04-07,2025-08-11,INR,745438,0.1813,PROMOTION
497,311,2025-08-12,,INR,634391,0.0688,MERIT
498,312,2019-06-29,,INR,2269040,0.0241,PROMOTION
499,313,2019-05-10,,USD,1091853,0.1727,MERIT
500,314,2022-01-16,,USD,2994624,0.0878,ADJUSTMENT
501,315,2022-04-10,,USD,1103696,0.0705,PROMOTION
502,316,2022-09-23,2023-08-27,USD,568978,0.1504,ADJUSTMENT
503,316,2023-08-28,2025-05-03,INR,377869,0.1293,ADJUSTMENT
504,316,2025-05-04,,USD,328154,0.139,ADJUSTMENT
505,317,2019-08-09,2023-10-04,INR,2963282,0.0961,MERIT
506,317,2023-10-05,,USD,2968526,0.0651,HIRE
507,318,2020-03-12,2020-05-16,INR,3230336,0.0964,ADJUSTMENT
508,318,2020-05-17,2024-04-09,INR,4464509,0.0234,MERIT
509,318,2024-04-10,,USD,3464368,0.1279,HIRE
510,319,2016-07-12,2023-12-17,INR,4385020,0.0372,HIRE
511,319,2023-12-18,,INR,4011840,0.0462,MERIT
512,320,2022-04-21,,USD,4335733,0.053,PROMOTION
513,321,2020-04-19,2020-04-21,USD,584160,0.0887,ADJUSTMENT
514,321,2020-04-22,,INR,387049,0.1594,ADJUSTMENT
515,322,2023-06-03,2024-06-03,INR,1726429,0.0784,ADJUSTMENT
516,322,2024-06-04,2025-01-12,USD,1854760,0.1156,PROMOTION
517,322,2025-01-13,,INR,2093843,0.1362,ADJUSTMENT
518,323,2024-11-06,,USD,782783,0.1064,MERIT
519,324,2024-07-16,,INR,546657,0.0262,MERIT
520,325,2025-01-02,2025-01-10,INR,780032,0.0354,HIRE
521,325,2025-01-11,2025-06-08,INR,883938,0.1885,ADJUSTMENT
522,325,2025-06-09,,INR,694820,0.1829,HIRE
523,326,2024-11-16,,INR,916801,0.192,ADJUSTMENT
524,327,2022-06-18,,INR,3990186,0.0384,ADJUSTMENT
525,328,2025-07-30,,USD,1632487,0.0975,MERIT
526,329,2020-05-31,2023-02-07,USD,4570156,0.1789,MERIT
527,329,2023-02-08,,USD,6714370,0.0265,HIRE
528,330,2018-11-22,,INR,2762512,0.0139,MERIT
529,331,2017-03-05,2017-10-12,USD,1140736,0.1236,ADJUSTMENT
530,331,2017-10-13,,USD,1355847,0.1322,MERIT
531,332,2018-04-21,,USD,650847,0.1491,HIRE
532,333,2024-12-05,2025-08-18,USD,405094,0.0426,ADJUSTMENT
533,333,2025-08-19,,USD,459133,0.0606,HIRE
534,334,2021-11-17,2024-11-24,USD,769008,0.1716,HIRE
535,334,2024-11-25,,USD,843945,0.0137,MERIT
536,335,2024-07-11,,USD,4489458,0.1499,PROMOTION
537,336,2025-07-04,,USD,1472948,0.114,HIRE
538,337,2024-04-07,,USD,1276896,0.0694,MERIT
539,338,2017-09-18,2018-06-22,INR,4286358,0.0727,MERIT
540,338,2018-06-23,,USD,4120182,0.1949,ADJUSTMENT
541,339,2021-11-17,,USD,835618,0.1317,PROMOTION
542,340,2025-04-13,,USD,4002095,0.1789,HIRE
543,341,2023-07-09,2024-10-01,INR,2572818,0.1761,PROMOTION
544,341,2024-10-02,,USD,2825196,0.0495,HIRE
545,342,2024-10-27,,INR,3629377,0.1563,ADJUSTMENT
546,343,2024-02-28,2024-05-06,USD,1120865,0.097,MERIT
547,343,2024-05-07,2025-02-26,INR,1379904,0.0639,HIRE
548,343,2025-02-27,,USD,1000780,0.0009,ADJUSTMENT
549,344,2025-04-29,,USD,603907,0.1389,HIRE
550,345,2023-07-02,,INR,1535862,0.1926,HIRE
551,346,2024-06-15,,INR,1574003,0.0138,PROMOTION
552,347,2023-09-03,,INR,1197547,0.1826,PROMOTION
553,348,2025-01-24,,USD,2947457,0.0562,PROMOTION
554,349,2023-05-21,,INR,4250237,0.1075,PROMOTION
555,350,2017-07-10,2019-03-22,INR,851221,0.0468,PROMOTION
556,350,2019-03-23,,INR,624602,0.0975,PROMOTION
557,351,2023-10-18,2024-09-17,USD,6054116,0.1851,HIRE
558,351,2024-09-18,2025-02-27,USD,5847213,0.0783,HIRE
559,351,2025-02-28,,USD,4514930,0.1891,PROMOTION
560,352,2021-08-09,,USD,2574580,0.0383,ADJUSTMENT
561,353,2024-04-02,,INR,462335,0.1648,PROMOTION
562,354,2025-02-18,,INR,6388750,0.0502,ADJUSTMENT
563,355,2023-02-16,,USD,2535746,0.1055,ADJUSTMENT
564,356,2024-06-29,,USD,3452874,0.0945,ADJUSTMENT
565,357,2025-03-04,2025-07-08,INR,1112927,0.0839,HIRE
566,357,2025-07-09,2025-08-14,USD,1065015,0.021,ADJUSTMENT
567,357,2025-08-15,,USD,1221964,0.141,MERIT
568,358,2022-05-02,2023-12-30,USD,898234,0.1529,PROMOTION
569,358,2023-12-31,,USD,738413,0.1791,ADJUSTMENT
570,359,2022-01-26,,USD,521288,0.1104,MERIT
571,360,2025-03-02,,USD,6654570,0.0567,MERIT
572,361,2020-07-30,2021-07-19,INR,2179290,0.0142,PROMOTION
573,361,2021-07-20,2023-04-09,USD,1691102,0.0946,HIRE
574,361,2023-04-10,,INR,2144316,0.0689,ADJUSTMENT
575,362,2022-06-04,,INR,1169915,0.1644,MERIT
576,363,2024-01-19,,INR,2226512,0.1117,PROMOTION
577,364,2019-07-29,,USD,515715,0.154,ADJUSTMENT
578,365,2023-10-20,,USD,2764127,0.0402,MERIT
579,366,2021-01-18,,USD,508357,0.1077,MERIT
580,367,2022-07-02,2022-07-04,INR,1031710,0.0498,MERIT
581,367,2022-07-05,,USD,1325469,0.1022,MERIT
582,368,2020-10-28,2024-09-13,INR,582247,0.1614,ADJUSTMENT
583,368,2024-09-14,,USD,396561,0.0517,ADJUSTMENT
584,369,2016-03-03,2017-01-23,INR,4553604,0.1688,HIRE
585,369,2017-01-24,2025-03-23,INR,4598125,0.041,MERIT
586,369,2025-03-24,,USD,5497966,0.1698,ADJUSTMENT
587,370,2022-01-18,2023-10-30,USD,2996156,0.0617,HIRE
588,370,2023-10-31,,USD,3172878,0.0287,ADJUSTMENT
589,371,2021-10-07,2022-12-04,INR,4869295,0.1465,PROMOTION
590,371,2022-12-05,,INR,5386173,0.1516,MERIT
591,372,2018-05-18,,USD,886990,0.0737,ADJUSTMENT
592,373,2025-03-03,,INR,4469068,0.0146,ADJUSTMENT
593,374,2022-03-30,2024-06-13,INR,1630903,0.1212,MERIT
594,374,2024-06-14,2024-08-09,INR,1824416,0.0219,HIRE
595,374,2024-08-10,,USD,2106167,0.0089,ADJUSTMENT
596,375,2021-07-04,,USD,1716994,0.1078,PROMOTION
597,376,2018-07-04,2021-01-09,USD,1994692,0.0019,MERIT
598,376,2021-01-10,2022-11-23,INR,2142919,0.1921,MERIT
599,376,2022-11-24,,INR,2085435,0.1708,MERIT
600,377,2022-09-12,,USD,3424986,0.1674,PROMOTION
601,378,2020-01-25,,INR,735759,0.0209,HIRE
602,379,2024-10-04,,USD,1164127,0.1155,MERIT
603,380,2023-01-03,2024-10-15,USD,4076159,0.1756,MERIT
604,380,2024-10-16,2025-04-02,USD,3887922,0.0064,PROMOTION
605,380,2025-04-03,,USD,3480081,0.072,PROMOTION
606,381,2015-05-18,2016-03-30,INR,319915,0.12,HIRE
607,381,2016-03-31,,USD,577322,0.1184,PROMOTION
608,382,2023-12-23,,USD,2776691,0.0473,HIRE
609,383,2025-06-27,,USD,709439,0.1139,ADJUSTMENT
610,384,2025-06-23,,USD,6926650,0.0722,HIRE
611,385,2018-10-14,,INR,2204523,0.0075,MERIT
612,386,2024-07-18,2025-07-20,USD,2272830,0.1675,ADJUSTMENT
613,386,2025-07-21,,INR,3047658,0.1885,HIRE
614,387,2025-08-09,,INR,3004491,0.0012,PROMOTION
615,388,2023-04-25,,USD,1682937,0.0162,HIRE
616,389,2024-03-04,2025-03-10,USD,1639666,0.0694,PROMOTION
617,389,2025-03-11,,USD,2152806,0.1034,MERIT
618,390,2025-08-17,,INR,2162185,0.1287,PROMOTION
619,391,2021-04-20,,USD,2288508,0.0694,ADJUSTMENT
620,392,2018-12-17,,INR,2897992,0.1617,ADJUSTMENT
621,393,2022-06-30,2024-05-01,INR,849962,0.0502,ADJUSTMENT
622,393,2024-05-02,,INR,814479,0.0669,MERIT
623,394,2025-01-09,2025-04-06,USD,941310,0.1753,MERIT
624,394,2025-04-07,2025-05-30,INR,1052082,0.0966,HIRE
625,394,2025-05-31,,USD,1160529,0.1395,ADJUSTMENT
626,395,2024-03-18,,INR,1338830,0.0724,MERIT
627,396,2021-08-25,2024-04-01,INR,1846801,0.0312,ADJUSTMENT
628,396,2024-04-02,,INR,2092890,0.0675,ADJUSTMENT
629,397,2021-10-19,2022-08-11,INR,5638652,0.1803,MERIT
630,397,2022-08-12,2024-07-12,INR,6642100,0.0143,ADJUSTMENT
631,397,2024-07-13,,USD,5560096,0.0727,HIRE
632,398,2019-10-15,,USD,1269822,0.1798,HIRE
633,399,2016-10-26,2018-08-01,INR,1192410,0.021,HIRE
634,399,2018-08-02,,INR,1246070,0.0039,PROMOTION
635,400,2021-02-09,,USD,829051,0.1168,HIRE
636,401,2019-05-31,2025-04-18,USD,3253332,0.116,ADJUSTMENT
637,401,2025-04-19,,INR,3271296,0.1058,ADJUSTMENT
638,402,2022-08-19,2023-08-02,USD,3685598,0.1043,PROMOTION
639,402,2023-08-03,2024-06-07,INR,3411586,0.037,ADJUSTMENT
640,402,2024-06-08,,USD,3707193,0.0703,PROMOTION
641,403,2022-08-19,,USD,5279294,0.0283,MERIT
642,404,2023-11-12,,INR,943215,0.042,PROMOTION
643,405,2021-04-18,,USD,1056067,0.0559,MERIT
644,406,2022-01-18,2022-05-25,USD,1092689,0.1226,PROMOTION
645,406,2022-05-26,,INR,995449,0.1584,PROMOTION
646,407,2020-08-03,2023-10-09,USD,4954068,0.0044,MERIT
647,407,2023-10-10,,USD,5641353,0.0997,MERIT
648,408,2024-07-10,,INR,1631916,0.0491,ADJUSTMENT
649,409,2023-07-14,2024-03-20,INR,4180727,0.1989,ADJUSTMENT
650,409,2024-03-21,,USD,4031098,0.0408,ADJUSTMENT
651,410,2025-05-26,,USD,894833,0.13,MERIT
652,411,2024-05-03,,USD,3616365,0.1073,MERIT
653,412,2025-06-29,,USD,6978182,0.06,ADJUSTMENT
654,413,2018-07-19,2022-12-17,USD,6189651,0.1761,ADJUSTMENT
655,413,2022-12-18,2023-04-05,INR,6088412,0.1281,ADJUSTMENT
656,413,2023-04-06,,USD,6998663,0.1862,PROMOTION
657,414,2023-10-25,2024-08-06,INR,422470,0.0935,HIRE
658,414,2024-08-07,,INR,437995,0.0047,ADJUSTMENT
659,415,2021-10-06,,USD,1081906,0.0194,ADJUSTMENT
660,416,2024-10-30,2025-05-18,INR,325918,0.111,HIRE
661,416,2025-05-19,2025-06-02,INR,446399,0.1468,ADJUSTMENT
662,416,2025-06-03,,INR,477805,0.1808,HIRE
663,417,2024-06-27,2025-06-24,INR,492521,0.0712,ADJUSTMENT
664,417,2025-06-25,,INR,494442,0.0522,HIRE
665,418,2022-05-10,,INR,4211464,0.0808,ADJUSTMENT
666,419,2017-09-01,,USD,2465663,0.0667,MERIT
667,420,2016-08-24,2017-08-20,USD,813095,0.0167,HIRE
668,420,2017-08-21,2024-11-20,INR,799840,0.0346,HIRE
669,420,2024-11-21,,INR,882213,0.1394,MERIT
670,421,2024-04-21,,USD,6058631,0.028,MERIT
671,422,2021-12-27,,INR,858179,0.1017,HIRE
672,423,2024-11-25,,USD,2164119,0.0409,HIRE
673,424,2020-10-18,,INR,1223015,0.056,ADJUSTMENT
674,425,2025-06-07,,INR,6476131,0.105,ADJUSTMENT
675,426,2020-04-22,2024-01-14,INR,469906,0.099,MERIT
676,426,2024-01-15,,USD,305998,0.0639,PROMOTION
677,427,2020-05-06,,INR,764167,0.0445,HIRE
678,428,2025-04-14,,USD,4508903,0.1861,ADJUSTMENT
679,429,2018-07-19,,INR,1078938,0.1693,HIRE
680,430,2016-03-01,2020-10-15,USD,2454153,0.177,HIRE
681,430,2020-10-16,2023-09-14,USD,2891803,0.126,PROMOTION
682,430,2023-09-15,,INR,2609037,0.138,MERIT
683,431,2022-04-26,,INR,826106,0.0563,HIRE
684,432,2023-05-06,2023-10-24,USD,4193849,0.17,PROMOTION
685,432,2023-10-25,,USD,3628033,0.0603,MERIT
686,433,2025-06-14,,USD,4473265,0.1372,MERIT
687,434,2017-12-04,,USD,2957542,0.1748,MERIT
688,435,2024-01-04,,INR,525344,0.146,PROMOTION
689,436,2023-04-03,,USD,3088835,0.0246,HIRE
690,437,2024-08-16,,USD,1912542,0.0131,HIRE
691,438,2019-02-01,2020-08-04,USD,1566876,0.0553,MERIT
692,438,2020-08-05,2023-09-10,USD,1482269,0.1366,PROMOTION
693,438,2023-09-11,,INR,1665346,0.1751,PROMOTION
694,439,2018-07-29,2019-04-26,INR,1068806,0.1377,ADJUSTMENT
695,439,2019-04-27,2023-04-01,INR,1388817,0.1971,ADJUSTMENT
696,439,2023-04-02,,INR,982934,0.1796,MERIT
697,440,2025-01-03,,INR,734184,0.0892,ADJUSTMENT
698,441,2019-09-27,2021-04-23,INR,755346,0.0984,HIRE
699,441,2021-04-24,,INR,878342,0.1774,PROMOTION
700,442,2025-07-16,2025-07-16,USD,1512307,0.0365,HIRE
701,442,2025-07-17,,INR,2183105,0.1815,HIRE
702,443,2017-02-26,2019-07-03,INR,798518,0.0562,HIRE
703,443,2019-07-04,,INR,667828,0.1655,ADJUSTMENT
704,444,2021-02-18,2025-05-29,USD,1359663,0.1687,PROMOTION
705,444,2025-05-30,,INR,1296917,0.0251,PROMOTION
706,445,2021-06-05,2022-11-19,INR,720875,0.0831,PROMOTION
707,445,2022-11-20,,INR,722129,0.0678,ADJUSTMENT
708,446,2022-11-04,2025-06-17,INR,2805755,0.0959,PROMOTION
709,446,2025-06-18,,INR,3039620,0.1419,PROMOTION
710,447,2022-04-05,,USD,3521918,0.0323,ADJUSTMENT
711,448,2019-08-28,,USD,556037,0.1163,MERIT
712,449,2023-01-23,2024-10-28,USD,3341421,0.1901,ADJUSTMENT
713,449,2024-10-29,,INR,3517017,0.0599,HIRE
714,450,2021-11-18,2022-11-27,USD,4151114,0.0758,MERIT
715,450,2022-11-28,,USD,3987268,0.0929,HIRE
716,451,2022-04-27,2024-12-28,INR,4676640,0.1349,PROMOTION
717,451,2024-12-29,,INR,6858992,0.0857,PROMOTION
718,452,2021-08-23,2023-10-31,INR,878467,0.0848,PROMOTION
719,452,2023-11-01,2024-03-14,INR,737406,0.1607,PROMOTION
720,452,2024-03-15,,INR,660091,0.0497,PROMOTION
721,453,2024-11-19,,INR,5052573,0.1333,PROMOTION
722,454,2023-02-01,,INR,2534655,0.1064,MERIT
723,455,2021-06-14,2022-10-26,USD,446081,0.0073,ADJUSTMENT
724,455,2022-10-27,,USD,422485,0.1479,PROMOTION
725,456,2022-01-06,2024-12-24,INR,1618529,0.1831,MERIT
726,456,2024-12-25,,INR,2018963,0.0597,HIRE
727,457,2022-11-23,,USD,774434,0.1477,MERIT
728,458,2022-05-17,2023-04-26,INR,1323855,0.0202,PROMOTION
729,458,2023-04-27,,INR,1362872,0.1911,PROMOTION
730,459,2016-12-03,2018-10-28,INR,325213,0.1467,ADJUSTMENT
731,459,2018-10-29,,USD,434304,0.0528,PROMOTION
732,460,2025-01-06,2025-03-06,USD,4283874,0.1834,MERIT
733,460,2025-03-07,,INR,3204222,0.0127,HIRE
734,461,2023-06-08,2024-01-27,USD,4288268,0.1326,MERIT
735,461,2024-01-28,2024-12-23,USD,4178784,0.0996,HIRE
736,461,2024-12-24,,USD,4092477,0.1427,PROMOTION
737,462,2024-07-29,,USD,3548572,0.1637,PROMOTION
738,463,2017-05-13,2017-07-29,USD,2917792,0.1397,PROMOTION
739,463,2017-07-30,,INR,3046516,0.183,PROMOTION
740,464,2025-03-01,,USD,3370346,0.1788,PROMOTION
741,465,2022-04-30,,INR,6963575,0.1669,PROMOTION
742,466,2019-10-29,2023-12-07,INR,467876,0.0099,MERIT
743,466,2023-12-08,2024-08-19,USD,435866,0.0552,HIRE
744,466,2024-08-20,,INR,311111,0.0623,MERIT
745,467,2024-08-04,,INR,2111160,0.1927,PROMOTION
746,468,2024-04-25,,USD,2120875,0.0801,MERIT
747,469,2025-05-10,,INR,453596,0.0016,ADJUSTMENT
748,470,2019-10-23,,USD,1364213,0.1548,PROMOTION
749,471,2024-04-28,2024-12-16,INR,4464337,0.0644,HIRE
750,471,2024-12-17,,USD,3552118,0.1491,MERIT
751,472,2023-01-05,,USD,542504,0.1005,ADJUSTMENT
752,473,2023-08-16,,INR,761316,0.16,PROMOTION
753,474,2025-02-20,2025-05-22,INR,597208,0.0161,MERIT
754,474,2025-05-23,2025-07-29,USD,470845,0.007,MERIT
755,474,2025-07-30,,USD,312704,0.0784,ADJUSTMENT
756,475,2021-08-19,,INR,3708763,0.1424,MERIT
757,476,2019-01-28,,INR,553832,0.1973,ADJUSTMENT
758,477,2025-04-21,,USD,3333428,0.1689,MERIT
759,478,2021-07-26,2023-06-29,USD,6332027,0.1833,ADJUSTMENT
760,478,2023-06-30,,INR,6346141,0.0105,ADJUSTMENT
761,479,2021-10-04,,USD,2575345,0.122,MERIT
762,480,2017-10-07,2023-01-04,INR,3765016,0.0845,PROMOTION
763,480,2023-01-05,2023-11-26,USD,3790876,0.157,PROMOTION
764,480,2023-11-27,,INR,4153309,0.0614,ADJUSTMENT
765,481,2019-05-07,2019-06-13,INR,5067387,0.0781,HIRE
766,481,2019-06-14,,INR,4814720,0.1463,MERIT
767,482,2025-08-12,2025-08-14,USD,1392167,0.1265,ADJUSTMENT
768,482,2025-08-15,,USD,1392133,0.1735,MERIT
769,483,2022-06-14,2023-07-06,INR,6186314,0.0904,ADJUSTMENT
770,483,2023-07-07,2023-11-16,INR,5874614,0.0644,HIRE
771,483,2023-11-17,,USD,5212247,0.0806,HIRE
772,484,2023-08-02,2024-06-25,USD,701354,0.0653,PROMOTION
773,484,2024-06-26,,USD,716949,0.1381,MERIT
774,485,2024-09-26,,INR,662656,0.1238,MERIT
775,486,2020-07-06,2021-10-22,INR,629051,0.0462,MERIT
776,486,2021-10-23,2022-06-07,INR,690672,0.1074,MERIT
777,486,2022-06-08,,USD,816911,0.1831,HIRE
778,487,2022-12-17,,USD,6430209,0.1667,MERIT
779,488,2024-01-07,2025-05-13,USD,479117,0.0162,MERIT
780,488,2025-05-14,,INR,485726,0.1776,HIRE
781,489,2025-03-25,,INR,823257,0.0642,ADJUSTMENT
782,490,2024-04-02,2024-12-01,INR,577199,0.1874,PROMOTION
783,490,2024-12-02,2025-05-30,INR,577561,0.0162,MERIT
784,490,2025-05-31,,INR,461566,0.0393,ADJUSTMENT
785,491,2020-03-11,2023-11-26,INR,5865083,0.0296,ADJUSTMENT
786,491,2023-11-27,,INR,4718881,0.1098,HIRE
787,492,2022-08-25,2022-11-30,INR,4279774,0.1836,ADJUSTMENT
788,492,2022-12-01,,INR,4427597,0.0809,PROMOTION
789,493,2016-07-29,2020-05-03,USD,4075188,0.0153,PROMOTION
790,493,2020-05-04,,USD,4355376,0.0841,PROMOTION
791,494,2022-08-08,2024-04-10,INR,4529216,0.1399,PROMOTION
792,494,2024-04-11,,INR,6496870,0.1788,MERIT
793,495,2019-05-17,,INR,2942475,0.0981,PROMOTION
794,496,2023-11-13,2024-02-11,INR,493274,0.0294,HIRE
795,496,2024-02-12,,INR,598708,0.1119,HIRE
796,497,2024-09-27,2024-11-21,INR,818198,0.0283,ADJUSTMENT
797,497,2024-11-22,2025-06-04,USD,898960,0.088,MERIT
798,497,2025-06-05,,INR,627195,0.178,PROMOTION
799,498,2023-12-07,,INR,3599153,0.1881,PROMOTION
800,499,2024-08-26,,USD,5228981,0.0533,PROMOTION
801,500,2021-12-01,,USD,2748931,0.0951,ADJUSTMENT
802,501,2019-09-30,,INR,452067,0.128,HIRE
803,502,2017-09-01,,USD,431751,0.0137,HIRE
804,503,2024-10-15,,INR,1269473,0.0889,MERIT
805,504,2017-04-14,2019-10-27,INR,2869508,0.173,PROMOTION
806,504,2019-10-28,2021-01-06,INR,2548197,0.0644,ADJUSTMENT
807,504,2021-01-07,,INR,2306385,0.1834,MERIT
808,505,2024-05-18,,USD,3566097,0.0132,ADJUSTMENT
809,506,2022-12-21,2023-04-12,USD,626222,0.0938,ADJUSTMENT
810,506,2023-04-13,,USD,810575,0.1126,ADJUSTMENT
811,507,2018-06-22,,USD,985070,0.1173,PROMOTION
812,508,2017-05-22,2017-11-24,INR,506553,0.1781,HIRE
813,508,2017-11-25,,INR,516720,0.1054,MERIT
814,509,2023-01-20,,INR,2411599,0.0774,HIRE
815,510,2021-07-17,,INR,6612418,0.065,HIRE
816,511,2022-04-17,,INR,1392620,0.062,ADJUSTMENT
817,512,2020-09-25,2021-07-02,USD,5909761,0.0747,HIRE
818,512,2021-07-03,2025-05-29,USD,6108034,0.1174,PROMOTION
819,512,2025-05-30,,INR,5686813,0.1833,PROMOTION
820,513,2018-04-06,,USD,5698419,0.1679,ADJUSTMENT
821,514,2022-09-10,2024-07-22,INR,1709229,0.0322,PROMOTION
822,514,2024-07-23,,USD,1492527,0.0461,MERIT
823,515,2017-01-18,,INR,1946662,0.0148,MERIT
824,516,2024-11-02,,INR,4570239,0.0477,MERIT
825,517,2021-11-01,,INR,1664511,0.1717,HIRE
826,518,2024-08-17,,USD,1234615,0.1483,PROMOTION
827,519,2020-09-15,,INR,2367351,0.1991,HIRE
828,520,2024-08-17,,INR,393481,0.0683,PROMOTION
829,521,2020-11-07,,INR,6287942,0.1296,MERIT
830,522,2024-11-28,2025-08-01,USD,3788393,0.0573,ADJUSTMENT
831,522,2025-08-02,,USD,4140419,0.0392,MERIT
832,523,2022-08-04,,INR,4370541,0.0088,PROMOTION
833,524,2019-03-02,2022-09-25,INR,708096,0.1027,PROMOTION
834,524,2022-09-26,,INR,702956,0.1709,ADJUSTMENT
835,525,2021-06-13,,USD,885310,0.1071,HIRE
836,526,2025-07-17,2025-07-17,USD,483675,0.193,PROMOTION
837,526,2025-07-18,,INR,432967,0.0392,MERIT
838,527,2025-05-03,,INR,1957746,0.0762,PROMOTION
839,528,2025-08-09,,USD,4327851,0.0119,MERIT
840,529,2022-02-11,2024-04-30,INR,3686476,0.1088,PROMOTION
841,529,2024-05-01,2024-10-13,USD,4439722,0.1348,MERIT
842,529,2024-10-14,,USD,3972268,0.0131,MERIT
843,530,2020-02-21,2021-02-15,USD,4690040,0.0378,PROMOTION
844,530,2021-02-16,2024-01-29,INR,5137528,0.0227,MERIT
845,530,2024-01-30,,INR,4785845,0.0531,ADJUSTMENT
846,531,2019-10-28,2024-08-04,USD,4545563,0.0899,ADJUSTMENT
847,531,2024-08-05,,INR,6503932,0.1304,HIRE
848,532,2019-09-16,,INR,4208060,0.1709,ADJUSTMENT
849,533,2023-01-30,2025-04-21,USD,660873,0.0191,PROMOTION
850,533,2025-04-22,,INR,795156,0.0482,ADJUSTMENT
851,534,2023-12-13,2024-05-15,USD,2185647,0.0263,ADJUSTMENT
852,534,2024-05-16,2024-11-15,INR,2036680,0.1871,MERIT
853,534,2024-11-16,,USD,2199336,0.1795,HIRE
854,535,2020-02-01,,INR,5735033,0.1417,HIRE
855,536,2022-04-09,2023-07-26,INR,992520,0.1121,PROMOTION
856,536,2023-07-27,,INR,1388090,0.1061,ADJUSTMENT
857,537,2024-12-03,,USD,1391346,0.1034,PROMOTION
858,538,2022-11-03,2023-06-20,INR,2907572,0.032,ADJUSTMENT
859,538,2023-06-21,2023-12-20,USD,2381246,0.1272,MERIT
860,538,2023-12-21,,USD,2272647,0.1444,PROMOTION
861,539,2022-05-30,2024-10-20,USD,492775,0.0832,MERIT
862,539,2024-10-21,2024-12-30,INR,301717,0.0737,HIRE
863,539,2024-12-31,,USD,522240,0.0931,PROMOTION
864,540,2019-11-09,2020-07-28,INR,3576285,0.05,PROMOTION
865,540,2020-07-29,,INR,3670166,0.1134,MERIT
866,541,2024-09-22,2025-02-11,USD,387334,0.0478,ADJUSTMENT
867,541,2025-02-12,,INR,333418,0.0526,HIRE
868,542,2017-01-23,,INR,3180314,0.0101,HIRE
869,543,2019-10-26,2021-08-21,INR,4675578,0.1286,HIRE
870,543,2021-08-22,,USD,5360836,0.1949,ADJUSTMENT
871,544,2018-02-22,2022-09-18,INR,6629688,0.1813,PROMOTION
872,544,2022-09-19,,USD,6348710,0.1889,MERIT
873,545,2022-09-27,2023-06-26,USD,2145014,0.1268,ADJUSTMENT
874,545,2023-06-27,2023-10-05,USD,2113988,0.0042,MERIT
875,545,2023-10-06,,INR,1843683,0.1056,HIRE
876,546,2018-02-12,2019-05-31,USD,795882,0.1162,PROMOTION
877,546,2019-06-01,2025-06-28,INR,747174,0.1582,MERIT
878,546,2025-06-29,,USD,636612,0.0762,PROMOTION
879,547,2023-07-19,,USD,2634792,0.104,ADJUSTMENT
880,548,2024-09-25,,USD,988606,0.0419,MERIT
881,549,2024-07-26,,INR,525629,0.0963,PROMOTION
882,550,2024-11-09,2025-01-23,USD,890101,0.0585,MERIT
883,550,2025-01-24,,USD,705770,0.1099,MERIT
884,551,2017-10-30,,INR,2435629,0.1453,HIRE
885,552,2022-01-09,,USD,4042018,0.1442,HIRE
886,553,2018-05-24,2021-02-12,INR,497818,0.1044,MERIT
887,553,2021-02-13,,USD,367629,0.1272,PROMOTION
888,554,2017-11-25,2022-05-19,USD,497004,0.0995,HIRE
889,554,2022-05-20,2022-06-29,INR,516596,0.1654,MERIT
890,554,2022-06-30,,USD,527891,0.0813,HIRE
891,555,2020-06-16,2023-02-17,INR,664982,0.0521,MERIT
892,555,2023-02-18,,INR,741626,0.0338,PROMOTION
893,556,2024-01-07,,USD,3448278,0.1261,HIRE
894,557,2021-01-22,2023-02-03,USD,3178053,0.1328,HIRE
895,557,2023-02-04,2025-08-01,USD,3115241,0.1129,MERIT
896,557,2025-08-02,,INR,2819027,0.0858,PROMOTION
897,558,2024-05-07,,USD,2902739,0.1278,HIRE
898,559,2018-12-28,2024-08-20,USD,2478104,0.1315,PROMOTION
899,559,2024-08-21,,USD,2611489,0.1713,MERIT
900,560,2018-09-20,2022-03-21,INR,2186498,0.095,MERIT
901,560,2022-03-22,2022-09-18,USD,1630777,0.1548,PROMOTION
902,560,2022-09-19,,INR,1796363,0.0362,PROMOTION
903,561,2016-11-10,,USD,2260045,0.1728,PROMOTION
904,562,2021-12-17,2025-04-18,USD,651514,0.1502,ADJUSTMENT
905,562,2025-04-19,,INR,644761,0.0132,MERIT
906,563,2024-03-31,,USD,384405,0.0528,PROMOTION
907,564,2024-07-04,2024-07-05,USD,668354,0.1891,HIRE
908,564,2024-07-06,,USD,604831,0.0494,HIRE
909,565,2024-07-14,,USD,1302363,0.1561,MERIT
910,566,2025-05-15,2025-07-31,INR,679956,0.1891,ADJUSTMENT
911,566,2025-08-01,,USD,742635,0.1578,MERIT
912,567,2020-10-21,,USD,981913,0.021,PROMOTION
913,568,2023-07-12,,INR,3031103,0.0909,HIRE
914,569,2025-03-25,2025-05-13,INR,2143841,0.1469,HIRE
915,569,2025-05-14,2025-06-13,INR,1566819,0.0131,HIRE
916,569,2025-06-14,,USD,1709941,0.0438,MERIT
917,570,2023-07-18,,USD,3187992,0.1179,HIRE
918,571,2023-11-09,,USD,1268520,0.0048,PROMOTION
919,572,2025-01-08,,INR,1387134,0.0885,ADJUSTMENT
920,573,2025-07-13,2025-08-09,INR,1247990,0.0275,ADJUSTMENT
921,573,2025-08-10,,INR,1296054,0.0546,ADJUSTMENT
922,574,2024-06-07,2025-03-06,INR,611577,0.1975,MERIT
923,574,2025-03-07,,INR,812599,0.1279,HIRE
924,575,2023-07-03,,INR,6160799,0.073,ADJUSTMENT
925,576,2019-10-10,,INR,3340978,0.1899,HIRE
926,577,2019-04-13,2021-04-30,USD,5594462,0.0657,HIRE
927,577,2021-05-01,,INR,5383163,0.1371,ADJUSTMENT
928,578,2024-05-17,,USD,1161660,0.1611,HIRE
929,579,2025-07-06,,USD,4001621,0.0522,MERIT
930,580,2021-01-13,2023-07-31,USD,6637689,0.1729,HIRE
931,580,2023-08-01,,USD,5933609,0.1758,ADJUSTMENT
932,581,2020-07-17,2023-02-09,USD,1985887,0.098,ADJUSTMENT
933,581,2023-02-10,,INR,1898807,0.0771,PROMOTION
934,582,2024-03-04,,USD,2211471,0.1581,ADJUSTMENT
935,583,2022-04-11,,USD,904524,0.1118,HIRE
936,584,2019-11-02,2022-03-16,INR,2297724,0.0919,MERIT
937,584,2022-03-17,,INR,2204470,0.1971,ADJUSTMENT
938,585,2025-06-25,2025-07-16,USD,4809057,0.1033,PROMOTION
939,585,2025-07-17,,USD,6265534,0.0828,PROMOTION
940,586,2021-06-13,,INR,639331,0.1846,HIRE
941,587,2025-07-22,,USD,688254,0.0776,HIRE
942,588,2022-03-26,2023-03-23,USD,4108592,0.0719,ADJUSTMENT
943,588,2023-03-24,2023-08-05,USD,3732007,0.0366,ADJUSTMENT
944,588,2023-08-06,,USD,4465569,0.1629,PROMOTION
945,589,2020-12-18,2023-10-05,INR,1277069,0.0351,PROMOTION
946,589,2023-10-06,2023-11-19,INR,1211314,0.1424,MERIT
947,589,2023-11-20,,USD,1345049,0.0155,ADJUSTMENT
948,590,2022-07-01,2022-08-25,USD,734335,0.1951,PROMOTION
949,590,2022-08-26,,INR,733271,0.1676,PROMOTION
950,591,2024-08-06,2024-08-07,USD,307749,0.1625,PROMOTION
951,591,2024-08-08,2024-08-10,USD,440541,0.0096,MERIT
952,591,2024-08-11,,USD,380363,0.1749,PROMOTION
953,592,2025-03-27,2025-08-09,USD,2916841,0.1645,ADJUSTMENT
954,592,2025-08-10,,INR,2701019,0.1682,HIRE
955,593,2017-07-29,2023-10-21,USD,669690,0.143,HIRE
956,593,2023-10-22,,INR,877395,0.1835,ADJUSTMENT
957,594,2024-01-07,,INR,3268093,0.032,HIRE
958,595,2021-03-17,2024-04-08,USD,6432430,0.0434,MERIT
959,595,2024-04-09,,INR,5120593,0.0639,MERIT
960,596,2020-11-07,,INR,1532155,0.052,PROMOTION
961,597,2023-01-15,2023-12-15,INR,2347869,0.1765,HIRE
962,597,2023-12-16,,INR,2561045,0.2,HIRE
963,598,2022-08-02,2022-09-11,INR,1855351,0.0805,PROMOTION
964,598,2022-09-12,,USD,1527421,0.1389,HIRE
965,599,2022-06-08,,USD,2615719,0.1227,MERIT
966,600,2024-05-30,,USD,3233952,0.1199,MERIT
967,601,2025-07-24,,USD,3681959,0.1945,MERIT
968,602,2025-03-07,,INR,3572783,0.0393,HIRE
969,603,2024-05-04,,INR,2049379,0.102,PROMOTION
970,604,2021-03-29,2023-05-17,INR,5536354,0.1151,HIRE
971,604,2023-05-18,2024-10-03,INR,5057575,0.1687,HIRE
972,604,2024-10-04,,INR,5144634,0.1157,ADJUSTMENT
973,605,2018-09-23,,INR,1229788,0.0508,HIRE
974,606,2025-01-21,2025-05-27,USD,1831134,0.0051,HIRE
975,606,2025-05-28,2025-08-09,INR,1915563,0.0921,ADJUSTMENT
976,606,2025-08-10,,INR,1669076,0.1923,ADJUSTMENT
977,607,2024-08-19,,USD,1006133,0.1521,MERIT
978,608,2023-03-30,2024-04-24,INR,668965,0.1488,ADJUSTMENT
979,608,2024-04-25,2024-11-08,USD,660919,0.1886,HIRE
980,608,2024-11-09,,INR,675836,0.0181,MERIT
981,609,2025-03-29,,USD,6322078,0.129,PROMOTION
982,610,2020-12-23,2021-12-15,USD,529692,0.1886,MERIT
983,610,2021-12-16,,INR,310067,0.1938,ADJUSTMENT
984,611,2023-09-18,,INR,1957049,0.1388,MERIT
985,612,2025-01-27,,INR,1892394,0.0597,MERIT
986,613,2019-01-04,2020-11-20,USD,3715813,0.063,ADJUSTMENT
987,613,2020-11-21,2022-03-11,INR,3419659,0.0633,PROMOTION
988,613,2022-03-12,,INR,3633381,0.084,ADJUSTMENT
989,614,2018-10-26,2019-08-05,USD,2426128,0.0232,ADJUSTMENT
990,614,2019-08-06,2025-06-09,INR,2452688,0.0947,ADJUSTMENT
991,614,2025-06-10,,INR,2662451,0.0097,PROMOTION
992,615,2019-10-05,2024-01-15,INR,1431270,0.0664,ADJUSTMENT
993,615,2024-01-16,,USD,1499027,0.0898,ADJUSTMENT
994,616,2017-10-23,,USD,1182480,0.181,PROMOTION
995,617,2020-04-14,,INR,715165,0.1437,HIRE
996,618,2019-04-26,2024-02-14,USD,878491,0.1822,MERIT
997,618,2024-02-15,2025-04-11,INR,783999,0.0404,MERIT
998,618,2025-04-12,,INR,622659,0.0449,ADJUSTMENT
999,619,2025-03-24,,USD,6470044,0.0083,ADJUSTMENT
1000,620,2018-03-16,2020-06-27,INR,310463,0.0279,ADJUSTMENT
1001,620,2020-06-28,2023-11-06,INR,531462,0.067,MERIT
1002,620,2023-11-07,,USD,547879,0.123,MERIT
1003,621,2022-07-17,2022-08-02,USD,3848989,0.1441,HIRE
1004,621,2022-08-03,,USD,4375412,0.0079,MERIT
1005,622,2021-08-23,,INR,890880,0.1434,ADJUSTMENT
1006,623,2022-09-08,2022-12-10,INR,639989,0.1681,ADJUSTMENT
1007,623,2022-12-11,,USD,878972,0.1569,MERIT
1008,624,2020-10-01,2021-05-05,USD,1569637,0.0795,HIRE
1009,624,2021-05-06,2025-07-09,USD,1705872,0.0781,PROMOTION
1010,624,2025-07-10,,USD,2003517,0.0422,HIRE
1011,625,2025-07-04,,INR,1886063,0.1264,HIRE
1012,626,2018-10-13,,INR,2750956,0.1341,MERIT
1013,627,2024-03-06,,USD,1655622,0.1668,PROMOTION
1014,628,2018-10-28,2022-09-20,USD,696929,0.1081,PROMOTION
1015,628,2022-09-21,2025-04-24,INR,716096,0.0101,MERIT
1016,628,2025-04-25,,USD,754512,0.108,PROMOTION
1017,629,2022-08-09,2024-08-23,USD,853458,0.0791,MERIT
1018,629,2024-08-24,,USD,773935,0.1862,PROMOTION
1019,630,2017-10-26,2022-11-13,INR,1484230,0.1131,HIRE
1020,630,2022-11-14,,INR,2131811,0.159,ADJUSTMENT
1021,631,2019-07-22,,INR,759943,0.1792,HIRE
1022,632,2017-09-19,,INR,2175778,0.0441,MERIT
1023,633,2020-05-23,2023-09-10,USD,2341089,0.0986,MERIT
1024,633,2023-09-11,2023-10-30,USD,2434071,0.0615,MERIT
1025,633,2023-10-31,,USD,2787939,0.0208,MERIT
1026,634,2023-08-31,,INR,2339902,0.0715,PROMOTION
1027,635,2024-09-28,2025-08-11,INR,5259574,0.0158,MERIT
1028,635,2025-08-12,,USD,5188168,0.0274,MERIT
1029,636,2023-05-06,2023-06-11,USD,2501082,0.0543,PROMOTION
1030,636,2023-06-12,,INR,2345717,0.0597,ADJUSTMENT
1031,637,2017-01-31,2017-12-21,USD,549591,0.0187,HIRE
1032,637,2017-12-22,,USD,330686,0.178,ADJUSTMENT
1033,638,2022-03-24,2024-06-02,INR,582116,0.1268,PROMOTION
1034,638,2024-06-03,,INR,511667,0.1269,ADJUSTMENT
1035,639,2019-01-05,,USD,4929843,0.0615,MERIT
1036,640,2021-02-17,2023-08-03,USD,5258490,0.0041,MERIT
1037,640,2023-08-04,,INR,5612403,0.0685,ADJUSTMENT
1038,641,2024-03-22,2025-03-17,INR,570007,0.1513,MERIT
1039,641,2025-03-18,2025-04-04,USD,320805,0.0674,HIRE
1040,641,2025-04-05,,INR,346911,0.0032,MERIT
1041,642,2020-01-09,,USD,760843,0.085,ADJUSTMENT
1042,643,2024-01-26,,USD,719814,0.1221,MERIT
1043,644,2025-06-09,,INR,3245216,0.0564,HIRE
1044,645,2024-12-29,,INR,325617,0.1165,HIRE
1045,646,2022-01-23,2024-12-16,INR,3287414,0.0609,HIRE
1046,646,2024-12-17,,USD,4347594,0.0114,MERIT
1047,647,2021-10-26,,INR,1033268,0.078,MERIT
1048,648,2025-01-26,,USD,3564244,0.0668,HIRE
1049,649,2019-10-13,2025-08-03,INR,2341357,0.053,MERIT
1050,649,2025-08-04,,USD,3034255,0.0864,PROMOTION
1051,650,2025-01-20,2025-07-12,USD,1570374,0.0297,ADJUSTMENT
1052,650,2025-07-13,2025-07-17,INR,1604571,0.1767,MERIT
1053,650,2025-07-18,,INR,1919407,0.0494,MERIT
1054,651,2016-03-09,,USD,2271918,0.0806,PROMOTION
1055,652,2024-07-07,,USD,1194244,0.1822,ADJUSTMENT
1056,653,2022-03-25,,INR,1361985,0.1443,ADJUSTMENT
1057,654,2024-02-13,2024-09-21,INR,5455890,0.1813,ADJUSTMENT
1058,654,2024-09-22,,INR,4999248,0.1933,HIRE
1059,655,2023-09-14,,INR,655621,0.1729,MERIT
1060,656,2024-10-17,,USD,1137662,0.0095,PROMOTION
1061,657,2021-10-04,,USD,332566,0.0293,ADJUSTMENT
1062,658,2024-02-26,,USD,621100,0.079,PROMOTION
1063,659,2020-11-05,,INR,1339332,0.0054,MERIT
1064,660,2021-08-06,,USD,4463338,0.002,PROMOTION
1065,661,2023-01-23,2023-09-06,INR,4001744,0.0961,MERIT
1066,661,2023-09-07,,USD,3569067,0.0752,MERIT
1067,662,2024-03-14,,USD,4384292,0.0371,MERIT
1068,663,2019-05-13,2024-09-12,USD,1291296,0.0144,ADJUSTMENT
1069,663,2024-09-13,2025-02-28,USD,1285191,0.1936,HIRE
1070,663,2025-03-01,,INR,1277033,0.1009,ADJUSTMENT
1071,664,2019-05-29,2021-06-13,USD,3992044,0.1201,PROMOTION
1072,664,2021-06-14,2024-07-18,INR,3957676,0.1386,HIRE
1073,664,2024-07-19,,USD,4118872,0.0244,ADJUSTMENT
1074,665,2018-06-25,,INR,5235744,0.0074,ADJUSTMENT
1075,666,2020-05-27,,INR,397086,0.1042,ADJUSTMENT
1076,667,2020-01-31,2024-05-30,INR,1424159,0.1702,PROMOTION
1077,667,2024-05-31,,USD,1459385,0.188,PROMOTION
1078,668,2020-10-06,2024-05-06,USD,3092570,0.0139,MERIT
1079,668,2024-05-07,2024-06-17,INR,2536286,0.0222,MERIT
1080,668,2024-06-18,,INR,2929245,0.1002,PROMOTION
1081,669,2023-11-30,,INR,1490868,0.1892,ADJUSTMENT
1082,670,2019-07-27,2020-09-16,INR,3451034,0.0251,HIRE
1083,670,2020-09-17,2025-01-25,USD,3682527,0.0488,HIRE
1084,670,2025-01-26,,INR,4256142,0.108,PROMOTION
1085,671,2025-07-13,2025-08-08,INR,1063881,0.1725,PROMOTION
1086,671,2025-08-09,2025-08-20,INR,981341,0.1964,PROMOTION
1087,671,2025-08-21,,USD,1172474,0.1132,ADJUSTMENT
1088,672,2022-11-11,,USD,4290605,0.1856,MERIT
1089,673,2024-10-01,,INR,5348855,0.0078,PROMOTION
1090,674,2018-10-26,2024-10-12,INR,1266337,0.1285,ADJUSTMENT
1091,674,2024-10-13,,INR,1086699,0.1027,PROMOTION
1092,675,2025-08-23,2025-08-22,INR,773755,0.1917,HIRE
1093,675,2025-08-23,,USD,898338,0.1252,MERIT
1094,676,2021-03-24,,USD,928040,0.0221,ADJUSTMENT
1095,677,2021-01-06,2021-02-11,INR,348212,0.1078,MERIT
1096,677,2021-02-12,,INR,377192,0.1012,ADJUSTMENT
1097,678,2022-05-17,2023-09-10,INR,2061297,0.0964,HIRE
1098,678,2023-09-11,2024-04-07,USD,2192928,0.1352,MERIT
1099,678,2024-04-08,,USD,2042531,0.1481,HIRE
1100,679,2025-07-25,,INR,1011279,0.0756,PROMOTION
1101,680,2020-12-05,,USD,739898,0.0564,HIRE
1102,681,2023-11-26,,USD,882786,0.0931,PROMOTION
1103,682,2025-01-25,2025-07-01,USD,519555,0.1733,HIRE
1104,682,2025-07-02,,USD,580039,0.0798,HIRE
1105,683,2025-04-10,2025-06-22,USD,2871760,0.074,ADJUSTMENT
1106,683,2025-06-23,2025-08-02,USD,2617514,0.1525,HIRE
1107,683,2025-08-03,,USD,3132601,0.0315,ADJUSTMENT
1108,684,2023-01-07,2023-07-02,INR,435742,0.1842,HIRE
1109,684,2023-07-03,2025-02-01,INR,436917,0.0996,MERIT
1110,684,2025-02-02,,USD,360693,0.0224,ADJUSTMENT
1111,685,2021-03-24,2023-08-10,USD,2071919,0.159,MERIT
1112,685,2023-08-11,,INR,1780175,0.175,ADJUSTMENT
1113,686,2021-04-13,,INR,540912,0.0847,PROMOTION
1114,687,2022-05-01,2025-02-21,INR,4068192,0.1765,PROMOTION
1115,687,2025-02-22,,INR,4272872,0.0748,PROMOTION
1116,688,2025-06-22,2025-08-12,INR,3918795,0.0131,ADJUSTMENT
1117,688,2025-08-13,2025-08-15,USD,3951549,0.1191,ADJUSTMENT
1118,688,2025-08-16,,INR,3888239,0.0688,ADJUSTMENT
1119,689,2025-05-10,,INR,962558,0.1579,MERIT
1120,690,2020-04-14,2023-06-20,INR,3712579,0.1263,PROMOTION
1121,690,2023-06-21,2024-10-19,USD,3467985,0.1542,ADJUSTMENT
1122,690,2024-10-20,,USD,3880453,0.136,ADJUSTMENT
1123,691,2025-07-20,,USD,5238725,0.1718,HIRE
1124,692,2017-03-06,2024-01-07,USD,591187,0.0532,ADJUSTMENT
1125,692,2024-01-08,,INR,595652,0.1149,ADJUSTMENT
1126,693,2024-05-21,2024-11-15,INR,841018,0.0632,MERIT
1127,693,2024-11-16,,USD,846312,0.0117,HIRE
1128,694,2020-11-24,,INR,6715946,0.1627,MERIT
1129,695,2021-01-18,,USD,577040,0.0325,ADJUSTMENT
1130,696,2024-02-23,2025-04-09,INR,987550,0.1621,ADJUSTMENT
1131,696,2025-04-10,,INR,1387560,0.0399,ADJUSTMENT
1132,697,2020-08-09,2021-09-17,INR,2620413,0.1,HIRE
1133,697,2021-09-18,,INR,3087576,0.0089,ADJUSTMENT
1134,698,2024-11-14,2025-07-29,INR,5555257,0.0241,PROMOTION
1135,698,2025-07-30,,USD,5962187,0.1277,ADJUSTMENT
1136,699,2017-09-29,2018-03-27,INR,4004249,0.1894,MERIT
1137,699,2018-03-28,,USD,4091477,0.0585,ADJUSTMENT
1138,700,2018-06-05,,USD,805750,0.0702,HIRE
1139,701,2023-07-26,,USD,2130801,0.1097,MERIT
1140,702,2020-11-09,,USD,712347,0.139,ADJUSTMENT
1141,703,2022-12-07,2024-11-27,INR,2350036,0.1725,HIRE
1142,703,2024-11-28,,INR,2969262,0.1854,PROMOTION
1143,704,2024-07-17,2024-12-28,USD,792510,0.0594,MERIT
1144,704,2024-12-29,,INR,624891,0.1317,HIRE
1145,705,2021-07-27,,INR,300382,0.0757,ADJUSTMENT
1146,706,2018-06-26,2019-05-18,USD,1421956,0.1669,ADJUSTMENT
1147,706,2019-05-19,,USD,1819943,0.0945,HIRE
1148,707,2021-03-22,2024-05-08,USD,1513326,0.0161,ADJUSTMENT
1149,707,2024-05-09,2024-12-08,USD,1486951,0.047,PROMOTION
1150,707,2024-12-09,,USD,1957174,0.1015,ADJUSTMENT
1151,708,2025-05-14,2025-08-22,INR,524324,0.1349,HIRE
1152,708,2025-08-23,,USD,501039,0.0716,HIRE
1153,709,2025-05-09,2025-05-13,INR,983545,0.192,HIRE
1154,709,2025-05-14,,USD,1331821,0.137,MERIT
1155,710,2025-02-21,,INR,6272749,0.0727,ADJUSTMENT
1156,711,2024-05-19,2025-05-02,INR,867884,0.1059,HIRE
1157,711,2025-05-03,,USD,718957,0.1514,MERIT
1158,712,2023-05-15,,USD,4538754,0.1481,PROMOTION
1159,713,2025-02-15,2025-02-24,INR,1936504,0.0934,PROMOTION
1160,713,2025-02-25,2025-02-25,USD,1743394,0.0771,ADJUSTMENT
1161,713,2025-02-26,,INR,1470045,0.034,MERIT
1162,714,2023-05-30,2025-04-11,USD,4524724,0.1834,ADJUSTMENT
1163,714,2025-04-12,,USD,4705271,0.1528,MERIT
1164,715,2021-02-17,2021-07-29,INR,2178874,0.0919,ADJUSTMENT
1165,715,2021-07-30,,USD,1942931,0.1745,PROMOTION
1166,716,2023-12-22,2024-06-09,INR,2143951,0.0124,HIRE
1167,716,2024-06-10,,USD,1673291,0.1021,ADJUSTMENT
1168,717,2021-06-28,2023-11-25,INR,2800742,0.0486,PROMOTION
1169,717,2023-11-26,,INR,2979597,0.0066,PROMOTION
1170,718,2023-10-22,2025-08-07,INR,2678128,0.0222,ADJUSTMENT
1171,718,2025-08-08,,USD,2551077,0.0822,MERIT
1172,719,2020-07-07,,INR,5776564,0.1848,HIRE
1173,720,2021-11-20,2023-08-15,INR,4636526,0.1879,PROMOTION
1174,720,2023-08-16,,INR,4899025,0.0529,MERIT
1175,721,2023-07-01,2023-07-26,USD,308213,0.1485,ADJUSTMENT
1176,721,2023-07-27,,INR,555620,0.1147,MERIT
1177,722,2020-08-20,2021-04-30,USD,1313472,0.1402,PROMOTION
1178,722,2021-05-01,,USD,932932,0.0376,MERIT
1179,723,2025-06-10,,USD,506595,0.0238,MERIT
1180,724,2017-10-08,,INR,6270880,0.0341,PROMOTION
1181,725,2020-07-03,,USD,1461656,0.035,HIRE
1182,726,2018-05-18,2024-02-15,INR,5815700,0.1837,MERIT
1183,726,2024-02-16,,USD,5059900,0.1037,PROMOTION
1184,727,2020-05-27,,INR,894802,0.031,HIRE
1185,728,2020-09-04,2021-07-30,INR,1273399,0.0862,PROMOTION
1186,728,2021-07-31,2023-07-04,INR,1057964,0.0051,MERIT
1187,728,2023-07-05,,USD,1321035,0.1485,MERIT
1188,729,2025-05-29,2025-08-21,USD,1996713,0.1906,HIRE
1189,729,2025-08-22,,INR,1982799,0.0287,HIRE
1190,730,2022-01-15,2024-03-07,INR,990535,0.0862,HIRE
1191,730,2024-03-08,,USD,1144582,0.0772,ADJUSTMENT
1192,731,2024-06-20,,INR,1520856,0.1461,HIRE
1193,732,2023-11-17,,USD,4905062,0.0033,MERIT
1194,733,2023-02-07,,INR,305607,0.157,HIRE
1195,734,2022-12-17,,INR,1318615,0.0476,PROMOTION
1196,735,2021-05-21,2025-03-26,INR,3189275,0.1355,MERIT
1197,735,2025-03-27,,INR,2253703,0.1644,HIRE
1198,736,2021-04-26,,INR,770351,0.1039,MERIT
1199,737,2024-11-16,2025-04-15,INR,874348,0.1946,HIRE
1200,737,2025-04-16,,USD,642211,0.0465,ADJUSTMENT
1201,738,2016-07-12,2024-09-21,INR,304214,0.1877,ADJUSTMENT
1202,738,2024-09-22,,USD,384516,0.1436,ADJUSTMENT
1203,739,2022-12-17,2024-03-06,USD,344753,0.0492,HIRE
1204,739,2024-03-07,,INR,574608,0.0645,PROMOTION
1205,740,2017-09-20,2019-06-22,USD,375079,0.1345,PROMOTION
1206,740,2019-06-23,2023-06-20,INR,538545,0.0717,PROMOTION
1207,740,2023-06-21,,INR,501329,0.041,PROMOTION
1208,741,2023-01-04,,USD,837859,0.1829,HIRE
1209,742,2023-01-12,2024-12-16,INR,3776842,0.1993,ADJUSTMENT
1210,742,2024-12-17,,USD,3896059,0.0487,PROMOTION
1211,743,2022-06-17,2025-03-19,USD,802266,0.0794,HIRE
1212,743,2025-03-20,,USD,804137,0.1649,PROMOTION
1213,744,2022-09-30,,USD,5326490,0.1892,HIRE
1214,745,2023-08-09,2025-05-03,INR,1694860,0.0259,ADJUSTMENT
1215,745,2025-05-04,,INR,2046185,0.1433,HIRE
1216,746,2019-10-26,2024-06-14,USD,4877883,0.1949,ADJUSTMENT
1217,746,2024-06-15,,USD,6452311,0.057,MERIT
1218,747,2023-11-13,,INR,3006497,0.1744,PROMOTION
1219,748,2016-10-03,2022-02-10,USD,784764,0.1427,HIRE
1220,748,2022-02-11,,USD,614147,0.0542,PROMOTION
1221,749,2024-02-08,,USD,2488597,0.1152,MERIT
1222,750,2024-06-07,,USD,1955770,0.0852,HIRE
1223,751,2022-06-22,,USD,649184,0.064,PROMOTION
1224,752,2017-05-03,2023-03-14,INR,318693,0.143,PROMOTION
1225,752,2023-03-15,2025-07-03,USD,573710,0.1375,HIRE
1226,752,2025-07-04,,USD,405809,0.068,MERIT
1227,753,2021-08-27,,INR,398826,0.1205,PROMOTION
1228,754,2019-10-30,2020-06-25,INR,934590,0.1431,ADJUSTMENT
1229,754,2020-06-26,2020-11-12,USD,1353656,0.0393,MERIT
1230,754,2020-11-13,,INR,1037929,0.1134,PROMOTION
1231,755,2020-09-18,,USD,2751630,0.1584,ADJUSTMENT
1232,756,2025-02-19,2025-04-11,INR,1280042,0.0616,ADJUSTMENT
1233,756,2025-04-12,,INR,1151019,0.1098,PROMOTION
1234,757,2022-03-10,,USD,517306,0.0851,ADJUSTMENT
1235,758,2023-12-01,,USD,820139,0.1579,MERIT
1236,759,2018-09-28,2020-04-23,USD,1789554,0.1871,ADJUSTMENT
1237,759,2020-04-24,,USD,1992942,0.1387,PROMOTION
1238,760,2025-02-27,,USD,644848,0.0434,MERIT
1239,761,2019-04-09,,INR,1334173,0.1898,HIRE
1240,762,2024-09-25,,USD,4937140,0.1302,MERIT
1241,763,2021-02-07,2022-03-12,INR,6525754,0.1933,PROMOTION
1242,763,2022-03-13,,USD,6715445,0.0329,MERIT
1243,764,2020-12-07,2025-07-23,USD,520097,0.0152,ADJUSTMENT
1244,764,2025-07-24,,INR,474472,0.1769,MERIT
1245,765,2023-06-09,2023-10-11,USD,803163,0.1952,ADJUSTMENT
1246,765,2023-10-12,2025-02-14,USD,883727,0.0064,PROMOTION
1247,765,2025-02-15,,INR,753619,0.0621,PROMOTION
1248,766,2023-10-14,2025-07-28,INR,2554181,0.0471,HIRE
1249,766,2025-07-29,,USD,2787189,0.1663,HIRE
1250,767,2021-01-19,,INR,2186499,0.0626,ADJUSTMENT
1251,768,2019-10-20,2019-11-29,USD,4273210,0.1777,HIRE
1252,768,2019-11-30,2023-03-07,INR,3489987,0.0294,HIRE
1253,768,2023-03-08,,USD,4019831,0.1315,HIRE
1254,769,2024-02-29,,INR,887352,0.1148,MERIT
1255,770,2024-02-03,,USD,937098,0.031,HIRE
1256,771,2024-01-01,2025-06-09,INR,2465246,0.1997,ADJUSTMENT
1257,771,2025-06-10,,INR,2908165,0.0754,MERIT
1258,772,2018-10-08,2020-04-23,USD,5646750,0.1482,ADJUSTMENT
1259,772,2020-04-24,2023-06-29,USD,6872958,0.1053,PROMOTION
1260,772,2023-06-30,,INR,5152761,0.1286,PROMOTION
1261,773,2025-05-29,,USD,1029346,0.1679,ADJUSTMENT
1262,774,2021-10-25,,INR,4604587,0.1457,PROMOTION
1263,775,2024-02-04,,USD,6530542,0.0303,PROMOTION
1264,776,2024-10-21,2024-11-17,INR,3181780,0.1818,HIRE
1265,776,2024-11-18,2025-01-02,USD,2211945,0.0008,HIRE
1266,776,2025-01-03,,INR,2787675,0.0268,ADJUSTMENT
1267,777,2024-01-26,2024-12-01,USD,1987027,0.0584,PROMOTION
1268,777,2024-12-02,,USD,1678356,0.1652,MERIT
1269,778,2025-05-12,,INR,1215838,0.1534,MERIT
1270,779,2024-01-25,2025-04-02,USD,2903866,0.0162,MERIT
1271,779,2025-04-03,,USD,3160548,0.172,PROMOTION
1272,780,2020-12-27,2023-08-24,INR,963010,0.1362,PROMOTION
1273,780,2023-08-25,,USD,1281477,0.0809,HIRE
1274,781,2022-07-05,,USD,1291140,0.1804,HIRE
1275,782,2022-09-22,2025-01-31,INR,414180,0.1213,PROMOTION
1276,782,2025-02-01,,INR,410637,0.0595,PROMOTION
1277,783,2019-08-04,2021-08-19,INR,693247,0.1019,ADJUSTMENT
1278,783,2021-08-20,,USD,730419,0.1104,ADJUSTMENT
1279,784,2023-10-15,2025-06-26,USD,479259,0.0628,ADJUSTMENT
1280,784,2025-06-27,,USD,587264,0.0721,ADJUSTMENT
1281,785,2017-07-22,2019-02-24,USD,605182,0.1967,PROMOTION
1282,785,2019-02-25,2020-08-09,INR,653623,0.0053,PROMOTION
1283,785,2020-08-10,,INR,788673,0.0715,ADJUSTMENT
1284,786,2021-03-31,,INR,3230218,0.0296,HIRE
1285,787,2021-12-30,,INR,5980247,0.0445,MERIT
1286,788,2025-08-10,,INR,3586251,0.173,HIRE
1287,789,2025-07-02,2025-08-07,USD,736668,0.1024,MERIT
1288,789,2025-08-08,,USD,633115,0.143,ADJUSTMENT
1289,790,2024-04-07,,USD,367768,0.0986,MERIT
1290,791,2024-01-03,,USD,739905,0.1156,PROMOTION
1291,792,2024-09-13,,USD,6769289,0.0326,PROMOTION
1292,793,2024-04-20,2024-04-23,USD,635977,0.0541,PROMOTION
1293,793,2024-04-24,2025-05-05,INR,726301,0.0108,MERIT
1294,793,2025-05-06,,USD,638146,0.0574,HIRE
1295,794,2024-06-29,2024-12-15,USD,519184,0.0852,PROMOTION
1296,794,2024-12-16,2025-01-19,INR,578541,0.0597,MERIT
1297,794,2025-01-20,,USD,523938,0.1771,HIRE
1298,795,2023-01-08,2024-04-11,INR,1598578,0.0994,ADJUSTMENT
1299,795,2024-04-12,,INR,1480730,0.1913,HIRE
1300,796,2016-07-11,2023-10-15,INR,1186405,0.1041,PROMOTION
1301,796,2023-10-16,,USD,1073604,0.1255,MERIT
1302,797,2019-09-22,2021-07-05,USD,3259689,0.1733,PROMOTION
1303,797,2021-07-06,2022-04-10,USD,3734184,0.1005,HIRE
1304,797,2022-04-11,,USD,4431331,0.0793,MERIT
1305,798,2019-05-28,2019-10-09,INR,682934,0.1998,MERIT
1306,798,2019-10-10,2021-12-18,USD,708719,0.0524,ADJUSTMENT
1307,798,2021-12-19,,INR,637343,0.0552,PROMOTION
1308,799,2020-05-02,,USD,5939578,0.0762,MERIT
1309,800,2023-07-25,,INR,3360189,0.0538,PROMOTION
1310,801,2016-03-10,2024-04-29,USD,5472394,0.0789,MERIT
1311,801,2024-04-30,,USD,6086734,0.0426,ADJUSTMENT
1312,802,2023-11-08,,INR,2509899,0.0249,ADJUSTMENT
1313,803,2022-12-31,2023-06-05,USD,4452345,0.17,HIRE
1314,803,2023-06-06,2024-06-09,USD,3666427,0.1275,MERIT
1315,803,2024-06-10,,USD,4499572,0.1611,MERIT
1316,804,2025-08-16,,INR,1459057,0.0311,HIRE
1317,805,2018-03-12,2025-07-10,INR,4086542,0.1997,MERIT
1318,805,2025-07-11,,USD,3812673,0.1857,HIRE
1319,806,2022-02-28,2025-02-25,USD,5879953,0.1847,HIRE
1320,806,2025-02-26,2025-08-09,USD,6655523,0.1883,PROMOTION
1321,806,2025-08-10,,INR,6557094,0.1876,ADJUSTMENT
1322,807,2025-07-23,,INR,3492703,0.1065,MERIT
1323,808,2025-03-03,,USD,3988273,0.0089,PROMOTION
1324,809,2024-11-10,,INR,898732,0.046,ADJUSTMENT
1325,810,2024-07-14,2024-07-27,USD,5696134,0.049,PROMOTION
1326,810,2024-07-28,2025-04-02,INR,5981353,0.1632,ADJUSTMENT
1327,810,2025-04-03,,INR,6949028,0.1443,HIRE
1328,811,2025-04-04,,INR,4065998,0.0737,PROMOTION
1329,812,2017-02-21,2019-06-09,INR,5011177,0.168,HIRE
1330,812,2019-06-10,,INR,4527278,0.1826,MERIT
1331,813,2025-03-19,,USD,930270,0.0221,MERIT
1332,814,2025-07-28,2025-07-31,USD,406175,0.0691,HIRE
1333,814,2025-08-01,,USD,554494,0.185,HIRE
1334,815,2020-11-04,,USD,341565,0.0611,ADJUSTMENT
1335,816,2024-04-15,,USD,1214712,0.1398,HIRE
1336,817,2022-05-31,,INR,489503,0.0357,ADJUSTMENT
1337,818,2017-06-01,2019-02-10,USD,677596,0.1907,PROMOTION
1338,818,2019-02-11,2021-02-17,USD,679773,0.0744,ADJUSTMENT
1339,818,2021-02-18,,USD,823380,0.018,ADJUSTMENT
1340,819,2017-02-10,2018-03-11,USD,1288045,0.0884,PROMOTION
1341,819,2018-03-12,,USD,1072032,0.0448,MERIT
1342,820,2025-07-13,,USD,657447,0.0615,HIRE
1343,821,2020-10-30,2020-11-16,INR,984248,0.0354,HIRE
1344,821,2020-11-17,,INR,1124621,0.0751,HIRE
1345,822,2021-06-07,,INR,2573237,0.1164,ADJUSTMENT
1346,823,2021-01-26,2021-02-09,INR,329142,0.1464,PROMOTION
1347,823,2021-02-10,,USD,352394,0.0968,MERIT
1348,824,2021-10-29,2023-10-21,INR,323336,0.142,PROMOTION
1349,824,2023-10-22,2025-01-14,INR,497811,0.1773,ADJUSTMENT
1350,824,2025-01-15,,INR,360777,0.096,ADJUSTMENT
1351,825,2021-12-30,,USD,827836,0.1337,HIRE
1352,826,2022-08-14,2023-11-17,INR,2651421,0.1189,HIRE
1353,826,2023-11-18,,USD,2550402,0.1831,PROMOTION
1354,827,2022-11-26,,INR,862045,0.0422,HIRE
1355,828,2021-05-20,2021-10-05,INR,1010896,0.1842,MERIT
1356,828,2021-10-06,,USD,1320579,0.1821,PROMOTION
1357,829,2021-10-23,2023-08-31,USD,3999539,0.1254,MERIT
1358,829,2023-09-01,,USD,3597922,0.0612,ADJUSTMENT
1359,830,2023-09-09,2024-01-23,USD,744286,0.1139,PROMOTION
1360,830,2024-01-24,2025-03-27,INR,674820,0.0166,HIRE
1361,830,2025-03-28,,USD,638132,0.0331,HIRE
1362,831,2023-04-29,2025-03-09,USD,1341607,0.117,HIRE
1363,831,2025-03-10,2025-08-01,INR,997704,0.1596,ADJUSTMENT
1364,831,2025-08-02,,USD,916546,0.1314,MERIT
1365,832,2020-05-06,,USD,4752801,0.0493,PROMOTION
1366,833,2018-07-04,2021-01-21,USD,472612,0.1591,PROMOTION
1367,833,2021-01-22,,USD,305781,0.016,ADJUSTMENT
1368,834,2023-03-31,2023-06-11,INR,2195051,0.1307,MERIT
1369,834,2023-06-12,,USD,1775859,0.1699,MERIT
1370,835,2017-03-04,,USD,623621,0.0361,MERIT
1371,836,2023-07-08,,USD,512576,0.1361,PROMOTION
1372,837,2025-02-10,2025-03-24,INR,4512654,0.0813,PROMOTION
1373,837,2025-03-25,2025-06-13,USD,5480254,0.0897,HIRE
1374,837,2025-06-14,,USD,6341663,0.0147,ADJUSTMENT
1375,838,2020-07-06,2024-02-25,USD,6089968,0.1857,ADJUSTMENT
1376,838,2024-02-26,2025-02-06,INR,6457839,0.0774,MERIT
1377,838,2025-02-07,,INR,6420888,0.0868,HIRE
1378,839,2021-01-31,,USD,1369148,0.1822,MERIT
1379,840,2019-08-01,2023-11-05,INR,482198,0.197,PROMOTION
1380,840,2023-11-06,2025-01-15,USD,360131,0.0198,ADJUSTMENT
1381,840,2025-01-16,,USD,324402,0.0564,PROMOTION
1382,841,2022-11-24,2023-03-31,USD,680425,0.0021,PROMOTION
1383,841,2023-04-01,2025-02-26,INR,755318,0.1616,HIRE
1384,841,2025-02-27,,USD,830786,0.0038,ADJUSTMENT
1385,842,2023-02-22,2024-05-24,INR,808817,0.1182,ADJUSTMENT
1386,842,2024-05-25,,USD,698742,0.1152,HIRE
1387,843,2022-12-04,,USD,3228648,0.1693,ADJUSTMENT
1388,844,2021-11-19,2022-12-23,USD,4380772,0.1388,HIRE
1389,844,2022-12-24,,USD,4301865,0.0135,PROMOTION
1390,845,2024-06-27,,USD,1115206,0.1624,PROMOTION
1391,846,2024-09-12,,INR,606936,0.1931,PROMOTION
1392,847,2024-11-14,,USD,1134053,0.0598,HIRE
1393,848,2023-01-29,,USD,580073,0.0167,PROMOTION
1394,849,2024-10-01,2025-03-28,USD,2289442,0.1086,HIRE
1395,849,2025-03-29,2025-07-17,INR,2580520,0.1567,ADJUSTMENT
1396,849,2025-07-18,,USD,2399706,0.1023,HIRE
1397,850,2018-10-27,2022-04-13,USD,784443,0.0808,ADJUSTMENT
1398,850,2022-04-14,,USD,712352,0.1318,ADJUSTMENT
1399,851,2018-08-01,2020-11-04,INR,2392015,0.1975,MERIT
1400,851,2020-11-05,,USD,3164183,0.1373,MERIT
1401,852,2024-06-06,2025-04-20,USD,1130945,0.1931,PROMOTION
1402,852,2025-04-21,,USD,910952,0.0213,PROMOTION
1403,853,2025-01-31,,INR,350507,0.0542,HIRE
1404,854,2025-06-16,,USD,542565,0.1072,MERIT
1405,855,2024-12-26,,INR,870660,0.1461,ADJUSTMENT
1406,856,2016-04-06,2017-02-01,USD,862321,0.1753,ADJUSTMENT
1407,856,2017-02-02,2020-11-22,INR,871298,0.1923,MERIT
1408,856,2020-11-23,,USD,834199,0.1136,PROMOTION
1409,857,2024-06-07,,INR,635633,0.0011,PROMOTION
1410,858,2024-09-05,,USD,2329415,0.1604,HIRE
1411,859,2024-02-22,,USD,3170162,0.1761,HIRE
1412,860,2025-01-10,,USD,664167,0.0033,ADJUSTMENT
1413,861,2022-03-18,,USD,532584,0.0749,HIRE
1414,862,2024-07-14,2025-03-13,INR,6295056,0.1121,MERIT
1415,862,2025-03-14,2025-08-05,USD,5790785,0.1711,HIRE
1416,862,2025-08-06,,USD,6857874,0.1378,ADJUSTMENT
1417,863,2020-11-24,,INR,433783,0.124,HIRE
1418,864,2023-02-16,2023-09-23,USD,4101915,0.1046,HIRE
1419,864,2023-09-24,2024-08-25,INR,3550220,0.1821,MERIT
1420,864,2024-08-26,,INR,3416581,0.1458,MERIT
1421,865,2023-10-03,2024-10-08,USD,300811,0.1123,ADJUSTMENT
1422,865,2024-10-09,2024-11-26,USD,311706,0.0138,MERIT
1423,865,2024-11-27,,USD,505836,0.1969,PROMOTION
1424,866,2019-08-10,,INR,486190,0.0434,MERIT
1425,867,2024-05-12,,USD,1777400,0.1707,HIRE
1426,868,2022-04-24,,USD,3022958,0.1333,PROMOTION
1427,869,2017-05-21,,INR,4769651,0.1725,HIRE
1428,870,2023-04-21,2024-01-19,INR,3238136,0.0914,PROMOTION
1429,870,2024-01-20,2024-03-23,INR,4345663,0.1865,PROMOTION
1430,870,2024-03-24,,USD,3232383,0.1728,MERIT
1431,871,2021-02-16,2023-07-01,USD,3873977,0.1999,HIRE
1432,871,2023-07-02,2023-11-29,USD,3564184,0.1103,PROMOTION
1433,871,2023-11-30,,USD,4052132,0.0517,MERIT
1434,872,2019-07-24,,USD,6926195,0.0508,PROMOTION
1435,873,2025-05-05,,USD,587943,0.0187,ADJUSTMENT
1436,874,2021-11-14,,USD,3014954,0.1088,PROMOTION
1437,875,2017-11-09,2023-05-04,INR,1034944,0.0051,HIRE
1438,875,2023-05-05,2023-10-26,USD,1234212,0.1621,MERIT
1439,875,2023-10-27,,USD,1251927,0.1983,HIRE
1440,876,2021-04-27,,INR,436890,0.0357,HIRE
1441,877,2024-12-29,,INR,3731314,0.0362,ADJUSTMENT
1442,878,2022-08-04,2023-10-25,INR,4891183,0.0759,HIRE
1443,878,2023-10-26,,USD,4669410,0.007,MERIT
1444,879,2024-01-01,,INR,775534,0.1494,PROMOTION
1445,880,2023-04-08,,USD,1329258,0.1404,PROMOTION
1446,881,2024-07-21,,USD,2945087,0.1416,ADJUSTMENT
1447,882,2020-02-06,,USD,2125955,0.0275,ADJUSTMENT
1448,883,2024-07-15,2025-07-03,USD,918540,0.1829,PROMOTION
1449,883,2025-07-04,,USD,1094651,0.0035,ADJUSTMENT
1450,884,2022-06-07,,USD,742658,0.1154,HIRE
1451,885,2020-04-16,2024-12-31,USD,1249163,0.1706,HIRE
1452,885,2025-01-01,,USD,972295,0.0183,PROMOTION
1453,886,2024-09-13,,INR,3063454,0.1931,ADJUSTMENT
1454,887,2017-08-24,2025-07-25,INR,1147307,0.0383,MERIT
1455,887,2025-07-26,,USD,986472,0.0229,MERIT
1456,888,2023-02-04,2023-10-01,USD,3273784,0.1335,PROMOTION
1457,888,2023-10-02,,INR,3366661,0.0256,ADJUSTMENT
1458,889,2021-08-10,2024-05-11,USD,2249561,0.0057,PROMOTION
1459,889,2024-05-12,,INR,2463605,0.0532,PROMOTION
1460,890,2025-02-21,2025-03-26,USD,728677,0.0816,ADJUSTMENT
1461,890,2025-03-27,,INR,781055,0.0159,HIRE
1462,891,2018-07-27,2023-08-10,INR,5464157,0.0482,ADJUSTMENT
1463,891,2023-08-11,,USD,6091645,0.1225,ADJUSTMENT
1464,892,2025-01-27,2025-08-16,USD,1347318,0.0921,ADJUSTMENT
1465,892,2025-08-17,,USD,1089343,0.0844,ADJUSTMENT
1466,893,2022-12-25,,USD,589264,0.1429,MERIT
1467,894,2025-08-02,,INR,1096500,0.1168,PROMOTION
1468,895,2019-04-15,2019-09-06,INR,1529125,0.0846,PROMOTION
1469,895,2019-09-07,2020-06-09,USD,1559681,0.0272,PROMOTION
1470,895,2020-06-10,,USD,1952945,0.0266,PROMOTION
1471,896,2018-12-05,,INR,3569270,0.1027,PROMOTION
1472,897,2024-01-03,2024-01-09,INR,2964389,0.1913,MERIT
1473,897,2024-01-10,2024-08-15,USD,2565724,0.1527,ADJUSTMENT
1474,897,2024-08-16,,INR,2522682,0.1332,MERIT
1475,898,2024-11-05,,INR,4005277,0.1153,HIRE
1476,899,2022-01-04,,INR,6414018,0.0182,HIRE
1477,900,2017-02-28,,USD,2258915,0.1867,MERIT
1478,901,2025-01-30,2025-04-01,INR,573226,0.1954,HIRE
1479,901,2025-04-02,2025-05-10,INR,517582,0.1215,PROMOTION
1480,901,2025-05-11,,INR,590597,0.0299,HIRE
1481,902,2022-06-12,2022-08-20,INR,6857616,0.1981,HIRE
1482,902,2022-08-21,,INR,6480207,0.1396,HIRE
1483,903,2022-12-18,,USD,5926283,0.0346,PROMOTION
1484,904,2025-08-06,,USD,955605,0.0783,PROMOTION
1485,905,2020-01-28,2021-07-10,INR,1172941,0.0218,ADJUSTMENT
1486,905,2021-07-11,2022-11-26,INR,1002312,0.1096,MERIT
1487,905,2022-11-27,,INR,1246934,0.0402,MERIT
1488,906,2024-03-22,,USD,4467942,0.1391,HIRE
1489,907,2019-08-14,,INR,2854325,0.0676,PROMOTION
1490,908,2025-05-27,2025-06-06,INR,4323700,0.1719,ADJUSTMENT
1491,908,2025-06-07,,USD,4435443,0.0759,HIRE
1492,909,2024-08-09,,INR,1538405,0.075,PROMOTION
1493,910,2023-01-17,,USD,397729,0.1168,ADJUSTMENT
1494,911,2016-08-04,2018-06-23,INR,4879543,0.0406,HIRE
1495,911,2018-06-24,2018-11-24,INR,5275772,0.051,ADJUSTMENT
1496,911,2018-11-25,,USD,6242846,0.0256,HIRE
1497,912,2021-10-03,2024-06-14,INR,623480,0.0454,PROMOTION
1498,912,2024-06-15,2025-05-25,USD,604340,0.0768,HIRE
1499,912,2025-05-26,,USD,725727,0.0226,MERIT
1500,913,2024-10-07,,USD,1197983,0.0563,ADJUSTMENT
1501,914,2024-04-07,,INR,727698,0.0123,ADJUSTMENT
1502,915,2020-08-15,,INR,2080255,0.0378,MERIT
1503,916,2023-06-18,,INR,6880424,0.1817,PROMOTION
1504,917,2023-09-22,,USD,333316,0.0059,HIRE
1505,918,2021-08-17,,USD,5418800,0.0284,PROMOTION
1506,919,2023-08-30,,INR,2706265,0.1117,ADJUSTMENT
1507,920,2024-11-01,,USD,4197468,0.0973,HIRE
1508,921,2016-05-12,2019-10-13,INR,6256105,0.1193,ADJUSTMENT
1509,921,2019-10-14,2024-06-08,INR,5914054,0.1911,PROMOTION
1510,921,2024-06-09,,USD,6945708,0.0497,ADJUSTMENT
1511,922,2019-07-17,,INR,6781894,0.0427,ADJUSTMENT
1512,923,2025-05-03,2025-07-07,USD,1023520,0.109,ADJUSTMENT
1513,923,2025-07-08,,USD,1053871,0.0046,HIRE
1514,924,2025-08-17,,INR,554310,0.0717,MERIT
1515,925,2020-05-04,2020-08-11,INR,569675,0.1971,MERIT
1516,925,2020-08-12,2023-04-03,INR,530535,0.1769,PROMOTION
1517,925,2023-04-04,,USD,304121,0.0108,ADJUSTMENT
1518,926,2022-01-02,,USD,2131494,0.0769,HIRE
1519,927,2021-10-12,,USD,1818015,0.1868,MERIT
1520,928,2021-12-03,,INR,5079471,0.065,HIRE
1521,929,2022-10-11,,USD,3479861,0.1184,MERIT
1522,930,2025-05-08,2025-07-04,USD,307952,0.14,ADJUSTMENT
1523,930,2025-07-05,,INR,462837,0.0295,HIRE
1524,931,2023-08-21,2025-02-13,USD,1039305,0.1581,PROMOTION
1525,931,2025-02-14,,USD,1258312,0.142,HIRE
1526,932,2022-01-25,2024-07-12,USD,5401485,0.0366,PROMOTION
1527,932,2024-07-13,2025-04-27,INR,6549334,0.0353,ADJUSTMENT
1528,932,2025-04-28,,USD,5305376,0.1819,MERIT
1529,933,2023-07-20,,USD,1202141,0.1903,HIRE
1530,934,2024-05-19,2025-01-25,INR,548565,0.0455,PROMOTION
1531,934,2025-01-26,,USD,503772,0.0941,HIRE
1532,935,2021-12-14,,USD,4321695,0.0087,HIRE
1533,936,2021-07-25,2024-05-21,INR,2756591,0.1936,HIRE
1534,936,2024-05-22,,USD,2310265,0.1298,PROMOTION
1535,937,2021-10-10,2025-04-13,USD,4093881,0.183,MERIT
1536,937,2025-04-14,,USD,4464748,0.1278,HIRE
1537,938,2020-08-28,,INR,892908,0.1853,PROMOTION
1538,939,2022-12-15,,USD,870791,0.1504,PROMOTION
1539,940,2024-05-26,2024-10-26,INR,5478840,0.0248,MERIT
1540,940,2024-10-27,,USD,4558996,0.0917,MERIT
1541,941,2021-01-22,,INR,6139778,0.0326,HIRE
1542,942,2023-03-08,,INR,633289,0.1913,HIRE
1543,943,2019-02-07,2024-07-11,USD,454314,0.1561,ADJUSTMENT
1544,943,2024-07-12,2025-07-23,USD,324888,0.1587,ADJUSTMENT
1545,943,2025-07-24,,INR,510644,0.0749,PROMOTION
1546,944,2021-03-06,,USD,986876,0.1641,PROMOTION
1547,945,2023-01-10,2024-11-28,USD,6438731,0.0716,MERIT
1548,945,2024-11-29,,INR,6028473,0.0965,HIRE
1549,946,2025-02-11,,USD,2555134,0.1618,PROMOTION
1550,947,2021-12-24,2022-03-01,INR,3617822,0.1457,ADJUSTMENT
1551,947,2022-03-02,,INR,4292164,0.1737,HIRE
1552,948,2025-08-14,,USD,434379,0.0497,PROMOTION
1553,949,2020-04-26,2024-02-25,USD,3237181,0.1264,MERIT
1554,949,2024-02-26,,INR,3467930,0.0007,HIRE
1555,950,2025-03-23,,USD,889900,0.0712,ADJUSTMENT
1556,951,2025-07-14,2025-07-16,USD,4043869,0.0239,ADJUSTMENT
1557,951,2025-07-17,,INR,3291737,0.0696,ADJUSTMENT
1558,952,2022-05-04,2024-01-23,USD,1002569,0.0565,ADJUSTMENT
1559,952,2024-01-24,,INR,1018382,0.0033,ADJUSTMENT
1560,953,2025-07-21,,USD,4068172,0.0108,ADJUSTMENT
1561,954,2021-08-05,2024-10-05,INR,4085085,0.0667,PROMOTION
1562,954,2024-10-06,,INR,3633780,0.1935,HIRE
1563,955,2023-10-14,2024-06-01,USD,654748,0.1014,ADJUSTMENT
1564,955,2024-06-02,,USD,820146,0.0892,ADJUSTMENT
1565,956,2020-12-20,,INR,905222,0.1755,HIRE
1566,957,2024-01-17,,INR,3004231,0.0902,MERIT
1567,958,2023-10-22,,INR,2788871,0.0538,ADJUSTMENT
1568,959,2018-12-12,,INR,1883059,0.0099,PROMOTION
1569,960,2022-05-22,2023-04-08,USD,1230004,0.0144,MERIT
1570,960,2023-04-09,2025-07-31,USD,1014372,0.0576,ADJUSTMENT
1571,960,2025-08-01,,INR,948482,0.1692,PROMOTION
1572,961,2020-10-28,2021-06-26,INR,2991083,0.1895,MERIT
1573,961,2021-06-27,,INR,2313547,0.1105,HIRE
1574,962,2017-04-12,,INR,478353,0.0381,HIRE
1575,963,2025-03-04,2025-05-20,USD,841146,0.0294,MERIT
1576,963,2025-05-21,,USD,698225,0.154,ADJUSTMENT
1577,964,2025-02-02,,USD,535417,0.1808,MERIT
1578,965,2021-12-16,,USD,542336,0.0024,HIRE
1579,966,2021-03-08,,USD,615899,0.0687,HIRE
1580,967,2017-12-19,2020-03-11,USD,2295490,0.1081,MERIT
1581,967,2020-03-12,,USD,2221996,0.1395,HIRE
1582,968,2021-01-08,2023-01-22,USD,2820299,0.0547,MERIT
1583,968,2023-01-23,,USD,2425121,0.0909,MERIT
1584,969,2021-04-02,2023-04-22,USD,646891,0.0581,HIRE
1585,969,2023-04-23,2024-01-03,INR,674446,0.0521,PROMOTION
1586,969,2024-01-04,,INR,641499,0.1464,MERIT
1587,970,2023-01-05,2024-04-17,USD,1373091,0.0349,MERIT
1588,970,2024-04-18,2024-06-02,INR,1324771,0.1452,ADJUSTMENT
1589,970,2024-06-03,,USD,1103941,0.1432,ADJUSTMENT
1590,971,2024-09-22,2024-11-04,USD,3863945,0.1696,ADJUSTMENT
1591,971,2024-11-05,2025-06-14,INR,4449061,0.1704,HIRE
1592,971,2025-06-15,,USD,3839140,0.1332,ADJUSTMENT
1593,972,2018-05-12,,INR,1382860,0.0488,PROMOTION
1594,973,2020-07-20,2022-05-11,USD,4047827,0.1106,PROMOTION
1595,973,2022-05-12,2022-09-04,USD,4314840,0.1004,PROMOTION
1596,973,2022-09-05,,INR,4155700,0.0337,MERIT
1597,974,2023-03-17,,INR,563535,0.1569,ADJUSTMENT
1598,975,2022-03-09,2024-12-20,INR,1178079,0.0026,HIRE
1599,975,2024-12-21,,INR,1153828,0.0889,HIRE
1600,976,2020-01-24,,INR,508521,0.1511,ADJUSTMENT
1601,977,2018-03-25,2018-03-29,INR,1042442,0.0007,PROMOTION
1602,977,2018-03-30,,USD,1248987,0.0506,PROMOTION
1603,978,2019-01-24,2020-09-12,USD,2669919,0.0179,HIRE
1604,978,2020-09-13,2022-09-20,USD,2275860,0.1762,HIRE
1605,978,2022-09-21,,USD,2562264,0.1373,MERIT
1606,979,2024-11-03,,INR,621256,0.0683,HIRE
1607,980,2024-08-07,,INR,6201085,0.1733,HIRE
1608,981,2025-06-10,,USD,1913722,0.0597,HIRE
1609,982,2025-03-06,,USD,982781,0.0358,PROMOTION
1610,983,2024-09-30,,INR,4695457,0.1511,MERIT
1611,984,2022-08-24,,INR,1261116,0.1442,ADJUSTMENT
1612,985,2023-06-16,,USD,558503,0.1884,HIRE
1613,986,2023-04-22,2024-04-11,INR,1018422,0.1915,ADJUSTMENT
1614,986,2024-04-12,,INR,944202,0.0019,MERIT
1615,987,2025-05-31,2025-06-23,USD,895126,0.0637,MERIT
1616,987,2025-06-24,,INR,699059,0.1088,HIRE
1617,988,2016-08-16,2021-05-14,USD,5936506,0.0079,HIRE
1618,988,2021-05-15,,USD,5162010,0.164,ADJUSTMENT
1619,989,2023-09-17,,USD,831775,0.1625,HIRE
1620,990,2024-09-19,,INR,4740643,0.1864,HIRE
1621,991,2025-05-06,,INR,3621410,0.1959,PROMOTION
1622,992,2024-11-23,2025-04-24,USD,2195284,0.009,MERIT
1623,992,2025-04-25,2025-06-01,USD,1578648,0.0876,ADJUSTMENT
1624,992,2025-06-02,,USD,1874574,0.1996,ADJUSTMENT
1625,993,2017-12-07,2022-01-20,USD,776270,0.0764,ADJUSTMENT
1626,993,2022-01-21,,INR,652804,0.1268,MERIT
1627,994,2018-09-16,2020-02-08,INR,708231,0.0234,MERIT
1628,994,2020-02-09,2024-12-21,INR,720915,0.1683,ADJUSTMENT
1629,994,2024-12-22,,INR,780900,0.1344,ADJUSTMENT
1630,995,2023-02-27,2023-11-02,INR,3820857,0.053,HIRE
1631,995,2023-11-03,,USD,3421172,0.1084,PROMOTION
1632,996,2020-06-29,,USD,6993404,0.1054,PROMOTION
1633,997,2023-05-07,2023-05-16,INR,895202,0.0141,HIRE
1634,997,2023-05-17,2024-11-09,INR,656584,0.0063,PROMOTION
1635,997,2024-11-10,,USD,637942,0.0957,PROMOTION
1636,998,2020-11-24,2021-09-09,USD,1025880,0.07,HIRE
1637,998,2021-09-10,2024-11-06,USD,1056096,0.0337,HIRE
1638,998,2024-11-07,,USD,1242495,0.1516,PROMOTION
1639,999,2024-02-12,2024-05-14,INR,5561981,0.132,ADJUSTMENT
1640,999,2024-05-15,2024-10-08,USD,6608318,0.0974,HIRE
1641,999,2024-10-09,,INR,5051885,0.0881,HIRE
1642,1000,2023-09-27,,USD,2038274,0.0234,HIRE
1643,1001,2021-10-17,,INR,712471,0.1348,HIRE
1644,1002,2021-04-22,2024-11-12,USD,1874793,0.0013,MERIT
1645,1002,2024-11-13,,INR,1901860,0.0104,HIRE
1646,1003,2022-07-23,,USD,2350366,0.0124,PROMOTION
1647,1004,2024-12-08,,USD,6678132,0.0292,ADJUSTMENT
1648,1005,2022-10-16,2023-05-03,USD,3493404,0.1239,ADJUSTMENT
1649,1005,2023-05-04,,INR,3316124,0.0649,HIRE
1650,1006,2023-01-02,,USD,6397159,0.1151,PROMOTION
1651,1007,2018-12-27,2021-05-22,USD,3096531,0.1575,MERIT
1652,1007,2021-05-23,,INR,2342982,0.013,PROMOTION
1653,1008,2019-11-26,,USD,2322588,0.0838,HIRE
1654,1009,2024-01-25,2024-09-13,INR,4315514,0.1427,ADJUSTMENT
1655,1009,2024-09-14,,INR,4346634,0.1996,ADJUSTMENT
1656,1010,2024-06-06,,USD,3140855,0.0925,MERIT
1657,1011,2021-09-23,,INR,810288,0.1409,MERIT
1658,1012,2022-05-10,,INR,909064,0.0071,MERIT
1659,1013,2017-07-17,2021-06-04,INR,800460,0.0492,MERIT
1660,1013,2021-06-05,2021-09-30,INR,703079,0.1576,HIRE
1661,1013,2021-10-01,,USD,807866,0.0331,PROMOTION
1662,1014,2023-07-19,,USD,2292350,0.1679,HIRE
1663,1015,2023-08-16,,USD,822990,0.1714,ADJUSTMENT
1664,1016,2025-02-01,,INR,1972526,0.1148,ADJUSTMENT
1665,1017,2021-02-01,,USD,2018858,0.0598,HIRE
1666,1018,2022-06-20,2024-07-06,USD,5897709,0.175,MERIT
1667,1018,2024-07-07,,USD,5252032,0.1426,ADJUSTMENT
1668,1019,2020-01-03,2021-05-21,INR,3570378,0.1516,ADJUSTMENT
1669,1019,2021-05-22,,INR,4453386,0.184,HIRE
1670,1020,2024-06-17,,USD,544351,0.032,MERIT
1671,1021,2025-06-05,,INR,2990408,0.0425,ADJUSTMENT
1672,1022,2021-09-23,,USD,611675,0.047,MERIT
1673,1023,2021-12-13,2024-06-12,USD,1201038,0.1929,PROMOTION
1674,1023,2024-06-13,,USD,1013591,0.1485,ADJUSTMENT
1675,1024,2022-11-26,,INR,2221635,0.1181,PROMOTION
1676,1025,2016-06-06,,USD,4815979,0.1545,PROMOTION
1677,1026,2025-02-16,2025-06-13,USD,5155473,0.0598,HIRE
1678,1026,2025-06-14,,INR,6949812,0.1882,PROMOTION
1679,1027,2019-02-07,2020-11-04,INR,546846,0.0647,PROMOTION
1680,1027,2020-11-05,,INR,350720,0.0682,HIRE
1681,1028,2023-07-27,,USD,1989129,0.0296,PROMOTION
1682,1029,2022-12-17,2024-04-30,INR,663324,0.038,MERIT
1683,1029,2024-05-01,,INR,704336,0.0199,MERIT
1684,1030,2018-05-07,,INR,1794117,0.1884,ADJUSTMENT
1685,1031,2021-06-30,,INR,522739,0.0249,MERIT
1686,1032,2024-08-21,2025-05-23,INR,2940042,0.0304,HIRE
1687,1032,2025-05-24,,INR,2303842,0.1172,MERIT
1688,1033,2022-07-28,2024-07-09,USD,1192375,0.0427,MERIT
1689,1033,2024-07-10,,INR,923354,0.1305,HIRE
1690,1034,2025-08-12,,INR,2830274,0.1215,ADJUSTMENT
1691,1035,2022-04-23,2022-11-27,INR,1329209,0.1645,MERIT
1692,1035,2022-11-28,,USD,1228569,0.1328,HIRE
1693,1036,2020-06-16,2020-12-17,INR,529328,0.1846,ADJUSTMENT
1694,1036,2020-12-18,,INR,595282,0.0496,PROMOTION
1695,1037,2021-06-04,2024-06-06,USD,2685977,0.1902,ADJUSTMENT
1696,1037,2024-06-07,,INR,2657277,0.1113,HIRE
1697,1038,2020-01-26,,USD,3539647,0.0317,MERIT
1698,1039,2022-11-24,2023-04-13,USD,3553329,0.0547,MERIT
1699,1039,2023-04-14,,USD,3238065,0.029,HIRE
1700,1040,2020-09-12,2022-09-08,INR,838819,0.1857,PROMOTION
1701,1040,2022-09-09,,INR,627191,0.0927,MERIT
1702,1041,2025-03-07,2025-04-07,USD,4364226,0.0783,ADJUSTMENT
1703,1041,2025-04-08,,USD,4080280,0.1441,HIRE
1704,1042,2025-08-14,,INR,2067919,0.1078,PROMOTION
1705,1043,2025-05-11,2025-05-17,USD,2654676,0.1634,MERIT
1706,1043,2025-05-18,2025-05-26,INR,3107094,0.038,PROMOTION
1707,1043,2025-05-27,,USD,2882373,0.0116,HIRE
1708,1044,2024-02-29,,USD,594137,0.1766,ADJUSTMENT
1709,1045,2021-02-25,,USD,1644725,0.0848,PROMOTION
1710,1046,2023-06-04,2024-04-23,USD,1776475,0.0098,HIRE
1711,1046,2024-04-24,,USD,1493088,0.0514,HIRE
1712,1047,2022-09-05,2022-11-16,USD,568298,0.183,ADJUSTMENT
1713,1047,2022-11-17,2024-10-07,INR,413104,0.0702,PROMOTION
1714,1047,2024-10-08,,USD,352087,0.1777,PROMOTION
1715,1048,2024-05-31,,USD,3575314,0.087,PROMOTION
1716,1049,2020-01-06,2024-06-21,USD,4135874,0.0133,HIRE
1717,1049,2024-06-22,,USD,3569487,0.0879,PROMOTION
1718,1050,2022-02-21,,INR,2632269,0.0427,ADJUSTMENT
1719,1051,2021-02-09,2021-04-25,USD,4426021,0.1904,HIRE
1720,1051,2021-04-26,,INR,3751173,0.1932,HIRE
1721,1052,2023-04-03,,USD,1118793,0.19,MERIT
1722,1053,2019-11-07,,USD,926842,0.0676,HIRE
1723,1054,2024-11-26,,INR,361979,0.1631,PROMOTION
1724,1055,2021-05-23,2022-07-25,INR,892535,0.0974,PROMOTION
1725,1055,2022-07-26,2024-08-17,USD,808647,0.0193,PROMOTION
1726,1055,2024-08-18,,INR,823497,0.004,MERIT
1727,1056,2023-11-02,,INR,336704,0.1491,PROMOTION
1728,1057,2024-04-29,2024-06-10,INR,5020078,0.0167,ADJUSTMENT
1729,1057,2024-06-11,2024-10-23,USD,5674217,0.1029,PROMOTION
1730,1057,2024-10-24,,USD,4852587,0.0064,PROMOTION
1731,1058,2023-10-24,,INR,3317381,0.0839,MERIT
1732,1059,2023-01-13,,INR,822932,0.0092,HIRE
1733,1060,2022-01-17,,USD,1261474,0.0216,HIRE
1734,1061,2017-07-31,2023-04-23,INR,2846730,0.1909,HIRE
1735,1061,2023-04-24,,INR,2950072,0.118,MERIT
1736,1062,2025-04-02,2025-08-06,USD,4108207,0.054,PROMOTION
1737,1062,2025-08-07,,USD,3502919,0.0893,HIRE
1738,1063,2022-02-15,2024-04-12,INR,2517342,0.056,MERIT
1739,1063,2024-04-13,,USD,2485555,0.0922,PROMOTION
1740,1064,2023-08-18,2025-02-03,INR,2648300,0.188,ADJUSTMENT
1741,1064,2025-02-04,,INR,2323927,0.1376,HIRE
1742,1065,2018-05-01,,INR,995078,0.0886,HIRE
1743,1066,2018-01-04,2021-10-27,USD,5175884,0.1595,MERIT
1744,1066,2021-10-28,,INR,5597337,0.1178,ADJUSTMENT
1745,1067,2017-04-21,,USD,2878003,0.0501,PROMOTION
1746,1068,2022-10-03,2024-10-15,INR,364972,0.054,MERIT
1747,1068,2024-10-16,2024-11-28,INR,410363,0.1504,HIRE
1748,1068,2024-11-29,,USD,372694,0.178,ADJUSTMENT
1749,1069,2022-10-24,,USD,1975741,0.1002,HIRE
1750,1070,2025-01-27,2025-03-18,INR,541602,0.1953,ADJUSTMENT
1751,1070,2025-03-19,,USD,437733,0.142,HIRE
1752,1071,2025-08-14,2025-08-21,USD,6784587,0.1944,ADJUSTMENT
1753,1071,2025-08-22,,INR,6556662,0.1132,MERIT
1754,1072,2023-12-18,,INR,716583,0.1429,ADJUSTMENT
1755,1073,2016-05-31,2025-05-08,USD,1267990,0.1872,MERIT
1756,1073,2025-05-09,,INR,1149936,0.181,MERIT
1757,1074,2021-09-26,2023-03-16,INR,1486500,0.1514,ADJUSTMENT
1758,1074,2023-03-17,2025-07-24,INR,1624380,0.1014,MERIT
1759,1074,2025-07-25,,INR,1887636,0.158,MERIT
1760,1075,2021-11-24,2024-09-09,USD,532611,0.0964,PROMOTION
1761,1075,2024-09-10,,USD,423350,0.177,MERIT
1762,1076,2024-10-05,,INR,409640,0.1297,ADJUSTMENT
1763,1077,2025-08-09,2025-08-15,USD,5752127,0.1112,HIRE
1764,1077,2025-08-16,,USD,5945305,0.0524,PROMOTION
1765,1078,2021-07-02,,INR,1166588,0.1141,MERIT
1766,1079,2020-10-19,,USD,859677,0.0188,PROMOTION
1767,1080,2020-05-21,2023-12-27,INR,6190493,0.1319,HIRE
1768,1080,2023-12-28,2025-03-15,INR,5114788,0.1441,MERIT
1769,1080,2025-03-16,,USD,6018856,0.1071,PROMOTION
1770,1081,2023-11-20,2024-04-04,USD,482077,0.0839,ADJUSTMENT
1771,1081,2024-04-05,,INR,458671,0.1779,MERIT
1772,1082,2017-12-04,2021-06-04,INR,1367668,0.0024,MERIT
1773,1082,2021-06-05,,INR,1312197,0.0635,HIRE
1774,1083,2019-01-16,,INR,6786297,0.03,ADJUSTMENT
1775,1084,2018-09-03,2019-09-23,INR,5092023,0.169,MERIT
1776,1084,2019-09-24,,USD,5836184,0.1776,HIRE
1777,1085,2024-11-08,,INR,484824,0.0818,MERIT
1778,1086,2024-09-18,2025-05-31,USD,5316542,0.0079,MERIT
1779,1086,2025-06-01,,INR,6449907,0.1733,HIRE
1780,1087,2023-10-24,,INR,6145181,0.1603,PROMOTION
1781,1088,2024-01-23,,INR,1575949,0.1256,HIRE
1782,1089,2024-08-17,,USD,6141165,0.0972,PROMOTION
1783,1090,2022-02-20,,USD,5136608,0.162,ADJUSTMENT
1784,1091,2018-06-27,,USD,852010,0.1937,HIRE
1785,1092,2024-02-24,2024-03-12,USD,1490152,0.1341,MERIT
1786,1092,2024-03-13,,USD,1449386,0.0051,MERIT
1787,1093,2024-07-15,,INR,1260613,0.1507,HIRE
1788,1094,2022-03-27,,USD,4404395,0.1675,HIRE
1789,1095,2025-07-05,,USD,3503490,0.0072,MERIT
1790,1096,2021-03-28,,INR,2592563,0.0186,HIRE
1791,1097,2024-07-09,2025-07-18,INR,1946043,0.1928,HIRE
1792,1097,2025-07-19,,USD,1888548,0.1005,PROMOTION
1793,1098,2017-02-03,2018-08-17,USD,6830560,0.173,PROMOTION
1794,1098,2018-08-18,2024-10-08,INR,6279240,0.1238,PROMOTION
1795,1098,2024-10-09,,INR,6062096,0.1142,HIRE
1796,1099,2024-02-16,,INR,1232283,0.1189,HIRE
1797,1100,2021-09-14,,INR,1985293,0.1628,ADJUSTMENT
1798,1101,2018-04-19,2020-02-12,INR,583067,0.0002,PROMOTION
1799,1101,2020-02-13,2023-04-23,INR,544541,0.0813,PROMOTION
1800,1101,2023-04-24,,USD,585692,0.1295,HIRE
1801,1102,2018-12-13,2025-01-18,INR,4117197,0.0381,PROMOTION
1802,1102,2025-01-19,,INR,4042556,0.1337,MERIT
1803,1103,2018-06-24,2020-07-15,INR,615411,0.1997,PROMOTION
1804,1103,2020-07-16,,USD,705231,0.1375,ADJUSTMENT
1805,1104,2022-01-25,2024-11-18,USD,883837,0.0143,MERIT
1806,1104,2024-11-19,,USD,845267,0.1907,PROMOTION
1807,1105,2023-02-26,2023-06-26,INR,2221736,0.1954,ADJUSTMENT
1808,1105,2023-06-27,,INR,2521175,0.0404,MERIT
1809,1106,2025-04-07,,USD,2044661,0.0916,MERIT
1810,1107,2024-03-15,,USD,889232,0.168,HIRE
1811,1108,2017-12-13,2019-03-28,INR,3906049,0.0689,HIRE
1812,1108,2019-03-29,,USD,3218189,0.0807,HIRE
1813,1109,2021-07-12,,USD,3615601,0.0121,PROMOTION
1814,1110,2023-01-09,2023-11-02,INR,2365963,0.1595,PROMOTION
1815,1110,2023-11-03,,INR,2822910,0.0036,HIRE
1816,1111,2025-06-09,,INR,811943,0.1099,PROMOTION
1817,1112,2025-05-02,2025-06-30,USD,783772,0.0922,HIRE
1818,1112,2025-07-01,2025-07-18,USD,643674,0.0248,ADJUSTMENT
1819,1112,2025-07-19,,INR,694085,0.0488,PROMOTION
1820,1113,2021-07-11,2021-10-22,USD,6545378,0.0042,MERIT
1821,1113,2021-10-23,2022-12-12,USD,6003399,0.101,MERIT
1822,1113,2022-12-13,,INR,4794703,0.1963,MERIT
1823,1114,2021-09-17,2024-03-07,INR,921643,0.0726,PROMOTION
1824,1114,2024-03-08,2025-07-25,USD,1207180,0.002,MERIT
1825,1114,2025-07-26,,USD,1027726,0.0681,PROMOTION
1826,1115,2025-04-05,,USD,4697435,0.1631,PROMOTION
1827,1116,2021-02-12,2023-10-05,USD,3188455,0.0593,PROMOTION
1828,1116,2023-10-06,,INR,2954934,0.0035,PROMOTION
1829,1117,2023-08-15,,USD,4422802,0.0174,MERIT
1830,1118,2025-03-22,,USD,2111023,0.1141,PROMOTION
1831,1119,2024-09-07,2024-12-22,INR,4291561,0.0473,PROMOTION
1832,1119,2024-12-23,2025-01-10,USD,4486728,0.0592,ADJUSTMENT
1833,1119,2025-01-11,,USD,4163848,0.0007,PROMOTION
1834,1120,2020-11-03,2025-02-11,USD,2223242,0.1931,PROMOTION
1835,1120,2025-02-12,,USD,2731460,0.1348,PROMOTION
1836,1121,2023-01-10,,INR,1837065,0.1664,HIRE
1837,1122,2024-11-07,,INR,1073869,0.0328,HIRE
1838,1123,2025-05-23,2025-06-08,USD,414342,0.0489,HIRE
1839,1123,2025-06-09,2025-07-05,INR,430219,0.1786,PROMOTION
1840,1123,2025-07-06,,USD,417058,0.1782,ADJUSTMENT
1841,1124,2019-09-21,2020-02-16,USD,546138,0.1625,MERIT
1842,1124,2020-02-17,2025-07-01,USD,474288,0.1745,HIRE
1843,1124,2025-07-02,,USD,418930,0.0591,ADJUSTMENT
1844,1125,2022-07-02,2023-02-07,USD,470084,0.1699,PROMOTION
1845,1125,2023-02-08,,USD,592714,0.1818,MERIT
1846,1126,2024-09-16,,INR,2921900,0.1668,ADJUSTMENT
1847,1127,2020-11-11,2024-02-22,USD,3070117,0.0524,HIRE
1848,1127,2024-02-23,,USD,2322551,0.1638,ADJUSTMENT
1849,1128,2025-07-24,2025-07-29,USD,3101984,0.0804,HIRE
1850,1128,2025-07-30,2025-08-02,USD,2412626,0.0766,PROMOTION
1851,1128,2025-08-03,,USD,2314561,0.0232,HIRE
1852,1129,2024-04-30,,USD,1185397,0.1198,MERIT
1853,1130,2025-05-03,,USD,6822972,0.0453,PROMOTION
1854,1131,2025-08-19,,INR,3854216,0.0631,PROMOTION
1855,1132,2025-06-28,,INR,2199390,0.1197,PROMOTION
1856,1133,2025-05-17,,USD,2269205,0.1474,MERIT
1857,1134,2017-06-20,2023-07-28,INR,315966,0.094,ADJUSTMENT
1858,1134,2023-07-29,,USD,414930,0.1367,PROMOTION
1859,1135,2025-05-20,,USD,3247508,0.0656,HIRE
1860,1136,2022-01-07,,USD,1888772,0.1773,HIRE
1861,1137,2018-10-05,2021-03-04,USD,2582077,0.1108,ADJUSTMENT
1862,1137,2021-03-05,,USD,2206219,0.1046,PROMOTION
1863,1138,2021-08-14,2022-05-05,INR,3464826,0.0752,MERIT
1864,1138,2022-05-06,2022-08-31,INR,4345829,0.0261,ADJUSTMENT
1865,1138,2022-09-01,,USD,3432166,0.0999,MERIT
1866,1139,2023-10-27,,USD,1093640,0.1896,ADJUSTMENT
1867,1140,2021-08-08,,INR,5444655,0.1361,HIRE
1868,1141,2020-06-19,2023-05-07,USD,827329,0.1854,MERIT
1869,1141,2023-05-08,2024-11-25,USD,712038,0.0893,HIRE
1870,1141,2024-11-26,,USD,737861,0.0865,PROMOTION
1871,1142,2021-10-01,2024-01-29,INR,3741676,0.0056,MERIT
1872,1142,2024-01-30,,INR,3713441,0.1893,MERIT
1873,1143,2024-11-26,2025-08-06,USD,4258806,0.0679,ADJUSTMENT
1874,1143,2025-08-07,,INR,3546665,0.0525,HIRE
1875,1144,2021-07-31,,INR,426805,0.0603,HIRE
1876,1145,2022-10-01,,USD,2712831,0.0142,MERIT
1877,1146,2022-12-05,,INR,447332,0.0025,MERIT
1878,1147,2023-12-17,2024-02-21,USD,6923594,0.0019,MERIT
1879,1147,2024-02-22,,INR,6118430,0.167,HIRE
1880,1148,2018-03-13,2022-04-21,INR,2743088,0.0771,ADJUSTMENT
1881,1148,2022-04-22,,USD,2889718,0.0615,PROMOTION
1882,1149,2025-08-07,,INR,619055,0.1685,HIRE
1883,1150,2022-10-29,2024-11-21,USD,2099764,0.1056,MERIT
1884,1150,2024-11-22,2025-07-24,INR,2146588,0.011,PROMOTION
1885,1150,2025-07-25,,USD,1478135,0.0777,ADJUSTMENT
1886,1151,2025-05-11,,INR,5003023,0.0007,MERIT
1887,1152,2025-07-13,,USD,3451966,0.1871,HIRE
1888,1153,2019-08-27,2022-01-05,INR,1157494,0.1836,PROMOTION
1889,1153,2022-01-06,,USD,1347391,0.1991,ADJUSTMENT
1890,1154,2023-04-15,,USD,534607,0.1699,MERIT
1891,1155,2025-01-16,,INR,450508,0.0133,MERIT
1892,1156,2019-05-13,2024-09-26,INR,1069162,0.0563,PROMOTION
1893,1156,2024-09-27,,USD,1068326,0.1833,HIRE
1894,1157,2024-05-06,,INR,4047604,0.1923,PROMOTION
1895,1158,2019-06-26,,USD,6250347,0.1586,ADJUSTMENT
1896,1159,2020-10-30,2021-11-20,USD,2933397,0.0804,MERIT
1897,1159,2021-11-21,,USD,2414261,0.0717,MERIT
1898,1160,2023-10-14,2024-06-23,INR,1315378,0.1235,ADJUSTMENT
1899,1160,2024-06-24,,INR,1339558,0.1947,MERIT
1900,1161,2022-01-11,,USD,3714793,0.1259,ADJUSTMENT
1901,1162,2021-11-04,2024-05-26,USD,1431719,0.1458,HIRE
1902,1162,2024-05-27,,INR,1663400,0.0068,MERIT
1903,1163,2021-09-25,,USD,4883908,0.0354,PROMOTION
1904,1164,2022-10-25,,INR,678564,0.0389,PROMOTION
1905,1165,2018-01-08,2023-11-09,INR,4541460,0.1969,ADJUSTMENT
1906,1165,2023-11-10,2024-01-16,USD,6042370,0.164,MERIT
1907,1165,2024-01-17,,USD,4506513,0.1008,ADJUSTMENT
1908,1166,2024-02-02,2024-08-12,INR,1513617,0.0505,ADJUSTMENT
1909,1166,2024-08-13,,USD,2038686,0.0655,MERIT
1910,1167,2017-09-06,2023-08-08,INR,743287,0.003,ADJUSTMENT
1911,1167,2023-08-09,2024-10-30,INR,764744,0.0872,PROMOTION
1912,1167,2024-10-31,,USD,668347,0.182,MERIT
1913,1168,2023-04-02,,USD,576019,0.0813,HIRE
1914,1169,2023-12-03,2024-07-31,INR,1711455,0.0816,HIRE
1915,1169,2024-08-01,2024-11-06,INR,2000280,0.1345,MERIT
1916,1169,2024-11-07,,INR,1570441,0.036,HIRE
1917,1170,2021-12-22,,USD,2359537,0.1007,ADJUSTMENT
1918,1171,2017-11-15,,INR,3734395,0.1957,MERIT
1919,1172,2025-03-20,,USD,6923995,0.0088,MERIT
1920,1173,2021-09-02,2024-10-18,INR,682365,0.0584,PROMOTION
1921,1173,2024-10-19,,INR,788544,0.1318,MERIT
1922,1174,2021-02-11,2021-03-06,USD,6474171,0.1266,ADJUSTMENT
1923,1174,2021-03-07,,USD,5820239,0.0467,PROMOTION
1924,1175,2023-05-14,,USD,579649,0.0798,MERIT
1925,1176,2018-04-17,2018-07-13,USD,2408768,0.0029,ADJUSTMENT
1926,1176,2018-07-14,,USD,2490635,0.0865,PROMOTION
1927,1177,2024-01-28,,USD,305058,0.1036,MERIT
1928,1178,2024-04-25,,INR,1625981,0.1799,PROMOTION
1929,1179,2022-01-18,2022-10-24,INR,2567222,0.1024,ADJUSTMENT
1930,1179,2022-10-25,,USD,2371951,0.0094,PROMOTION
1931,1180,2025-08-18,,INR,1678673,0.0563,ADJUSTMENT
1932,1181,2024-07-14,2025-01-10,USD,6362309,0.118,MERIT
1933,1181,2025-01-11,,INR,6692923,0.1042,ADJUSTMENT
1934,1182,2024-03-01,2025-03-29,USD,2567613,0.143,MERIT
1935,1182,2025-03-30,,INR,2859619,0.1454,PROMOTION
1936,1183,2022-06-21,2025-02-11,USD,6458743,0.1914,PROMOTION
1937,1183,2025-02-12,,INR,5697704,0.118,MERIT
1938,1184,2021-11-26,2024-10-13,USD,1633348,0.1653,PROMOTION
1939,1184,2024-10-14,,INR,1945513,0.0432,HIRE
1940,1185,2021-03-21,2022-06-29,INR,2451774,0.158,HIRE
1941,1185,2022-06-30,2022-11-12,USD,2695407,0.0081,ADJUSTMENT
1942,1185,2022-11-13,,INR,2544714,0.137,PROMOTION
1943,1186,2018-07-11,,INR,1085318,0.0373,PROMOTION
1944,1187,2023-03-08,2025-05-21,INR,767529,0.0518,MERIT
1945,1187,2025-05-22,,INR,795246,0.1146,HIRE
1946,1188,2021-05-25,2024-01-02,USD,1094423,0.1041,PROMOTION
1947,1188,2024-01-03,,USD,932759,0.1867,HIRE
1948,1189,2024-07-21,,INR,5150250,0.1324,ADJUSTMENT
1949,1190,2024-11-24,2025-08-14,INR,3238882,0.0802,MERIT
1950,1190,2025-08-15,,INR,3735032,0.0356,PROMOTION
1951,1191,2025-01-03,,INR,581667,0.068,ADJUSTMENT
1952,1192,2021-04-03,2021-11-28,INR,5338041,0.1103,ADJUSTMENT
1953,1192,2021-11-29,,USD,5650578,0.0427,HIRE
1954,1193,2021-08-06,,INR,3344573,0.1353,MERIT
1955,1194,2025-07-30,,USD,2282037,0.176,ADJUSTMENT
1956,1195,2022-07-13,2024-04-20,USD,6223368,0.0203,PROMOTION
1957,1195,2024-04-21,,INR,5995105,0.0822,MERIT
1958,1196,2024-05-06,2024-11-13,INR,536875,0.1836,HIRE
1959,1196,2024-11-14,,INR,574780,0.097,HIRE
1960,1197,2022-07-27,,INR,6936399,0.0395,HIRE
1961,1198,2020-10-17,,INR,1361988,0.1573,MERIT
1962,1199,2021-11-30,,USD,876907,0.192,HIRE
1963,1200,2021-03-12,,USD,5933356,0.1838,ADJUSTMENT
1964,1201,2020-03-05,2022-09-15,INR,5171016,0.1814,ADJUSTMENT
1965,1201,2022-09-16,2023-11-09,USD,5664272,0.0238,MERIT
1966,1201,2023-11-10,,INR,6219707,0.1231,MERIT
1967,1202,2024-06-06,2025-04-12,USD,971163,0.1471,ADJUSTMENT
1968,1202,2025-04-13,,USD,1340242,0.0223,HIRE
1969,1203,2020-09-08,2021-07-14,USD,4591659,0.0261,HIRE
1970,1203,2021-07-15,,INR,5332199,0.111,ADJUSTMENT
1971,1204,2025-02-03,,INR,5436757,0.0611,PROMOTION
1972,1205,2020-09-27,2022-12-08,INR,4301378,0.0599,PROMOTION
1973,1205,2022-12-09,,USD,4400669,0.0358,ADJUSTMENT
1974,1206,2024-02-20,,USD,730043,0.0632,ADJUSTMENT
1975,1207,2018-05-03,,USD,2175543,0.1998,MERIT
1976,1208,2020-10-23,2025-06-03,USD,3016346,0.197,MERIT
1977,1208,2025-06-04,,INR,2688425,0.0376,MERIT
1978,1209,2020-01-13,2023-01-21,INR,2720450,0.1201,PROMOTION
1979,1209,2023-01-22,2024-08-04,USD,2486549,0.1141,HIRE
1980,1209,2024-08-05,,INR,2223896,0.0593,ADJUSTMENT
1981,1210,2025-02-19,,INR,471514,0.0256,PROMOTION
1982,1211,2024-12-20,,USD,1308562,0.0514,PROMOTION
1983,1212,2021-04-09,2024-09-04,USD,1463432,0.0335,PROMOTION
1984,1212,2024-09-05,,INR,1939992,0.1021,HIRE
1985,1213,2023-09-15,,INR,3689671,0.1979,ADJUSTMENT
1986,1214,2016-05-29,2017-11-16,INR,3071535,0.0706,MERIT
1987,1214,2017-11-17,2021-08-17,USD,2490428,0.0922,MERIT
1988,1214,2021-08-18,,INR,2923165,0.1836,ADJUSTMENT
1989,1215,2022-08-22,,USD,2567083,0.0829,ADJUSTMENT
1990,1216,2019-09-30,2020-11-24,USD,891372,0.088,HIRE
1991,1216,2020-11-25,,INR,769792,0.183,PROMOTION
1992,1217,2024-10-05,2025-01-04,USD,5084104,0.1015,MERIT
1993,1217,2025-01-05,2025-08-20,USD,6438066,0.0906,PROMOTION
1994,1217,2025-08-21,,INR,5647331,0.1951,ADJUSTMENT
1995,1218,2018-10-18,2025-05-08,USD,3053719,0.1393,ADJUSTMENT
1996,1218,2025-05-09,,INR,2888122,0.1436,ADJUSTMENT
1997,1219,2024-09-05,2025-03-04,USD,2041376,0.1832,HIRE
1998,1219,2025-03-05,,USD,1839884,0.1577,ADJUSTMENT
1999,1220,2025-05-03,,INR,1133248,0.0535,ADJUSTMENT
2000,1221,2021-08-01,,USD,4697587,0.1716,MERIT
2001,1222,2018-10-18,2019-02-16,INR,1029179,0.0974,HIRE
2002,1222,2019-02-17,,USD,922279,0.1311,ADJUSTMENT
2003,1223,2017-03-29,2017-07-10,INR,1350600,0.1843,ADJUSTMENT
2004,1223,2017-07-11,,INR,1363122,0.0605,MERIT
2005,1224,2020-03-04,2020-11-30,USD,4023408,0.0347,ADJUSTMENT
2006,1224,2020-12-01,,INR,3779964,0.1298,MERIT
2007,1225,2018-08-01,2021-05-18,INR,3199513,0.1943,ADJUSTMENT
2008,1225,2021-05-19,2024-09-21,INR,2947585,0.1766,MERIT
2009,1225,2024-09-22,,INR,2602945,0.1176,MERIT
2010,1226,2024-07-28,,INR,3191794,0.0464,MERIT
2011,1227,2021-02-14,2023-04-25,USD,5592850,0.0062,ADJUSTMENT
2012,1227,2023-04-26,2025-01-24,INR,6986557,0.0219,HIRE
2013,1227,2025-01-25,,INR,4799193,0.0781,PROMOTION
2014,1228,2025-07-27,,INR,2391858,0.0698,MERIT
2015,1229,2019-10-30,2021-12-08,USD,2646619,0.1837,MERIT
2016,1229,2021-12-09,,USD,2531274,0.1239,HIRE
2017,1230,2021-11-08,2022-02-25,INR,2923776,0.0427,HIRE
2018,1230,2022-02-26,,USD,2348581,0.1524,MERIT
2019,1231,2022-03-03,2022-07-11,USD,1059819,0.0185,MERIT
2020,1231,2022-07-12,,USD,924774,0.1845,PROMOTION
2021,1232,2019-12-23,2022-08-07,USD,3832177,0.0704,MERIT
2022,1232,2022-08-08,,USD,4474218,0.1842,ADJUSTMENT
2023,1233,2023-01-30,2024-12-06,INR,538964,0.0316,PROMOTION
2024,1233,2024-12-07,2025-07-16,INR,383226,0.021,ADJUSTMENT
2025,1233,2025-07-17,,INR,441592,0.1102,ADJUSTMENT
2026,1234,2025-04-14,,INR,506539,0.183,HIRE
2027,1235,2023-10-01,,USD,2950861,0.0608,ADJUSTMENT
2028,1236,2024-06-10,2025-03-13,USD,369071,0.0429,MERIT
2029,1236,2025-03-14,,INR,570827,0.1698,PROMOTION
2030,1237,2019-01-09,,USD,693695,0.1139,ADJUSTMENT
2031,1238,2021-10-08,2022-02-17,INR,3690969,0.1183,HIRE
2032,1238,2022-02-18,,USD,4043981,0.1274,MERIT
2033,1239,2019-03-08,,INR,4650327,0.0193,MERIT
2034,1240,2023-04-29,2023-12-21,INR,1507535,0.0969,HIRE
2035,1240,2023-12-22,2024-06-30,USD,1588864,0.1991,ADJUSTMENT
2036,1240,2024-07-01,,INR,2151159,0.1327,HIRE
2037,1241,2024-02-19,,USD,1843551,0.0784,ADJUSTMENT
2038,1242,2018-07-08,2023-08-03,INR,6762842,0.076,MERIT
2039,1242,2023-08-04,,USD,5494235,0.0013,MERIT
2040,1243,2023-01-17,,USD,1233607,0.1554,PROMOTION
2041,1244,2023-11-09,2024-06-20,USD,6460606,0.0667,PROMOTION
2042,1244,2024-06-21,2025-06-20,INR,5522856,0.0121,PROMOTION
2043,1244,2025-06-21,,USD,6083820,0.1993,ADJUSTMENT
2044,1245,2021-06-09,2021-12-04,USD,611877,0.1977,HIRE
2045,1245,2021-12-05,2024-07-23,USD,841838,0.1947,PROMOTION
2046,1245,2024-07-24,,INR,732250,0.1112,HIRE
2047,1246,2020-05-11,,INR,3925392,0.1116,PROMOTION
2048,1247,2021-11-24,,USD,797036,0.015,HIRE
2049,1248,2024-08-14,,USD,4427816,0.1496,ADJUSTMENT
2050,1249,2025-05-11,,INR,1951755,0.1179,MERIT
2051,1250,2019-05-28,2020-09-07,USD,1383392,0.0081,ADJUSTMENT
2052,1250,2020-09-08,,USD,1324226,0.17,ADJUSTMENT
2053,1251,2022-09-22,2025-05-30,USD,519088,0.0979,HIRE
2054,1251,2025-05-31,,USD,546892,0.1268,MERIT
2055,1252,2023-03-01,,USD,808093,0.0694,ADJUSTMENT
2056,1253,2022-05-11,2024-06-04,INR,713863,0.1719,PROMOTION
2057,1253,2024-06-05,,INR,822984,0.0393,HIRE
2058,1254,2025-08-06,,INR,4411389,0.0328,ADJUSTMENT
2059,1255,2024-11-02,,INR,1110023,0.0856,MERIT
2060,1256,2019-09-23,2024-02-29,USD,2980245,0.1184,PROMOTION
2061,1256,2024-03-01,,INR,2923566,0.0058,MERIT
2062,1257,2021-02-04,2025-07-09,INR,1541312,0.0624,MERIT
2063,1257,2025-07-10,,INR,1584729,0.0693,MERIT
2064,1258,2024-11-12,,USD,1221172,0.1052,ADJUSTMENT
2065,1259,2024-02-29,,USD,1774584,0.0394,MERIT
2066,1260,2023-11-27,2023-12-27,INR,1062693,0.044,PROMOTION
2067,1260,2023-12-28,2024-05-23,INR,1112806,0.0082,HIRE
2068,1260,2024-05-24,,INR,1344284,0.1836,MERIT
2069,1261,2018-10-18,2023-05-07,INR,2147488,0.0153,MERIT
2070,1261,2023-05-08,2024-02-09,INR,1469844,0.0528,MERIT
2071,1261,2024-02-10,,USD,1680134,0.0255,HIRE
2072,1262,2025-03-05,,USD,6506567,0.0546,MERIT
2073,1263,2022-04-08,2023-07-18,INR,2234432,0.1837,HIRE
2074,1263,2023-07-19,2025-02-23,INR,2807768,0.1448,HIRE
2075,1263,2025-02-24,,USD,2704448,0.1021,PROMOTION
2076,1264,2018-03-03,2018-07-05,USD,2223249,0.14,HIRE
2077,1264,2018-07-06,,INR,3026280,0.1451,PROMOTION
2078,1265,2016-09-26,,INR,1388161,0.1811,ADJUSTMENT
2079,1266,2017-04-08,2021-11-19,INR,3713863,0.1604,MERIT
2080,1266,2021-11-20,,INR,3965734,0.0493,HIRE
2081,1267,2025-05-16,,INR,685274,0.1909,ADJUSTMENT
2082,1268,2022-09-08,2022-09-29,INR,682757,0.0222,HIRE
2083,1268,2022-09-30,2024-11-03,USD,714431,0.1076,HIRE
2084,1268,2024-11-04,,USD,695418,0.0819,HIRE
2085,1269,2019-08-01,2025-03-01,USD,1831557,0.0479,HIRE
2086,1269,2025-03-02,,INR,1774056,0.1752,ADJUSTMENT
2087,1270,2022-11-07,2025-06-30,USD,484232,0.1235,HIRE
2088,1270,2025-07-01,,USD,354959,0.0459,MERIT
2089,1271,2023-09-02,2023-12-02,INR,541524,0.1517,HIRE
2090,1271,2023-12-03,2025-02-06,USD,465196,0.0712,ADJUSTMENT
2091,1271,2025-02-07,,INR,575621,0.0754,PROMOTION
2092,1272,2022-10-16,2025-05-19,USD,1821961,0.0661,HIRE
2093,1272,2025-05-20,,INR,1836272,0.07,ADJUSTMENT
2094,1273,2015-06-25,,USD,2074899,0.0722,ADJUSTMENT
2095,1274,2018-01-09,2023-02-26,INR,2258348,0.1623,ADJUSTMENT
2096,1274,2023-02-27,2023-08-22,INR,3145511,0.057,HIRE
2097,1274,2023-08-23,,INR,2220964,0.0414,PROMOTION
2098,1275,2025-07-05,,INR,4317175,0.0131,ADJUSTMENT
2099,1276,2022-09-30,2024-09-09,USD,566987,0.1838,ADJUSTMENT
2100,1276,2024-09-10,,INR,318629,0.1041,MERIT
2101,1277,2023-05-18,,USD,5286689,0.1493,PROMOTION
2102,1278,2020-11-14,2022-03-23,USD,5092443,0.1181,PROMOTION
2103,1278,2022-03-24,2022-07-27,USD,6363235,0.0336,ADJUSTMENT
2104,1278,2022-07-28,,INR,5535156,0.0433,PROMOTION
2105,1279,2024-03-31,,INR,814373,0.0456,MERIT
2106,1280,2025-03-30,,USD,3149297,0.0638,PROMOTION
2107,1281,2022-07-08,2023-12-08,INR,738645,0.0942,ADJUSTMENT
2108,1281,2023-12-09,2024-10-25,INR,657063,0.1067,ADJUSTMENT
2109,1281,2024-10-26,,INR,875200,0.0785,HIRE
2110,1282,2019-10-08,,INR,2442501,0.1936,ADJUSTMENT
2111,1283,2020-06-01,2024-06-10,USD,797531,0.1571,MERIT
2112,1283,2024-06-11,,INR,617530,0.0115,ADJUSTMENT
2113,1284,2017-11-26,2020-12-10,USD,314592,0.1583,HIRE
2114,1284,2020-12-11,2024-12-07,USD,583262,0.1267,HIRE
2115,1284,2024-12-08,,USD,422491,0.0768,ADJUSTMENT
2116,1285,2016-08-14,,USD,755070,0.0053,MERIT
2117,1286,2019-05-02,2022-12-15,USD,2397609,0.1276,PROMOTION
2118,1286,2022-12-16,,INR,2641926,0.0022,HIRE
2119,1287,2021-01-06,2021-10-27,INR,1105155,0.1358,HIRE
2120,1287,2021-10-28,,USD,1123894,0.0273,ADJUSTMENT
2121,1288,2021-07-16,2024-04-07,INR,1425736,0.1692,PROMOTION
2122,1288,2024-04-08,,INR,2047899,0.0389,HIRE
2123,1289,2024-02-05,,INR,3628623,0.1696,ADJUSTMENT
2124,1290,2025-06-01,,USD,2728233,0.1482,PROMOTION
2125,1291,2024-04-23,,INR,5121117,0.09,PROMOTION
2126,1292,2020-08-13,2023-09-30,USD,1356457,0.0716,MERIT
2127,1292,2023-10-01,,USD,949544,0.1932,HIRE
2128,1293,2023-02-03,,INR,4358421,0.0298,MERIT
2129,1294,2017-03-15,2018-03-30,INR,2344458,0.196,HIRE
2130,1294,2018-03-31,,USD,3007110,0.0809,MERIT
2131,1295,2025-01-28,,USD,4090826,0.1145,ADJUSTMENT
2132,1296,2022-05-19,,INR,2930013,0.1011,ADJUSTMENT
2133,1297,2016-08-08,,INR,730867,0.1191,MERIT
2134,1298,2025-05-20,,USD,3002709,0.1287,PROMOTION
2135,1299,2019-02-16,2025-02-09,INR,1495555,0.0693,HIRE
2136,1299,2025-02-10,,INR,2101244,0.1993,HIRE
2137,1300,2019-04-08,2024-08-12,INR,2196766,0.066,ADJUSTMENT
2138,1300,2024-08-13,,INR,2125128,0.0118,MERIT
2139,1301,2024-08-09,2024-08-20,INR,445184,0.0819,HIRE
2140,1301,2024-08-21,,INR,541038,0.1668,HIRE
2141,1302,2024-05-28,,INR,4830636,0.0711,HIRE
2142,1303,2021-03-28,2021-11-26,INR,482828,0.1606,ADJUSTMENT
2143,1303,2021-11-27,2023-07-30,INR,550799,0.1784,PROMOTION
2144,1303,2023-07-31,,INR,535233,0.1913,PROMOTION
2145,1304,2022-10-29,2023-02-08,USD,1449141,0.1773,PROMOTION
2146,1304,2023-02-09,2023-04-01,USD,1874866,0.192,HIRE
2147,1304,2023-04-02,,USD,1762032,0.0977,ADJUSTMENT
2148,1305,2024-10-01,,INR,3607481,0.1164,MERIT
2149,1306,2016-06-05,2023-11-23,USD,4188953,0.0404,HIRE
2150,1306,2023-11-24,,INR,3807995,0.1461,ADJUSTMENT
2151,1307,2021-05-25,,INR,1755935,0.0211,MERIT
2152,1308,2022-07-14,2022-08-13,INR,457511,0.0918,MERIT
2153,1308,2022-08-14,2024-06-19,INR,378653,0.184,ADJUSTMENT
2154,1308,2024-06-20,,INR,585955,0.1559,MERIT
2155,1309,2025-01-16,,USD,442276,0.1362,HIRE
2156,1310,2020-10-11,,INR,6284096,0.1066,ADJUSTMENT
2157,1311,2024-12-30,,INR,2279336,0.0247,PROMOTION
2158,1312,2025-06-05,2025-06-11,USD,2535604,0.0361,ADJUSTMENT
2159,1312,2025-06-12,,INR,2891840,0.0805,PROMOTION
2160,1313,2024-05-12,,USD,3058911,0.0732,PROMOTION
2161,1314,2018-07-26,,INR,2844536,0.043,ADJUSTMENT
2162,1315,2025-04-18,,INR,427291,0.0726,ADJUSTMENT
2163,1316,2024-11-23,2024-12-23,INR,1639517,0.1105,ADJUSTMENT
2164,1316,2024-12-24,2025-07-22,USD,1911946,0.0602,PROMOTION
2165,1316,2025-07-23,,USD,1779357,0.1734,MERIT
2166,1317,2023-05-19,,INR,2895478,0.1242,MERIT
2167,1318,2025-01-30,2025-03-28,INR,840802,0.1742,HIRE
2168,1318,2025-03-29,,INR,836249,0.1003,ADJUSTMENT
2169,1319,2024-10-09,,INR,3432321,0.0033,HIRE
2170,1320,2024-03-23,2025-06-05,INR,2157370,0.0055,MERIT
2171,1320,2025-06-06,,INR,1725438,0.1039,PROMOTION
2172,1321,2020-03-30,2022-12-08,INR,748373,0.0411,ADJUSTMENT
2173,1321,2022-12-09,,USD,683743,0.0981,MERIT
2174,1322,2022-02-07,2023-01-10,USD,6880577,0.0731,ADJUSTMENT
2175,1322,2023-01-11,2023-07-15,USD,5689045,0.1983,ADJUSTMENT
2176,1322,2023-07-16,,INR,5151354,0.184,MERIT
2177,1323,2018-04-26,2024-11-14,INR,745812,0.077,PROMOTION
2178,1323,2024-11-15,2025-03-29,USD,692991,0.1292,MERIT
2179,1323,2025-03-30,,USD,663956,0.1663,PROMOTION
2180,1324,2025-05-30,,INR,1648222,0.117,PROMOTION
2181,1325,2021-03-13,2022-07-09,INR,3264543,0.0882,HIRE
2182,1325,2022-07-10,2024-03-16,USD,3922249,0.1074,ADJUSTMENT
2183,1325,2024-03-17,,INR,3550949,0.049,ADJUSTMENT
2184,1326,2021-02-19,2023-09-13,USD,890297,0.0396,MERIT
2185,1326,2023-09-14,,INR,765294,0.1403,PROMOTION
2186,1327,2017-05-16,2022-08-31,USD,2153101,0.1168,PROMOTION
2187,1327,2022-09-01,,INR,1620527,0.1652,HIRE
2188,1328,2024-05-20,,INR,1320517,0.1451,ADJUSTMENT
2189,1329,2023-07-09,,INR,1111325,0.1502,MERIT
2190,1330,2025-07-17,2025-08-07,INR,3864534,0.0059,ADJUSTMENT
2191,1330,2025-08-08,,INR,3847744,0.0009,ADJUSTMENT
2192,1331,2024-09-03,,USD,310985,0.0255,ADJUSTMENT
2193,1332,2025-01-03,,USD,923009,0.0564,PROMOTION
2194,1333,2022-07-14,2024-12-24,INR,2955301,0.0952,MERIT
2195,1333,2024-12-25,,USD,2261229,0.1967,HIRE
2196,1334,2024-04-08,,INR,3580766,0.133,PROMOTION
2197,1335,2018-05-15,,USD,3321705,0.1914,ADJUSTMENT
2198,1336,2024-05-27,,INR,2393564,0.1757,ADJUSTMENT
2199,1337,2018-06-23,2025-05-05,INR,1320364,0.0337,HIRE
2200,1337,2025-05-06,,INR,1311777,0.1004,HIRE
2201,1338,2020-07-06,2025-05-28,USD,3561365,0.1305,HIRE
2202,1338,2025-05-29,,INR,4217585,0.0504,MERIT
2203,1339,2024-06-23,,USD,1005985,0.1918,ADJUSTMENT
2204,1340,2025-04-24,,INR,3615298,0.0948,MERIT
2205,1341,2019-04-11,2021-06-13,USD,4264649,0.0344,MERIT
2206,1341,2021-06-14,,INR,4373649,0.0573,ADJUSTMENT
2207,1342,2020-03-18,,INR,1009644,0.1493,MERIT
2208,1343,2016-02-28,2019-02-05,INR,1508911,0.1317,PROMOTION
2209,1343,2019-02-06,,USD,1480241,0.1301,PROMOTION
2210,1344,2024-04-28,2024-06-18,INR,2055901,0.0438,HIRE
2211,1344,2024-06-19,,INR,1974662,0.1149,MERIT
2212,1345,2017-12-23,,USD,3342266,0.1699,ADJUSTMENT
2213,1346,2023-03-11,2024-03-26,USD,3681652,0.0275,MERIT
2214,1346,2024-03-27,2025-02-13,INR,3240493,0.1239,ADJUSTMENT
2215,1346,2025-02-14,,USD,4003163,0.0072,HIRE
2216,1347,2019-11-15,2023-07-12,INR,2607508,0.0878,PROMOTION
2217,1347,2023-07-13,,INR,2475589,0.0699,PROMOTION
2218,1348,2020-04-16,2022-09-09,USD,5183421,0.0612,ADJUSTMENT
2219,1348,2022-09-10,,INR,5723141,0.0857,MERIT
2220,1349,2025-03-14,,INR,4467325,0.0507,MERIT
2221,1350,2025-07-17,,USD,5429788,0.1379,MERIT
2222,1351,2021-08-13,,INR,1585489,0.1188,HIRE
2223,1352,2021-05-19,,USD,3480258,0.029,ADJUSTMENT
2224,1353,2022-06-05,,USD,2644812,0.0704,ADJUSTMENT
2225,1354,2021-06-01,,INR,6552722,0.0958,PROMOTION
2226,1355,2022-02-14,2024-07-11,INR,6770664,0.1579,MERIT
2227,1355,2024-07-12,,INR,5415136,0.0334,PROMOTION
2228,1356,2024-01-31,,INR,1668182,0.1102,HIRE
2229,1357,2024-03-20,2025-08-08,INR,818611,0.0166,MERIT
2230,1357,2025-08-09,,USD,657768,0.1324,HIRE
2231,1358,2022-02-21,2024-04-18,INR,916035,0.1952,ADJUSTMENT
2232,1358,2024-04-19,2024-05-19,INR,1381894,0.108,MERIT
2233,1358,2024-05-20,,INR,1215367,0.1549,HIRE
2234,1359,2023-04-17,2023-05-04,USD,369108,0.15,HIRE
2235,1359,2023-05-05,2023-08-18,USD,542002,0.1088,ADJUSTMENT
2236,1359,2023-08-19,,INR,576710,0.1498,ADJUSTMENT
2237,1360,2022-01-12,,INR,3949017,0.125,PROMOTION
2238,1361,2023-05-05,2023-05-13,INR,4821770,0.1872,PROMOTION
2239,1361,2023-05-14,,INR,5815052,0.038,HIRE
2240,1362,2019-06-16,2021-02-16,USD,410730,0.0257,ADJUSTMENT
2241,1362,2021-02-17,,USD,554446,0.1489,MERIT
2242,1363,2025-05-02,2025-05-06,INR,1262867,0.1512,ADJUSTMENT
2243,1363,2025-05-07,2025-05-15,USD,1290189,0.0403,MERIT
2244,1363,2025-05-16,,USD,1356772,0.1932,HIRE
2245,1364,2024-12-19,2025-05-28,USD,414048,0.1768,HIRE
2246,1364,2025-05-29,,INR,401686,0.1989,ADJUSTMENT
2247,1365,2025-06-22,,USD,877311,0.1594,MERIT
2248,1366,2023-10-29,,USD,4405249,0.119,MERIT
2249,1367,2015-06-20,,INR,1821636,0.0007,ADJUSTMENT
2250,1368,2022-07-19,,INR,2616199,0.1486,PROMOTION
2251,1369,2018-10-17,2022-10-16,INR,3461573,0.1971,ADJUSTMENT
2252,1369,2022-10-17,2024-12-09,INR,3353005,0.1771,HIRE
2253,1369,2024-12-10,,USD,3476466,0.1036,MERIT
2254,1370,2022-11-23,,INR,393308,0.1757,PROMOTION
2255,1371,2017-11-24,,INR,1268817,0.0249,HIRE
2256,1372,2016-05-18,2024-05-23,INR,823829,0.1682,MERIT
2257,1372,2024-05-24,,INR,620571,0.1692,HIRE
2258,1373,2025-06-07,,USD,6392630,0.0011,ADJUSTMENT
2259,1374,2020-09-11,2023-11-20,USD,802889,0.0563,MERIT
2260,1374,2023-11-21,2024-04-21,INR,774485,0.1346,ADJUSTMENT
2261,1374,2024-04-22,,USD,853156,0.0853,MERIT
2262,1375,2020-07-11,,INR,481030,0.062,MERIT
2263,1376,2024-05-04,,INR,967231,0.0429,PROMOTION
2264,1377,2024-02-05,2024-04-02,USD,323846,0.1777,ADJUSTMENT
2265,1377,2024-04-03,,INR,493103,0.0692,ADJUSTMENT
2266,1378,2019-02-15,2019-11-12,INR,892780,0.0917,PROMOTION
2267,1378,2019-11-13,2020-05-29,INR,774470,0.0546,PROMOTION
2268,1378,2020-05-30,,USD,754377,0.0166,PROMOTION
2269,1379,2020-06-25,2023-11-25,INR,839568,0.0147,HIRE
2270,1379,2023-11-26,,USD,814450,0.0949,ADJUSTMENT
2271,1380,2019-03-01,,USD,3460131,0.0325,PROMOTION
2272,1381,2022-08-13,,USD,459191,0.0806,HIRE
2273,1382,2022-06-11,,INR,1311187,0.1575,HIRE
2274,1383,2022-07-02,,USD,6559134,0.111,MERIT
2275,1384,2019-08-22,,INR,803272,0.1709,PROMOTION
2276,1385,2019-01-08,2020-05-06,USD,4476122,0.0283,MERIT
2277,1385,2020-05-07,,INR,4271579,0.1817,MERIT
2278,1386,2024-03-27,,INR,3221657,0.0517,PROMOTION
2279,1387,2019-08-18,2020-10-12,USD,2581031,0.0781,PROMOTION
2280,1387,2020-10-13,2021-03-20,USD,2651994,0.0025,ADJUSTMENT
2281,1387,2021-03-21,,INR,2832286,0.0303,HIRE
2282,1388,2019-09-11,,USD,4931190,0.0056,PROMOTION
2283,1389,2025-03-26,,INR,4107501,0.1134,MERIT
2284,1390,2023-05-08,2024-01-25,USD,5153213,0.0864,HIRE
2285,1390,2024-01-26,,INR,6564833,0.0785,ADJUSTMENT
2286,1391,2022-09-20,,USD,3344225,0.1253,ADJUSTMENT
2287,1392,2024-02-25,2024-03-13,INR,2347367,0.0983,ADJUSTMENT
2288,1392,2024-03-14,,USD,2985487,0.1171,ADJUSTMENT
2289,1393,2024-10-07,,INR,875874,0.0735,HIRE
2290,1394,2020-10-10,,USD,6604197,0.091,PROMOTION
2291,1395,2025-07-13,,USD,6983553,0.109,PROMOTION
2292,1396,2024-03-26,2025-04-10,USD,413713,0.0589,ADJUSTMENT
2293,1396,2025-04-11,,INR,312250,0.0218,ADJUSTMENT
2294,1397,2021-07-10,2023-10-09,USD,6814589,0.1727,HIRE
2295,1397,2023-10-10,,INR,5712657,0.1351,MERIT
2296,1398,2023-09-20,2024-03-25,USD,1273879,0.0455,PROMOTION
2297,1398,2024-03-26,2025-08-20,INR,933250,0.0985,HIRE
2298,1398,2025-08-21,,USD,1304907,0.1651,MERIT
2299,1399,2025-02-25,,USD,1186167,0.0386,HIRE
2300,1400,2018-02-01,2018-11-30,INR,657694,0.0537,MERIT
2301,1400,2018-12-01,,INR,876126,0.0972,HIRE
2302,1401,2018-05-05,2022-12-21,INR,2128909,0.168,MERIT
2303,1401,2022-12-22,,INR,1596902,0.1087,HIRE
2304,1402,2025-05-17,2025-05-16,INR,878645,0.0859,MERIT
2305,1402,2025-05-17,2025-05-28,USD,636823,0.0247,ADJUSTMENT
2306,1402,2025-05-29,,INR,621249,0.1069,PROMOTION
2307,1403,2024-12-27,,INR,729567,0.09,ADJUSTMENT
2308,1404,2024-09-14,,INR,790913,0.1591,HIRE
2309,1405,2025-06-16,2025-07-04,INR,2599026,0.0171,ADJUSTMENT
2310,1405,2025-07-05,,USD,3070078,0.05,ADJUSTMENT
2311,1406,2016-01-26,2023-08-23,USD,349285,0.1301,PROMOTION
2312,1406,2023-08-24,,INR,408996,0.0471,ADJUSTMENT
2313,1407,2024-07-15,,USD,539291,0.1534,HIRE
2314,1408,2025-01-18,2025-02-13,USD,3272809,0.1274,MERIT
2315,1408,2025-02-14,,USD,4013143,0.0797,MERIT
2316,1409,2018-05-02,2022-11-27,INR,358246,0.0648,PROMOTION
2317,1409,2022-11-28,,INR,590858,0.1305,ADJUSTMENT
2318,1410,2023-03-14,,INR,601712,0.0987,ADJUSTMENT
2319,1411,2023-11-28,,INR,1214979,0.0064,MERIT
2320,1412,2023-10-30,,USD,2061837,0.0087,HIRE
2321,1413,2024-08-21,,USD,5588501,0.0898,HIRE
2322,1414,2022-08-13,,USD,606541,0.0673,MERIT
2323,1415,2025-05-13,2025-05-14,USD,5934203,0.0376,PROMOTION
2324,1415,2025-05-15,,USD,6033070,0.1215,ADJUSTMENT
2325,1416,2024-11-14,,INR,3442755,0.1119,MERIT
2326,1417,2020-12-23,,INR,1372206,0.0673,PROMOTION
2327,1418,2022-11-22,,INR,2819970,0.0522,PROMOTION
2328,1419,2017-07-13,2017-08-14,USD,2225035,0.0831,PROMOTION
2329,1419,2017-08-15,2024-04-04,INR,2782097,0.0176,ADJUSTMENT
2330,1419,2024-04-05,,INR,3110752,0.1131,HIRE
2331,1420,2019-02-13,,INR,413307,0.0583,MERIT
2332,1421,2022-11-10,2024-07-18,INR,356659,0.1481,ADJUSTMENT
2333,1421,2024-07-19,,USD,383208,0.1629,HIRE
2334,1422,2025-07-05,,USD,3740553,0.0192,PROMOTION
2335,1423,2022-09-29,2023-07-17,INR,3626210,0.1867,HIRE
2336,1423,2023-07-18,2024-08-28,USD,3736486,0.0603,HIRE
2337,1423,2024-08-29,,USD,4098323,0.1175,HIRE
2338,1424,2016-05-06,,USD,908207,0.1468,HIRE
2339,1425,2024-07-09,,INR,5482284,0.0311,MERIT
2340,1426,2023-05-12,2024-07-26,USD,620078,0.0952,ADJUSTMENT
2341,1426,2024-07-27,2024-09-17,USD,704814,0.0785,PROMOTION
2342,1426,2024-09-18,,INR,893914,0.1612,HIRE
2343,1427,2021-09-07,,USD,4006665,0.1836,ADJUSTMENT
2344,1428,2023-03-19,,USD,302100,0.0621,ADJUSTMENT
2345,1429,2017-12-24,2020-09-17,USD,1718686,0.0283,ADJUSTMENT
2346,1429,2020-09-18,,USD,1507605,0.0824,PROMOTION
2347,1430,2025-05-12,,USD,619937,0.1584,MERIT
2348,1431,2025-01-17,2025-03-13,USD,6767829,0.1573,PROMOTION
2349,1431,2025-03-14,,INR,6795631,0.1626,PROMOTION
2350,1432,2024-03-10,,USD,756439,0.1772,MERIT
2351,1433,2025-04-09,,INR,782105,0.1799,HIRE
2352,1434,2023-02-24,2024-01-29,INR,3108174,0.1372,HIRE
2353,1434,2024-01-30,,INR,2945150,0.1298,ADJUSTMENT
2354,1435,2023-12-11,2024-01-13,USD,330539,0.0249,MERIT
2355,1435,2024-01-14,2025-01-15,INR,591150,0.122,PROMOTION
2356,1435,2025-01-16,,USD,320246,0.1996,ADJUSTMENT
2357,1436,2018-08-31,2022-03-06,INR,327243,0.0443,PROMOTION
2358,1436,2022-03-07,,USD,427203,0.0932,HIRE
2359,1437,2019-01-10,2022-01-16,INR,954237,0.1179,MERIT
2360,1437,2022-01-17,,USD,981859,0.0332,MERIT
2361,1438,2025-07-27,,USD,6837473,0.1697,HIRE
2362,1439,2024-08-23,,USD,6544262,0.1164,ADJUSTMENT
2363,1440,2024-04-02,2024-10-12,INR,323448,0.1724,MERIT
2364,1440,2024-10-13,,INR,413628,0.0071,MERIT
2365,1441,2025-06-27,2025-07-09,INR,1352277,0.0554,HIRE
2366,1441,2025-07-10,,INR,1316956,0.1329,MERIT
2367,1442,2024-07-15,2024-08-19,USD,660560,0.0007,PROMOTION
2368,1442,2024-08-20,,INR,678828,0.1983,ADJUSTMENT
2369,1443,2024-03-10,,INR,3774395,0.0009,HIRE
2370,1444,2022-06-30,2025-06-21,INR,5832879,0.1756,HIRE
2371,1444,2025-06-22,,USD,6092552,0.1197,MERIT
2372,1445,2025-08-11,,INR,6534422,0.0112,HIRE
2373,1446,2025-03-18,,INR,943902,0.0831,HIRE
2374,1447,2025-02-26,2025-03-24,INR,4259657,0.0927,PROMOTION
2375,1447,2025-03-25,2025-06-19,INR,3791010,0.0301,HIRE
2376,1447,2025-06-20,,USD,3744964,0.1795,HIRE
2377,1448,2024-09-09,2024-12-17,USD,5083347,0.1951,HIRE
2378,1448,2024-12-18,,INR,6495112,0.0871,ADJUSTMENT
2379,1449,2019-11-18,,USD,4837009,0.0915,PROMOTION
2380,1450,2025-04-24,,USD,1607262,0.042,HIRE
2381,1451,2025-02-19,2025-03-07,USD,4734965,0.0147,ADJUSTMENT
2382,1451,2025-03-08,,INR,6709308,0.1554,MERIT
2383,1452,2017-03-20,2023-11-16,USD,2776535,0.1133,MERIT
2384,1452,2023-11-17,,INR,3134851,0.1758,PROMOTION
2385,1453,2018-03-05,2025-05-27,USD,2612698,0.1737,ADJUSTMENT
2386,1453,2025-05-28,,USD,2829180,0.0815,ADJUSTMENT
2387,1454,2024-07-25,2025-06-14,USD,2663369,0.1492,HIRE
2388,1454,2025-06-15,,INR,3046747,0.0314,ADJUSTMENT
2389,1455,2024-08-12,,USD,1721321,0.0718,ADJUSTMENT
2390,1456,2020-03-17,2022-07-11,USD,744759,0.1134,MERIT
2391,1456,2022-07-12,2025-06-14,USD,620757,0.0459,ADJUSTMENT
2392,1456,2025-06-15,,USD,621542,0.077,ADJUSTMENT
2393,1457,2025-07-03,2025-07-20,INR,494601,0.0297,ADJUSTMENT
2394,1457,2025-07-21,2025-07-28,INR,403360,0.1179,HIRE
2395,1457,2025-07-29,,USD,582716,0.0689,MERIT
2396,1458,2018-04-06,,USD,3296576,0.1859,HIRE
2397,1459,2017-01-23,2025-06-28,INR,787406,0.118,MERIT
2398,1459,2025-06-29,,USD,756834,0.1908,HIRE
2399,1460,2022-12-16,,INR,600030,0.1765,HIRE
2400,1461,2025-06-27,,INR,568112,0.0184,HIRE
2401,1462,2024-12-03,2025-01-05,INR,753415,0.1216,ADJUSTMENT
2402,1462,2025-01-06,2025-05-31,INR,756510,0.0605,MERIT
2403,1462,2025-06-01,,USD,817730,0.1724,HIRE
2404,1463,2024-03-19,2024-08-29,INR,4359039,0.1445,HIRE
2405,1463,2024-08-30,,INR,3447621,0.0887,ADJUSTMENT
2406,1464,2024-03-27,,USD,879676,0.1627,HIRE
2407,1465,2023-01-23,,INR,3140523,0.1578,ADJUSTMENT
2408,1466,2019-12-31,2020-02-06,USD,5816079,0.0821,PROMOTION
2409,1466,2020-02-07,2022-10-10,USD,5491311,0.1803,PROMOTION
2410,1466,2022-10-11,,USD,5620550,0.1785,HIRE
2411,1467,2021-07-08,,INR,897433,0.1732,ADJUSTMENT
2412,1468,2025-07-15,,INR,3816717,0.0889,HIRE
2413,1469,2022-05-29,,INR,3428705,0.0746,MERIT
2414,1470,2024-03-02,2024-09-04,INR,2025450,0.1639,PROMOTION
2415,1470,2024-09-05,,USD,1761174,0.0019,PROMOTION
2416,1471,2020-08-29,2024-02-11,USD,5815873,0.1713,MERIT
2417,1471,2024-02-12,,USD,6505528,0.0721,PROMOTION
2418,1472,2018-12-15,2025-01-31,INR,2071778,0.1448,MERIT
2419,1472,2025-02-01,,USD,1423366,0.1707,MERIT
2420,1473,2024-03-04,,INR,968179,0.1762,PROMOTION
2421,1474,2023-12-31,,INR,891127,0.1986,HIRE
2422,1475,2018-07-31,,INR,3943058,0.0232,MERIT
2423,1476,2024-09-07,2024-09-10,USD,920234,0.0884,ADJUSTMENT
2424,1476,2024-09-11,,USD,1211936,0.1815,MERIT
2425,1477,2018-11-08,2019-11-29,USD,2054554,0.0224,ADJUSTMENT
2426,1477,2019-11-30,2021-06-29,USD,1424677,0.1606,PROMOTION
2427,1477,2021-06-30,,INR,1458612,0.0828,MERIT
2428,1478,2021-03-16,2023-06-14,USD,438982,0.0286,ADJUSTMENT
2429,1478,2023-06-15,,USD,523746,0.0779,MERIT
2430,1479,2024-07-22,2025-01-18,INR,4794812,0.1532,ADJUSTMENT
2431,1479,2025-01-19,2025-06-19,INR,4683228,0.1172,MERIT
2432,1479,2025-06-20,,USD,6009267,0.0056,HIRE
2433,1480,2025-08-20,,USD,1374823,0.0787,MERIT
2434,1481,2025-08-18,2025-08-17,USD,798409,0.1866,MERIT
2435,1481,2025-08-18,,USD,753876,0.1459,MERIT
2436,1482,2021-05-18,,INR,5414516,0.1457,MERIT
2437,1483,2021-11-18,,USD,5185274,0.0816,PROMOTION
2438,1484,2022-11-08,,INR,361652,0.1818,HIRE
2439,1485,2020-10-03,2023-04-09,INR,5549858,0.0371,MERIT
2440,1485,2023-04-10,2023-05-18,INR,6056777,0.0069,PROMOTION
2441,1485,2023-05-19,,USD,4509562,0.1035,PROMOTION
2442,1486,2025-08-13,,USD,592448,0.0067,MERIT
2443,1487,2025-06-28,,INR,2958033,0.0217,ADJUSTMENT
2444,1488,2021-05-22,2024-08-17,USD,1364297,0.1838,PROMOTION
2445,1488,2024-08-18,,INR,1059341,0.1398,MERIT
2446,1489,2018-07-04,,INR,1079472,0.1816,ADJUSTMENT
2447,1490,2021-09-04,,USD,790275,0.1916,ADJUSTMENT
2448,1491,2020-06-23,,INR,310652,0.0113,ADJUSTMENT
2449,1492,2017-12-12,2018-01-30,INR,5468197,0.1285,HIRE
2450,1492,2018-01-31,,USD,5907490,0.1872,HIRE
2451,1493,2021-08-07,2022-09-15,INR,742455,0.1981,ADJUSTMENT
2452,1493,2022-09-16,,INR,839421,0.1549,ADJUSTMENT
2453,1494,2023-11-04,,USD,1194920,0.1923,ADJUSTMENT
2454,1495,2018-06-04,2021-12-13,USD,1089833,0.0189,PROMOTION
2455,1495,2021-12-14,,INR,1116780,0.1091,ADJUSTMENT
2456,1496,2021-05-23,2025-01-29,USD,2241045,0.089,MERIT
2457,1496,2025-01-30,,INR,3198581,0.0276,HIRE
2458,1497,2017-07-18,2018-06-26,USD,4808325,0.1242,ADJUSTMENT
2459,1497,2018-06-27,,INR,6016837,0.0806,MERIT
2460,1498,2024-07-05,,USD,2674854,0.1663,MERIT
2461,1499,2018-01-09,2019-12-19,USD,2688211,0.0828,HIRE
2462,1499,2019-12-20,,USD,2700217,0.0559,PROMOTION
2463,1500,2021-12-06,,INR,338414,0.0815,MERIT
2464,1501,2021-05-13,2025-03-25,USD,2212631,0.0541,ADJUSTMENT
2465,1501,2025-03-26,,USD,2301239,0.1402,PROMOTION
2466,1502,2017-06-26,2023-09-23,INR,1386290,0.0291,PROMOTION
2467,1502,2023-09-24,,INR,1007447,0.1968,HIRE
2468,1503,2018-10-29,2025-01-07,USD,1150742,0.1812,PROMOTION
2469,1503,2025-01-08,,INR,958792,0.0135,MERIT
2470,1504,2019-11-25,2022-08-28,INR,476313,0.0132,MERIT
2471,1504,2022-08-29,,INR,443762,0.0631,PROMOTION
2472,1505,2019-10-22,,USD,1742292,0.1253,ADJUSTMENT
2473,1506,2024-07-14,,USD,2003465,0.1629,MERIT
2474,1507,2020-11-04,,USD,3775413,0.0055,PROMOTION
2475,1508,2023-07-15,2024-02-13,INR,3831536,0.1227,PROMOTION
2476,1508,2024-02-14,2025-06-22,INR,3567424,0.1996,ADJUSTMENT
2477,1508,2025-06-23,,INR,4110044,0.18,ADJUSTMENT
2478,1509,2024-01-17,,USD,5589986,0.0962,PROMOTION
2479,1510,2023-12-01,2025-03-20,USD,415168,0.1979,HIRE
2480,1510,2025-03-21,,INR,323886,0.0047,ADJUSTMENT
2481,1511,2024-05-18,,INR,1262097,0.1226,ADJUSTMENT
2482,1512,2021-04-25,,USD,958831,0.1963,PROMOTION
2483,1513,2022-05-28,2024-11-22,INR,3299011,0.0521,HIRE
2484,1513,2024-11-23,2024-12-06,USD,3920893,0.0117,ADJUSTMENT
2485,1513,2024-12-07,,USD,4325130,0.1666,PROMOTION
2486,1514,2024-11-23,2025-05-11,USD,2070244,0.1364,MERIT
2487,1514,2025-05-12,,USD,1537302,0.0454,PROMOTION
2488,1515,2023-04-12,,INR,3400239,0.037,ADJUSTMENT
2489,1516,2023-12-26,,USD,3928123,0.1796,MERIT
2490,1517,2018-05-01,,USD,870290,0.1033,ADJUSTMENT
2491,1518,2022-05-12,2023-09-02,USD,2916843,0.1051,HIRE
2492,1518,2023-09-03,,INR,2413649,0.0036,HIRE
2493,1519,2022-06-13,,USD,2505749,0.1482,ADJUSTMENT
2494,1520,2019-10-08,,INR,1086373,0.077,PROMOTION
2495,1521,2023-07-27,2024-09-08,USD,6254596,0.1673,PROMOTION
2496,1521,2024-09-09,,USD,6972286,0.0034,PROMOTION
2497,1522,2023-11-15,,USD,3598025,0.0752,MERIT
2498,1523,2022-11-21,2023-04-04,USD,466479,0.024,ADJUSTMENT
2499,1523,2023-04-05,2024-11-30,USD,349853,0.0551,HIRE
2500,1523,2024-12-01,,USD,529905,0.0801,PROMOTION
2501,1524,2025-03-21,2025-06-27,INR,4126047,0.1688,HIRE
2502,1524,2025-06-28,,INR,4032748,0.1417,MERIT
2503,1525,2025-04-02,,USD,447891,0.1193,MERIT
2504,1526,2018-06-04,,USD,1014677,0.0556,HIRE
2505,1527,2017-01-21,2021-01-31,INR,1168595,0.141,ADJUSTMENT
2506,1527,2021-02-01,2025-03-10,USD,1380881,0.13,ADJUSTMENT
2507,1527,2025-03-11,,INR,1049405,0.1226,HIRE
2508,1528,2022-07-23,2024-10-22,INR,3018205,0.0763,ADJUSTMENT
2509,1528,2024-10-23,,USD,2678907,0.1973,MERIT
2510,1529,2024-07-07,2024-08-29,USD,3831382,0.1357,PROMOTION
2511,1529,2024-08-30,2025-07-15,USD,4404954,0.1606,ADJUSTMENT
2512,1529,2025-07-16,,USD,4057247,0.0455,HIRE
2513,1530,2024-04-30,,INR,2707506,0.0816,MERIT
2514,1531,2022-01-28,,USD,4752492,0.0368,HIRE
2515,1532,2020-03-31,2024-08-06,INR,6317379,0.1859,HIRE
2516,1532,2024-08-07,,INR,5338660,0.1312,PROMOTION
2517,1533,2025-08-13,,INR,788650,0.1439,PROMOTION
2518,1534,2023-02-03,,USD,720945,0.0356,HIRE
2519,1535,2023-12-24,,USD,723724,0.1517,HIRE
2520,1536,2021-04-02,2022-07-08,USD,2995349,0.0137,HIRE
2521,1536,2022-07-09,,INR,2836348,0.0058,PROMOTION
2522,1537,2022-10-06,,INR,1330724,0.0671,PROMOTION
2523,1538,2023-01-09,2024-12-15,USD,2870620,0.0182,PROMOTION
2524,1538,2024-12-16,,INR,3093137,0.0623,PROMOTION
2525,1539,2024-07-19,,USD,3728166,0.1462,HIRE
2526,1540,2025-08-08,2025-08-18,INR,2907835,0.0504,PROMOTION
2527,1540,2025-08-19,,INR,2580661,0.0671,HIRE
2528,1541,2025-03-09,2025-04-28,USD,1266853,0.0769,HIRE
2529,1541,2025-04-29,2025-07-30,INR,1143129,0.163,HIRE
2530,1541,2025-07-31,,INR,963810,0.0418,PROMOTION
2531,1542,2024-09-17,,INR,424596,0.1008,MERIT
2532,1543,2025-03-18,2025-04-24,USD,6388418,0.1925,ADJUSTMENT
2533,1543,2025-04-25,,USD,6554342,0.1869,ADJUSTMENT
2534,1544,2024-10-12,,INR,6558165,0.0693,MERIT
2535,1545,2024-08-21,2024-08-30,INR,563811,0.1599,HIRE
2536,1545,2024-08-31,,INR,511855,0.0852,ADJUSTMENT
2537,1546,2024-12-30,,USD,518402,0.1769,ADJUSTMENT
2538,1547,2022-09-02,,INR,5310638,0.0205,HIRE
2539,1548,2024-07-19,,INR,3361302,0.03,HIRE
2540,1549,2023-12-28,2024-06-03,USD,918193,0.1387,ADJUSTMENT
2541,1549,2024-06-04,,USD,1322017,0.0656,HIRE
2542,1550,2023-11-17,,USD,3379728,0.1381,PROMOTION
2543,1551,2024-07-17,,USD,3047467,0.1408,HIRE
2544,1552,2025-06-16,2025-07-08,USD,1209694,0.1398,HIRE
2545,1552,2025-07-09,,USD,960049,0.1453,HIRE
2546,1553,2023-09-01,2024-12-05,USD,3222999,0.043,MERIT
2547,1553,2024-12-06,,USD,4291749,0.1679,MERIT
2548,1554,2020-11-19,2024-03-23,INR,316423,0.0194,MERIT
2549,1554,2024-03-24,,INR,452755,0.1625,MERIT
2550,1555,2025-07-05,,USD,2610286,0.185,ADJUSTMENT
2551,1556,2024-10-10,2025-06-19,USD,6329523,0.085,PROMOTION
2552,1556,2025-06-20,,INR,4641577,0.0107,HIRE
2553,1557,2024-06-07,,INR,2117514,0.1228,ADJUSTMENT
2554,1558,2019-09-07,,USD,4200860,0.1054,PROMOTION
2555,1559,2022-11-10,,INR,4420238,0.0516,PROMOTION
2556,1560,2018-02-07,2023-12-29,INR,799196,0.0106,PROMOTION
2557,1560,2023-12-30,,USD,889401,0.0082,MERIT
2558,1561,2024-08-08,2025-03-25,USD,4288834,0.1954,MERIT
2559,1561,2025-03-26,,USD,3569686,0.075,ADJUSTMENT
2560,1562,2024-10-14,,USD,3471208,0.1247,MERIT
2561,1563,2019-10-13,2024-03-05,USD,880469,0.1305,MERIT
2562,1563,2024-03-06,,USD,894795,0.016,HIRE
2563,1564,2022-03-17,2023-02-20,USD,680705,0.0203,ADJUSTMENT
2564,1564,2023-02-21,,USD,881444,0.0863,PROMOTION
2565,1565,2021-07-21,,INR,403578,0.0122,ADJUSTMENT
2566,1566,2021-01-13,2023-04-30,USD,753380,0.077,MERIT
2567,1566,2023-05-01,,USD,642374,0.0813,MERIT
2568,1567,2023-09-25,2023-10-14,INR,867479,0.031,HIRE
2569,1567,2023-10-15,2024-03-06,INR,742245,0.0236,PROMOTION
2570,1567,2024-03-07,,INR,728710,0.0981,HIRE
2571,1568,2023-10-07,2024-05-02,INR,631258,0.0264,MERIT
2572,1568,2024-05-03,,USD,823732,0.1771,ADJUSTMENT
2573,1569,2024-07-20,,USD,1431549,0.038,PROMOTION
2574,1570,2025-04-29,,INR,3230577,0.0481,ADJUSTMENT
2575,1571,2022-08-13,2024-02-27,INR,1666329,0.059,MERIT
2576,1571,2024-02-28,,INR,1407649,0.1592,PROMOTION
2577,1572,2021-05-14,,USD,2512696,0.0931,ADJUSTMENT
2578,1573,2023-08-03,,USD,1397782,0.0273,ADJUSTMENT
2579,1574,2023-11-03,,USD,620377,0.0057,MERIT
2580,1575,2024-05-26,,INR,1639925,0.0265,MERIT
2581,1576,2025-04-17,2025-05-31,USD,6602424,0.0113,MERIT
2582,1576,2025-06-01,,USD,6286357,0.0205,PROMOTION
2583,1577,2019-08-24,,INR,709187,0.1136,MERIT
2584,1578,2024-12-07,,INR,1387434,0.0019,PROMOTION
2585,1579,2024-10-08,,USD,502227,0.077,ADJUSTMENT
2586,1580,2021-05-19,2021-11-14,USD,1658506,0.1042,MERIT
2587,1580,2021-11-15,,INR,2124739,0.0868,HIRE
2588,1581,2015-10-07,2016-01-10,INR,1267368,0.1084,ADJUSTMENT
2589,1581,2016-01-11,2025-06-02,INR,933132,0.029,PROMOTION
2590,1581,2025-06-03,,INR,1166574,0.0528,ADJUSTMENT
2591,1582,2023-05-11,2023-06-16,INR,931044,0.0635,MERIT
2592,1582,2023-06-17,2025-08-20,INR,1387196,0.1342,MERIT
2593,1582,2025-08-21,,INR,1256337,0.0835,MERIT
2594,1583,2022-07-21,,INR,2497068,0.0616,PROMOTION
2595,1584,2019-08-17,2022-01-08,INR,3596006,0.0849,PROMOTION
2596,1584,2022-01-09,2025-03-20,USD,3438290,0.1797,MERIT
2597,1584,2025-03-21,,USD,3459006,0.0946,PROMOTION
2598,1585,2024-11-11,2025-05-16,USD,1279377,0.0126,PROMOTION
2599,1585,2025-05-17,,USD,1020652,0.0688,PROMOTION
2600,1586,2022-05-29,,USD,2334355,0.008,PROMOTION
2601,1587,2025-07-11,,USD,5374503,0.1,HIRE
2602,1588,2023-12-28,2024-11-23,INR,3485650,0.0536,ADJUSTMENT
2603,1588,2024-11-24,,USD,3555557,0.1234,PROMOTION
2604,1589,2023-07-27,2024-07-02,INR,2904238,0.1518,HIRE
2605,1589,2024-07-03,,INR,2953414,0.1594,HIRE
2606,1590,2017-08-16,,INR,343466,0.1672,HIRE
2607,1591,2017-06-16,2017-07-07,USD,725873,0.0713,HIRE
2608,1591,2017-07-08,2022-12-29,USD,662074,0.1358,HIRE
2609,1591,2022-12-30,,INR,838056,0.1325,MERIT
2610,1592,2025-01-22,,INR,5592671,0.1864,MERIT
2611,1593,2021-06-30,2021-11-22,INR,3102886,0.0567,ADJUSTMENT
2612,1593,2021-11-23,,INR,3099711,0.0713,PROMOTION
2613,1594,2021-02-19,,INR,2257259,0.1865,ADJUSTMENT
2614,1595,2025-06-16,,INR,3608925,0.0418,MERIT
2615,1596,2018-08-27,2018-10-25,INR,831178,0.1871,MERIT
2616,1596,2018-10-26,2022-08-06,USD,682801,0.0859,PROMOTION
2617,1596,2022-08-07,,USD,770216,0.0622,PROMOTION
2618,1597,2024-07-11,2025-06-01,INR,1690174,0.1046,PROMOTION
2619,1597,2025-06-02,,INR,1774017,0.0425,PROMOTION
2620,1598,2019-01-23,,USD,1547783,0.1287,HIRE
2621,1599,2022-10-10,2023-11-01,INR,1691560,0.042,MERIT
2622,1599,2023-11-02,2024-02-04,INR,1881618,0.1302,ADJUSTMENT
2623,1599,2024-02-05,,INR,1761688,0.1785,MERIT
2624,1600,2017-09-06,,USD,1409020,0.0271,HIRE
2625,1601,2024-10-16,,USD,313722,0.0731,MERIT
2626,1602,2023-12-12,,INR,803784,0.1025,MERIT
2627,1603,2021-03-24,2022-08-04,USD,751534,0.1323,ADJUSTMENT
2628,1603,2022-08-05,2022-10-03,INR,681933,0.1997,MERIT
2629,1603,2022-10-04,,USD,873122,0.198,ADJUSTMENT
2630,1604,2017-01-14,,INR,862497,0.1779,MERIT
2631,1605,2023-12-31,,USD,6555763,0.1111,HIRE
2632,1606,2024-02-18,,INR,6273078,0.115,PROMOTION
2633,1607,2024-07-12,2025-03-29,INR,1549040,0.1983,ADJUSTMENT
2634,1607,2025-03-30,,INR,2165896,0.0394,PROMOTION
2635,1608,2020-05-06,2023-12-15,INR,2506078,0.0869,ADJUSTMENT
2636,1608,2023-12-16,2025-03-27,INR,2824443,0.1352,ADJUSTMENT
2637,1608,2025-03-28,,USD,2508937,0.0542,ADJUSTMENT
2638,1609,2021-07-10,2023-03-03,USD,2538757,0.1465,PROMOTION
2639,1609,2023-03-04,,INR,2701238,0.0455,HIRE
2640,1610,2025-05-30,2025-05-30,INR,1193065,0.0386,HIRE
2641,1610,2025-05-31,,USD,1199205,0.057,HIRE
2642,1611,2023-07-22,,USD,3160628,0.1629,MERIT
2643,1612,2019-06-07,2024-03-11,INR,1282043,0.1885,PROMOTION
2644,1612,2024-03-12,,INR,1357802,0.0056,HIRE
2645,1613,2020-10-25,2022-01-07,USD,576756,0.1935,ADJUSTMENT
2646,1613,2022-01-08,,USD,315212,0.0349,ADJUSTMENT
2647,1614,2024-01-19,,INR,339973,0.1583,PROMOTION
2648,1615,2020-01-01,2023-04-24,INR,2239717,0.1413,MERIT
2649,1615,2023-04-25,2024-12-15,USD,2724769,0.1731,ADJUSTMENT
2650,1615,2024-12-16,,USD,2423844,0.1258,HIRE
2651,1616,2025-04-15,,INR,1020661,0.0275,HIRE
2652,1617,2025-01-02,2025-05-01,USD,6841482,0.0079,PROMOTION
2653,1617,2025-05-02,2025-06-18,USD,6942010,0.013,HIRE
2654,1617,2025-06-19,,USD,6183797,0.1283,PROMOTION
2655,1618,2019-12-18,,INR,5963543,0.1772,PROMOTION
2656,1619,2023-05-18,,USD,4496768,0.1557,ADJUSTMENT
2657,1620,2025-02-16,,USD,821982,0.1077,ADJUSTMENT
2658,1621,2020-10-31,,INR,2118687,0.1491,HIRE
2659,1622,2022-12-13,,USD,2819701,0.0942,PROMOTION
2660,1623,2024-10-23,2025-08-12,INR,366064,0.1199,ADJUSTMENT
2661,1623,2025-08-13,2025-08-17,INR,444772,0.0588,HIRE
2662,1623,2025-08-18,,USD,586596,0.0238,PROMOTION
2663,1624,2020-08-24,,INR,3507951,0.0413,MERIT
2664,1625,2023-11-30,,INR,5952153,0.007,ADJUSTMENT
2665,1626,2022-03-18,,USD,860402,0.1478,PROMOTION
2666,1627,2024-06-10,,USD,1386755,0.0391,ADJUSTMENT
2667,1628,2021-12-21,,INR,881437,0.0069,HIRE
2668,1629,2023-09-15,,INR,1912088,0.1913,ADJUSTMENT
2669,1630,2017-12-16,2025-02-02,INR,3955852,0.0263,MERIT
2670,1630,2025-02-03,,USD,3514754,0.1452,MERIT
2671,1631,2024-10-09,,INR,6066388,0.0133,ADJUSTMENT
2672,1632,2021-04-28,2025-03-23,USD,1289666,0.0805,MERIT
2673,1632,2025-03-24,,USD,1223101,0.0977,HIRE
2674,1633,2018-09-06,2018-11-15,INR,4216252,0.0235,ADJUSTMENT
2675,1633,2018-11-16,,INR,4273786,0.0103,MERIT
2676,1634,2023-07-02,2023-10-05,INR,4361226,0.016,HIRE
2677,1634,2023-10-06,,USD,4376597,0.1718,HIRE
2678,1635,2017-08-15,,INR,842465,0.0111,ADJUSTMENT
2679,1636,2018-09-23,2022-01-30,USD,2745838,0.0203,MERIT
2680,1636,2022-01-31,,INR,2332074,0.0551,PROMOTION
2681,1637,2025-02-05,,INR,6395194,0.0411,HIRE
2682,1638,2025-07-14,2025-07-20,INR,6814412,0.0355,HIRE
2683,1638,2025-07-21,,USD,6883307,0.095,PROMOTION
2684,1639,2021-02-04,2022-10-14,INR,5694380,0.0302,PROMOTION
2685,1639,2022-10-15,,INR,5521651,0.173,HIRE
2686,1640,2021-06-18,2023-04-30,INR,324725,0.0046,HIRE
2687,1640,2023-05-01,,INR,555673,0.1751,HIRE
2688,1641,2022-12-18,2023-11-13,USD,701221,0.1007,HIRE
2689,1641,2023-11-14,,INR,804872,0.0509,HIRE
2690,1642,2023-04-05,2025-06-14,USD,2559341,0.0751,PROMOTION
2691,1642,2025-06-15,,USD,2532621,0.1566,HIRE
2692,1643,2019-08-23,2024-02-17,USD,6020122,0.1036,MERIT
2693,1643,2024-02-18,,INR,6063037,0.0339,MERIT
2694,1644,2022-03-16,2022-03-20,INR,1198774,0.1137,PROMOTION
2695,1644,2022-03-21,,INR,1333483,0.1972,PROMOTION
2696,1645,2018-07-30,2022-03-25,INR,336530,0.162,PROMOTION
2697,1645,2022-03-26,,INR,503505,0.0242,PROMOTION
2698,1646,2018-10-24,2020-08-22,USD,1847355,0.1238,HIRE
2699,1646,2020-08-23,2025-07-15,USD,1498568,0.0026,HIRE
2700,1646,2025-07-16,,USD,1473369,0.1112,HIRE
2701,1647,2023-02-19,,INR,4113758,0.0363,HIRE
2702,1648,2023-11-28,2025-01-08,INR,2790252,0.1397,HIRE
2703,1648,2025-01-09,,USD,2889782,0.0097,MERIT
2704,1649,2022-11-06,2023-07-17,USD,582101,0.172,ADJUSTMENT
2705,1649,2023-07-18,,USD,453374,0.0388,MERIT
2706,1650,2022-12-22,,INR,1956399,0.0608,MERIT
2707,1651,2021-04-27,,USD,5940507,0.1084,ADJUSTMENT
2708,1652,2025-04-18,,INR,1792827,0.0214,PROMOTION
2709,1653,2025-07-10,,USD,3528531,0.0305,PROMOTION
2710,1654,2022-11-06,2024-07-21,INR,953414,0.1068,HIRE
2711,1654,2024-07-22,,USD,1360180,0.1191,ADJUSTMENT
2712,1655,2024-01-29,,INR,1093973,0.0503,HIRE
2713,1656,2021-03-05,2023-07-01,INR,543870,0.1025,PROMOTION
2714,1656,2023-07-02,,INR,333428,0.1821,MERIT
2715,1657,2021-09-05,,INR,3265944,0.1317,ADJUSTMENT
2716,1658,2025-02-26,,INR,685415,0.0954,PROMOTION
2717,1659,2023-06-18,2025-04-16,USD,2967249,0.1759,MERIT
2718,1659,2025-04-17,,INR,2389926,0.151,ADJUSTMENT
2719,1660,2025-04-16,2025-07-06,USD,1915506,0.1068,HIRE
2720,1660,2025-07-07,,USD,1593439,0.1716,MERIT
2721,1661,2015-05-10,,USD,1213862,0.1401,PROMOTION
2722,1662,2025-06-21,,USD,4119774,0.0679,ADJUSTMENT
2723,1663,2020-11-08,,USD,577164,0.1779,MERIT
2724,1664,2021-10-22,2023-09-26,USD,5435663,0.0911,MERIT
2725,1664,2023-09-27,2024-04-22,INR,6716628,0.176,PROMOTION
2726,1664,2024-04-23,,INR,5537532,0.1098,HIRE
2727,1665,2022-10-02,2023-06-05,INR,3607517,0.1429,MERIT
2728,1665,2023-06-06,,INR,3241342,0.1079,ADJUSTMENT
2729,1666,2017-03-23,,INR,4337105,0.1143,PROMOTION
2730,1667,2016-09-16,2021-10-29,INR,789496,0.1934,HIRE
2731,1667,2021-10-30,,INR,810773,0.145,ADJUSTMENT
2732,1668,2020-07-08,,USD,653587,0.1945,ADJUSTMENT
2733,1669,2018-03-25,2024-02-07,INR,1606816,0.1779,ADJUSTMENT
2734,1669,2024-02-08,,INR,2060326,0.1163,ADJUSTMENT
2735,1670,2023-10-15,,INR,2653509,0.0864,MERIT
2736,1671,2020-07-13,2022-06-06,USD,4078949,0.1349,PROMOTION
2737,1671,2022-06-07,,USD,4099164,0.0888,PROMOTION
2738,1672,2021-08-05,2024-01-06,INR,348807,0.1705,HIRE
2739,1672,2024-01-07,2024-12-01,INR,561039,0.0839,PROMOTION
2740,1672,2024-12-02,,USD,403781,0.0488,PROMOTION
2741,1673,2023-04-13,,INR,788145,0.1191,ADJUSTMENT
2742,1674,2024-03-13,,INR,1780327,0.1808,MERIT
2743,1675,2024-11-14,,INR,1628811,0.039,PROMOTION
2744,1676,2025-07-31,,INR,1023453,0.0301,HIRE
2745,1677,2024-08-01,,INR,311005,0.0403,HIRE
2746,1678,2025-04-04,2025-06-24,USD,5805397,0.1176,MERIT
2747,1678,2025-06-25,,INR,5960394,0.1408,PROMOTION
2748,1679,2021-09-07,2022-05-31,USD,2153027,0.0998,HIRE
2749,1679,2022-06-01,,INR,2067663,0.057,MERIT
2750,1680,2024-12-29,2025-07-06,INR,860587,0.1105,ADJUSTMENT
2751,1680,2025-07-07,,INR,675498,0.1227,HIRE
2752,1681,2019-09-30,2023-06-06,USD,5047916,0.0466,MERIT
2753,1681,2023-06-07,,USD,4754657,0.1833,HIRE
2754,1682,2022-11-12,2023-01-25,INR,1052348,0.0052,PROMOTION
2755,1682,2023-01-26,,INR,1371910,0.1106,MERIT
2756,1683,2023-12-02,,INR,1756604,0.1043,MERIT
2757,1684,2022-12-04,2023-05-03,INR,397889,0.1806,MERIT
2758,1684,2023-05-04,,USD,470546,0.1008,PROMOTION
2759,1685,2024-08-12,2024-12-10,USD,4667221,0.0684,ADJUSTMENT
2760,1685,2024-12-11,2025-03-03,USD,5508419,0.0267,MERIT
2761,1685,2025-03-04,,USD,4997273,0.0074,MERIT
2762,1686,2021-09-15,,INR,5194706,0.1048,HIRE
2763,1687,2020-07-25,,INR,4459074,0.1854,HIRE
2764,1688,2020-03-22,2020-08-01,USD,1111000,0.0391,ADJUSTMENT
2765,1688,2020-08-02,,USD,1286048,0.1145,MERIT
2766,1689,2020-10-08,2024-01-27,INR,956735,0.168,MERIT
2767,1689,2024-01-28,,USD,1114922,0.0022,PROMOTION
2768,1690,2023-12-31,2025-01-12,USD,1875840,0.0936,PROMOTION
2769,1690,2025-01-13,,USD,1863655,0.1691,ADJUSTMENT
2770,1691,2021-06-25,,INR,819506,0.0976,HIRE
2771,1692,2025-04-02,2025-04-07,USD,3677731,0.1041,HIRE
2772,1692,2025-04-08,2025-07-09,INR,3523972,0.0257,HIRE
2773,1692,2025-07-10,,INR,3486579,0.1395,ADJUSTMENT
2774,1693,2020-09-01,2024-10-21,USD,3763384,0.006,ADJUSTMENT
2775,1693,2024-10-22,,INR,4000469,0.0617,PROMOTION
2776,1694,2024-05-03,2025-01-19,USD,626616,0.0822,PROMOTION
2777,1694,2025-01-20,2025-08-18,USD,705102,0.1591,ADJUSTMENT
2778,1694,2025-08-19,,INR,787766,0.1944,PROMOTION
2779,1695,2024-07-22,,INR,3672754,0.0588,PROMOTION
2780,1696,2023-04-17,2025-02-09,INR,1949750,0.0132,HIRE
2781,1696,2025-02-10,,USD,1980125,0.1166,MERIT
2782,1697,2025-03-27,,USD,1457219,0.0449,HIRE
2783,1698,2023-04-16,2025-05-29,USD,736416,0.0601,PROMOTION
2784,1698,2025-05-30,,INR,819640,0.123,MERIT
2785,1699,2017-11-06,,USD,6677985,0.1685,MERIT
2786,1700,2021-01-06,,INR,1336112,0.0905,ADJUSTMENT
2787,1701,2024-05-27,2025-07-19,INR,6776900,0.0399,ADJUSTMENT
2788,1701,2025-07-20,2025-08-11,INR,6837348,0.0936,ADJUSTMENT
2789,1701,2025-08-12,,INR,4982126,0.1968,MERIT
2790,1702,2017-06-25,,USD,452070,0.0058,PROMOTION
2791,1703,2021-06-29,,INR,3444384,0.0907,MERIT
2792,1704,2022-08-06,,INR,4175987,0.187,MERIT
2793,1705,2021-12-28,2024-06-21,USD,6045723,0.079,PROMOTION
2794,1705,2024-06-22,2024-08-27,USD,5241893,0.0121,ADJUSTMENT
2795,1705,2024-08-28,,USD,6011363,0.0606,HIRE
2796,1706,2023-05-09,2023-05-22,INR,2310207,0.1357,PROMOTION
2797,1706,2023-05-23,2024-09-20,USD,2551000,0.1875,ADJUSTMENT
2798,1706,2024-09-21,,USD,2963309,0.0473,MERIT
2799,1707,2020-12-15,2021-02-10,USD,1829866,0.081,PROMOTION
2800,1707,2021-02-11,,INR,1550962,0.0101,MERIT
2801,1708,2021-07-17,2024-07-15,INR,344434,0.0557,HIRE
2802,1708,2024-07-16,,USD,346955,0.1876,PROMOTION
2803,1709,2021-04-01,2023-07-11,INR,1000584,0.0965,PROMOTION
2804,1709,2023-07-12,,USD,910008,0.1231,MERIT
2805,1710,2017-02-26,2022-03-06,USD,1658433,0.013,MERIT
2806,1710,2022-03-07,,INR,1706546,0.0595,ADJUSTMENT
2807,1711,2017-05-31,,INR,4814806,0.0232,MERIT
2808,1712,2021-08-03,,USD,495876,0.1837,MERIT
2809,1713,2023-03-13,2024-10-20,USD,4356774,0.1526,MERIT
2810,1713,2024-10-21,,INR,3877168,0.1189,ADJUSTMENT
2811,1714,2024-03-21,2024-09-24,INR,1025375,0.0426,PROMOTION
2812,1714,2024-09-25,,INR,1146192,0.0281,HIRE
2813,1715,2020-12-09,,INR,3323911,0.0956,PROMOTION
2814,1716,2023-07-20,,INR,1576346,0.0152,ADJUSTMENT
2815,1717,2024-10-14,2025-04-13,USD,4978196,0.0857,HIRE
2816,1717,2025-04-14,2025-08-14,USD,5900223,0.0231,HIRE
2817,1717,2025-08-15,,INR,5025749,0.0041,HIRE
2818,1718,2022-06-18,2024-09-28,INR,2870998,0.0886,PROMOTION
2819,1718,2024-09-29,,USD,2496794,0.1905,HIRE
2820,1719,2023-03-29,2023-09-17,USD,2106999,0.0394,ADJUSTMENT
2821,1719,2023-09-18,,INR,1453995,0.1597,MERIT
2822,1720,2025-08-07,,INR,3875983,0.0597,MERIT
2823,1721,2017-05-30,2020-09-23,USD,5549700,0.0111,ADJUSTMENT
2824,1721,2020-09-24,,INR,6630588,0.061,MERIT
2825,1722,2024-03-03,,USD,669187,0.195,MERIT
2826,1723,2023-11-07,2024-12-18,INR,488528,0.0257,MERIT
2827,1723,2024-12-19,2025-04-06,INR,402883,0.0563,PROMOTION
2828,1723,2025-04-07,,INR,511185,0.1579,PROMOTION
2829,1724,2022-01-01,2022-09-11,INR,1294518,0.1058,PROMOTION
2830,1724,2022-09-12,2024-04-16,INR,1117790,0.0689,PROMOTION
2831,1724,2024-04-17,,INR,994417,0.115,HIRE
2832,1725,2023-08-20,2024-05-07,USD,4333215,0.0497,ADJUSTMENT
2833,1725,2024-05-08,2025-03-09,INR,4097131,0.0005,MERIT
2834,1725,2025-03-10,,INR,3360472,0.0289,ADJUSTMENT
2835,1726,2018-03-23,2020-02-08,INR,1907728,0.1301,MERIT
2836,1726,2020-02-09,2023-09-29,USD,2036330,0.1356,ADJUSTMENT
2837,1726,2023-09-30,,INR,1446313,0.0704,HIRE
2838,1727,2017-07-21,,INR,526424,0.1048,HIRE
2839,1728,2024-04-09,2025-02-09,USD,3816115,0.1286,PROMOTION
2840,1728,2025-02-10,2025-06-05,INR,4361889,0.0484,ADJUSTMENT
2841,1728,2025-06-06,,INR,4063965,0.0969,MERIT
2842,1729,2018-07-17,2019-10-26,INR,2642240,0.0669,ADJUSTMENT
2843,1729,2019-10-27,2023-07-10,INR,3058401,0.103,HIRE
2844,1729,2023-07-11,,USD,2904188,0.0447,HIRE
2845,1730,2020-07-10,,INR,4159390,0.1109,HIRE
2846,1731,2023-12-08,2025-08-15,INR,3955693,0.0165,HIRE
2847,1731,2025-08-16,,INR,4382204,0.0599,PROMOTION
2848,1732,2024-08-14,2025-03-06,USD,491422,0.0992,HIRE
2849,1732,2025-03-07,,INR,375407,0.0222,HIRE
2850,1733,2022-10-14,,INR,853846,0.1546,ADJUSTMENT
2851,1734,2019-11-01,,INR,2592111,0.1208,ADJUSTMENT
2852,1735,2017-06-02,,INR,583802,0.1189,HIRE
2853,1736,2025-05-17,2025-08-15,USD,1190961,0.1611,ADJUSTMENT
2854,1736,2025-08-16,,USD,1125233,0.0847,ADJUSTMENT
2855,1737,2024-12-02,,INR,2272073,0.006,HIRE
2856,1738,2025-03-21,2025-03-23,USD,3214664,0.1515,PROMOTION
2857,1738,2025-03-24,2025-08-18,USD,3870820,0.1741,MERIT
2858,1738,2025-08-19,,INR,4103839,0.0994,ADJUSTMENT
2859,1739,2022-09-27,2023-07-23,INR,2036901,0.1541,MERIT
2860,1739,2023-07-24,,INR,1514045,0.074,MERIT
2861,1740,2024-07-03,2024-09-19,INR,1419763,0.0662,ADJUSTMENT
2862,1740,2024-09-20,2025-01-13,USD,1520747,0.1851,HIRE
2863,1740,2025-01-14,,USD,1533286,0.183,MERIT
2864,1741,2024-11-14,,USD,4239492,0.1548,MERIT
2865,1742,2017-02-14,2022-10-21,INR,5423628,0.1203,ADJUSTMENT
2866,1742,2022-10-22,2024-04-05,INR,5952475,0.1883,ADJUSTMENT
2867,1742,2024-04-06,,USD,4964699,0.0509,PROMOTION
2868,1743,2025-07-26,2025-08-13,USD,1514040,0.151,MERIT
2869,1743,2025-08-14,,USD,1577312,0.1831,PROMOTION
2870,1744,2022-07-31,,INR,3526489,0.1814,PROMOTION
2871,1745,2022-06-20,2024-02-08,USD,905439,0.1191,ADJUSTMENT
2872,1745,2024-02-09,2025-03-05,USD,1292371,0.0338,ADJUSTMENT
2873,1745,2025-03-06,,USD,1058481,0.151,ADJUSTMENT
2874,1746,2017-09-19,2024-03-24,USD,3453044,0.0677,ADJUSTMENT
2875,1746,2024-03-25,,INR,3230305,0.0209,HIRE
2876,1747,2024-02-07,,USD,3046456,0.0344,PROMOTION
2877,1748,2020-05-13,,INR,323036,0.1773,PROMOTION
2878,1749,2024-09-17,2024-10-27,INR,4390518,0.0789,ADJUSTMENT
2879,1749,2024-10-28,,USD,4444856,0.1512,PROMOTION
2880,1750,2020-10-03,2024-11-14,USD,2428061,0.0593,PROMOTION
2881,1750,2024-11-15,,USD,3137904,0.0884,ADJUSTMENT
2882,1751,2022-08-04,2023-04-16,USD,2607884,0.0496,ADJUSTMENT
2883,1751,2023-04-17,,INR,2381789,0.1909,PROMOTION
2884,1752,2023-05-14,2023-05-24,USD,1140961,0.1443,PROMOTION
2885,1752,2023-05-25,2024-06-15,INR,1026280,0.0697,HIRE
2886,1752,2024-06-16,,USD,1294191,0.1848,MERIT
2887,1753,2018-06-19,,INR,2286851,0.1321,ADJUSTMENT
2888,1754,2025-05-15,,INR,2655131,0.111,MERIT
2889,1755,2021-08-13,,INR,831622,0.0532,ADJUSTMENT
2890,1756,2022-05-01,,INR,2756151,0.1166,HIRE
2891,1757,2023-10-20,,USD,3160955,0.1907,ADJUSTMENT
2892,1758,2025-01-23,,INR,2464225,0.018,PROMOTION
2893,1759,2017-09-06,2019-01-12,USD,3881051,0.1693,HIRE
2894,1759,2019-01-13,,USD,4263493,0.0353,HIRE
2895,1760,2023-03-24,,INR,1092418,0.1898,MERIT
2896,1761,2024-11-23,2025-01-08,USD,879599,0.1284,PROMOTION
2897,1761,2025-01-09,2025-03-14,USD,724695,0.0231,PROMOTION
2898,1761,2025-03-15,,USD,775237,0.1335,ADJUSTMENT
2899,1762,2023-06-19,2025-03-12,INR,3204171,0.0222,HIRE
2900,1762,2025-03-13,,USD,4302015,0.0182,PROMOTION
2901,1763,2024-01-31,,USD,6308782,0.0964,ADJUSTMENT
2902,1764,2018-11-08,2023-03-18,USD,2960470,0.0763,PROMOTION
2903,1764,2023-03-19,,INR,2443471,0.0399,MERIT
2904,1765,2024-02-25,,USD,546816,0.1654,ADJUSTMENT
2905,1766,2019-01-24,,INR,3251999,0.0887,MERIT
2906,1767,2020-10-31,2021-01-04,USD,379124,0.054,PROMOTION
2907,1767,2021-01-05,,INR,349420,0.1582,PROMOTION
2908,1768,2024-04-02,,INR,1540313,0.1507,HIRE
2909,1769,2022-12-20,2024-05-06,INR,3630389,0.1804,HIRE
2910,1769,2024-05-07,,INR,3201213,0.1236,ADJUSTMENT
2911,1770,2023-02-19,2023-04-03,USD,5746479,0.1436,HIRE
2912,1770,2023-04-04,2023-04-30,USD,5686588,0.1367,ADJUSTMENT
2913,1770,2023-05-01,,INR,6549988,0.0198,MERIT
2914,1771,2025-08-10,2025-08-21,USD,4581302,0.0549,HIRE
2915,1771,2025-08-22,,USD,4990385,0.0838,HIRE
2916,1772,2020-04-03,,INR,630995,0.0388,MERIT
2917,1773,2020-06-02,2024-01-18,INR,4248507,0.0654,HIRE
2918,1773,2024-01-19,2024-12-18,USD,3450525,0.1116,PROMOTION
2919,1773,2024-12-19,,INR,3981465,0.0769,PROMOTION
2920,1774,2021-07-10,2024-05-22,USD,3770126,0.0778,HIRE
2921,1774,2024-05-23,,USD,3844248,0.0333,MERIT
2922,1775,2017-07-26,2019-11-09,USD,5702181,0.1409,PROMOTION
2923,1775,2019-11-10,,INR,5822167,0.0464,PROMOTION
2924,1776,2025-03-08,,USD,2312551,0.0694,ADJUSTMENT
2925,1777,2020-01-14,2021-06-15,INR,463170,0.1165,MERIT
2926,1777,2021-06-16,2022-10-04,USD,455500,0.1237,PROMOTION
2927,1777,2022-10-05,,USD,453764,0.1445,ADJUSTMENT
2928,1778,2022-08-18,2024-10-08,USD,2583017,0.1041,HIRE
2929,1778,2024-10-09,2024-11-11,USD,2938923,0.1196,ADJUSTMENT
2930,1778,2024-11-12,,USD,2548873,0.0237,ADJUSTMENT
2931,1779,2021-01-22,2024-08-23,USD,757711,0.1105,ADJUSTMENT
2932,1779,2024-08-24,2025-01-20,USD,899815,0.1843,HIRE
2933,1779,2025-01-21,,INR,615429,0.1855,HIRE
2934,1780,2019-01-25,2023-02-02,USD,637100,0.001,MERIT
2935,1780,2023-02-03,,INR,709714,0.0479,PROMOTION
2936,1781,2025-06-25,2025-07-17,INR,6239159,0.0447,MERIT
2937,1781,2025-07-18,,USD,6641510,0.1453,ADJUSTMENT
2938,1782,2024-08-25,,INR,2641892,0.1942,HIRE
2939,1783,2025-05-29,,INR,719384,0.0732,HIRE
2940,1784,2023-10-20,2025-01-19,USD,518916,0.1232,ADJUSTMENT
2941,1784,2025-01-20,2025-06-27,INR,328247,0.1905,HIRE
2942,1784,2025-06-28,,USD,573462,0.1406,ADJUSTMENT
2943,1785,2019-05-20,2020-05-06,INR,969243,0.0388,ADJUSTMENT
2944,1785,2020-05-07,,INR,1099888,0.068,PROMOTION
2945,1786,2022-10-01,2022-11-22,USD,364209,0.0139,MERIT
2946,1786,2022-11-23,,INR,553406,0.0283,ADJUSTMENT
2947,1787,2018-09-24,,USD,372621,0.0134,PROMOTION
2948,1788,2020-02-01,2024-08-07,INR,1399073,0.1137,ADJUSTMENT
2949,1788,2024-08-08,,INR,1011964,0.0558,HIRE
2950,1789,2020-10-28,2024-04-14,USD,673323,0.0581,MERIT
2951,1789,2024-04-15,,INR,834614,0.0767,ADJUSTMENT
2952,1790,2018-02-15,,USD,2182209,0.1943,MERIT
2953,1791,2021-10-13,2024-09-10,INR,498587,0.0846,MERIT
2954,1791,2024-09-11,,INR,352319,0.1055,HIRE
2955,1792,2019-02-14,,USD,2255127,0.155,ADJUSTMENT
2956,1793,2024-04-06,,INR,621397,0.0133,MERIT
2957,1794,2019-05-25,2021-10-14,INR,1528018,0.1177,MERIT
2958,1794,2021-10-15,,INR,1838388,0.0514,PROMOTION
2959,1795,2022-11-21,2024-06-04,INR,6220721,0.1363,PROMOTION
2960,1795,2024-06-05,,INR,5103018,0.106,PROMOTION
2961,1796,2021-05-31,2023-11-12,USD,2221055,0.1583,ADJUSTMENT
2962,1796,2023-11-13,,USD,2911463,0.0449,MERIT
2963,1797,2016-12-28,2020-06-16,INR,3083918,0.0209,PROMOTION
2964,1797,2020-06-17,2024-05-18,USD,2512307,0.1829,HIRE
2965,1797,2024-05-19,,INR,2529029,0.1701,MERIT
2966,1798,2021-10-13,2023-09-11,INR,2071467,0.187,MERIT
2967,1798,2023-09-12,,USD,1688652,0.1647,HIRE
2968,1799,2024-03-08,,INR,1804234,0.1304,MERIT
2969,1800,2021-09-30,2022-01-12,INR,1023436,0.1703,HIRE
2970,1800,2022-01-13,,INR,1093725,0.1858,HIRE
2971,1801,2022-05-01,2023-01-07,USD,767682,0.0079,HIRE
2972,1801,2023-01-08,,USD,704034,0.0129,HIRE
2973,1802,2023-07-01,2024-12-23,USD,1135970,0.1996,ADJUSTMENT
2974,1802,2024-12-24,,INR,1005903,0.1698,ADJUSTMENT
2975,1803,2023-10-09,2024-03-31,INR,444421,0.1753,MERIT
2976,1803,2024-04-01,,USD,416841,0.119,ADJUSTMENT
2977,1804,2022-11-11,2024-11-14,USD,494029,0.025,HIRE
2978,1804,2024-11-15,,INR,332596,0.1843,MERIT
2979,1805,2024-01-09,2025-04-17,USD,5110977,0.1429,MERIT
2980,1805,2025-04-18,2025-08-16,INR,5323661,0.0812,HIRE
2981,1805,2025-08-17,,USD,5060514,0.0717,MERIT
2982,1806,2024-09-09,,USD,5381370,0.0353,HIRE
2983,1807,2023-08-11,,INR,839674,0.0795,HIRE
2984,1808,2020-06-12,2023-06-29,USD,1369606,0.1864,PROMOTION
2985,1808,2023-06-30,,INR,901083,0.0046,PROMOTION
2986,1809,2022-10-03,,USD,3420473,0.0543,ADJUSTMENT
2987,1810,2018-03-21,,USD,870896,0.0702,MERIT
2988,1811,2022-07-20,2024-05-09,INR,4399015,0.1997,PROMOTION
2989,1811,2024-05-10,,USD,3301795,0.1685,MERIT
2990,1812,2023-08-20,,USD,4962653,0.159,PROMOTION
2991,1813,2021-12-16,,INR,4011582,0.1162,PROMOTION
2992,1814,2024-02-02,2025-03-15,USD,428575,0.0652,PROMOTION
2993,1814,2025-03-16,,USD,504380,0.0749,MERIT
2994,1815,2016-10-23,2018-03-07,INR,655421,0.1121,PROMOTION
2995,1815,2018-03-08,2023-01-16,USD,767413,0.1915,PROMOTION
2996,1815,2023-01-17,,INR,808193,0.1827,MERIT
2997,1816,2019-02-21,,USD,2333562,0.1102,HIRE
2998,1817,2023-08-04,2025-02-26,INR,329222,0.0385,HIRE
2999,1817,2025-02-27,,INR,404808,0.0079,MERIT
3000,1818,2022-07-28,2024-02-03,INR,1631905,0.134,HIRE
3001,1818,2024-02-04,,USD,1834688,0.177,MERIT
3002,1819,2022-03-14,,INR,1193274,0.1909,PROMOTION
3003,1820,2023-11-18,2025-03-26,INR,1706501,0.0498,MERIT
3004,1820,2025-03-27,,INR,1767461,0.1055,HIRE
3005,1821,2019-06-11,,USD,1737896,0.0805,ADJUSTMENT
3006,1822,2025-07-30,,INR,648062,0.0473,MERIT
3007,1823,2020-08-01,2022-08-25,USD,891832,0.08,HIRE
3008,1823,2022-08-26,2025-01-10,USD,770374,0.1516,PROMOTION
3009,1823,2025-01-11,,USD,778169,0.0736,ADJUSTMENT
3010,1824,2022-11-25,2025-06-09,USD,533934,0.0589,PROMOTION
3011,1824,2025-06-10,,USD,495023,0.0142,MERIT
3012,1825,2020-06-16,,USD,1667927,0.0144,MERIT
3013,1826,2024-03-17,,INR,2351127,0.1676,HIRE
3014,1827,2022-10-21,2025-08-09,INR,1050863,0.1166,PROMOTION
3015,1827,2025-08-10,,USD,1317559,0.0022,HIRE
3016,1828,2021-02-27,2021-09-19,USD,3139936,0.1025,PROMOTION
3017,1828,2021-09-20,2024-04-20,INR,2620924,0.1887,HIRE
3018,1828,2024-04-21,,USD,2487942,0.1996,HIRE
3019,1829,2023-10-21,,USD,1677644,0.1446,MERIT
3020,1830,2018-04-13,2023-07-27,INR,786618,0.1587,HIRE
3021,1830,2023-07-28,,INR,853400,0.1881,ADJUSTMENT
3022,1831,2021-02-23,2024-05-30,INR,1936587,0.105,MERIT
3023,1831,2024-05-31,,INR,1652481,0.1202,ADJUSTMENT
3024,1832,2024-12-19,,USD,786552,0.1506,MERIT
3025,1833,2024-08-20,,USD,1190502,0.1544,MERIT
3026,1834,2025-06-10,,INR,833805,0.0414,HIRE
3027,1835,2020-10-17,2023-03-22,USD,3698208,0.0878,PROMOTION
3028,1835,2023-03-23,,USD,3930466,0.1561,MERIT
3029,1836,2025-04-07,2025-05-26,USD,3728473,0.0064,MERIT
3030,1836,2025-05-27,,USD,3809466,0.1141,PROMOTION
3031,1837,2020-03-15,2021-03-12,INR,5309366,0.0557,MERIT
3032,1837,2021-03-13,,USD,5746708,0.0845,MERIT
3033,1838,2023-05-04,,INR,3763311,0.1232,PROMOTION
3034,1839,2019-04-13,2021-09-03,USD,3375711,0.0709,ADJUSTMENT
3035,1839,2021-09-04,2023-01-21,USD,3979357,0.1169,ADJUSTMENT
3036,1839,2023-01-22,,USD,3287534,0.1249,MERIT
3037,1840,2022-09-16,2024-03-11,INR,485100,0.1633,ADJUSTMENT
3038,1840,2024-03-12,,INR,594820,0.0624,PROMOTION
3039,1841,2022-01-18,,USD,1147856,0.1654,PROMOTION
3040,1842,2021-08-10,2022-01-28,USD,2197297,0.1234,HIRE
3041,1842,2022-01-29,2024-07-30,USD,1430916,0.1227,ADJUSTMENT
3042,1842,2024-07-31,,USD,2054277,0.0168,PROMOTION
3043,1843,2024-11-12,,USD,1601630,0.0058,MERIT
3044,1844,2019-02-07,2019-10-07,INR,6985331,0.0811,ADJUSTMENT
3045,1844,2019-10-08,2020-07-23,INR,6239400,0.0118,ADJUSTMENT
3046,1844,2020-07-24,,INR,4798011,0.0862,PROMOTION
3047,1845,2018-11-28,2020-06-19,USD,946130,0.0804,HIRE
3048,1845,2020-06-20,,USD,1390609,0.0515,MERIT
3049,1846,2021-10-20,2024-08-15,USD,2842626,0.0332,HIRE
3050,1846,2024-08-16,,INR,2554250,0.1572,ADJUSTMENT
3051,1847,2025-05-06,,USD,577910,0.1684,ADJUSTMENT
3052,1848,2023-03-28,2023-10-24,USD,1922276,0.005,PROMOTION
3053,1848,2023-10-25,2025-08-09,USD,1917994,0.0465,ADJUSTMENT
3054,1848,2025-08-10,,USD,1438337,0.1157,ADJUSTMENT
3055,1849,2024-08-16,,INR,5608222,0.1852,MERIT
3056,1850,2025-04-29,2025-06-17,INR,877676,0.1655,ADJUSTMENT
3057,1850,2025-06-18,,INR,636824,0.1464,ADJUSTMENT
3058,1851,2023-03-03,2024-05-15,USD,4441862,0.06,ADJUSTMENT
3059,1851,2024-05-16,,USD,4200860,0.0505,HIRE
3060,1852,2025-02-06,2025-05-19,INR,2478888,0.0327,HIRE
3061,1852,2025-05-20,2025-06-24,INR,3199213,0.0971,HIRE
3062,1852,2025-06-25,,USD,2955775,0.0592,MERIT
3063,1853,2023-12-11,2024-03-26,USD,1551457,0.1089,ADJUSTMENT
3064,1853,2024-03-27,,INR,1615997,0.0922,HIRE
3065,1854,2023-10-03,,USD,698302,0.0115,PROMOTION
3066,1855,2020-03-10,2022-10-30,INR,728286,0.0596,HIRE
3067,1855,2022-10-31,,USD,783270,0.1267,ADJUSTMENT
3068,1856,2019-10-30,,INR,2682944,0.1263,MERIT
3069,1857,2023-05-08,,USD,412821,0.1086,MERIT
3070,1858,2025-08-04,,INR,791230,0.096,HIRE
3071,1859,2018-12-11,2024-10-12,INR,5913592,0.0112,MERIT
3072,1859,2024-10-13,,USD,5921709,0.096,PROMOTION
3073,1860,2024-07-10,2025-04-21,INR,3699193,0.1557,MERIT
3074,1860,2025-04-22,2025-05-03,USD,3868362,0.17,PROMOTION
3075,1860,2025-05-04,,USD,3955504,0.1345,ADJUSTMENT
3076,1861,2025-04-18,,INR,2409485,0.1352,MERIT
3077,1862,2024-10-02,2024-10-01,INR,560175,0.1456,ADJUSTMENT
3078,1862,2024-10-02,,USD,533057,0.0795,PROMOTION
3079,1863,2024-10-24,,INR,866444,0.0712,ADJUSTMENT
3080,1864,2023-10-24,,INR,571575,0.0331,ADJUSTMENT
3081,1865,2024-10-01,,USD,1799313,0.0971,HIRE
3082,1866,2019-08-06,2020-09-18,USD,1353944,0.0901,ADJUSTMENT
3083,1866,2020-09-19,,INR,1218174,0.0425,HIRE
3084,1867,2025-05-01,2025-07-26,USD,860917,0.1569,ADJUSTMENT
3085,1867,2025-07-27,,INR,642438,0.0038,PROMOTION
3086,1868,2020-06-27,2023-01-28,INR,2272733,0.1463,HIRE
3087,1868,2023-01-29,,INR,2839863,0.1073,ADJUSTMENT
3088,1869,2022-09-23,2023-02-02,USD,518921,0.1672,PROMOTION
3089,1869,2023-02-03,,INR,493370,0.1842,PROMOTION
3090,1870,2024-05-14,2025-03-30,USD,809854,0.1914,HIRE
3091,1870,2025-03-31,,INR,601884,0.1299,HIRE
3092,1871,2025-06-07,,INR,330452,0.1404,HIRE
3093,1872,2025-08-24,2025-08-24,INR,393142,0.1223,HIRE
3094,1872,2025-08-25,,INR,464807,0.1625,PROMOTION
3095,1873,2021-01-26,2023-08-15,INR,3215625,0.1241,HIRE
3096,1873,2023-08-16,,USD,3615186,0.0292,MERIT
3097,1874,2020-11-15,2023-07-14,USD,3918448,0.1702,ADJUSTMENT
3098,1874,2023-07-15,,INR,3437039,0.0501,PROMOTION
3099,1875,2022-09-15,,USD,5065644,0.0002,PROMOTION
3100,1876,2022-04-20,,USD,2460827,0.0017,PROMOTION
3101,1877,2025-05-29,2025-08-05,USD,654575,0.1694,ADJUSTMENT
3102,1877,2025-08-06,,INR,878606,0.1157,MERIT
3103,1878,2022-08-25,2023-09-29,USD,632139,0.0602,ADJUSTMENT
3104,1878,2023-09-30,,INR,797302,0.0379,ADJUSTMENT
3105,1879,2015-12-30,,USD,418309,0.1342,ADJUSTMENT
3106,1880,2024-07-09,,USD,789157,0.1881,HIRE
3107,1881,2024-03-09,2024-03-26,USD,739264,0.1337,ADJUSTMENT
3108,1881,2024-03-27,,USD,775750,0.1645,PROMOTION
3109,1882,2025-02-14,,USD,2223482,0.1922,MERIT
3110,1883,2025-08-22,,INR,1175006,0.0503,ADJUSTMENT
3111,1884,2021-10-20,,INR,6417161,0.0694,MERIT
3112,1885,2025-03-06,,USD,337495,0.0118,HIRE
3113,1886,2020-08-25,2025-04-27,INR,1128139,0.012,PROMOTION
3114,1886,2025-04-28,,USD,1221417,0.0374,HIRE
3115,1887,2024-12-01,2024-12-03,USD,3610008,0.0919,ADJUSTMENT
3116,1887,2024-12-04,,USD,4210658,0.1901,MERIT
3117,1888,2025-07-11,2025-08-19,INR,723819,0.0988,PROMOTION
3118,1888,2025-08-20,,INR,753467,0.1959,HIRE
3119,1889,2024-03-23,2024-12-04,INR,4096594,0.1979,ADJUSTMENT
3120,1889,2024-12-05,,USD,3363024,0.1688,ADJUSTMENT
3121,1890,2020-10-15,2021-01-14,INR,764134,0.1173,MERIT
3122,1890,2021-01-15,2022-09-13,USD,702205,0.1192,ADJUSTMENT
3123,1890,2022-09-14,,USD,737184,0.0931,ADJUSTMENT
3124,1891,2022-01-22,2025-05-22,USD,802222,0.1448,ADJUSTMENT
3125,1891,2025-05-23,,USD,655470,0.1573,MERIT
3126,1892,2023-02-22,2024-02-21,USD,928976,0.1701,PROMOTION
3127,1892,2024-02-22,,USD,934841,0.0852,ADJUSTMENT
3128,1893,2025-06-28,,USD,864306,0.0557,HIRE
3129,1894,2024-10-21,,INR,1027790,0.1324,HIRE
3130,1895,2025-07-26,,INR,5573032,0.04,MERIT
3131,1896,2017-01-31,,INR,482025,0.1202,HIRE
3132,1897,2016-12-19,2019-05-03,USD,2685777,0.1495,HIRE
3133,1897,2019-05-04,,USD,2690031,0.0489,ADJUSTMENT
3134,1898,2020-06-27,,INR,487108,0.0749,ADJUSTMENT
3135,1899,2015-10-03,2023-02-07,INR,3072663,0.1734,MERIT
3136,1899,2023-02-08,,USD,2501696,0.1911,HIRE
3137,1900,2020-07-15,,USD,6185271,0.1637,PROMOTION
3138,1901,2021-12-19,2024-03-31,INR,663793,0.0752,HIRE
3139,1901,2024-04-01,2024-07-25,INR,687903,0.1966,ADJUSTMENT
3140,1901,2024-07-26,,INR,705135,0.0166,MERIT
3141,1902,2022-05-22,2022-11-03,INR,3585661,0.1011,HIRE
3142,1902,2022-11-04,2023-03-10,INR,3689582,0.0611,MERIT
3143,1902,2023-03-11,,USD,3548041,0.0738,ADJUSTMENT
3144,1903,2022-10-14,,USD,605345,0.017,MERIT
3145,1904,2024-05-20,,USD,1967109,0.1831,ADJUSTMENT
3146,1905,2024-04-09,,USD,6759366,0.0904,MERIT
3147,1906,2024-08-11,2025-06-26,INR,2283089,0.1182,PROMOTION
3148,1906,2025-06-27,,USD,2663311,0.1225,ADJUSTMENT
3149,1907,2022-10-14,2024-04-16,INR,3816886,0.1957,HIRE
3150,1907,2024-04-17,,INR,3614921,0.1735,HIRE
3151,1908,2017-02-28,2022-05-10,USD,615859,0.1613,HIRE
3152,1908,2022-05-11,2023-01-11,USD,614853,0.1605,ADJUSTMENT
3153,1908,2023-01-12,,USD,620486,0.0654,PROMOTION
3154,1909,2024-10-20,,USD,1190154,0.055,MERIT
3155,1910,2024-08-03,2025-04-17,USD,3609050,0.0595,ADJUSTMENT
3156,1910,2025-04-18,,INR,3561822,0.1279,ADJUSTMENT
3157,1911,2023-01-25,,USD,489003,0.1165,MERIT
3158,1912,2025-05-03,2025-06-08,INR,3195968,0.1224,MERIT
3159,1912,2025-06-09,,USD,2810362,0.166,MERIT
3160,1913,2025-04-16,,USD,1166860,0.1943,PROMOTION
3161,1914,2022-10-08,,INR,336203,0.1849,ADJUSTMENT
3162,1915,2024-09-20,,USD,1475713,0.0693,HIRE
3163,1916,2022-10-28,,USD,1841996,0.1603,HIRE
3164,1917,2015-12-12,2022-02-23,USD,1923490,0.0711,ADJUSTMENT
3165,1917,2022-02-24,,USD,1926745,0.0372,HIRE
3166,1918,2023-11-24,,INR,312045,0.1589,MERIT
3167,1919,2015-09-12,2022-07-06,INR,4136894,0.1205,MERIT
3168,1919,2022-07-07,,USD,3888500,0.1557,MERIT
3169,1920,2025-05-19,,INR,4533551,0.1359,ADJUSTMENT
3170,1921,2022-01-15,2024-06-15,INR,2776463,0.1622,MERIT
3171,1921,2024-06-16,,INR,2888122,0.152,HIRE
3172,1922,2022-08-23,,USD,3906639,0.0062,ADJUSTMENT
3173,1923,2024-12-19,,INR,399138,0.1779,HIRE
3174,1924,2020-12-13,,USD,3861177,0.1753,ADJUSTMENT
3175,1925,2020-01-09,2020-05-20,USD,1369285,0.1882,PROMOTION
3176,1925,2020-05-21,2021-07-09,INR,1226322,0.0217,ADJUSTMENT
3177,1925,2021-07-10,,INR,1353769,0.0114,PROMOTION
3178,1926,2018-09-10,2020-01-21,INR,1077640,0.1328,MERIT
3179,1926,2020-01-22,2020-09-17,INR,1028840,0.0342,MERIT
3180,1926,2020-09-18,,INR,1222477,0.0168,MERIT
3181,1927,2019-07-30,2024-08-24,INR,4852629,0.1031,MERIT
3182,1927,2024-08-25,,INR,6230954,0.0436,HIRE
3183,1928,2021-11-10,,USD,3093692,0.1468,HIRE
3184,1929,2024-11-15,2025-07-29,USD,1638482,0.1801,MERIT
3185,1929,2025-07-30,2025-08-07,INR,1884065,0.1442,HIRE
3186,1929,2025-08-08,,INR,2070945,0.1679,ADJUSTMENT
3187,1930,2019-09-21,2024-05-03,USD,425762,0.0762,PROMOTION
3188,1930,2024-05-04,2024-05-09,USD,361825,0.1855,PROMOTION
3189,1930,2024-05-10,,INR,518737,0.0701,ADJUSTMENT
3190,1931,2023-12-08,2024-12-08,INR,834312,0.1358,HIRE
3191,1931,2024-12-09,,INR,659337,0.1967,HIRE
3192,1932,2020-02-22,,USD,1252755,0.0652,ADJUSTMENT
3193,1933,2019-11-11,,INR,5108323,0.1443,PROMOTION
3194,1934,2021-06-02,,USD,5090781,0.1979,ADJUSTMENT
3195,1935,2025-05-06,2025-08-05,USD,1390234,0.0708,ADJUSTMENT
3196,1935,2025-08-06,,INR,1106252,0.174,PROMOTION
3197,1936,2017-03-18,2021-02-03,USD,2862117,0.0251,ADJUSTMENT
3198,1936,2021-02-04,2021-02-27,INR,2368818,0.1671,MERIT
3199,1936,2021-02-28,,INR,2601455,0.1234,MERIT
3200,1937,2017-09-14,2023-01-25,USD,607815,0.0369,PROMOTION
3201,1937,2023-01-26,2024-03-18,INR,604876,0.1432,PROMOTION
3202,1937,2024-03-19,,INR,854050,0.0139,MERIT
3203,1938,2025-07-17,2025-08-04,USD,895148,0.115,ADJUSTMENT
3204,1938,2025-08-05,,USD,725397,0.1708,PROMOTION
3205,1939,2019-11-30,2025-03-17,USD,3988274,0.1349,HIRE
3206,1939,2025-03-18,,USD,3283269,0.1753,HIRE
3207,1940,2023-07-06,,INR,4220143,0.0584,MERIT
3208,1941,2017-03-05,2018-12-15,USD,820927,0.0435,HIRE
3209,1941,2018-12-16,,INR,863500,0.0461,HIRE
3210,1942,2016-07-30,2018-07-16,USD,1087690,0.038,MERIT
3211,1942,2018-07-17,2020-08-22,INR,1241260,0.1163,ADJUSTMENT
3212,1942,2020-08-23,,INR,913194,0.0048,ADJUSTMENT
3213,1943,2017-03-13,,INR,851537,0.0344,PROMOTION
3214,1944,2022-07-24,,INR,453432,0.0865,ADJUSTMENT
3215,1945,2023-09-08,2025-06-12,INR,5164188,0.1054,PROMOTION
3216,1945,2025-06-13,,USD,5077515,0.1703,HIRE
3217,1946,2022-08-20,,USD,639627,0.0976,MERIT
3218,1947,2024-09-11,,USD,1282216,0.1861,MERIT
3219,1948,2024-02-11,,INR,3989384,0.1808,ADJUSTMENT
3220,1949,2021-12-07,2023-02-23,INR,1037132,0.1746,MERIT
3221,1949,2023-02-24,2023-05-18,USD,1081214,0.0786,PROMOTION
3222,1949,2023-05-19,,INR,1297610,0.0496,PROMOTION
3223,1950,2023-08-17,,USD,1249433,0.0617,PROMOTION
3224,1951,2025-01-20,,INR,1260303,0.0924,PROMOTION
3225,1952,2025-08-14,2025-08-17,USD,603568,0.1074,PROMOTION
3226,1952,2025-08-18,2025-08-20,USD,801936,0.1003,MERIT
3227,1952,2025-08-21,,USD,644572,0.0304,HIRE
3228,1953,2020-05-15,,INR,721239,0.1867,PROMOTION
3229,1954,2025-08-15,2025-08-22,USD,1681563,0.1713,PROMOTION
3230,1954,2025-08-23,,USD,2061944,0.0377,MERIT
3231,1955,2022-05-21,2024-04-15,INR,1206777,0.1455,PROMOTION
3232,1955,2024-04-16,2024-07-09,INR,1294874,0.1335,PROMOTION
3233,1955,2024-07-10,,USD,904388,0.1467,HIRE
3234,1956,2025-08-14,,INR,6763492,0.1104,MERIT
3235,1957,2023-03-02,,INR,4090161,0.1942,MERIT
3236,1958,2022-04-06,,USD,4201798,0.1913,PROMOTION
3237,1959,2023-11-28,,USD,2865511,0.1314,MERIT
3238,1960,2019-04-28,2024-12-18,USD,6148144,0.1702,ADJUSTMENT
3239,1960,2024-12-19,,INR,5653451,0.1902,PROMOTION
3240,1961,2023-05-29,,INR,2667184,0.1777,PROMOTION
3241,1962,2019-10-04,2021-04-13,USD,3490822,0.0453,HIRE
3242,1962,2021-04-14,2022-02-17,USD,4118281,0.0574,PROMOTION
3243,1962,2022-02-18,,USD,4153935,0.0005,ADJUSTMENT
3244,1963,2025-05-18,,INR,1241805,0.0771,MERIT
3245,1964,2016-11-21,2023-09-14,INR,1980615,0.1825,HIRE
3246,1964,2023-09-15,,INR,1420693,0.1885,HIRE
3247,1965,2021-08-30,2021-08-30,USD,2873224,0.1017,HIRE
3248,1965,2021-08-31,2022-01-30,INR,2973520,0.1071,HIRE
3249,1965,2022-01-31,,USD,2725093,0.1082,PROMOTION
3250,1966,2023-10-18,,USD,322110,0.0136,PROMOTION
3251,1967,2019-07-17,2019-10-18,USD,3191268,0.0118,HIRE
3252,1967,2019-10-19,2023-05-27,INR,2986570,0.0362,HIRE
3253,1967,2023-05-28,,USD,2911904,0.1484,PROMOTION
3254,1968,2017-02-25,2025-05-01,USD,1744464,0.1034,MERIT
3255,1968,2025-05-02,,INR,2038761,0.1319,ADJUSTMENT
3256,1969,2022-06-01,,USD,1729554,0.0742,PROMOTION
3257,1970,2025-06-25,2025-07-25,INR,3784859,0.0945,PROMOTION
3258,1970,2025-07-26,,USD,3966671,0.0889,HIRE
3259,1971,2024-09-15,2024-10-23,USD,814749,0.1795,ADJUSTMENT
3260,1971,2024-10-24,2025-07-22,INR,878388,0.0398,ADJUSTMENT
3261,1971,2025-07-23,,USD,678514,0.089,ADJUSTMENT
3262,1972,2023-02-27,2025-07-11,INR,349227,0.0771,HIRE
3263,1972,2025-07-12,,INR,425078,0.0673,MERIT
3264,1973,2016-08-07,,USD,6230016,0.0267,MERIT
3265,1974,2019-04-18,2022-07-23,INR,444482,0.1258,PROMOTION
3266,1974,2022-07-24,2025-01-04,USD,354484,0.1689,HIRE
3267,1974,2025-01-05,,INR,576437,0.0286,PROMOTION
3268,1975,2023-09-06,2023-10-07,INR,1238717,0.0146,HIRE
3269,1975,2023-10-08,,USD,984689,0.1623,MERIT
3270,1976,2022-09-03,,USD,820777,0.137,HIRE
3271,1977,2022-06-09,,INR,462560,0.0296,HIRE
3272,1978,2024-07-29,,INR,2182297,0.0697,HIRE
3273,1979,2023-06-15,,USD,2792199,0.1504,MERIT
3274,1980,2019-06-25,2022-07-03,USD,3953817,0.0305,MERIT
3275,1980,2022-07-04,,USD,4281140,0.1944,MERIT
3276,1981,2023-01-17,,INR,1756860,0.1294,HIRE
3277,1982,2024-09-30,,USD,1045729,0.0463,HIRE
3278,1983,2025-05-12,,INR,1587644,0.1741,PROMOTION
3279,1984,2021-09-26,,USD,1455623,0.0919,ADJUSTMENT
3280,1985,2023-07-30,2023-11-19,INR,1128972,0.0072,MERIT
3281,1985,2023-11-20,,USD,1057112,0.1243,HIRE
3282,1986,2022-09-01,2022-12-10,USD,4305346,0.0963,HIRE
3283,1986,2022-12-11,,USD,4378924,0.0313,HIRE
3284,1987,2023-07-31,2024-11-13,INR,6980838,0.0703,HIRE
3285,1987,2024-11-14,,INR,6393491,0.1216,ADJUSTMENT
3286,1988,2025-06-08,,USD,1976893,0.069,ADJUSTMENT
3287,1989,2021-07-18,2023-11-26,USD,3512981,0.1111,ADJUSTMENT
3288,1989,2023-11-27,,USD,4484017,0.0772,PROMOTION
3289,1990,2025-05-13,2025-05-27,USD,3947326,0.0011,ADJUSTMENT
3290,1990,2025-05-28,,INR,3873160,0.0456,ADJUSTMENT
3291,1991,2023-12-08,2024-11-08,INR,2728590,0.1918,ADJUSTMENT
3292,1991,2024-11-09,,INR,3010401,0.0147,MERIT
3293,1992,2024-03-17,2024-09-14,USD,1552894,0.0234,MERIT
3294,1992,2024-09-15,2024-12-17,INR,1473737,0.0283,ADJUSTMENT
3295,1992,2024-12-18,,INR,1749432,0.1581,PROMOTION
3296,1993,2022-11-24,,INR,869105,0.1142,HIRE
3297,1994,2024-02-13,,USD,3989207,0.0179,MERIT
3298,1995,2020-11-21,,INR,548628,0.1176,HIRE
3299,1996,2024-09-28,,USD,814823,0.0322,ADJUSTMENT
3300,1997,2022-11-14,,USD,377213,0.1694,MERIT
3301,1998,2024-10-03,2025-06-09,USD,1740542,0.1431,HIRE
3302,1998,2025-06-10,,USD,2169804,0.0766,MERIT
3303,1999,2021-02-10,,USD,5210526,0.1116,MERIT
3304,2000,2025-02-26,,USD,3249781,0.1115,PROMOTION
3305,2001,2022-08-25,,USD,689071,0.1923,MERIT
3306,2002,2021-07-08,2024-11-22,USD,3903264,0.0362,MERIT
3307,2002,2024-11-23,2025-01-19,USD,3646325,0.0785,ADJUSTMENT
3308,2002,2025-01-20,,INR,3518923,0.1532,ADJUSTMENT
3309,2003,2023-08-17,2023-10-06,INR,384730,0.1521,HIRE
3310,2003,2023-10-07,,INR,303094,0.0431,HIRE
3311,2004,2023-11-14,,USD,2227940,0.1564,HIRE
3312,2005,2025-03-23,,USD,1157323,0.1012,HIRE
3313,2006,2021-03-25,2024-05-30,INR,2195441,0.0451,MERIT
3314,2006,2024-05-31,2024-10-25,INR,1445508,0.0363,HIRE
3315,2006,2024-10-26,,INR,1493257,0.1206,MERIT
3316,2007,2024-07-08,,USD,6700897,0.1148,PROMOTION
3317,2008,2024-12-13,,INR,801510,0.1834,PROMOTION
3318,2009,2025-07-01,2025-07-09,INR,483960,0.0071,MERIT
3319,2009,2025-07-10,2025-08-08,INR,575913,0.1524,MERIT
3320,2009,2025-08-09,,INR,354812,0.0748,ADJUSTMENT
3321,2010,2025-07-29,,USD,6954192,0.093,HIRE
3322,2011,2019-12-28,,USD,4570337,0.0129,ADJUSTMENT
3323,2012,2023-09-25,,USD,1079974,0.1541,ADJUSTMENT
3324,2013,2021-05-03,,USD,5866925,0.1563,ADJUSTMENT
3325,2014,2024-12-20,,INR,453714,0.0508,MERIT
3326,2015,2017-10-30,2018-12-06,INR,417545,0.085,MERIT
3327,2015,2018-12-07,,USD,428201,0.1127,ADJUSTMENT
3328,2016,2020-09-23,,INR,720212,0.171,HIRE
3329,2017,2023-10-17,,USD,3117960,0.0016,MERIT
3330,2018,2025-02-27,2025-06-01,USD,2405014,0.1117,HIRE
3331,2018,2025-06-02,,INR,2553541,0.0409,PROMOTION
3332,2019,2025-08-17,2025-08-16,INR,3682116,0.038,PROMOTION
3333,2019,2025-08-17,2025-08-20,USD,4221952,0.0661,ADJUSTMENT
3334,2019,2025-08-21,,INR,3558014,0.1833,HIRE
3335,2020,2022-12-12,2024-02-18,INR,3083237,0.1727,ADJUSTMENT
3336,2020,2024-02-19,2024-10-21,USD,2228190,0.1548,MERIT
3337,2020,2024-10-22,,INR,2979025,0.0956,HIRE
3338,2021,2024-02-09,2024-03-25,INR,2844693,0.0732,PROMOTION
3339,2021,2024-03-26,2025-02-17,USD,2960469,0.1186,ADJUSTMENT
3340,2021,2025-02-18,,INR,2460263,0.1432,PROMOTION
3341,2022,2016-09-04,2020-09-13,INR,620687,0.1861,PROMOTION
3342,2022,2020-09-14,,INR,812055,0.1018,PROMOTION
3343,2023,2019-04-20,,USD,1307769,0.0615,PROMOTION
3344,2024,2020-06-29,,INR,1649581,0.0366,PROMOTION
3345,2025,2017-12-09,2017-12-18,USD,2958670,0.0668,MERIT
3346,2025,2017-12-19,,INR,2303028,0.0098,MERIT
3347,2026,2018-10-22,2022-05-22,INR,805017,0.0079,ADJUSTMENT
3348,2026,2022-05-23,,INR,700856,0.0065,MERIT
3349,2027,2025-06-05,,USD,554619,0.0923,PROMOTION
3350,2028,2017-03-28,,USD,752928,0.0297,MERIT
3351,2029,2018-12-18,2020-05-13,USD,484341,0.1009,PROMOTION
3352,2029,2020-05-14,,USD,570294,0.0418,MERIT
3353,2030,2018-08-12,2020-04-19,USD,302245,0.0718,HIRE
3354,2030,2020-04-20,,INR,594937,0.0787,PROMOTION
3355,2031,2025-01-30,2025-03-09,INR,1612678,0.1353,MERIT
3356,2031,2025-03-10,,USD,1574180,0.1143,PROMOTION
3357,2032,2021-08-20,2023-04-23,USD,4469723,0.1896,ADJUSTMENT
3358,2032,2023-04-24,2024-01-24,INR,3521467,0.1405,MERIT
3359,2032,2024-01-25,,USD,3451919,0.044,HIRE
3360,2033,2025-04-24,,INR,3813247,0.0967,MERIT
3361,2034,2022-01-17,,INR,3891000,0.055,ADJUSTMENT
3362,2035,2019-01-01,2021-11-23,INR,3946784,0.1085,PROMOTION
3363,2035,2021-11-24,,USD,3265246,0.0045,MERIT
3364,2036,2024-10-06,,USD,5776272,0.0648,ADJUSTMENT
3365,2037,2019-11-17,,INR,2222224,0.0313,HIRE
3366,2038,2022-01-30,2023-11-03,USD,1050740,0.1715,PROMOTION
3367,2038,2023-11-04,2025-05-06,INR,1000497,0.1362,HIRE
3368,2038,2025-05-07,,INR,1108767,0.1945,ADJUSTMENT
3369,2039,2021-10-12,2024-05-09,INR,546023,0.0833,HIRE
3370,2039,2024-05-10,,INR,359396,0.0138,ADJUSTMENT
3371,2040,2023-12-11,,INR,1416912,0.142,HIRE
3372,2041,2025-02-17,2025-05-14,USD,2460168,0.1786,MERIT
3373,2041,2025-05-15,,INR,3166674,0.0334,HIRE
3374,2042,2019-06-06,2022-03-09,USD,351178,0.0633,HIRE
3375,2042,2022-03-10,,INR,479903,0.0158,ADJUSTMENT
3376,2043,2025-05-22,2025-06-17,USD,4552185,0.1928,ADJUSTMENT
3377,2043,2025-06-18,,INR,4528593,0.1985,MERIT
3378,2044,2025-01-27,,INR,322793,0.0903,ADJUSTMENT
3379,2045,2022-07-21,,USD,505702,0.1606,HIRE
3380,2046,2024-10-06,2024-10-21,INR,1727016,0.0034,PROMOTION
3381,2046,2024-10-22,2025-07-31,USD,1787843,0.0928,HIRE
3382,2046,2025-08-01,,USD,1746535,0.1455,ADJUSTMENT
3383,2047,2025-03-09,2025-05-22,USD,661707,0.1693,MERIT
3384,2047,2025-05-23,,INR,819266,0.0319,PROMOTION
3385,2048,2024-05-31,2024-06-14,INR,754620,0.1196,ADJUSTMENT
3386,2048,2024-06-15,,INR,632978,0.1906,PROMOTION
3387,2049,2020-01-27,2021-05-07,INR,1097893,0.1885,HIRE
3388,2049,2021-05-08,,INR,1144230,0.0487,HIRE
3389,2050,2025-05-08,2025-07-21,USD,5802198,0.0449,PROMOTION
3390,2050,2025-07-22,,INR,6501065,0.0278,ADJUSTMENT
3391,2051,2021-10-14,2024-07-06,INR,881368,0.1428,HIRE
3392,2051,2024-07-07,,INR,805102,0.076,PROMOTION
3393,2052,2020-06-15,,INR,723067,0.011,PROMOTION
3394,2053,2022-04-13,2025-01-02,USD,4648627,0.0314,HIRE
3395,2053,2025-01-03,,INR,4975266,0.199,MERIT
3396,2054,2015-10-28,2017-12-24,INR,2049025,0.1541,MERIT
3397,2054,2017-12-25,,INR,1410677,0.0429,PROMOTION
3398,2055,2018-10-04,,INR,661975,0.1146,PROMOTION
3399,2056,2025-02-17,2025-08-22,USD,2092649,0.168,MERIT
3400,2056,2025-08-23,,INR,1701769,0.0172,HIRE
3401,2057,2023-12-05,,INR,959449,0.0826,HIRE
3402,2058,2020-11-12,2021-08-03,USD,4231044,0.0638,MERIT
3403,2058,2021-08-04,,INR,4343784,0.1512,ADJUSTMENT
3404,2059,2021-11-17,2024-07-11,INR,1291445,0.1331,ADJUSTMENT
3405,2059,2024-07-12,,USD,1221448,0.0996,ADJUSTMENT
3406,2060,2019-02-22,,INR,1045805,0.0756,HIRE
3407,2061,2021-03-06,,INR,745500,0.0512,HIRE
3408,2062,2016-11-21,,USD,2007008,0.0711,PROMOTION
3409,2063,2025-03-12,,INR,675264,0.0528,HIRE
3410,2064,2021-07-21,,USD,3883959,0.1663,MERIT
3411,2065,2025-05-26,,USD,1299632,0.0806,HIRE
3412,2066,2020-12-19,2024-06-08,INR,6611736,0.0877,HIRE
3413,2066,2024-06-09,2024-07-29,INR,5538866,0.1101,MERIT
3414,2066,2024-07-30,,INR,6783711,0.023,PROMOTION
3415,2067,2023-02-09,,USD,558098,0.0634,HIRE
3416,2068,2019-12-26,2021-06-11,INR,487750,0.1468,PROMOTION
3417,2068,2021-06-12,2021-10-24,USD,570923,0.0058,ADJUSTMENT
3418,2068,2021-10-25,,USD,391968,0.1056,HIRE
3419,2069,2021-01-07,2024-08-08,INR,4009567,0.117,ADJUSTMENT
3420,2069,2024-08-09,,USD,4425210,0.1362,HIRE
3421,2070,2018-07-20,2021-09-15,INR,3846371,0.0592,MERIT
3422,2070,2021-09-16,2024-10-14,INR,3409911,0.1562,ADJUSTMENT
3423,2070,2024-10-15,,INR,4237518,0.0024,HIRE
3424,2071,2018-12-23,,INR,4942188,0.0262,HIRE
3425,2072,2016-05-18,2018-01-28,USD,4178249,0.0975,MERIT
3426,2072,2018-01-29,,USD,3485496,0.0583,HIRE
3427,2073,2020-10-26,2022-10-19,USD,5577601,0.1213,MERIT
3428,2073,2022-10-20,2024-07-23,USD,4775222,0.0539,HIRE
3429,2073,2024-07-24,,INR,5046023,0.0465,HIRE
3430,2074,2019-05-09,,USD,4161187,0.1815,PROMOTION
3431,2075,2023-09-27,2024-02-22,USD,2401480,0.0142,ADJUSTMENT
3432,2075,2024-02-23,,USD,3062107,0.0825,MERIT
3433,2076,2023-10-31,2024-02-14,INR,3726586,0.1894,HIRE
3434,2076,2024-02-15,2024-06-10,USD,4321320,0.1008,MERIT
3435,2076,2024-06-11,,INR,4471113,0.1343,ADJUSTMENT
3436,2077,2025-08-20,2025-08-20,USD,363354,0.1851,HIRE
3437,2077,2025-08-21,,USD,388456,0.0986,PROMOTION
3438,2078,2024-06-24,,INR,899493,0.0313,HIRE
3439,2079,2020-02-14,2024-03-15,INR,452069,0.1257,HIRE
3440,2079,2024-03-16,,INR,440507,0.1395,HIRE
3441,2080,2024-01-04,2025-05-20,INR,551193,0.0926,HIRE
3442,2080,2025-05-21,,USD,477217,0.0809,PROMOTION
3443,2081,2023-07-24,2024-01-31,USD,5592124,0.0309,ADJUSTMENT
3444,2081,2024-02-01,2025-03-03,USD,6286052,0.1483,PROMOTION
3445,2081,2025-03-04,,USD,4770903,0.1676,PROMOTION
3446,2082,2021-01-26,,USD,4360086,0.0672,MERIT
3447,2083,2025-05-05,,INR,664698,0.1851,HIRE
3448,2084,2020-08-18,2021-04-25,INR,4000717,0.0732,PROMOTION
3449,2084,2021-04-26,,USD,3611922,0.1857,PROMOTION
3450,2085,2021-03-17,,INR,2041815,0.0216,PROMOTION
3451,2086,2022-06-03,2022-11-26,INR,2241510,0.0863,PROMOTION
3452,2086,2022-11-27,2024-06-27,INR,2698339,0.0111,PROMOTION
3453,2086,2024-06-28,,USD,2631801,0.0642,MERIT
3454,2087,2019-07-12,,INR,1590268,0.1627,ADJUSTMENT
3455,2088,2019-03-24,,USD,5627224,0.1146,MERIT
3456,2089,2024-12-31,,INR,3784341,0.1805,HIRE
3457,2090,2020-04-26,2020-10-03,INR,1313372,0.1213,HIRE
3458,2090,2020-10-04,,INR,1319336,0.0312,ADJUSTMENT
3459,2091,2025-06-18,,USD,1289394,0.0694,HIRE
3460,2092,2024-01-24,,USD,507897,0.1859,MERIT
3461,2093,2025-08-18,,USD,3859455,0.1954,MERIT
3462,2094,2023-10-08,,USD,447272,0.04,HIRE
3463,2095,2025-01-28,2025-07-08,INR,3548023,0.107,PROMOTION
3464,2095,2025-07-09,,INR,4433981,0.029,ADJUSTMENT
3465,2096,2020-10-03,2022-11-30,INR,1180621,0.0379,ADJUSTMENT
3466,2096,2022-12-01,2024-09-10,USD,967416,0.0958,PROMOTION
3467,2096,2024-09-11,,INR,1308094,0.1017,ADJUSTMENT
3468,2097,2018-04-29,2018-10-24,USD,932888,0.1381,PROMOTION
3469,2097,2018-10-25,,USD,1316174,0.0297,PROMOTION
3470,2098,2025-02-04,,INR,1012247,0.1701,ADJUSTMENT
3471,2099,2022-09-06,,INR,632486,0.0212,HIRE
3472,2100,2021-12-09,,INR,2489704,0.179,ADJUSTMENT
3473,2101,2023-07-05,,INR,2573634,0.0236,ADJUSTMENT
3474,2102,2020-11-26,2021-08-06,USD,1358474,0.113,ADJUSTMENT
3475,2102,2021-08-07,,INR,1214221,0.0832,MERIT
3476,2103,2017-06-24,2022-06-20,USD,754335,0.0131,HIRE
3477,2103,2022-06-21,2025-02-12,USD,743610,0.1164,ADJUSTMENT
3478,2103,2025-02-13,,USD,747046,0.1495,PROMOTION
3479,2104,2023-11-15,,USD,3191092,0.0102,PROMOTION
3480,2105,2025-05-01,2025-06-09,USD,4222211,0.1602,PROMOTION
3481,2105,2025-06-10,,INR,3572936,0.0116,PROMOTION
3482,2106,2024-06-11,2024-06-23,USD,5228543,0.0708,ADJUSTMENT
3483,2106,2024-06-24,,USD,5290435,0.0344,PROMOTION
3484,2107,2023-05-14,2023-05-31,USD,3140706,0.0475,HIRE
3485,2107,2023-06-01,2024-01-10,USD,2568851,0.0632,PROMOTION
3486,2107,2024-01-11,,INR,2895208,0.166,MERIT
3487,2108,2018-10-28,2018-11-27,USD,1376124,0.1905,ADJUSTMENT
3488,2108,2018-11-28,2019-06-10,USD,911942,0.1984,MERIT
3489,2108,2019-06-11,,USD,1062911,0.1921,PROMOTION
3490,2109,2024-08-21,,USD,4658460,0.0578,ADJUSTMENT
3491,2110,2025-06-12,2025-08-19,INR,2634303,0.1398,PROMOTION
3492,2110,2025-08-20,,INR,3016796,0.0366,PROMOTION
3493,2111,2024-07-27,2024-08-12,USD,4528930,0.0033,MERIT
3494,2111,2024-08-13,,USD,4705222,0.0419,MERIT
3495,2112,2023-07-02,,USD,2734165,0.1744,HIRE
3496,2113,2016-11-01,2017-05-27,USD,905209,0.1097,ADJUSTMENT
3497,2113,2017-05-28,,USD,977478,0.0227,PROMOTION
3498,2114,2024-11-18,,INR,2268587,0.1459,MERIT
3499,2115,2025-06-10,,INR,2441111,0.1418,HIRE
3500,2116,2018-09-04,,INR,559591,0.1352,MERIT
3501,2117,2023-04-07,,USD,3134268,0.1227,ADJUSTMENT
3502,2118,2015-09-16,2024-09-20,INR,2091894,0.0388,PROMOTION
3503,2118,2024-09-21,,INR,1591903,0.1728,PROMOTION
3504,2119,2022-11-15,2024-04-08,INR,540527,0.0429,PROMOTION
3505,2119,2024-04-09,,USD,318700,0.0577,HIRE
3506,2120,2025-08-16,,INR,1653445,0.0647,HIRE
3507,2121,2025-03-18,,USD,2002151,0.0103,PROMOTION
3508,2122,2021-11-16,,INR,6635322,0.0014,MERIT
3509,2123,2024-09-28,,USD,3161180,0.052,PROMOTION
3510,2124,2025-07-14,2025-07-14,INR,3460249,0.1584,PROMOTION
3511,2124,2025-07-15,,USD,3320169,0.1851,PROMOTION
3512,2125,2021-07-29,,USD,3228573,0.1471,PROMOTION
3513,2126,2017-09-29,2023-02-19,USD,1207267,0.0906,HIRE
3514,2126,2023-02-20,,INR,1148758,0.0914,HIRE
3515,2127,2024-04-25,,USD,6484937,0.1846,HIRE
3516,2128,2021-12-18,2025-02-21,INR,3761656,0.1018,PROMOTION
3517,2128,2025-02-22,,USD,4172132,0.0298,PROMOTION
3518,2129,2022-08-21,,USD,5231061,0.033,HIRE
3519,2130,2022-06-11,2022-07-08,INR,757570,0.1547,PROMOTION
3520,2130,2022-07-09,,USD,789123,0.1879,PROMOTION
3521,2131,2025-04-07,,INR,4045792,0.0225,PROMOTION
3522,2132,2020-09-17,2024-10-02,USD,1023042,0.0495,HIRE
3523,2132,2024-10-03,,USD,1384146,0.1341,PROMOTION
3524,2133,2023-09-14,,INR,2301264,0.0934,ADJUSTMENT
3525,2134,2021-12-30,2024-09-16,USD,1368599,0.1816,ADJUSTMENT
3526,2134,2024-09-17,,INR,1242729,0.1199,MERIT
3527,2135,2025-07-07,,USD,2934599,0.1839,PROMOTION
3528,2136,2025-04-26,2025-06-01,USD,5574358,0.1137,HIRE
3529,2136,2025-06-02,,USD,5280122,0.0681,HIRE
3530,2137,2018-03-04,2025-04-02,USD,1779359,0.0373,PROMOTION
3531,2137,2025-04-03,,USD,1409030,0.1599,ADJUSTMENT
3532,2138,2021-12-26,2023-04-05,INR,3010745,0.0054,MERIT
3533,2138,2023-04-06,,USD,3102880,0.0841,HIRE
3534,2139,2023-11-12,2024-05-17,USD,1447520,0.1719,ADJUSTMENT
3535,2139,2024-05-18,,USD,1812864,0.1517,PROMOTION
3536,2140,2025-05-10,,INR,5282687,0.068,MERIT
3537,2141,2025-03-10,,USD,1854238,0.0617,HIRE
3538,2142,2019-06-15,,INR,1932272,0.0887,PROMOTION
3539,2143,2022-07-03,,INR,6270131,0.0995,PROMOTION
3540,2144,2020-10-16,2025-07-10,USD,639922,0.1342,ADJUSTMENT
3541,2144,2025-07-11,,USD,638300,0.0432,PROMOTION
3542,2145,2018-06-26,2019-01-02,USD,4267926,0.0477,ADJUSTMENT
3543,2145,2019-01-03,2020-06-30,INR,3513510,0.0681,ADJUSTMENT
3544,2145,2020-07-01,,USD,3866462,0.0955,MERIT
3545,2146,2020-06-13,2023-02-25,INR,3445442,0.0526,MERIT
3546,2146,2023-02-26,2025-05-13,INR,3365810,0.0783,HIRE
3547,2146,2025-05-14,,USD,4447029,0.1245,PROMOTION
3548,2147,2018-05-31,2024-02-29,INR,531796,0.0298,HIRE
3549,2147,2024-03-01,,INR,540097,0.0962,HIRE
3550,2148,2022-11-15,2022-12-30,USD,1746368,0.0104,ADJUSTMENT
3551,2148,2022-12-31,2025-06-10,INR,1884287,0.0216,HIRE
3552,2148,2025-06-11,,USD,1680744,0.0344,ADJUSTMENT
3553,2149,2020-03-08,,USD,315960,0.1411,PROMOTION
3554,2150,2024-10-05,2025-01-09,INR,420381,0.177,ADJUSTMENT
3555,2150,2025-01-10,,INR,581943,0.1793,MERIT
3556,2151,2021-05-12,,INR,3347075,0.06,ADJUSTMENT
3557,2152,2024-09-05,,USD,1253228,0.1114,HIRE
3558,2153,2016-07-09,,INR,981608,0.0006,ADJUSTMENT
3559,2154,2020-10-11,,INR,1655342,0.1376,PROMOTION
3560,2155,2020-04-23,2021-12-30,INR,3385452,0.1268,ADJUSTMENT
3561,2155,2021-12-31,,USD,3212273,0.0009,PROMOTION
3562,2156,2021-09-19,,INR,5621349,0.0202,PROMOTION
3563,2157,2023-02-04,,USD,458628,0.1436,MERIT
3564,2158,2020-10-20,,USD,809371,0.1964,PROMOTION
3565,2159,2025-06-16,,INR,310927,0.0699,MERIT
3566,2160,2023-01-28,,INR,656144,0.1952,HIRE
3567,2161,2023-01-23,2023-02-01,INR,1104468,0.0237,MERIT
3568,2161,2023-02-02,,USD,1387811,0.147,HIRE
3569,2162,2024-09-06,2024-10-14,INR,2487187,0.1634,MERIT
3570,2162,2024-10-15,,INR,2544072,0.18,MERIT
3571,2163,2020-01-14,2020-10-19,INR,1512593,0.1343,MERIT
3572,2163,2020-10-20,,USD,2106119,0.1855,ADJUSTMENT
3573,2164,2023-05-08,,USD,591148,0.0265,ADJUSTMENT
3574,2165,2024-05-16,,USD,4157720,0.046,HIRE
3575,2166,2020-04-07,,USD,566313,0.1199,HIRE
3576,2167,2020-11-19,2024-07-24,INR,5644874,0.1972,ADJUSTMENT
3577,2167,2024-07-25,,INR,6039647,0.1788,ADJUSTMENT
3578,2168,2020-11-28,2023-03-17,USD,4253121,0.037,MERIT
3579,2168,2023-03-18,,INR,3467718,0.0633,HIRE
3580,2169,2021-12-12,,INR,2318600,0.1637,ADJUSTMENT
3581,2170,2020-01-23,2021-05-13,INR,1595063,0.0423,ADJUSTMENT
3582,2170,2021-05-14,,INR,1948349,0.132,PROMOTION
3583,2171,2019-08-29,2024-07-26,USD,6238225,0.1384,MERIT
3584,2171,2024-07-27,,USD,6018071,0.0975,HIRE
3585,2172,2021-09-05,,INR,439448,0.0373,PROMOTION
3586,2173,2015-12-29,2017-09-02,INR,494938,0.1874,HIRE
3587,2173,2017-09-03,,USD,382313,0.0084,PROMOTION
3588,2174,2024-04-13,,USD,638818,0.0221,HIRE
3589,2175,2024-11-08,,USD,1022311,0.183,HIRE
3590,2176,2025-04-15,,INR,3290910,0.1806,HIRE
3591,2177,2021-11-21,,INR,1306294,0.0508,PROMOTION
3592,2178,2022-10-31,,INR,1455335,0.1808,ADJUSTMENT
3593,2179,2018-02-03,2022-07-12,INR,1884195,0.0736,ADJUSTMENT
3594,2179,2022-07-13,,USD,1708671,0.1653,HIRE
3595,2180,2023-02-11,2023-05-16,INR,1670572,0.1667,MERIT
3596,2180,2023-05-17,,INR,1607353,0.0465,MERIT
3597,2181,2024-03-13,2024-12-18,INR,1003913,0.1408,ADJUSTMENT
3598,2181,2024-12-19,2025-03-28,INR,1038662,0.1422,MERIT
3599,2181,2025-03-29,,USD,983160,0.054,ADJUSTMENT
3600,2182,2023-04-13,,INR,771527,0.0841,MERIT
3601,2183,2024-12-18,,INR,2205464,0.0951,MERIT
3602,2184,2017-07-02,2024-11-16,INR,418800,0.105,HIRE
3603,2184,2024-11-17,,INR,565497,0.033,PROMOTION
3604,2185,2023-06-16,2025-01-16,INR,5578741,0.0538,ADJUSTMENT
3605,2185,2025-01-17,,USD,5556186,0.1892,ADJUSTMENT
3606,2186,2024-01-02,,USD,574519,0.0627,MERIT
3607,2187,2017-12-17,,INR,5007939,0.0767,PROMOTION
3608,2188,2019-07-12,,INR,1608339,0.0392,HIRE
3609,2189,2024-10-17,,INR,1009371,0.1121,PROMOTION
3610,2190,2017-08-01,2019-03-16,INR,4845336,0.1347,MERIT
3611,2190,2019-03-17,2022-02-24,USD,5003402,0.0544,PROMOTION
3612,2190,2022-02-25,,USD,5459242,0.0401,HIRE
3613,2191,2025-07-12,,USD,464816,0.1864,PROMOTION
3614,2192,2022-09-07,2023-10-02,USD,888833,0.1677,PROMOTION
3615,2192,2023-10-03,,USD,722409,0.0738,PROMOTION
3616,2193,2025-02-06,,INR,1247212,0.1965,HIRE
3617,2194,2024-05-06,2024-12-24,USD,1189059,0.1316,PROMOTION
3618,2194,2024-12-25,2025-01-11,USD,1065842,0.151,HIRE
3619,2194,2025-01-12,,USD,1055047,0.129,MERIT
3620,2195,2021-09-26,2023-02-13,INR,861567,0.0041,ADJUSTMENT
3621,2195,2023-02-14,,USD,680399,0.1983,HIRE
3622,2196,2025-03-16,,USD,759135,0.1807,ADJUSTMENT
3623,2197,2022-05-20,,INR,4420163,0.1446,PROMOTION
3624,2198,2023-01-17,2023-05-09,USD,4835861,0.1339,HIRE
3625,2198,2023-05-10,2024-05-04,USD,5955878,0.1661,MERIT
3626,2198,2024-05-05,,USD,5909401,0.1167,ADJUSTMENT
3627,2199,2021-06-09,2021-12-10,USD,1209857,0.1935,MERIT
3628,2199,2021-12-11,2024-05-21,USD,1136849,0.0257,MERIT
3629,2199,2024-05-22,,INR,1057931,0.1547,ADJUSTMENT
3630,2200,2024-05-17,,USD,3971662,0.1094,PROMOTION
3631,2201,2023-10-17,,INR,598537,0.0071,PROMOTION
3632,2202,2023-03-16,,USD,1450793,0.0522,PROMOTION
3633,2203,2021-06-21,,USD,1155506,0.0076,HIRE
3634,2204,2015-09-27,,INR,1534464,0.1951,ADJUSTMENT
3635,2205,2016-03-04,2022-10-23,USD,1257229,0.0957,MERIT
3636,2205,2022-10-24,2024-03-07,INR,1231498,0.1644,PROMOTION
3637,2205,2024-03-08,,INR,1199094,0.0208,PROMOTION
3638,2206,2022-02-08,2023-08-30,INR,3406403,0.1883,MERIT
3639,2206,2023-08-31,,INR,4113468,0.0804,HIRE
3640,2207,2022-08-17,,USD,2343914,0.1246,MERIT
3641,2208,2025-07-04,,INR,4840113,0.0298,PROMOTION
3642,2209,2016-09-25,2023-03-17,INR,2903665,0.0541,PROMOTION
3643,2209,2023-03-18,,USD,2895350,0.0968,ADJUSTMENT
3644,2210,2020-06-04,2022-10-29,INR,3373939,0.1873,MERIT
3645,2210,2022-10-30,,USD,3924866,0.096,ADJUSTMENT
3646,2211,2020-09-26,,USD,2433713,0.129,HIRE
3647,2212,2017-02-20,2019-03-11,USD,611905,0.1044,MERIT
3648,2212,2019-03-12,,USD,678674,0.1819,MERIT
3649,2213,2020-01-21,2022-07-28,USD,2998317,0.0484,HIRE
3650,2213,2022-07-29,2025-03-07,INR,3159319,0.1506,ADJUSTMENT
3651,2213,2025-03-08,,USD,3032973,0.1526,PROMOTION
3652,2214,2018-02-27,2019-07-16,INR,1809297,0.1891,PROMOTION
3653,2214,2019-07-17,2023-06-24,INR,1468770,0.0606,PROMOTION
3654,2214,2023-06-25,,INR,1780245,0.1519,MERIT
3655,2215,2022-04-10,2024-03-29,INR,764597,0.0602,HIRE
3656,2215,2024-03-30,,INR,865908,0.0389,PROMOTION
3657,2216,2023-05-02,,USD,5974914,0.1448,MERIT
3658,2217,2022-11-14,2023-08-04,USD,844840,0.0032,ADJUSTMENT
3659,2217,2023-08-05,,USD,854965,0.0004,MERIT
3660,2218,2021-05-23,2023-02-20,USD,2047147,0.1236,ADJUSTMENT
3661,2218,2023-02-21,2025-07-09,USD,2041821,0.0891,HIRE
3662,2218,2025-07-10,,INR,1711322,0.1613,HIRE
3663,2219,2025-05-29,2025-06-26,INR,667187,0.0324,MERIT
3664,2219,2025-06-27,,INR,706443,0.061,MERIT
3665,2220,2024-04-10,2024-07-09,INR,2054692,0.1403,PROMOTION
3666,2220,2024-07-10,,USD,1430094,0.0275,ADJUSTMENT
3667,2221,2022-02-18,2022-09-29,INR,6621580,0.0441,MERIT
3668,2221,2022-09-30,,USD,5285639,0.1816,MERIT
3669,2222,2020-09-19,,USD,3386041,0.138,PROMOTION
3670,2223,2023-07-25,,INR,3976470,0.1177,HIRE
3671,2224,2018-12-23,2025-08-12,INR,3205296,0.1904,PROMOTION
3672,2224,2025-08-13,,INR,4163859,0.0139,HIRE
3673,2225,2021-08-09,2024-06-13,USD,5000162,0.1719,PROMOTION
3674,2225,2024-06-14,2025-06-17,INR,6434296,0.1287,MERIT
3675,2225,2025-06-18,,INR,4654918,0.1234,MERIT
3676,2226,2020-10-08,2021-05-10,INR,6126273,0.1279,PROMOTION
3677,2226,2021-05-11,,INR,6261019,0.0638,MERIT
3678,2227,2022-06-09,2023-09-17,INR,1442260,0.1625,PROMOTION
3679,2227,2023-09-18,,USD,1497728,0.1252,ADJUSTMENT
3680,2228,2024-06-12,2025-04-25,INR,1352547,0.1352,PROMOTION
3681,2228,2025-04-26,,USD,1254382,0.1304,PROMOTION
3682,2229,2020-11-25,2023-11-25,USD,1000575,0.1056,ADJUSTMENT
3683,2229,2023-11-26,,INR,951659,0.1421,ADJUSTMENT
3684,2230,2016-05-05,2018-09-12,INR,5300555,0.0892,PROMOTION
3685,2230,2018-09-13,,INR,6348567,0.1236,PROMOTION
3686,2231,2024-05-01,,INR,6600866,0.0181,MERIT
3687,2232,2022-05-26,,INR,3022190,0.0751,HIRE
3688,2233,2022-12-11,,INR,6604727,0.0314,ADJUSTMENT
3689,2234,2022-07-24,2023-02-05,INR,2756889,0.0856,MERIT
3690,2234,2023-02-06,2023-12-04,INR,2786129,0.0458,ADJUSTMENT
3691,2234,2023-12-05,,USD,3045038,0.0234,MERIT
3692,2235,2024-01-19,,USD,2183630,0.002,MERIT
3693,2236,2020-12-08,,USD,5544303,0.133,ADJUSTMENT
3694,2237,2024-09-05,,USD,1784269,0.1247,ADJUSTMENT
3695,2238,2020-04-27,,USD,846393,0.0543,MERIT
3696,2239,2022-01-13,,USD,2041031,0.1442,ADJUSTMENT
3697,2240,2018-12-11,2020-11-24,USD,1959022,0.1372,MERIT
3698,2240,2020-11-25,,INR,1962038,0.0152,MERIT
3699,2241,2025-03-16,,INR,697318,0.1316,PROMOTION
3700,2242,2023-11-17,2025-07-02,USD,3010431,0.0026,PROMOTION
3701,2242,2025-07-03,,INR,2820904,0.1637,MERIT
3702,2243,2025-03-25,,INR,517007,0.1818,MERIT
3703,2244,2022-03-28,,USD,3211323,0.156,PROMOTION
3704,2245,2025-01-18,2025-06-24,INR,759236,0.053,HIRE
3705,2245,2025-06-25,,USD,642017,0.0485,MERIT
3706,2246,2025-01-31,,USD,1621034,0.1877,HIRE
3707,2247,2023-03-13,,INR,1568590,0.0304,ADJUSTMENT
3708,2248,2020-10-15,2021-01-05,INR,1181350,0.1974,ADJUSTMENT
3709,2248,2021-01-06,2024-03-28,USD,1150254,0.0076,PROMOTION
3710,2248,2024-03-29,,INR,1352987,0.1024,PROMOTION
3711,2249,2020-07-22,2024-08-03,USD,5508815,0.0472,HIRE
3712,2249,2024-08-04,,INR,5307392,0.1953,HIRE
3713,2250,2021-11-19,2025-03-07,INR,6463921,0.0592,ADJUSTMENT
3714,2250,2025-03-08,,INR,6591511,0.0046,ADJUSTMENT
3715,2251,2025-08-15,,INR,3911807,0.1073,MERIT
3716,2252,2019-06-21,2020-07-03,INR,705404,0.1338,PROMOTION
3717,2252,2020-07-04,2021-05-02,INR,771014,0.1887,PROMOTION
3718,2252,2021-05-03,,INR,899201,0.1636,MERIT
3719,2253,2025-02-07,2025-07-18,INR,895573,0.0394,PROMOTION
3720,2253,2025-07-19,,INR,717969,0.1502,PROMOTION
3721,2254,2021-10-25,2022-01-10,INR,648191,0.1804,ADJUSTMENT
3722,2254,2022-01-11,2024-05-11,INR,799178,0.0352,HIRE
3723,2254,2024-05-12,,USD,713299,0.1508,PROMOTION
3724,2255,2022-07-02,2023-02-22,USD,2715172,0.0341,PROMOTION
3725,2255,2023-02-23,2023-09-10,USD,2310146,0.096,HIRE
3726,2255,2023-09-11,,INR,2303154,0.1431,ADJUSTMENT
3727,2256,2020-09-21,,USD,2212002,0.1398,PROMOTION
3728,2257,2022-04-08,,USD,1255379,0.0208,PROMOTION
3729,2258,2023-12-24,2024-05-30,INR,1249175,0.1076,HIRE
3730,2258,2024-05-31,,USD,1057523,0.1216,HIRE
3731,2259,2025-07-02,,INR,346626,0.071,HIRE
3732,2260,2023-08-21,,INR,790774,0.195,HIRE
3733,2261,2022-09-04,2023-12-28,USD,2927230,0.1466,HIRE
3734,2261,2023-12-29,,USD,2505048,0.0635,HIRE
3735,2262,2023-10-03,2025-07-13,INR,1906324,0.0794,MERIT
3736,2262,2025-07-14,,USD,1685221,0.1158,MERIT
3737,2263,2022-11-20,,USD,3664414,0.0833,MERIT
3738,2264,2025-04-30,,INR,6225710,0.1687,PROMOTION
3739,2265,2024-10-26,,INR,1519218,0.0741,HIRE
3740,2266,2020-03-31,2023-04-28,INR,599228,0.0856,PROMOTION
3741,2266,2023-04-29,,USD,442717,0.1756,ADJUSTMENT
3742,2267,2024-09-21,2025-08-02,INR,339791,0.1633,ADJUSTMENT
3743,2267,2025-08-03,,INR,431858,0.0683,PROMOTION
3744,2268,2021-10-06,2024-03-28,INR,3334801,0.1369,MERIT
3745,2268,2024-03-29,,USD,4473861,0.0889,HIRE
3746,2269,2024-09-15,,USD,1562263,0.0358,MERIT
3747,2270,2017-12-29,2021-12-01,INR,1168186,0.1275,MERIT
3748,2270,2021-12-02,2024-08-28,USD,1069986,0.1543,ADJUSTMENT
3749,2270,2024-08-29,,INR,1139106,0.193,MERIT
3750,2271,2024-04-25,,USD,2342680,0.0046,HIRE
3751,2272,2020-08-29,2024-06-20,USD,3174388,0.1108,PROMOTION
3752,2272,2024-06-21,2025-04-17,INR,2643976,0.052,PROMOTION
3753,2272,2025-04-18,,INR,2815173,0.0547,HIRE
3754,2273,2024-12-31,,USD,389931,0.0813,MERIT
3755,2274,2024-09-08,2025-02-24,INR,2575271,0.0798,MERIT
3756,2274,2025-02-25,,INR,2597259,0.1519,PROMOTION
3757,2275,2021-03-23,,USD,1085278,0.0032,ADJUSTMENT
3758,2276,2018-06-10,,USD,900034,0.0729,HIRE
3759,2277,2023-03-06,,USD,500435,0.183,MERIT
3760,2278,2022-10-31,,USD,2907609,0.0723,ADJUSTMENT
3761,2279,2020-11-11,2022-03-25,USD,2453221,0.1247,PROMOTION
3762,2279,2022-03-26,,INR,2957283,0.1237,HIRE
3763,2280,2022-11-10,2023-08-27,INR,449001,0.0877,PROMOTION
3764,2280,2023-08-28,,INR,426814,0.0845,PROMOTION
3765,2281,2024-04-24,2024-06-23,USD,335697,0.1859,PROMOTION
3766,2281,2024-06-24,,INR,497178,0.0865,HIRE
3767,2282,2024-08-02,2024-08-24,INR,3672837,0.1071,PROMOTION
3768,2282,2024-08-25,,INR,3202450,0.0834,ADJUSTMENT
3769,2283,2025-07-09,,USD,6068343,0.0049,PROMOTION
3770,2284,2024-03-21,2024-10-30,INR,309454,0.1618,ADJUSTMENT
3771,2284,2024-10-31,,INR,384235,0.0719,ADJUSTMENT
3772,2285,2025-04-07,,INR,1394459,0.1075,MERIT
3773,2286,2016-11-07,,USD,5102540,0.1876,HIRE
3774,2287,2024-06-10,,INR,1170084,0.0983,PROMOTION
3775,2288,2024-07-29,2024-11-27,INR,6698585,0.0348,ADJUSTMENT
3776,2288,2024-11-28,,INR,4561420,0.0323,ADJUSTMENT
3777,2289,2022-08-20,2024-02-08,USD,2883647,0.1026,HIRE
3778,2289,2024-02-09,,USD,2330713,0.0059,MERIT
3779,2290,2021-08-15,2024-05-20,INR,566245,0.1854,MERIT
3780,2290,2024-05-21,2025-02-24,INR,404608,0.039,ADJUSTMENT
3781,2290,2025-02-25,,USD,538561,0.0299,HIRE
3782,2291,2025-05-11,,USD,853842,0.0124,HIRE
3783,2292,2024-02-18,,INR,5360278,0.1553,ADJUSTMENT
3784,2293,2023-10-05,2025-04-20,USD,514438,0.082,MERIT
3785,2293,2025-04-21,,INR,479249,0.1522,PROMOTION
3786,2294,2017-07-27,2018-09-28,USD,3291012,0.1509,MERIT
3787,2294,2018-09-29,2023-03-06,INR,4290599,0.134,HIRE
3788,2294,2023-03-07,,USD,3766972,0.0722,ADJUSTMENT
3789,2295,2023-05-01,,USD,1168391,0.145,PROMOTION
3790,2296,2022-02-12,2024-01-29,INR,5564076,0.1135,MERIT
3791,2296,2024-01-30,2024-06-30,USD,6449189,0.1754,ADJUSTMENT
3792,2296,2024-07-01,,INR,5639067,0.1828,MERIT
3793,2297,2025-02-09,,USD,2592067,0.0241,PROMOTION
3794,2298,2024-05-07,,USD,2503382,0.1835,ADJUSTMENT
3795,2299,2019-05-04,,USD,2562441,0.0586,PROMOTION
3796,2300,2024-06-19,,INR,1868218,0.114,HIRE
3797,2301,2021-10-06,2022-03-08,INR,651191,0.0491,HIRE
3798,2301,2022-03-09,,INR,800184,0.1717,HIRE
3799,2302,2022-08-13,,USD,2760963,0.1114,PROMOTION
3800,2303,2025-08-09,,INR,3750481,0.0002,ADJUSTMENT
3801,2304,2024-09-14,2025-07-18,INR,3011189,0.119,HIRE
3802,2304,2025-07-19,,INR,2459818,0.011,PROMOTION
3803,2305,2024-10-18,2025-05-15,INR,499572,0.0343,PROMOTION
3804,2305,2025-05-16,,USD,501062,0.1179,MERIT
3805,2306,2023-10-12,2024-12-22,USD,5226280,0.0298,ADJUSTMENT
3806,2306,2024-12-23,,USD,5983777,0.1456,MERIT
3807,2307,2025-03-10,,INR,952144,0.0643,MERIT
3808,2308,2019-07-30,2019-10-25,INR,1572878,0.1768,HIRE
3809,2308,2019-10-26,2020-03-07,INR,1839262,0.0768,MERIT
3810,2308,2020-03-08,,INR,1717814,0.1931,MERIT
3811,2309,2018-09-19,,INR,1877790,0.0575,ADJUSTMENT
3812,2310,2023-06-21,,USD,2588093,0.1173,MERIT
3813,2311,2023-08-10,,INR,588785,0.1851,PROMOTION
3814,2312,2025-08-02,,USD,3979578,0.0598,MERIT
3815,2313,2024-01-28,,USD,3835270,0.1627,ADJUSTMENT
3816,2314,2020-12-06,2024-11-30,INR,6646043,0.0944,HIRE
3817,2314,2024-12-01,,INR,6904118,0.1474,ADJUSTMENT
3818,2315,2022-07-13,,USD,3670898,0.0054,MERIT
3819,2316,2025-02-06,,USD,4214786,0.0598,HIRE
3820,2317,2021-02-17,,USD,6640613,0.0163,HIRE
3821,2318,2021-09-05,,USD,822971,0.1631,MERIT
3822,2319,2025-05-15,,INR,1967649,0.1783,ADJUSTMENT
3823,2320,2019-04-04,2022-11-10,INR,6027966,0.0117,HIRE
3824,2320,2022-11-11,,USD,5615164,0.1736,PROMOTION
3825,2321,2024-09-02,2024-11-29,INR,2878451,0.0349,MERIT
3826,2321,2024-11-30,,INR,2980836,0.0924,ADJUSTMENT
3827,2322,2024-02-16,2025-06-01,INR,378492,0.1932,ADJUSTMENT
3828,2322,2025-06-02,,INR,422847,0.0844,HIRE
3829,2323,2023-07-04,2024-05-29,INR,320009,0.0823,PROMOTION
3830,2323,2024-05-30,,INR,371134,0.1963,HIRE
3831,2324,2023-02-11,2023-11-25,INR,3152067,0.0193,PROMOTION
3832,2324,2023-11-26,2024-03-14,INR,2885198,0.0862,HIRE
3833,2324,2024-03-15,,INR,2501206,0.1313,HIRE
3834,2325,2021-12-22,,USD,6971843,0.0967,PROMOTION
3835,2326,2023-12-27,2024-05-17,INR,967881,0.1941,HIRE
3836,2326,2024-05-18,,USD,1030214,0.0871,HIRE
3837,2327,2025-08-07,2025-08-22,INR,523131,0.0638,MERIT
3838,2327,2025-08-23,,INR,322487,0.1014,PROMOTION
3839,2328,2021-12-06,2023-07-18,INR,1194993,0.0257,ADJUSTMENT
3840,2328,2023-07-19,,USD,959773,0.0916,PROMOTION
3841,2329,2025-02-16,,INR,3073379,0.0571,ADJUSTMENT
3842,2330,2023-11-27,,USD,432639,0.1811,HIRE
3843,2331,2021-02-06,2021-10-05,USD,715253,0.0005,MERIT
3844,2331,2021-10-06,,USD,783653,0.1363,ADJUSTMENT
3845,2332,2020-05-19,,INR,3147200,0.1026,PROMOTION
3846,2333,2024-08-12,,INR,301506,0.118,MERIT
3847,2334,2021-02-25,,INR,317700,0.0383,PROMOTION
3848,2335,2024-11-30,,INR,4025634,0.062,MERIT
3849,2336,2021-02-02,,USD,4465335,0.1002,HIRE
3850,2337,2023-10-19,,USD,2021045,0.1511,HIRE
3851,2338,2020-10-14,2023-03-26,USD,6165010,0.1044,PROMOTION
3852,2338,2023-03-27,2024-08-01,INR,6568622,0.1736,MERIT
3853,2338,2024-08-02,,INR,5475358,0.0481,ADJUSTMENT
3854,2339,2023-12-08,2024-03-15,INR,1146097,0.151,MERIT
3855,2339,2024-03-16,,USD,951933,0.0135,PROMOTION
3856,2340,2022-09-27,2024-02-03,INR,1169388,0.1598,PROMOTION
3857,2340,2024-02-04,,INR,946784,0.1467,MERIT
3858,2341,2024-10-10,,INR,1168919,0.1496,MERIT
3859,2342,2024-09-15,2024-11-23,USD,864105,0.0936,PROMOTION
3860,2342,2024-11-24,,USD,873979,0.0419,HIRE
3861,2343,2024-06-01,,USD,357686,0.1824,PROMOTION
3862,2344,2020-01-25,,INR,352155,0.1979,HIRE
3863,2345,2023-03-19,2024-06-27,USD,6327455,0.0105,HIRE
3864,2345,2024-06-28,,USD,6070063,0.0923,MERIT
3865,2346,2022-10-14,2023-01-16,USD,4749635,0.1883,ADJUSTMENT
3866,2346,2023-01-17,2024-05-19,INR,5782503,0.0126,MERIT
3867,2346,2024-05-20,,USD,6071188,0.0723,ADJUSTMENT
3868,2347,2017-01-02,2020-08-23,USD,4361129,0.0012,PROMOTION
3869,2347,2020-08-24,2021-08-27,USD,3324182,0.0554,PROMOTION
3870,2347,2021-08-28,,USD,3454002,0.0977,HIRE
3871,2348,2023-08-08,,INR,6296197,0.0179,HIRE
3872,2349,2018-10-27,,USD,310628,0.0836,HIRE
3873,2350,2019-02-18,,USD,3002458,0.1367,MERIT
3874,2351,2024-10-09,2025-01-24,INR,1082899,0.1187,ADJUSTMENT
3875,2351,2025-01-25,,USD,1371175,0.1852,MERIT
3876,2352,2024-11-15,,USD,4592468,0.1828,HIRE
3877,2353,2020-03-26,2022-11-02,USD,3652652,0.0394,HIRE
3878,2353,2022-11-03,,INR,4285912,0.1385,PROMOTION
3879,2354,2017-06-08,2018-02-27,INR,668282,0.1138,HIRE
3880,2354,2018-02-28,,INR,826093,0.1411,PROMOTION
3881,2355,2019-11-10,2021-05-03,USD,4091432,0.182,MERIT
3882,2355,2021-05-04,,INR,3308828,0.0334,HIRE
3883,2356,2019-10-06,2022-04-07,INR,2243684,0.1081,HIRE
3884,2356,2022-04-08,,USD,3125891,0.0776,PROMOTION
3885,2357,2024-05-23,2024-12-23,INR,5354876,0.1665,PROMOTION
3886,2357,2024-12-24,,INR,4560964,0.1448,PROMOTION
3887,2358,2020-07-15,2024-11-26,USD,3214607,0.1072,MERIT
3888,2358,2024-11-27,,INR,3828563,0.0614,ADJUSTMENT
3889,2359,2020-12-24,2022-12-06,USD,4932486,0.0593,PROMOTION
3890,2359,2022-12-07,,USD,5497510,0.0458,HIRE
3891,2360,2023-08-27,,USD,718520,0.0578,ADJUSTMENT
3892,2361,2024-12-30,,INR,824534,0.0146,MERIT
3893,2362,2024-04-05,2024-11-20,INR,2005587,0.0672,HIRE
3894,2362,2024-11-21,2025-01-13,USD,1754850,0.1971,PROMOTION
3895,2362,2025-01-14,,INR,1420945,0.0609,ADJUSTMENT
3896,2363,2024-08-14,,INR,1843893,0.1256,ADJUSTMENT
3897,2364,2019-03-12,,USD,527141,0.0418,MERIT
3898,2365,2022-07-23,,INR,560914,0.0254,ADJUSTMENT
3899,2366,2021-07-08,,INR,715046,0.0841,PROMOTION
3900,2367,2025-01-08,,USD,728284,0.0827,PROMOTION
3901,2368,2018-12-26,2019-10-15,INR,1861022,0.1535,ADJUSTMENT
3902,2368,2019-10-16,,USD,2181612,0.0413,MERIT
3903,2369,2016-10-13,,INR,2973364,0.0888,ADJUSTMENT
3904,2370,2024-11-12,,USD,4230842,0.0187,HIRE
3905,2371,2017-09-14,,USD,814733,0.0065,MERIT
3906,2372,2020-06-05,2023-01-28,INR,1433790,0.1336,MERIT
3907,2372,2023-01-29,,INR,1888249,0.1064,ADJUSTMENT
3908,2373,2023-11-02,2025-02-12,INR,3611899,0.0542,MERIT
3909,2373,2025-02-13,,INR,3224493,0.1846,ADJUSTMENT
3910,2374,2024-02-18,,INR,5635173,0.0586,ADJUSTMENT
3911,2375,2024-01-23,,USD,4362061,0.095,HIRE
3912,2376,2024-03-01,,USD,6993257,0.0106,ADJUSTMENT
3913,2377,2021-02-14,,INR,351590,0.1001,PROMOTION
3914,2378,2023-09-09,2024-03-16,USD,3546758,0.1862,HIRE
3915,2378,2024-03-17,,USD,3414336,0.1644,ADJUSTMENT
3916,2379,2022-04-22,,INR,5597910,0.0817,HIRE
3917,2380,2024-09-12,,USD,5773053,0.1536,ADJUSTMENT
3918,2381,2023-09-09,,INR,545827,0.0615,ADJUSTMENT
3919,2382,2024-10-29,2025-04-07,INR,378946,0.1054,ADJUSTMENT
3920,2382,2025-04-08,,INR,398148,0.1141,ADJUSTMENT
3921,2383,2023-11-17,2025-01-06,USD,2321761,0.1211,PROMOTION
3922,2383,2025-01-07,2025-01-08,INR,2825051,0.0945,ADJUSTMENT
3923,2383,2025-01-09,,USD,2370302,0.1139,ADJUSTMENT
3924,2384,2025-02-22,2025-05-31,INR,1079812,0.0856,PROMOTION
3925,2384,2025-06-01,,USD,1327273,0.1812,PROMOTION
3926,2385,2023-12-25,,INR,1452141,0.04,HIRE
3927,2386,2022-05-27,2025-07-29,USD,668644,0.0206,MERIT
3928,2386,2025-07-30,,INR,861654,0.1992,MERIT
3929,2387,2025-05-17,,USD,2012858,0.0737,MERIT
3930,2388,2022-10-22,2024-03-18,INR,427567,0.0218,HIRE
3931,2388,2024-03-19,,USD,385393,0.0727,HIRE
3932,2389,2023-07-23,2025-07-14,USD,823596,0.1333,ADJUSTMENT
3933,2389,2025-07-15,,USD,630360,0.1769,ADJUSTMENT
3934,2390,2023-01-10,2025-08-10,USD,4312244,0.1346,ADJUSTMENT
3935,2390,2025-08-11,,USD,3872092,0.0216,MERIT
3936,2391,2022-08-05,2025-06-06,USD,4404563,0.052,PROMOTION
3937,2391,2025-06-07,,INR,4484600,0.0594,HIRE
3938,2392,2023-05-25,2024-07-23,INR,302911,0.1513,HIRE
3939,2392,2024-07-24,,INR,302369,0.0997,PROMOTION
3940,2393,2024-06-14,,INR,1319981,0.1052,HIRE
3941,2394,2024-03-04,,USD,1172671,0.1925,MERIT
3942,2395,2022-04-26,,USD,5885158,0.1209,MERIT
3943,2396,2020-03-06,2021-10-27,INR,893984,0.095,ADJUSTMENT
3944,2396,2021-10-28,,USD,608631,0.1729,MERIT
3945,2397,2021-03-24,2022-11-10,INR,956070,0.03,ADJUSTMENT
3946,2397,2022-11-11,,INR,1115713,0.0087,ADJUSTMENT
3947,2398,2023-02-14,2024-10-16,USD,4367071,0.0547,ADJUSTMENT
3948,2398,2024-10-17,,USD,3226309,0.1889,ADJUSTMENT
3949,2399,2020-07-01,2021-12-06,USD,1426411,0.0122,HIRE
3950,2399,2021-12-07,,INR,2165713,0.0125,MERIT
3951,2400,2025-06-06,,USD,355524,0.1907,HIRE
3952,2401,2024-01-09,2024-10-25,USD,6707278,0.15,HIRE
3953,2401,2024-10-26,,INR,6492325,0.0326,MERIT
3954,2402,2019-11-03,2020-10-23,USD,420274,0.0678,PROMOTION
3955,2402,2020-10-24,2023-01-27,INR,511027,0.1184,PROMOTION
3956,2402,2023-01-28,,INR,493275,0.1695,MERIT
3957,2403,2019-05-09,,INR,3158808,0.125,PROMOTION
3958,2404,2021-08-07,2023-06-30,USD,1350748,0.1904,MERIT
3959,2404,2023-07-01,,USD,1183924,0.0304,ADJUSTMENT
3960,2405,2018-07-30,2023-02-15,INR,1499447,0.0686,ADJUSTMENT
3961,2405,2023-02-16,2023-10-21,USD,1648696,0.1278,ADJUSTMENT
3962,2405,2023-10-22,,INR,1493623,0.14,PROMOTION
3963,2406,2023-08-31,2025-06-14,INR,2626344,0.1506,MERIT
3964,2406,2025-06-15,,USD,3163603,0.0196,PROMOTION
3965,2407,2022-04-28,,USD,1167417,0.1533,PROMOTION
3966,2408,2024-10-30,2024-12-26,INR,6795460,0.127,PROMOTION
3967,2408,2024-12-27,,USD,4534686,0.0564,HIRE
3968,2409,2024-06-06,2025-01-20,INR,5644613,0.1172,HIRE
3969,2409,2025-01-21,2025-05-21,INR,6091873,0.1054,ADJUSTMENT
3970,2409,2025-05-22,,INR,5071605,0.1524,MERIT
3971,2410,2020-09-14,2021-09-15,INR,627133,0.0057,ADJUSTMENT
3972,2410,2021-09-16,,INR,798194,0.1241,PROMOTION
3973,2411,2023-06-11,2023-12-25,USD,808000,0.065,MERIT
3974,2411,2023-12-26,,USD,671100,0.0027,PROMOTION
3975,2412,2025-04-22,,USD,5393746,0.1657,PROMOTION
3976,2413,2023-03-06,2023-03-22,INR,2749236,0.0024,PROMOTION
3977,2413,2023-03-23,,INR,2854574,0.1037,HIRE
3978,2414,2021-05-19,2023-05-30,INR,597007,0.1009,ADJUSTMENT
3979,2414,2023-05-31,,USD,341016,0.1644,HIRE
3980,2415,2025-07-28,2025-07-29,USD,1021928,0.1634,HIRE
3981,2415,2025-07-30,2025-08-11,INR,989178,0.0777,ADJUSTMENT
3982,2415,2025-08-12,,USD,1196094,0.0736,PROMOTION
3983,2416,2024-08-19,2025-04-25,INR,734233,0.1727,PROMOTION
3984,2416,2025-04-26,,USD,657169,0.1093,MERIT
3985,2417,2024-01-31,,USD,915094,0.0241,HIRE
3986,2418,2022-10-15,2023-11-15,USD,570941,0.0971,PROMOTION
3987,2418,2023-11-16,,INR,596330,0.0288,ADJUSTMENT
3988,2419,2022-03-27,2025-08-21,USD,1682193,0.1986,ADJUSTMENT
3989,2419,2025-08-22,,USD,1819545,0.0088,HIRE
3990,2420,2021-12-02,,INR,2892899,0.0218,ADJUSTMENT
3991,2421,2019-04-14,2022-11-18,INR,2403353,0.1254,ADJUSTMENT
3992,2421,2022-11-19,,INR,2465016,0.1009,MERIT
3993,2422,2022-05-14,,USD,645005,0.0662,PROMOTION
3994,2423,2021-12-20,2022-03-28,USD,446113,0.1056,ADJUSTMENT
3995,2423,2022-03-29,2023-07-14,INR,568587,0.1768,HIRE
3996,2423,2023-07-15,,USD,314526,0.0917,PROMOTION
3997,2424,2023-12-30,,INR,5233310,0.1631,ADJUSTMENT
3998,2425,2022-01-23,2025-06-04,INR,4560437,0.0397,HIRE
3999,2425,2025-06-05,,INR,5352377,0.0267,ADJUSTMENT
4000,2426,2018-05-25,,USD,1217614,0.106,MERIT
4001,2427,2025-04-04,,USD,839347,0.1101,MERIT
4002,2428,2025-01-25,,INR,1974128,0.0083,MERIT
4003,2429,2020-10-26,2021-12-10,USD,4152841,0.0367,HIRE
4004,2429,2021-12-11,,USD,4177897,0.1258,ADJUSTMENT
4005,2430,2025-04-02,2025-07-20,USD,609317,0.1111,HIRE
4006,2430,2025-07-21,2025-08-10,INR,754233,0.0989,MERIT
4007,2430,2025-08-11,,INR,745342,0.0262,MERIT
4008,2431,2025-04-09,,USD,426705,0.1078,PROMOTION
4009,2432,2023-07-04,2025-03-31,INR,943504,0.0387,MERIT
4010,2432,2025-04-01,,INR,914553,0.1701,PROMOTION
4011,2433,2018-11-23,2022-07-29,INR,562716,0.0569,PROMOTION
4012,2433,2022-07-30,2023-05-05,USD,415376,0.0423,MERIT
4013,2433,2023-05-06,,USD,523033,0.1946,MERIT
4014,2434,2020-09-18,2021-06-07,USD,1413451,0.0572,HIRE
4015,2434,2021-06-08,2022-09-24,USD,1432842,0.1261,PROMOTION
4016,2434,2022-09-25,,USD,1445476,0.1711,ADJUSTMENT
4017,2435,2016-04-09,2022-05-28,INR,865191,0.1304,MERIT
4018,2435,2022-05-29,,USD,809222,0.1374,MERIT
4019,2436,2025-03-17,,USD,3308727,0.1697,HIRE
4020,2437,2023-08-31,2024-07-27,INR,3085169,0.0356,ADJUSTMENT
4021,2437,2024-07-28,,INR,2255072,0.0136,MERIT
4022,2438,2025-08-12,,INR,5040170,0.1157,MERIT
4023,2439,2025-05-20,,INR,5966475,0.101,ADJUSTMENT
4024,2440,2023-11-15,2025-07-23,USD,698480,0.186,MERIT
4025,2440,2025-07-24,,INR,740138,0.1302,HIRE
4026,2441,2023-06-05,2023-12-19,USD,2207498,0.0894,ADJUSTMENT
4027,2441,2023-12-20,2025-05-20,USD,2488624,0.1339,HIRE
4028,2441,2025-05-21,,USD,2237587,0.0978,MERIT
4029,2442,2021-05-05,2023-01-22,INR,1260051,0.1817,HIRE
4030,2442,2023-01-23,2023-12-05,INR,1173588,0.1167,PROMOTION
4031,2442,2023-12-06,,INR,944343,0.1479,HIRE
4032,2443,2022-11-01,,INR,898983,0.1755,MERIT
4033,2444,2019-01-05,,USD,6445084,0.0541,PROMOTION
4034,2445,2025-07-14,,USD,691640,0.1432,PROMOTION
4035,2446,2023-06-19,,USD,6142141,0.1138,MERIT
4036,2447,2025-06-13,,USD,3851666,0.1268,HIRE
4037,2448,2020-04-30,2020-06-19,USD,5265821,0.1142,PROMOTION
4038,2448,2020-06-20,2022-11-22,USD,6227863,0.1672,HIRE
4039,2448,2022-11-23,,USD,5557720,0.1913,PROMOTION
4040,2449,2020-04-20,,USD,390089,0.0305,MERIT
4041,2450,2017-04-02,2020-09-26,INR,3747643,0.034,ADJUSTMENT
4042,2450,2020-09-27,,USD,4207236,0.0049,PROMOTION
4043,2451,2025-02-17,,USD,2869280,0.0395,MERIT
4044,2452,2025-02-27,2025-03-23,INR,455906,0.1211,ADJUSTMENT
4045,2452,2025-03-24,,INR,325541,0.1369,ADJUSTMENT
4046,2453,2017-09-30,2019-02-13,INR,1311670,0.179,ADJUSTMENT
4047,2453,2019-02-14,,USD,1335610,0.1439,PROMOTION
4048,2454,2023-05-02,,INR,1175048,0.1696,PROMOTION
4049,2455,2024-08-03,2025-05-07,USD,4895592,0.0531,ADJUSTMENT
4050,2455,2025-05-08,,INR,6089893,0.1113,PROMOTION
4051,2456,2025-01-02,,INR,3237912,0.1338,MERIT
4052,2457,2023-12-27,2024-02-23,INR,4622162,0.1627,HIRE
4053,2457,2024-02-24,2024-04-10,USD,5857405,0.0008,HIRE
4054,2457,2024-04-11,,INR,6327028,0.1543,MERIT
4055,2458,2020-02-18,2023-09-09,USD,604226,0.016,HIRE
4056,2458,2023-09-10,,INR,709692,0.1845,ADJUSTMENT
4057,2459,2021-08-24,,INR,2226352,0.1814,PROMOTION
4058,2460,2024-10-31,2025-04-27,INR,858385,0.1371,MERIT
4059,2460,2025-04-28,,INR,864245,0.05,HIRE
4060,2461,2025-03-07,2025-04-08,USD,5956453,0.0797,PROMOTION
4061,2461,2025-04-09,,USD,4717654,0.0663,HIRE
4062,2462,2025-01-30,,USD,4921085,0.1148,ADJUSTMENT
4063,2463,2017-10-09,2023-10-13,INR,821737,0.0547,HIRE
4064,2463,2023-10-14,,INR,656972,0.171,PROMOTION
4065,2464,2019-08-11,,INR,2836654,0.1468,HIRE
4066,2465,2021-05-30,2022-05-21,USD,799391,0.1237,ADJUSTMENT
4067,2465,2022-05-22,2025-06-18,INR,864346,0.0955,MERIT
4068,2465,2025-06-19,,INR,728636,0.1955,HIRE
4069,2466,2019-05-14,2021-12-31,INR,1656349,0.0684,PROMOTION
4070,2466,2022-01-01,2025-07-23,USD,1615539,0.1224,ADJUSTMENT
4071,2466,2025-07-24,,INR,1827280,0.1494,HIRE
4072,2467,2022-10-11,2025-04-30,INR,3617028,0.0696,ADJUSTMENT
4073,2467,2025-05-01,,INR,3709244,0.107,MERIT
4074,2468,2023-02-11,2023-06-27,USD,3919774,0.025,HIRE
4075,2468,2023-06-28,2024-05-18,INR,3846351,0.15,MERIT
4076,2468,2024-05-19,,USD,4335768,0.1431,PROMOTION
4077,2469,2023-01-16,2024-06-11,INR,5400144,0.028,ADJUSTMENT
4078,2469,2024-06-12,2024-10-10,INR,4973860,0.179,PROMOTION
4079,2469,2024-10-11,,USD,6785757,0.1806,PROMOTION
4080,2470,2025-05-21,,INR,5298004,0.0862,HIRE
4081,2471,2024-03-15,,USD,769822,0.1242,PROMOTION
4082,2472,2023-04-08,2024-09-07,USD,1259543,0.1511,ADJUSTMENT
4083,2472,2024-09-08,,INR,1394876,0.1423,ADJUSTMENT
4084,2473,2025-02-09,2025-05-13,USD,390399,0.0705,MERIT
4085,2473,2025-05-14,2025-08-17,INR,513184,0.0247,PROMOTION
4086,2473,2025-08-18,,INR,528828,0.1646,ADJUSTMENT
4087,2474,2023-11-15,,INR,707961,0.1203,PROMOTION
4088,2475,2025-05-13,,INR,3004178,0.1888,ADJUSTMENT
4089,2476,2021-07-19,2022-07-17,INR,430828,0.1612,MERIT
4090,2476,2022-07-18,,USD,350346,0.0238,PROMOTION
4091,2477,2023-01-06,2024-01-06,INR,4528575,0.004,ADJUSTMENT
4092,2477,2024-01-07,2024-04-11,INR,6641086,0.1415,ADJUSTMENT
4093,2477,2024-04-12,,INR,5170122,0.1017,MERIT
4094,2478,2024-05-14,2025-05-07,INR,1216351,0.0105,MERIT
4095,2478,2025-05-08,,USD,1009291,0.1041,MERIT
4096,2479,2022-03-27,2023-05-31,USD,1419769,0.0284,ADJUSTMENT
4097,2479,2023-06-01,,USD,1526260,0.1083,PROMOTION
4098,2480,2021-10-20,,USD,435747,0.0464,HIRE
4099,2481,2019-04-17,2020-01-15,USD,3494909,0.089,ADJUSTMENT
4100,2481,2020-01-16,2023-12-29,INR,3486792,0.0233,PROMOTION
4101,2481,2023-12-30,,INR,3997913,0.0818,MERIT
4102,2482,2025-06-01,,INR,1384151,0.0823,HIRE
4103,2483,2025-08-02,2025-08-17,USD,1838281,0.1966,HIRE
4104,2483,2025-08-18,,INR,1953758,0.0056,PROMOTION
4105,2484,2024-11-22,,INR,2521613,0.1189,ADJUSTMENT
4106,2485,2022-08-02,2024-03-01,USD,395193,0.1288,MERIT
4107,2485,2024-03-02,,INR,599038,0.0195,MERIT
4108,2486,2018-06-19,2024-08-25,INR,6766254,0.0173,ADJUSTMENT
4109,2486,2024-08-26,,INR,6533248,0.1849,HIRE
4110,2487,2024-03-08,2025-01-14,INR,6636127,0.0755,MERIT
4111,2487,2025-01-15,,INR,5758434,0.1179,ADJUSTMENT
4112,2488,2021-11-17,,INR,6647726,0.1187,MERIT
4113,2489,2023-02-26,,INR,421926,0.0127,MERIT
4114,2490,2023-05-06,,USD,743551,0.1283,HIRE
4115,2491,2024-07-31,,USD,5681068,0.1138,PROMOTION
4116,2492,2022-07-17,,INR,555670,0.0019,ADJUSTMENT
4117,2493,2017-01-26,2023-06-10,INR,1510936,0.1351,MERIT
4118,2493,2023-06-11,2025-03-21,USD,1747614,0.0356,HIRE
4119,2493,2025-03-22,,INR,1562679,0.1875,HIRE
4120,2494,2019-04-23,2025-01-09,INR,1925387,0.069,ADJUSTMENT
4121,2494,2025-01-10,,USD,1570721,0.1934,HIRE
4122,2495,2024-11-09,2024-11-25,INR,852698,0.0549,MERIT
4123,2495,2024-11-26,,INR,628541,0.0261,HIRE
4124,2496,2024-11-28,2025-08-19,INR,383494,0.1737,MERIT
4125,2496,2025-08-20,,INR,405763,0.0935,HIRE
4126,2497,2021-05-19,,INR,632812,0.1418,MERIT
4127,2498,2018-10-17,2024-05-15,INR,880389,0.0346,PROMOTION
4128,2498,2024-05-16,,INR,784482,0.1313,PROMOTION
4129,2499,2018-10-04,2022-01-23,USD,4060961,0.1916,ADJUSTMENT
4130,2499,2022-01-24,,INR,3365419,0.199,ADJUSTMENT
4131,2500,2025-02-24,,USD,671596,0.1068,PROMOTION
4132,2501,2024-06-05,,INR,374654,0.1177,MERIT
4133,2502,2023-12-16,2024-02-10,INR,2270097,0.0788,ADJUSTMENT
4134,2502,2024-02-11,2025-08-18,USD,3086963,0.0726,ADJUSTMENT
4135,2502,2025-08-19,,USD,2692016,0.1934,MERIT
4136,2503,2020-07-08,,INR,4481621,0.0861,ADJUSTMENT
4137,2504,2022-01-30,,USD,1354479,0.1598,HIRE
4138,2505,2023-08-26,,INR,5165691,0.101,HIRE
4139,2506,2020-04-27,2022-03-06,INR,734453,0.1923,PROMOTION
4140,2506,2022-03-07,,INR,787308,0.0786,MERIT
4141,2507,2022-11-09,,USD,5521225,0.1331,MERIT
4142,2508,2024-09-09,2025-04-27,USD,570107,0.1774,MERIT
4143,2508,2025-04-28,,INR,476440,0.1926,PROMOTION
4144,2509,2025-06-21,2025-07-19,USD,2120427,0.0471,PROMOTION
4145,2509,2025-07-20,2025-07-25,INR,2095341,0.1196,ADJUSTMENT
4146,2509,2025-07-26,,INR,1539095,0.0828,HIRE
4147,2510,2025-06-15,,INR,580222,0.089,ADJUSTMENT
4148,2511,2017-06-14,2023-02-22,INR,1891008,0.1685,HIRE
4149,2511,2023-02-23,,INR,1839136,0.1605,HIRE
4150,2512,2023-06-27,,INR,2466978,0.0176,PROMOTION
4151,2513,2024-02-28,2024-05-01,INR,679187,0.1942,PROMOTION
4152,2513,2024-05-02,2024-10-12,INR,610435,0.128,ADJUSTMENT
4153,2513,2024-10-13,,USD,653492,0.0925,ADJUSTMENT
4154,2514,2016-12-20,2019-02-27,USD,3080709,0.08,PROMOTION
4155,2514,2019-02-28,2023-05-12,USD,3024952,0.1493,HIRE
4156,2514,2023-05-13,,USD,3027423,0.0826,MERIT
4157,2515,2022-11-20,2024-06-28,USD,6741324,0.1196,HIRE
4158,2515,2024-06-29,,USD,6224173,0.1934,HIRE
4159,2516,2017-02-27,2021-08-05,INR,467377,0.1731,ADJUSTMENT
4160,2516,2021-08-06,2024-04-21,INR,350159,0.0652,MERIT
4161,2516,2024-04-22,,INR,378626,0.0138,HIRE
4162,2517,2023-02-12,2023-09-14,INR,667145,0.0269,ADJUSTMENT
4163,2517,2023-09-15,2023-09-19,INR,789653,0.1147,MERIT
4164,2517,2023-09-20,,INR,875724,0.175,MERIT
4165,2518,2025-04-05,,USD,4404671,0.1863,MERIT
4166,2519,2022-05-25,,INR,1357367,0.0444,HIRE
4167,2520,2019-03-20,2020-05-29,INR,3905643,0.0646,HIRE
4168,2520,2020-05-30,2020-11-04,INR,3547926,0.0082,MERIT
4169,2520,2020-11-05,,INR,3551735,0.0966,PROMOTION
4170,2521,2023-06-24,2025-01-05,INR,420299,0.16,MERIT
4171,2521,2025-01-06,,USD,435971,0.0869,HIRE
4172,2522,2021-02-02,2024-09-05,INR,559329,0.035,ADJUSTMENT
4173,2522,2024-09-06,,INR,548218,0.1641,PROMOTION
4174,2523,2022-11-26,,INR,2069735,0.1824,ADJUSTMENT
4175,2524,2020-05-15,2024-07-12,USD,5877658,0.1641,ADJUSTMENT
4176,2524,2024-07-13,,INR,6662944,0.1792,MERIT
4177,2525,2025-06-13,2025-07-31,USD,1044789,0.0451,PROMOTION
4178,2525,2025-08-01,,INR,937554,0.0373,PROMOTION
4179,2526,2021-05-25,2024-01-06,USD,3580250,0.0285,HIRE
4180,2526,2024-01-07,,USD,4226497,0.0664,MERIT
4181,2527,2021-06-05,,INR,6402081,0.1064,MERIT
4182,2528,2022-07-26,2024-01-06,USD,6928322,0.1682,PROMOTION
4183,2528,2024-01-07,2024-12-10,USD,5628098,0.0527,PROMOTION
4184,2528,2024-12-11,,USD,4795224,0.1679,MERIT
4185,2529,2023-08-04,,INR,425052,0.1672,MERIT
4186,2530,2024-11-25,,INR,779194,0.0922,MERIT
4187,2531,2020-03-15,2020-11-01,INR,2017905,0.0504,MERIT
4188,2531,2020-11-02,2021-06-01,USD,1516472,0.1984,PROMOTION
4189,2531,2021-06-02,,INR,1730853,0.0984,HIRE
4190,2532,2023-09-29,2024-11-13,INR,960230,0.1386,ADJUSTMENT
4191,2532,2024-11-14,,USD,1014248,0.1582,PROMOTION
4192,2533,2024-07-11,,INR,4255093,0.1802,MERIT
4193,2534,2025-03-21,,USD,830997,0.1118,ADJUSTMENT
4194,2535,2021-11-26,2022-02-18,USD,1268993,0.174,PROMOTION
4195,2535,2022-02-19,,USD,914345,0.032,MERIT
4196,2536,2023-08-08,2025-07-02,INR,595067,0.0117,HIRE
4197,2536,2025-07-03,,INR,365369,0.0024,HIRE
4198,2537,2025-05-10,,INR,3265713,0.19,MERIT
4199,2538,2020-12-05,,INR,1326066,0.1088,ADJUSTMENT
4200,2539,2022-11-18,2023-10-25,USD,331530,0.1007,MERIT
4201,2539,2023-10-26,,USD,410098,0.1952,HIRE
4202,2540,2019-06-04,2021-03-18,INR,478384,0.1845,PROMOTION
4203,2540,2021-03-19,2023-02-15,USD,574886,0.102,HIRE
4204,2540,2023-02-16,,USD,585325,0.0179,PROMOTION
4205,2541,2019-07-01,,INR,5398892,0.1324,MERIT
4206,2542,2024-06-26,2024-12-30,INR,808967,0.187,ADJUSTMENT
4207,2542,2024-12-31,,USD,693610,0.1581,ADJUSTMENT
4208,2543,2019-10-31,,INR,6993958,0.1847,ADJUSTMENT
4209,2544,2022-06-21,,USD,4953433,0.0513,PROMOTION
4210,2545,2015-10-22,,INR,4536371,0.1492,MERIT
4211,2546,2018-11-21,2019-05-20,INR,430166,0.0121,ADJUSTMENT
4212,2546,2019-05-21,,INR,521229,0.0918,HIRE
4213,2547,2020-09-22,,INR,648164,0.0219,MERIT
4214,2548,2019-01-25,2023-01-30,INR,5427469,0.1681,MERIT
4215,2548,2023-01-31,2024-10-18,INR,6436329,0.1,HIRE
4216,2548,2024-10-19,,USD,4802426,0.11,HIRE
4217,2549,2024-12-06,2025-07-14,INR,505535,0.1278,HIRE
4218,2549,2025-07-15,,USD,325152,0.0559,MERIT
4219,2550,2021-03-10,2023-11-18,INR,439293,0.182,HIRE
4220,2550,2023-11-19,,USD,497577,0.067,ADJUSTMENT
4221,2551,2023-11-30,,USD,3702968,0.0604,HIRE
4222,2552,2019-01-03,2021-09-27,INR,517212,0.0374,HIRE
4223,2552,2021-09-28,,INR,556556,0.0285,MERIT
4224,2553,2023-11-16,2025-01-11,INR,2663140,0.1944,MERIT
4225,2553,2025-01-12,,USD,2764896,0.0304,PROMOTION
4226,2554,2019-06-05,2023-04-30,INR,2535037,0.064,ADJUSTMENT
4227,2554,2023-05-01,2025-01-06,INR,2886024,0.0174,MERIT
4228,2554,2025-01-07,,USD,2220696,0.1722,ADJUSTMENT
4229,2555,2022-09-02,2025-03-28,USD,5884203,0.0843,HIRE
4230,2555,2025-03-29,,USD,5242838,0.0944,HIRE
4231,2556,2021-11-30,2022-11-01,USD,2884329,0.0314,ADJUSTMENT
4232,2556,2022-11-02,,USD,3139762,0.0436,MERIT
4233,2557,2024-04-03,2024-06-15,USD,4265971,0.1547,PROMOTION
4234,2557,2024-06-16,,INR,3598891,0.1312,MERIT
4235,2558,2022-12-22,,USD,3081637,0.0059,MERIT
4236,2559,2022-11-29,2024-11-07,INR,781230,0.067,MERIT
4237,2559,2024-11-08,,INR,893582,0.0389,MERIT
4238,2560,2025-01-02,,INR,1642128,0.1013,ADJUSTMENT
4239,2561,2024-07-21,2024-12-16,INR,1284980,0.1893,MERIT
4240,2561,2024-12-17,2025-05-07,USD,964451,0.1808,ADJUSTMENT
4241,2561,2025-05-08,,INR,952250,0.0727,MERIT
4242,2562,2024-07-21,,USD,993145,0.184,ADJUSTMENT
4243,2563,2017-01-08,2018-12-18,USD,4462397,0.1795,HIRE
4244,2563,2018-12-19,,INR,3750844,0.1077,HIRE
4245,2564,2021-07-16,,INR,5386333,0.1279,ADJUSTMENT
4246,2565,2025-08-01,,USD,4603821,0.1061,PROMOTION
4247,2566,2023-03-31,,INR,2090052,0.0389,ADJUSTMENT
4248,2567,2025-07-06,2025-07-10,USD,3321595,0.1955,ADJUSTMENT
4249,2567,2025-07-11,,USD,4451733,0.0121,ADJUSTMENT
4250,2568,2018-05-26,,INR,3109285,0.1172,MERIT
4251,2569,2022-12-30,2024-08-09,INR,618311,0.0838,ADJUSTMENT
4252,2569,2024-08-10,2025-08-12,USD,875235,0.0018,MERIT
4253,2569,2025-08-13,,INR,766678,0.1497,HIRE
4254,2570,2021-01-08,2022-02-07,USD,590848,0.1479,ADJUSTMENT
4255,2570,2022-02-08,,USD,585893,0.1299,HIRE
4256,2571,2024-10-23,,USD,1544280,0.1384,HIRE
4257,2572,2021-11-15,2023-01-14,INR,701007,0.1782,ADJUSTMENT
4258,2572,2023-01-15,,USD,683643,0.0443,HIRE
4259,2573,2022-11-01,,INR,3185727,0.1678,HIRE
4260,2574,2024-08-31,,INR,3066919,0.0086,MERIT
4261,2575,2022-07-16,,USD,2712863,0.191,MERIT
4262,2576,2022-01-08,,USD,4995118,0.1018,ADJUSTMENT
4263,2577,2021-02-20,,USD,382299,0.1316,MERIT
4264,2578,2023-06-13,,USD,6411766,0.0764,MERIT
4265,2579,2025-06-17,2025-07-02,USD,963188,0.1531,HIRE
4266,2579,2025-07-03,,INR,975539,0.0014,MERIT
4267,2580,2019-03-09,2020-05-10,INR,1667553,0.0273,PROMOTION
4268,2580,2020-05-11,,INR,1805508,0.155,HIRE
4269,2581,2018-07-26,,INR,700624,0.0986,HIRE
4270,2582,2023-07-08,2023-12-10,USD,868481,0.1406,MERIT
4271,2582,2023-12-11,2024-04-04,USD,602168,0.0284,ADJUSTMENT
4272,2582,2024-04-05,,USD,670585,0.1792,MERIT
4273,2583,2023-08-19,2025-02-09,INR,374869,0.0373,PROMOTION
4274,2583,2025-02-10,,USD,565356,0.0004,MERIT
4275,2584,2023-08-21,,USD,1186428,0.0559,HIRE
4276,2585,2024-08-24,,USD,1086074,0.1606,MERIT
4277,2586,2021-05-13,,INR,2447617,0.1348,PROMOTION
4278,2587,2023-06-27,2025-02-22,USD,2584456,0.0161,PROMOTION
4279,2587,2025-02-23,,INR,2756429,0.0462,PROMOTION
4280,2588,2025-08-06,2025-08-07,INR,1247210,0.0949,PROMOTION
4281,2588,2025-08-08,,INR,1142632,0.1453,HIRE
4282,2589,2025-05-06,,INR,3984443,0.0713,HIRE
4283,2590,2018-04-11,,USD,2197272,0.1288,HIRE
4284,2591,2023-07-24,,INR,3614079,0.1689,ADJUSTMENT
4285,2592,2019-03-15,2022-12-19,INR,4196000,0.1271,ADJUSTMENT
4286,2592,2022-12-20,,INR,3677695,0.1678,ADJUSTMENT
4287,2593,2024-06-03,,USD,897793,0.1202,PROMOTION
4288,2594,2023-09-27,,INR,4329879,0.0564,MERIT
4289,2595,2019-06-27,,USD,2509758,0.119,MERIT
4290,2596,2023-12-16,,USD,6840552,0.1878,MERIT
4291,2597,2025-04-12,,USD,2019437,0.1292,HIRE
4292,2598,2025-07-01,2025-07-06,INR,867855,0.0136,MERIT
4293,2598,2025-07-07,2025-07-08,INR,721651,0.1244,PROMOTION
4294,2598,2025-07-09,,INR,883370,0.1216,ADJUSTMENT
4295,2599,2021-12-18,,USD,642754,0.0741,HIRE
4296,2600,2017-07-22,2024-02-05,USD,6702683,0.1779,HIRE
4297,2600,2024-02-06,,INR,5899576,0.0709,MERIT
4298,2601,2020-04-29,,INR,6125998,0.1548,HIRE
4299,2602,2021-07-23,,INR,3019175,0.0617,PROMOTION
4300,2603,2024-09-05,,INR,4800224,0.0353,PROMOTION
4301,2604,2024-07-05,2025-03-13,INR,3789751,0.112,HIRE
4302,2604,2025-03-14,,USD,3615329,0.1571,MERIT
4303,2605,2025-02-20,,INR,3663174,0.1123,PROMOTION
4304,2606,2020-07-12,2024-06-17,INR,634712,0.1732,PROMOTION
4305,2606,2024-06-18,,INR,705502,0.0091,PROMOTION
4306,2607,2023-07-11,2025-02-22,USD,4299005,0.0786,PROMOTION
4307,2607,2025-02-23,,INR,3823498,0.0003,HIRE
4308,2608,2021-12-11,2022-11-26,USD,6698850,0.0479,ADJUSTMENT
4309,2608,2022-11-27,,INR,5316390,0.023,HIRE
4310,2609,2015-08-24,2025-05-23,INR,6161445,0.1977,ADJUSTMENT
4311,2609,2025-05-24,,INR,6169436,0.1047,PROMOTION
4312,2610,2025-01-17,2025-04-25,INR,1332608,0.0753,ADJUSTMENT
4313,2610,2025-04-26,,INR,1191739,0.1355,HIRE
4314,2611,2018-06-01,,INR,6720709,0.0469,MERIT
4315,2612,2025-03-27,2025-07-16,USD,337190,0.1285,HIRE
4316,2612,2025-07-17,,USD,507521,0.0555,ADJUSTMENT
4317,2613,2025-05-03,,INR,436411,0.1469,PROMOTION
4318,2614,2025-08-17,,USD,1909811,0.1871,ADJUSTMENT
4319,2615,2025-07-29,2025-08-03,INR,1047392,0.098,HIRE
4320,2615,2025-08-04,,INR,943316,0.1932,MERIT
4321,2616,2024-05-20,2025-01-25,USD,2776368,0.1344,ADJUSTMENT
4322,2616,2025-01-26,,INR,2778533,0.1713,HIRE
4323,2617,2019-10-31,,INR,3352887,0.0976,PROMOTION
4324,2618,2025-01-23,2025-02-28,USD,476909,0.0213,PROMOTION
4325,2618,2025-03-01,,USD,473710,0.0912,MERIT
4326,2619,2022-11-03,2023-11-29,USD,1162357,0.0452,MERIT
4327,2619,2023-11-30,2024-09-19,USD,1377224,0.1179,PROMOTION
4328,2619,2024-09-20,,USD,1215697,0.1264,HIRE
4329,2620,2021-10-08,,USD,3501697,0.0618,HIRE
4330,2621,2022-09-07,,INR,806561,0.0837,ADJUSTMENT
4331,2622,2024-12-16,,USD,307334,0.0795,PROMOTION
4332,2623,2025-08-15,,INR,1116598,0.0975,MERIT
4333,2624,2022-05-22,,INR,336724,0.0046,PROMOTION
4334,2625,2022-06-09,2024-03-19,INR,769695,0.1674,PROMOTION
4335,2625,2024-03-20,,INR,696335,0.0347,MERIT
4336,2626,2025-03-18,,INR,873977,0.0056,HIRE
4337,2627,2019-04-17,2022-01-07,USD,605243,0.1884,ADJUSTMENT
4338,2627,2022-01-08,,INR,637624,0.0258,HIRE
4339,2628,2016-08-10,,USD,418227,0.1375,HIRE
4340,2629,2019-08-18,2025-03-26,USD,471466,0.1227,HIRE
4341,2629,2025-03-27,,INR,513982,0.1236,MERIT
4342,2630,2021-07-25,,INR,1277726,0.1411,ADJUSTMENT
4343,2631,2023-09-04,,USD,3678100,0.1987,HIRE
4344,2632,2022-01-14,,INR,2782617,0.1511,ADJUSTMENT
4345,2633,2023-08-10,,INR,1677308,0.075,PROMOTION
4346,2634,2021-10-18,,INR,2680390,0.1776,ADJUSTMENT
4347,2635,2020-04-30,,USD,518014,0.1534,HIRE
4348,2636,2017-07-21,2019-12-24,USD,2576223,0.184,PROMOTION
4349,2636,2019-12-25,2022-11-21,USD,2644841,0.0515,PROMOTION
4350,2636,2022-11-22,,USD,2955258,0.0858,MERIT
4351,2637,2020-06-29,2021-12-06,USD,579993,0.0246,HIRE
4352,2637,2021-12-07,,INR,353086,0.0056,MERIT
4353,2638,2024-08-18,2024-11-04,USD,587778,0.0291,HIRE
4354,2638,2024-11-05,,USD,377584,0.0113,PROMOTION
4355,2639,2024-07-28,,INR,316993,0.077,MERIT
4356,2640,2016-06-25,,INR,4173446,0.1259,HIRE
4357,2641,2020-08-14,,INR,5926667,0.0774,HIRE
4358,2642,2019-08-26,2025-06-28,INR,3757426,0.1597,MERIT
4359,2642,2025-06-29,,INR,3888371,0.1982,ADJUSTMENT
4360,2643,2024-04-09,2024-05-11,INR,2885165,0.1993,MERIT
4361,2643,2024-05-12,,INR,3141138,0.194,MERIT
4362,2644,2017-09-21,2025-01-26,USD,3092523,0.0192,ADJUSTMENT
4363,2644,2025-01-27,,INR,2705851,0.0196,HIRE
4364,2645,2024-05-06,,USD,856757,0.1669,PROMOTION
4365,2646,2024-03-13,,USD,1077474,0.1549,PROMOTION
4366,2647,2022-02-17,,INR,353515,0.122,ADJUSTMENT
4367,2648,2023-10-08,2025-01-21,INR,3681444,0.0643,HIRE
4368,2648,2025-01-22,,INR,3298263,0.1069,HIRE
4369,2649,2025-02-22,,INR,2924104,0.1091,HIRE
4370,2650,2021-08-27,2024-08-27,INR,3589442,0.0967,PROMOTION
4371,2650,2024-08-28,,INR,3917294,0.0593,HIRE
4372,2651,2025-07-09,,INR,1671218,0.1263,HIRE
4373,2652,2022-01-05,2022-01-20,USD,2071835,0.011,ADJUSTMENT
4374,2652,2022-01-21,2023-03-25,INR,1662667,0.0407,ADJUSTMENT
4375,2652,2023-03-26,,INR,1984207,0.0894,HIRE
4376,2653,2022-09-15,2023-04-13,USD,760743,0.0398,HIRE
4377,2653,2023-04-14,,USD,748348,0.0353,HIRE
4378,2654,2019-04-24,2021-02-22,USD,4081428,0.0741,ADJUSTMENT
4379,2654,2021-02-23,,USD,4181051,0.0803,ADJUSTMENT
4380,2655,2021-01-09,2023-11-23,USD,3984888,0.1121,HIRE
4381,2655,2023-11-24,,USD,3354178,0.1234,PROMOTION
4382,2656,2021-07-23,2023-01-22,INR,5061450,0.0102,MERIT
4383,2656,2023-01-23,,USD,5460514,0.0078,MERIT
4384,2657,2025-03-17,2025-03-22,INR,3471179,0.1745,PROMOTION
4385,2657,2025-03-23,,USD,4211009,0.0161,ADJUSTMENT
4386,2658,2025-07-25,2025-08-18,INR,4210744,0.1882,MERIT
4387,2658,2025-08-19,,USD,3782272,0.1877,MERIT
4388,2659,2020-02-21,,INR,6824614,0.024,HIRE
4389,2660,2023-09-19,2024-08-31,USD,706491,0.0208,HIRE
4390,2660,2024-09-01,,INR,649689,0.1685,MERIT
4391,2661,2024-02-15,,INR,1700554,0.1937,HIRE
4392,2662,2024-06-04,,USD,3226475,0.1543,MERIT
4393,2663,2022-07-27,2024-05-26,INR,430053,0.1713,PROMOTION
4394,2663,2024-05-27,2024-09-18,USD,533789,0.1808,HIRE
4395,2663,2024-09-19,,INR,590009,0.038,PROMOTION
4396,2664,2025-05-30,2025-07-12,INR,1045046,0.0596,MERIT
4397,2664,2025-07-13,,INR,1162386,0.1648,PROMOTION
4398,2665,2019-02-23,,INR,715466,0.0474,HIRE
4399,2666,2018-12-27,,INR,899949,0.0678,HIRE
4400,2667,2022-01-02,,USD,1371353,0.178,MERIT
4401,2668,2022-07-21,,USD,2151439,0.1599,HIRE
4402,2669,2015-11-28,2021-11-20,INR,3654922,0.1678,ADJUSTMENT
4403,2669,2021-11-21,,INR,4235214,0.1007,MERIT
4404,2670,2020-12-12,,USD,328045,0.0936,MERIT
4405,2671,2016-09-13,2018-01-31,INR,3770067,0.0799,PROMOTION
4406,2671,2018-02-01,2025-07-10,INR,3343757,0.0805,PROMOTION
4407,2671,2025-07-11,,INR,3278492,0.0821,PROMOTION
4408,2672,2025-08-22,,INR,6512307,0.0855,MERIT
4409,2673,2025-07-17,2025-07-20,INR,984423,0.1738,MERIT
4410,2673,2025-07-21,,USD,1169709,0.1776,PROMOTION
4411,2674,2018-01-20,2023-10-22,INR,3880684,0.1624,PROMOTION
4412,2674,2023-10-23,,INR,4190413,0.0818,HIRE
4413,2675,2024-08-02,2024-12-10,INR,5906390,0.0434,ADJUSTMENT
4414,2675,2024-12-11,,INR,5038171,0.1393,MERIT
4415,2676,2022-02-26,2023-11-03,INR,395017,0.0941,PROMOTION
4416,2676,2023-11-04,,INR,558742,0.0122,PROMOTION
4417,2677,2019-02-03,,USD,1210583,0.1187,MERIT
4418,2678,2020-05-23,,INR,2873105,0.166,ADJUSTMENT
4419,2679,2022-03-03,2024-09-30,USD,1186142,0.0531,PROMOTION
4420,2679,2024-10-01,,INR,1073646,0.0158,ADJUSTMENT
4421,2680,2019-09-07,2021-06-04,USD,2654462,0.0629,PROMOTION
4422,2680,2021-06-05,2023-12-14,USD,2368012,0.0632,ADJUSTMENT
4423,2680,2023-12-15,,INR,2782608,0.0632,HIRE
4424,2681,2022-02-12,,INR,684100,0.0198,ADJUSTMENT
4425,2682,2023-10-25,2024-10-26,USD,303125,0.1664,MERIT
4426,2682,2024-10-27,,INR,485240,0.137,MERIT
4427,2683,2021-03-03,,INR,479026,0.0319,PROMOTION
4428,2684,2023-07-14,2024-03-13,USD,1972901,0.1185,ADJUSTMENT
4429,2684,2024-03-14,,INR,1745201,0.0601,PROMOTION
4430,2685,2020-07-13,2023-04-27,INR,2354565,0.1368,HIRE
4431,2685,2023-04-28,,USD,3141647,0.119,ADJUSTMENT
4432,2686,2022-05-27,2024-05-30,INR,3904300,0.0757,MERIT
4433,2686,2024-05-31,,USD,4011002,0.0538,ADJUSTMENT
4434,2687,2021-10-14,,INR,1299146,0.023,MERIT
4435,2688,2024-10-12,2024-12-22,INR,4764798,0.1326,HIRE
4436,2688,2024-12-23,,INR,6491352,0.0489,ADJUSTMENT
4437,2689,2024-07-17,2025-02-28,USD,1157438,0.1184,ADJUSTMENT
4438,2689,2025-03-01,2025-04-15,USD,1165290,0.0965,PROMOTION
4439,2689,2025-04-16,,INR,1334632,0.1369,HIRE
4440,2690,2025-06-27,,INR,676227,0.1398,ADJUSTMENT
4441,2691,2024-03-26,,USD,1856912,0.0535,MERIT
4442,2692,2025-02-18,,USD,5143171,0.1503,ADJUSTMENT
4443,2693,2020-12-19,2021-09-06,INR,6120875,0.1431,HIRE
4444,2693,2021-09-07,,USD,5607557,0.1231,HIRE
4445,2694,2024-02-24,2025-01-17,INR,1583452,0.082,HIRE
4446,2694,2025-01-18,2025-07-16,USD,1475119,0.1915,ADJUSTMENT
4447,2694,2025-07-17,,INR,1426416,0.004,PROMOTION
4448,2695,2023-10-30,,USD,2007962,0.1957,ADJUSTMENT
4449,2696,2022-07-25,,INR,1512699,0.0617,HIRE
4450,2697,2022-03-24,2025-04-13,USD,5928475,0.1393,PROMOTION
4451,2697,2025-04-14,2025-05-25,USD,6889927,0.0439,HIRE
4452,2697,2025-05-26,,USD,6873661,0.1915,HIRE
4453,2698,2017-11-14,,INR,571693,0.0887,PROMOTION
4454,2699,2020-01-11,,USD,1926796,0.1131,MERIT
4455,2700,2019-08-06,,INR,2882558,0.003,PROMOTION
4456,2701,2023-12-25,2025-03-19,USD,6282635,0.1989,HIRE
4457,2701,2025-03-20,2025-03-23,USD,6035078,0.1509,HIRE
4458,2701,2025-03-24,,INR,6191289,0.0469,HIRE
4459,2702,2023-11-04,2024-11-21,USD,6444219,0.1331,HIRE
4460,2702,2024-11-22,2025-05-11,INR,6256770,0.138,MERIT
4461,2702,2025-05-12,,INR,5648469,0.1222,PROMOTION
4462,2703,2020-07-26,,USD,1455990,0.0131,PROMOTION
4463,2704,2019-08-31,,INR,730752,0.1798,HIRE
4464,2705,2022-03-24,2024-02-07,USD,663844,0.1993,HIRE
4465,2705,2024-02-08,,USD,749802,0.0937,ADJUSTMENT
4466,2706,2016-04-18,2022-08-11,INR,3621602,0.1058,HIRE
4467,2706,2022-08-12,2024-05-14,INR,3817301,0.021,ADJUSTMENT
4468,2706,2024-05-15,,INR,4439592,0.0316,PROMOTION
4469,2707,2024-11-27,2025-03-31,INR,618114,0.0689,MERIT
4470,2707,2025-04-01,,USD,618809,0.1629,ADJUSTMENT
4471,2708,2019-09-24,2023-05-11,USD,411451,0.1325,ADJUSTMENT
4472,2708,2023-05-12,,USD,413641,0.0969,ADJUSTMENT
4473,2709,2017-10-11,2020-06-26,USD,3122380,0.0246,HIRE
4474,2709,2020-06-27,,USD,2865856,0.1994,HIRE
4475,2710,2021-08-11,,INR,1044274,0.1926,PROMOTION
4476,2711,2023-01-04,,INR,727341,0.1686,ADJUSTMENT
4477,2712,2023-09-17,2025-01-09,USD,5527901,0.0854,HIRE
4478,2712,2025-01-10,,INR,6965970,0.1115,HIRE
4479,2713,2023-12-05,,USD,334312,0.0488,ADJUSTMENT
4480,2714,2020-08-18,,USD,4387811,0.1929,ADJUSTMENT
4481,2715,2023-10-26,,INR,5262448,0.0006,HIRE
4482,2716,2016-07-09,2021-05-06,USD,525689,0.1725,HIRE
4483,2716,2021-05-07,2021-07-27,INR,461597,0.0025,ADJUSTMENT
4484,2716,2021-07-28,,USD,483731,0.004,MERIT
4485,2717,2020-04-06,2020-07-09,INR,1241927,0.1411,PROMOTION
4486,2717,2020-07-10,,INR,1360380,0.0049,MERIT
4487,2718,2018-10-30,2024-04-02,INR,998370,0.1537,MERIT
4488,2718,2024-04-03,2024-07-19,USD,1035662,0.0493,ADJUSTMENT
4489,2718,2024-07-20,,INR,1016546,0.0397,PROMOTION
4490,2719,2024-06-22,2024-08-31,USD,3917671,0.0262,HIRE
4491,2719,2024-09-01,2025-03-01,USD,4382935,0.1423,PROMOTION
4492,2719,2025-03-02,,USD,3501821,0.074,HIRE
4493,2720,2023-06-16,,USD,4620277,0.0771,HIRE
4494,2721,2024-04-27,,USD,1613040,0.018,PROMOTION
4495,2722,2024-02-10,,USD,792541,0.1634,MERIT
4496,2723,2023-05-31,,USD,2792791,0.0682,PROMOTION
4497,2724,2024-06-08,2025-01-20,INR,912426,0.1685,MERIT
4498,2724,2025-01-21,,INR,1111135,0.1169,MERIT
4499,2725,2023-08-24,,INR,1385192,0.1802,HIRE
4500,2726,2025-01-18,,INR,845710,0.0181,HIRE
4501,2727,2019-04-14,2023-01-29,USD,766186,0.0487,MERIT
4502,2727,2023-01-30,,INR,760053,0.1249,ADJUSTMENT
4503,2728,2021-01-08,2021-04-17,USD,3351089,0.0854,HIRE
4504,2728,2021-04-18,,INR,4476504,0.0768,HIRE
4505,2729,2022-06-01,,INR,3869744,0.1865,MERIT
4506,2730,2024-12-16,,INR,5447340,0.0679,MERIT
4507,2731,2024-06-12,2025-05-01,USD,553829,0.0663,HIRE
4508,2731,2025-05-02,,USD,464049,0.0283,PROMOTION
4509,2732,2024-06-24,,USD,1240771,0.0153,MERIT
4510,2733,2024-06-30,2024-10-06,INR,3660949,0.0802,PROMOTION
4511,2733,2024-10-07,,INR,3996847,0.1667,ADJUSTMENT
4512,2734,2021-03-15,2024-07-11,INR,2834892,0.1067,ADJUSTMENT
4513,2734,2024-07-12,2024-07-18,USD,2619335,0.1854,PROMOTION
4514,2734,2024-07-19,,USD,2903627,0.1474,ADJUSTMENT
4515,2735,2023-10-17,,USD,615784,0.1965,MERIT
4516,2736,2018-04-24,,INR,992336,0.0127,MERIT
4517,2737,2021-02-20,,INR,371916,0.0619,ADJUSTMENT
4518,2738,2024-03-10,,USD,414571,0.054,HIRE
4519,2739,2025-08-09,2025-08-17,USD,1004027,0.0643,PROMOTION
4520,2739,2025-08-18,,INR,1030502,0.0074,PROMOTION
4521,2740,2023-01-14,,INR,419853,0.1792,PROMOTION
4522,2741,2022-11-17,2023-06-09,INR,2243854,0.142,MERIT
4523,2741,2023-06-10,2023-12-06,INR,2742154,0.0582,MERIT
4524,2741,2023-12-07,,INR,2233475,0.0073,PROMOTION
4525,2742,2020-09-04,2023-04-17,USD,1635038,0.1585,ADJUSTMENT
4526,2742,2023-04-18,,INR,1772593,0.1907,PROMOTION
4527,2743,2025-05-17,2025-08-09,USD,6945979,0.165,HIRE
4528,2743,2025-08-10,,USD,4874757,0.0603,HIRE
4529,2744,2024-08-27,,INR,2689135,0.1578,HIRE
4530,2745,2022-12-13,2025-05-17,INR,670172,0.0111,PROMOTION
4531,2745,2025-05-18,,USD,889534,0.1241,ADJUSTMENT
4532,2746,2018-09-30,2020-03-18,USD,702848,0.1413,HIRE
4533,2746,2020-03-19,,INR,873472,0.184,ADJUSTMENT
4534,2747,2023-10-05,2024-12-11,USD,5642464,0.1333,HIRE
4535,2747,2024-12-12,,INR,6532665,0.1068,PROMOTION
4536,2748,2024-08-08,2025-03-08,USD,1545428,0.1181,MERIT
4537,2748,2025-03-09,,INR,1963509,0.023,ADJUSTMENT
4538,2749,2025-01-21,2025-02-12,INR,5420855,0.1355,ADJUSTMENT
4539,2749,2025-02-13,,USD,4552378,0.1763,HIRE
4540,2750,2021-02-17,2021-11-20,INR,873383,0.1756,HIRE
4541,2750,2021-11-21,,INR,753232,0.1221,HIRE
4542,2751,2023-07-14,2024-08-28,USD,4089090,0.0998,PROMOTION
4543,2751,2024-08-29,,INR,4194766,0.0861,MERIT
4544,2752,2021-03-28,2021-05-21,INR,3065323,0.0323,HIRE
4545,2752,2021-05-22,2023-06-15,USD,2444311,0.0782,MERIT
4546,2752,2023-06-16,,INR,2329287,0.0632,PROMOTION
4547,2753,2025-03-29,2025-05-11,INR,3943192,0.0187,PROMOTION
4548,2753,2025-05-12,,USD,3558988,0.0863,MERIT
4549,2754,2022-11-27,2023-07-07,USD,3638151,0.1468,ADJUSTMENT
4550,2754,2023-07-08,2023-11-08,INR,3782316,0.1536,MERIT
4551,2754,2023-11-09,,INR,4273646,0.0176,HIRE
4552,2755,2019-09-20,2020-10-10,INR,1766251,0.0429,PROMOTION
4553,2755,2020-10-11,,USD,2067343,0.1216,MERIT
4554,2756,2016-12-15,2021-03-17,INR,2157575,0.0635,PROMOTION
4555,2756,2021-03-18,2022-11-01,USD,1912356,0.1935,MERIT
4556,2756,2022-11-02,,INR,1751082,0.0146,ADJUSTMENT
4557,2757,2022-11-10,2023-05-05,USD,6320499,0.126,ADJUSTMENT
4558,2757,2023-05-06,2024-11-10,INR,4879342,0.0839,PROMOTION
4559,2757,2024-11-11,,USD,6378728,0.1518,PROMOTION
4560,2758,2020-05-15,,INR,3323637,0.0274,HIRE
4561,2759,2022-05-30,2024-10-22,INR,418912,0.1043,MERIT
4562,2759,2024-10-23,,USD,531101,0.0917,HIRE
4563,2760,2024-07-16,2024-11-06,USD,494698,0.1592,ADJUSTMENT
4564,2760,2024-11-07,,USD,574052,0.0871,MERIT
4565,2761,2025-04-18,2025-04-19,INR,597864,0.1102,ADJUSTMENT
4566,2761,2025-04-20,2025-05-11,INR,548400,0.1859,HIRE
4567,2761,2025-05-12,,INR,501792,0.042,MERIT
4568,2762,2025-01-01,2025-01-02,USD,302808,0.005,PROMOTION
4569,2762,2025-01-03,,USD,365035,0.0578,ADJUSTMENT
4570,2763,2020-03-23,2025-08-17,INR,2699993,0.145,MERIT
4571,2763,2025-08-18,,INR,2693504,0.0968,PROMOTION
4572,2764,2020-01-02,2020-07-21,USD,434451,0.1366,PROMOTION
4573,2764,2020-07-22,,USD,386048,0.1906,ADJUSTMENT
4574,2765,2022-08-13,2024-09-15,INR,5341189,0.0735,PROMOTION
4575,2765,2024-09-16,2025-06-01,USD,5897198,0.1494,ADJUSTMENT
4576,2765,2025-06-02,,USD,5943393,0.0729,ADJUSTMENT
4577,2766,2020-12-05,,INR,2172171,0.1872,HIRE
4578,2767,2025-07-04,2025-08-04,USD,327980,0.0844,MERIT
4579,2767,2025-08-05,,USD,530288,0.1296,ADJUSTMENT
4580,2768,2020-03-22,2023-08-06,INR,1235733,0.0528,PROMOTION
4581,2768,2023-08-07,,USD,1236843,0.1161,ADJUSTMENT
4582,2769,2024-12-25,2025-07-30,USD,5504917,0.0829,MERIT
4583,2769,2025-07-31,2025-08-05,INR,5735153,0.1294,PROMOTION
4584,2769,2025-08-06,,USD,4698771,0.1806,HIRE
4585,2770,2022-04-10,2025-06-02,INR,738103,0.0451,PROMOTION
4586,2770,2025-06-03,,USD,841593,0.1536,PROMOTION
4587,2771,2023-11-02,2024-09-28,USD,2365835,0.0641,PROMOTION
4588,2771,2024-09-29,2024-10-13,USD,2422889,0.1869,PROMOTION
4589,2771,2024-10-14,,USD,3077606,0.0703,PROMOTION
4590,2772,2022-09-24,,USD,692140,0.1193,PROMOTION
4591,2773,2017-11-17,2018-06-06,INR,819180,0.0659,PROMOTION
4592,2773,2018-06-07,,USD,881340,0.103,HIRE
4593,2774,2021-06-08,,USD,1404394,0.1798,HIRE
4594,2775,2021-11-26,,USD,426607,0.1129,PROMOTION
4595,2776,2023-01-04,,INR,1447910,0.1461,ADJUSTMENT
4596,2777,2022-03-12,2024-03-27,INR,4324348,0.031,ADJUSTMENT
4597,2777,2024-03-28,2024-06-16,INR,3409162,0.1146,MERIT
4598,2777,2024-06-17,,USD,3370736,0.1685,PROMOTION
4599,2778,2025-03-09,2025-07-06,USD,1656783,0.0329,HIRE
4600,2778,2025-07-07,2025-08-17,USD,1669992,0.0633,MERIT
4601,2778,2025-08-18,,USD,1891356,0.0468,ADJUSTMENT
4602,2779,2025-05-05,,USD,541006,0.1453,MERIT
4603,2780,2023-02-25,,INR,2295026,0.0115,MERIT
4604,2781,2019-03-06,2024-07-05,USD,411059,0.12,ADJUSTMENT
4605,2781,2024-07-06,,INR,592362,0.188,PROMOTION
4606,2782,2025-01-18,,USD,752625,0.1895,ADJUSTMENT
4607,2783,2018-11-16,,USD,605201,0.1926,PROMOTION
4608,2784,2023-12-03,,USD,6278189,0.1471,MERIT
4609,2785,2017-09-05,2025-05-03,INR,6054131,0.0082,PROMOTION
4610,2785,2025-05-04,,USD,5534106,0.0716,MERIT
4611,2786,2018-08-23,2023-12-05,INR,5402139,0.0103,MERIT
4612,2786,2023-12-06,,INR,5609658,0.1627,MERIT
4613,2787,2023-03-25,2024-07-28,USD,558692,0.0797,MERIT
4614,2787,2024-07-29,,USD,382680,0.1412,HIRE
4615,2788,2019-09-15,,USD,784335,0.0308,ADJUSTMENT
4616,2789,2023-04-11,,USD,767890,0.1654,PROMOTION
4617,2790,2016-10-26,2023-10-09,INR,933312,0.1888,PROMOTION
4618,2790,2023-10-10,,INR,1298980,0.0456,PROMOTION
4619,2791,2021-09-26,2021-12-27,INR,5428694,0.1443,HIRE
4620,2791,2021-12-28,,INR,6560929,0.1321,ADJUSTMENT
4621,2792,2024-06-30,,INR,3398582,0.0227,HIRE
4622,2793,2019-11-08,2020-04-28,USD,752970,0.1859,ADJUSTMENT
4623,2793,2020-04-29,2021-04-13,INR,687579,0.131,HIRE
4624,2793,2021-04-14,,INR,792778,0.0627,MERIT
4625,2794,2024-08-07,2024-10-02,USD,3636833,0.0789,ADJUSTMENT
4626,2794,2024-10-03,2024-10-17,INR,3871226,0.1389,ADJUSTMENT
4627,2794,2024-10-18,,INR,3366288,0.0754,HIRE
4628,2795,2025-07-26,,INR,2967437,0.1161,ADJUSTMENT
4629,2796,2017-11-29,2019-01-27,USD,632913,0.1731,MERIT
4630,2796,2019-01-28,2019-08-29,INR,837791,0.0022,PROMOTION
4631,2796,2019-08-30,,USD,643948,0.1842,HIRE
4632,2797,2022-11-14,2025-02-06,USD,800650,0.1948,HIRE
4633,2797,2025-02-07,2025-02-20,INR,683182,0.0632,ADJUSTMENT
4634,2797,2025-02-21,,USD,769257,0.0885,ADJUSTMENT
4635,2798,2021-09-26,2025-01-10,INR,2283286,0.1304,HIRE
4636,2798,2025-01-11,,USD,2894242,0.0516,ADJUSTMENT
4637,2799,2025-04-24,,INR,992111,0.0861,HIRE
4638,2800,2024-01-22,2025-05-08,USD,5455360,0.1396,MERIT
4639,2800,2025-05-09,,USD,5426183,0.1277,PROMOTION
4640,2801,2024-03-26,,INR,1368187,0.0852,PROMOTION
4641,2802,2022-08-16,,USD,4099960,0.1517,PROMOTION
4642,2803,2017-01-16,,USD,3187700,0.1571,ADJUSTMENT
4643,2804,2017-09-23,2019-01-13,USD,1542216,0.1339,PROMOTION
4644,2804,2019-01-14,2019-01-27,USD,1542542,0.0475,HIRE
4645,2804,2019-01-28,,INR,1525793,0.0099,PROMOTION
4646,2805,2020-09-24,,INR,650694,0.1891,HIRE
4647,2806,2018-02-12,2018-12-22,INR,4492180,0.1917,PROMOTION
4648,2806,2018-12-23,2019-06-03,INR,3238108,0.1494,HIRE
4649,2806,2019-06-04,,USD,4043523,0.077,ADJUSTMENT
4650,2807,2020-08-19,,USD,794811,0.0832,MERIT
4651,2808,2022-11-03,,USD,966169,0.1076,MERIT
4652,2809,2020-12-23,2022-09-01,INR,1003806,0.1369,MERIT
4653,2809,2022-09-02,,INR,955005,0.1484,MERIT
4654,2810,2024-01-27,2025-03-09,USD,3866458,0.0737,ADJUSTMENT
4655,2810,2025-03-10,,USD,4020781,0.0154,HIRE
4656,2811,2022-09-14,,INR,4528131,0.1001,HIRE
4657,2812,2023-04-29,,INR,2804601,0.1608,HIRE
4658,2813,2019-03-13,,USD,3849237,0.161,MERIT
4659,2814,2024-01-27,2024-07-24,INR,1298243,0.1026,MERIT
4660,2814,2024-07-25,,USD,900533,0.0039,ADJUSTMENT
4661,2815,2023-03-07,2024-08-11,INR,961019,0.0091,PROMOTION
4662,2815,2024-08-12,,INR,928230,0.086,HIRE
4663,2816,2021-11-24,2022-07-16,INR,4278381,0.0181,PROMOTION
4664,2816,2022-07-17,2024-07-16,INR,4218199,0.1562,PROMOTION
4665,2816,2024-07-17,,INR,4089619,0.1811,ADJUSTMENT
4666,2817,2023-07-22,,INR,3195020,0.1212,MERIT
4667,2818,2024-02-05,2025-02-14,USD,544393,0.0379,MERIT
4668,2818,2025-02-15,,INR,334191,0.1184,ADJUSTMENT
4669,2819,2025-07-12,2025-08-07,USD,870014,0.1812,HIRE
4670,2819,2025-08-08,,USD,765029,0.1898,PROMOTION
4671,2820,2019-05-28,2022-01-26,USD,337163,0.1413,MERIT
4672,2820,2022-01-27,2023-10-15,USD,366823,0.1802,PROMOTION
4673,2820,2023-10-16,,INR,494277,0.1396,ADJUSTMENT
4674,2821,2019-03-16,,INR,1259913,0.0736,ADJUSTMENT
4675,2822,2019-08-15,2021-03-02,INR,484512,0.1607,ADJUSTMENT
4676,2822,2021-03-03,2024-07-06,INR,519841,0.1411,ADJUSTMENT
4677,2822,2024-07-07,,USD,565221,0.1512,PROMOTION
4678,2823,2020-02-18,,INR,2155025,0.0952,HIRE
4679,2824,2024-12-16,2025-01-18,INR,2298282,0.1655,ADJUSTMENT
4680,2824,2025-01-19,2025-01-31,USD,2926202,0.108,ADJUSTMENT
4681,2824,2025-02-01,,INR,2967131,0.0681,HIRE
4682,2825,2022-05-22,2022-12-02,INR,4412549,0.0746,PROMOTION
4683,2825,2022-12-03,2025-03-17,INR,3765383,0.0313,MERIT
4684,2825,2025-03-18,,USD,3837488,0.11,MERIT
4685,2826,2021-09-12,2022-08-27,INR,3206990,0.0141,PROMOTION
4686,2826,2022-08-28,2024-11-13,USD,3441884,0.0427,MERIT
4687,2826,2024-11-14,,INR,3639897,0.1415,HIRE
4688,2827,2017-06-30,2021-12-24,USD,312601,0.0968,ADJUSTMENT
4689,2827,2021-12-25,2025-03-02,INR,349180,0.1886,HIRE
4690,2827,2025-03-03,,INR,467399,0.101,HIRE
4691,2828,2021-04-28,2021-05-18,INR,5051733,0.1094,HIRE
4692,2828,2021-05-19,2023-10-20,INR,6360651,0.0443,HIRE
4693,2828,2023-10-21,,INR,5498254,0.1125,HIRE
4694,2829,2024-10-14,,USD,3932360,0.0801,HIRE
4695,2830,2020-02-27,2023-07-23,USD,339691,0.145,HIRE
4696,2830,2023-07-24,2025-02-01,USD,481070,0.1389,PROMOTION
4697,2830,2025-02-02,,USD,481678,0.1214,HIRE
4698,2831,2022-01-05,,INR,1862074,0.0482,HIRE
4699,2832,2025-07-21,,INR,601629,0.1969,HIRE
4700,2833,2019-07-20,2020-04-24,USD,4004978,0.1436,MERIT
4701,2833,2020-04-25,2020-12-09,INR,3430156,0.1742,HIRE
4702,2833,2020-12-10,,USD,4309401,0.1155,ADJUSTMENT
4703,2834,2021-03-30,2023-09-29,USD,2968848,0.0213,PROMOTION
4704,2834,2023-09-30,,INR,2203658,0.0209,HIRE
4705,2835,2022-04-14,2022-10-07,INR,836638,0.1769,MERIT
4706,2835,2022-10-08,,INR,617157,0.0627,PROMOTION
4707,2836,2025-07-20,,USD,6205736,0.0335,MERIT
4708,2837,2025-06-28,,INR,578447,0.0958,PROMOTION
4709,2838,2025-05-12,2025-08-18,INR,6088724,0.0359,PROMOTION
4710,2838,2025-08-19,,INR,5263297,0.0163,PROMOTION
4711,2839,2020-01-19,2022-06-19,USD,849441,0.0645,PROMOTION
4712,2839,2022-06-20,2023-05-22,USD,819727,0.1961,MERIT
4713,2839,2023-05-23,,INR,625129,0.0852,MERIT
4714,2840,2021-04-12,2022-08-09,INR,713426,0.1826,HIRE
4715,2840,2022-08-10,2025-03-26,INR,847735,0.167,HIRE
4716,2840,2025-03-27,,USD,636094,0.1063,MERIT
4717,2841,2022-03-26,2024-11-05,INR,2115757,0.0224,PROMOTION
4718,2841,2024-11-06,2024-11-26,USD,2140990,0.1955,MERIT
4719,2841,2024-11-27,,INR,1473008,0.0629,ADJUSTMENT
4720,2842,2023-01-02,,USD,4158053,0.1686,PROMOTION
4721,2843,2025-08-12,,INR,973055,0.0886,ADJUSTMENT
4722,2844,2025-06-07,,INR,4072316,0.0254,PROMOTION
4723,2845,2018-02-27,,INR,638554,0.0338,HIRE
4724,2846,2023-06-25,,USD,4703897,0.1858,PROMOTION
4725,2847,2022-12-08,,USD,1884441,0.0813,ADJUSTMENT
4726,2848,2024-07-06,,INR,516701,0.1423,HIRE
4727,2849,2025-07-11,,USD,847475,0.017,MERIT
4728,2850,2018-01-08,2021-04-13,USD,3217639,0.0665,HIRE
4729,2850,2021-04-14,,USD,4396895,0.1547,ADJUSTMENT
4730,2851,2024-01-09,,INR,721419,0.1346,ADJUSTMENT
4731,2852,2023-08-05,2024-10-09,INR,1130385,0.0617,PROMOTION
4732,2852,2024-10-10,,USD,1212824,0.168,MERIT
4733,2853,2021-11-22,,INR,893236,0.0997,ADJUSTMENT
4734,2854,2025-04-20,,USD,5187565,0.1354,ADJUSTMENT
4735,2855,2022-01-15,,INR,6394599,0.0385,ADJUSTMENT
4736,2856,2019-11-10,,USD,6932620,0.0556,HIRE
4737,2857,2021-04-20,2023-12-12,INR,3334334,0.1724,MERIT
4738,2857,2023-12-13,2024-10-19,INR,4156837,0.0361,MERIT
4739,2857,2024-10-20,,USD,3933736,0.0837,MERIT
4740,2858,2025-07-15,2025-08-01,INR,4038781,0.0958,PROMOTION
4741,2858,2025-08-02,2025-08-17,INR,4465368,0.085,PROMOTION
4742,2858,2025-08-18,,USD,4355869,0.0677,ADJUSTMENT
4743,2859,2017-11-08,,USD,3808742,0.1378,PROMOTION
4744,2860,2025-06-30,2025-07-15,USD,336020,0.0522,MERIT
4745,2860,2025-07-16,2025-08-15,INR,369282,0.0275,MERIT
4746,2860,2025-08-16,,INR,486154,0.1053,ADJUSTMENT
4747,2861,2024-08-22,2024-11-03,INR,3055248,0.1452,MERIT
4748,2861,2024-11-04,2025-01-02,INR,2422783,0.1288,ADJUSTMENT
4749,2861,2025-01-03,,USD,2893508,0.1319,ADJUSTMENT
4750,2862,2020-09-04,,USD,4629255,0.1154,MERIT
4751,2863,2020-07-06,2021-10-16,USD,485923,0.1926,MERIT
4752,2863,2021-10-17,2024-02-17,USD,378073,0.0304,HIRE
4753,2863,2024-02-18,,INR,478753,0.1349,PROMOTION
4754,2864,2025-01-22,,USD,1873489,0.1399,ADJUSTMENT
4755,2865,2020-05-28,,USD,3936300,0.1463,HIRE
4756,2866,2024-03-14,,INR,6808832,0.0862,HIRE
4757,2867,2023-06-26,,INR,3067251,0.0456,PROMOTION
4758,2868,2021-12-28,2023-07-14,USD,2770012,0.0501,PROMOTION
4759,2868,2023-07-15,2024-01-17,INR,3012152,0.0134,ADJUSTMENT
4760,2868,2024-01-18,,INR,2488523,0.1223,ADJUSTMENT
4761,2869,2024-07-08,2024-08-10,USD,684424,0.1195,ADJUSTMENT
4762,2869,2024-08-11,,INR,601222,0.0883,HIRE
4763,2870,2019-08-05,2020-07-30,USD,929648,0.1719,PROMOTION
4764,2870,2020-07-31,2020-09-06,INR,966686,0.1847,HIRE
4765,2870,2020-09-07,,INR,1304500,0.097,MERIT
4766,2871,2015-07-02,2017-11-13,INR,718468,0.142,HIRE
4767,2871,2017-11-14,2020-09-30,INR,817684,0.1651,HIRE
4768,2871,2020-10-01,,USD,729699,0.0457,PROMOTION
4769,2872,2017-07-08,2018-12-09,INR,554789,0.053,HIRE
4770,2872,2018-12-10,2019-11-14,INR,394286,0.1586,HIRE
4771,2872,2019-11-15,,USD,446851,0.0388,MERIT
4772,2873,2025-05-24,,INR,4291009,0.0584,MERIT
4773,2874,2025-04-04,,INR,655302,0.0941,MERIT
4774,2875,2025-03-09,,INR,644887,0.1011,ADJUSTMENT
4775,2876,2018-10-27,,USD,5670688,0.1735,ADJUSTMENT
4776,2877,2024-09-22,,INR,3727525,0.05,ADJUSTMENT
4777,2878,2019-03-12,2022-08-01,USD,3595206,0.02,ADJUSTMENT
4778,2878,2022-08-02,2025-03-20,INR,4193843,0.1207,HIRE
4779,2878,2025-03-21,,USD,3883487,0.1422,PROMOTION
4780,2879,2020-12-19,2022-09-22,INR,576029,0.1557,PROMOTION
4781,2879,2022-09-23,,USD,544784,0.19,HIRE
4782,2880,2019-05-11,,USD,2565105,0.1557,PROMOTION
4783,2881,2023-11-29,2024-05-18,USD,511274,0.1525,PROMOTION
4784,2881,2024-05-19,,INR,568451,0.0157,ADJUSTMENT
4785,2882,2022-04-10,2024-01-16,INR,1075544,0.1235,PROMOTION
4786,2882,2024-01-17,,USD,948570,0.0987,MERIT
4787,2883,2024-04-23,2024-06-28,USD,2966883,0.1371,HIRE
4788,2883,2024-06-29,2025-08-15,INR,2966355,0.1434,MERIT
4789,2883,2025-08-16,,USD,2695158,0.0442,HIRE
4790,2884,2024-06-18,2025-05-26,USD,6566737,0.1244,ADJUSTMENT
4791,2884,2025-05-27,,INR,5738988,0.0191,ADJUSTMENT
4792,2885,2021-01-29,,INR,317205,0.0307,ADJUSTMENT
4793,2886,2025-07-02,,INR,724561,0.006,ADJUSTMENT
4794,2887,2023-06-05,,USD,2245282,0.0539,ADJUSTMENT
4795,2888,2023-03-13,2024-01-13,USD,1708356,0.0841,MERIT
4796,2888,2024-01-14,,INR,2006634,0.0595,MERIT
4797,2889,2025-07-08,2025-08-19,INR,3774313,0.1523,HIRE
4798,2889,2025-08-20,,USD,3604113,0.162,HIRE
4799,2890,2016-12-20,2023-12-21,USD,895191,0.1145,ADJUSTMENT
4800,2890,2023-12-22,,INR,744605,0.0382,HIRE
4801,2891,2024-02-18,2025-02-13,USD,776156,0.1778,MERIT
4802,2891,2025-02-14,,INR,707390,0.0061,HIRE
4803,2892,2025-06-10,2025-07-17,USD,6175047,0.0779,ADJUSTMENT
4804,2892,2025-07-18,,INR,6535107,0.0978,PROMOTION
4805,2893,2025-02-26,2025-03-28,INR,1538981,0.0424,ADJUSTMENT
4806,2893,2025-03-29,,INR,1733265,0.1533,PROMOTION
4807,2894,2021-05-19,,USD,966943,0.1353,MERIT
4808,2895,2024-03-31,,USD,3368830,0.1405,PROMOTION
4809,2896,2023-10-29,2025-03-04,USD,787878,0.1884,PROMOTION
4810,2896,2025-03-05,,USD,763021,0.1422,MERIT
4811,2897,2023-10-13,,INR,3123531,0.1179,HIRE
4812,2898,2021-02-16,2021-09-01,USD,641672,0.0851,MERIT
4813,2898,2021-09-02,,INR,827718,0.0605,PROMOTION
4814,2899,2025-04-26,2025-08-13,USD,657447,0.1013,PROMOTION
4815,2899,2025-08-14,,INR,791940,0.0871,ADJUSTMENT
4816,2900,2023-02-07,,USD,4319033,0.0078,PROMOTION
4817,2901,2024-05-15,2025-05-24,USD,635347,0.1501,HIRE
4818,2901,2025-05-25,,USD,778869,0.0962,HIRE
4819,2902,2023-06-10,,INR,523806,0.0058,MERIT
4820,2903,2024-05-13,2024-06-27,USD,347877,0.1388,PROMOTION
4821,2903,2024-06-28,,USD,587498,0.168,PROMOTION
4822,2904,2022-12-02,,INR,1149086,0.093,HIRE
4823,2905,2018-09-23,2018-12-27,INR,4415445,0.1929,HIRE
4824,2905,2018-12-28,,USD,3388843,0.0751,HIRE
4825,2906,2025-05-23,,INR,1416998,0.1528,PROMOTION
4826,2907,2019-05-01,2021-11-01,USD,5131743,0.0709,MERIT
4827,2907,2021-11-02,,INR,5135392,0.0888,PROMOTION
4828,2908,2025-03-21,,INR,417915,0.0533,PROMOTION
4829,2909,2022-03-19,,INR,416363,0.0697,MERIT
4830,2910,2025-01-31,2025-08-03,USD,2904828,0.0785,HIRE
4831,2910,2025-08-04,,INR,2726194,0.0298,MERIT
4832,2911,2020-05-14,2024-07-26,INR,5688163,0.1715,HIRE
4833,2911,2024-07-27,,INR,5778483,0.1264,HIRE
4834,2912,2023-09-12,2024-10-16,USD,2513214,0.0482,ADJUSTMENT
4835,2912,2024-10-17,,INR,3138932,0.1371,PROMOTION
4836,2913,2023-09-07,2024-10-25,INR,464364,0.0107,PROMOTION
4837,2913,2024-10-26,,INR,337500,0.1524,MERIT
4838,2914,2022-12-24,,INR,988871,0.1847,PROMOTION
4839,2915,2025-06-13,2025-06-29,USD,855924,0.1926,ADJUSTMENT
4840,2915,2025-06-30,,INR,624746,0.0819,ADJUSTMENT
4841,2916,2021-07-07,2022-08-29,INR,542437,0.0727,ADJUSTMENT
4842,2916,2022-08-30,2024-08-23,USD,475133,0.0627,MERIT
4843,2916,2024-08-24,,INR,460590,0.1694,HIRE
4844,2917,2021-11-27,2023-09-11,USD,497097,0.1904,HIRE
4845,2917,2023-09-12,,USD,598994,0.1739,HIRE
4846,2918,2024-12-16,,USD,2692524,0.0044,MERIT
4847,2919,2025-07-15,2025-08-20,INR,1821178,0.0242,HIRE
4848,2919,2025-08-21,,INR,1494008,0.1978,MERIT
4849,2920,2024-10-14,,INR,1128866,0.1407,HIRE
4850,2921,2024-08-26,2024-09-23,USD,434293,0.0181,ADJUSTMENT
4851,2921,2024-09-24,,INR,454467,0.0085,PROMOTION
4852,2922,2022-04-12,,USD,2425196,0.0048,ADJUSTMENT
4853,2923,2023-09-26,,INR,1315238,0.1156,ADJUSTMENT
4854,2924,2025-03-22,,USD,4488673,0.1878,PROMOTION
4855,2925,2025-04-27,2025-06-04,USD,4063806,0.1916,ADJUSTMENT
4856,2925,2025-06-05,,INR,3354176,0.0565,MERIT
4857,2926,2024-06-26,2025-05-10,INR,1208594,0.1578,MERIT
4858,2926,2025-05-11,,INR,1265626,0.117,ADJUSTMENT
4859,2927,2024-08-02,2024-08-05,INR,5381066,0.1831,ADJUSTMENT
4860,2927,2024-08-06,,USD,4787659,0.1662,ADJUSTMENT
4861,2928,2023-07-24,,USD,2630371,0.1052,HIRE
4862,2929,2018-12-21,2023-08-05,USD,2020585,0.0526,MERIT
4863,2929,2023-08-06,,INR,2182307,0.0721,PROMOTION
4864,2930,2021-03-28,,USD,1216885,0.0397,PROMOTION
4865,2931,2025-07-01,,USD,2949656,0.0885,MERIT
4866,2932,2017-08-10,2019-02-18,INR,6876316,0.0622,PROMOTION
4867,2932,2019-02-19,2021-06-16,USD,6563577,0.179,HIRE
4868,2932,2021-06-17,,USD,4518263,0.1198,HIRE
4869,2933,2023-09-30,2023-10-25,INR,4353399,0.099,MERIT
4870,2933,2023-10-26,,USD,4155243,0.1191,ADJUSTMENT
4871,2934,2024-07-08,,USD,2432654,0.1529,MERIT
4872,2935,2018-04-19,2021-01-17,USD,542387,0.143,HIRE
4873,2935,2021-01-18,2024-11-29,INR,514993,0.0919,PROMOTION
4874,2935,2024-11-30,,INR,480826,0.0953,PROMOTION
4875,2936,2017-06-13,,USD,431223,0.0172,MERIT
4876,2937,2021-10-04,2023-09-04,USD,3104568,0.1863,PROMOTION
4877,2937,2023-09-05,,USD,2430341,0.1646,PROMOTION
4878,2938,2024-07-28,,USD,650469,0.1652,PROMOTION
4879,2939,2020-08-26,,USD,2095518,0.0154,HIRE
4880,2940,2024-12-31,,USD,3973167,0.0925,PROMOTION
4881,2941,2024-07-27,,INR,2988766,0.0209,MERIT
4882,2942,2025-03-26,,INR,3860697,0.1468,MERIT
4883,2943,2022-05-15,,USD,1106199,0.1434,PROMOTION
4884,2944,2024-03-01,2025-01-05,INR,3654101,0.0764,ADJUSTMENT
4885,2944,2025-01-06,,INR,3948669,0.1245,PROMOTION
4886,2945,2024-05-02,,USD,1773952,0.0008,ADJUSTMENT
4887,2946,2023-07-24,2024-04-11,INR,901272,0.038,PROMOTION
4888,2946,2024-04-12,2025-08-15,USD,1088165,0.0968,MERIT
4889,2946,2025-08-16,,INR,1106048,0.1131,ADJUSTMENT
4890,2947,2019-12-01,,INR,2190926,0.141,ADJUSTMENT
4891,2948,2024-08-08,2025-05-17,INR,1176746,0.043,ADJUSTMENT
4892,2948,2025-05-18,,USD,948092,0.1745,HIRE
4893,2949,2023-02-02,2025-02-06,USD,935410,0.0707,MERIT
4894,2949,2025-02-07,,INR,972889,0.1172,HIRE
4895,2950,2018-11-19,2022-10-15,INR,3847224,0.1657,ADJUSTMENT
4896,2950,2022-10-16,,USD,3408951,0.1079,ADJUSTMENT
4897,2951,2020-09-12,,INR,486913,0.1833,PROMOTION
4898,2952,2021-08-31,2024-06-10,USD,3190009,0.1957,ADJUSTMENT
4899,2952,2024-06-11,,USD,3065309,0.1075,PROMOTION
4900,2953,2019-10-13,2020-09-13,INR,2832940,0.0895,PROMOTION
4901,2953,2020-09-14,,USD,2882760,0.0941,PROMOTION
4902,2954,2022-02-24,,INR,833652,0.0193,PROMOTION
4903,2955,2021-03-16,,INR,6486212,0.017,ADJUSTMENT
4904,2956,2020-07-26,,INR,1989401,0.1568,PROMOTION
4905,2957,2025-07-11,,INR,571876,0.0562,PROMOTION
4906,2958,2019-09-27,,USD,3400846,0.0734,ADJUSTMENT
4907,2959,2025-07-04,,USD,1057011,0.0011,PROMOTION
4908,2960,2022-12-14,2023-01-01,INR,455316,0.1161,MERIT
4909,2960,2023-01-02,2025-05-27,USD,332237,0.1808,HIRE
4910,2960,2025-05-28,,INR,511148,0.1628,HIRE
4911,2961,2019-02-03,,INR,1259050,0.1264,MERIT
4912,2962,2017-08-11,2019-05-06,USD,1307934,0.0386,PROMOTION
4913,2962,2019-05-07,2020-03-24,INR,1149865,0.009,ADJUSTMENT
4914,2962,2020-03-25,,USD,943290,0.0175,MERIT
4915,2963,2022-06-11,2024-03-01,INR,3067951,0.1826,HIRE
4916,2963,2024-03-02,2025-07-27,INR,2705663,0.185,HIRE
4917,2963,2025-07-28,,INR,2937680,0.1224,HIRE
4918,2964,2023-11-15,,INR,533350,0.1764,MERIT
4919,2965,2023-07-16,2024-03-31,USD,4653207,0.1294,MERIT
4920,2965,2024-04-01,2024-10-08,USD,5085497,0.1522,ADJUSTMENT
4921,2965,2024-10-09,,USD,6272270,0.1098,MERIT
4922,2966,2025-05-12,2025-07-24,INR,1614524,0.1879,PROMOTION
4923,2966,2025-07-25,,INR,2131067,0.1253,ADJUSTMENT
4924,2967,2021-07-27,2025-04-22,INR,5018799,0.1188,PROMOTION
4925,2967,2025-04-23,,USD,6804075,0.1687,HIRE
4926,2968,2024-10-22,,INR,1976068,0.0698,MERIT
4927,2969,2025-03-25,,USD,756692,0.1783,MERIT
4928,2970,2018-05-28,2024-12-08,INR,4105083,0.1718,HIRE
4929,2970,2024-12-09,,USD,3319429,0.1293,HIRE
4930,2971,2020-09-11,2022-10-25,INR,1864603,0.1046,HIRE
4931,2971,2022-10-26,2024-01-18,USD,1678423,0.1252,ADJUSTMENT
4932,2971,2024-01-19,,USD,1630215,0.0408,MERIT
4933,2972,2024-11-13,,INR,3242845,0.1844,PROMOTION
4934,2973,2020-04-11,,INR,1174680,0.0489,HIRE
4935,2974,2024-09-04,,INR,1735459,0.0597,HIRE
4936,2975,2019-12-09,,USD,1510653,0.1805,MERIT
4937,2976,2025-06-04,,INR,521464,0.1211,MERIT
4938,2977,2025-06-02,,USD,1596475,0.0324,ADJUSTMENT
4939,2978,2019-02-27,2021-11-24,INR,3789524,0.0636,PROMOTION
4940,2978,2021-11-25,,INR,3515145,0.0064,HIRE
4941,2979,2019-08-11,,INR,494568,0.0062,HIRE
4942,2980,2024-01-10,,INR,632300,0.1596,PROMOTION
4943,2981,2019-01-10,2021-10-11,USD,5938888,0.0543,PROMOTION
4944,2981,2021-10-12,,USD,4808524,0.1788,PROMOTION
4945,2982,2021-10-05,2023-04-15,INR,3773477,0.1629,ADJUSTMENT
4946,2982,2023-04-16,,USD,3766123,0.1353,HIRE
4947,2983,2020-11-01,2025-01-06,INR,6453425,0.1976,PROMOTION
4948,2983,2025-01-07,,INR,5240507,0.0084,MERIT
4949,2984,2025-08-04,,USD,4091047,0.1227,ADJUSTMENT
4950,2985,2020-12-05,,USD,2398035,0.1107,ADJUSTMENT
4951,2986,2025-07-27,,USD,724009,0.191,PROMOTION
4952,2987,2022-11-05,,USD,3918968,0.1963,MERIT
4953,2988,2024-10-09,,USD,5632081,0.0407,ADJUSTMENT
4954,2989,2021-10-26,,USD,1947080,0.04,MERIT
4955,2990,2019-05-16,2021-04-22,INR,541111,0.1553,PROMOTION
4956,2990,2021-04-23,2021-07-11,INR,398379,0.0938,MERIT
4957,2990,2021-07-12,,USD,369569,0.1382,PROMOTION
4958,2991,2022-07-09,,USD,3412708,0.0969,HIRE
4959,2992,2025-01-07,2025-01-06,INR,1009889,0.1672,MERIT
4960,2992,2025-01-07,,INR,1028017,0.1022,MERIT
4961,2993,2024-02-03,2025-02-10,INR,6055146,0.0114,ADJUSTMENT
4962,2993,2025-02-11,2025-04-03,INR,4935812,0.029,MERIT
4963,2993,2025-04-04,,INR,4892777,0.0677,HIRE
4964,2994,2020-09-26,2021-05-08,INR,685429,0.1093,PROMOTION
4965,2994,2021-05-09,2023-06-07,USD,864854,0.0556,PROMOTION
4966,2994,2023-06-08,,INR,659354,0.1662,PROMOTION
4967,2995,2017-10-11,2024-06-11,USD,2537668,0.1593,HIRE
4968,2995,2024-06-12,,INR,2557572,0.1483,PROMOTION
4969,2996,2024-11-24,2025-05-30,USD,5265864,0.046,MERIT
4970,2996,2025-05-31,,INR,4992292,0.1944,MERIT
4971,2997,2019-06-04,2020-01-30,INR,2020370,0.0432,MERIT
4972,2997,2020-01-31,2022-07-08,INR,1467546,0.0831,HIRE
4973,2997,2022-07-09,,USD,1537474,0.1278,PROMOTION
4974,2998,2019-06-19,2023-05-18,INR,5644342,0.0882,HIRE
4975,2998,2023-05-19,2023-12-27,INR,5058642,0.1587,PROMOTION
4976,2998,2023-12-28,,USD,6086155,0.0123,HIRE
4977,2999,2024-12-05,,USD,5154537,0.1239,HIRE
4978,3000,2020-03-13,2025-08-07,INR,454011,0.0328,PROMOTION
4979,3000,2025-08-08,,USD,367926,0.1301,HIRE
4980,3001,2023-08-08,,INR,436782,0.0087,MERIT
4981,3002,2024-01-14,2024-12-26,USD,1502784,0.1945,HIRE
4982,3002,2024-12-27,,INR,1571846,0.1628,HIRE
4983,3003,2022-06-29,,INR,6459338,0.0877,HIRE
4984,3004,2023-08-01,,USD,2014563,0.009,HIRE
4985,3005,2019-06-16,,USD,640597,0.0207,MERIT
4986,3006,2023-12-21,,USD,5393521,0.1986,HIRE
4987,3007,2024-06-21,2024-08-31,USD,1649944,0.0543,HIRE
4988,3007,2024-09-01,,INR,2182275,0.0555,HIRE
4989,3008,2022-07-16,,USD,1279491,0.1919,HIRE
4990,3009,2019-01-20,2019-08-12,USD,2037356,0.0143,MERIT
4991,3009,2019-08-13,2021-07-03,INR,2148430,0.1038,ADJUSTMENT
4992,3009,2021-07-04,,USD,1799539,0.094,HIRE
4993,3010,2025-08-06,,INR,1944369,0.0485,MERIT
4994,3011,2022-10-05,2023-05-27,USD,788170,0.1987,PROMOTION
4995,3011,2023-05-28,,USD,663872,0.0772,PROMOTION
4996,3012,2020-12-01,,USD,768837,0.1391,ADJUSTMENT
4997,3013,2022-10-26,2024-01-17,INR,2031216,0.1241,HIRE
4998,3013,2024-01-18,2024-10-31,INR,1588355,0.1891,ADJUSTMENT
4999,3013,2024-11-01,,USD,2035751,0.1898,HIRE
5000,3014,2022-10-12,2024-01-16,INR,1575821,0.0911,ADJUSTMENT
5001,3014,2024-01-17,,INR,1456362,0.0693,MERIT
5002,3015,2024-03-13,,USD,6104839,0.0673,ADJUSTMENT
5003,3016,2025-07-28,2025-08-10,INR,796480,0.0731,PROMOTION
5004,3016,2025-08-11,,USD,669022,0.1075,ADJUSTMENT
5005,3017,2022-08-01,2022-11-16,USD,826428,0.1517,MERIT
5006,3017,2022-11-17,,INR,894103,0.1154,HIRE
5007,3018,2025-07-23,,USD,519059,0.1744,ADJUSTMENT
5008,3019,2018-10-23,,INR,4319943,0.0476,PROMOTION
5009,3020,2024-03-15,2025-02-17,USD,824662,0.0067,ADJUSTMENT
5010,3020,2025-02-18,,USD,797893,0.0399,PROMOTION
5011,3021,2017-01-02,,INR,419129,0.137,PROMOTION
5012,3022,2021-05-05,2021-09-09,INR,595822,0.0057,MERIT
5013,3022,2021-09-10,,INR,330018,0.0191,MERIT
5014,3023,2022-08-17,2024-01-30,USD,1274253,0.0398,MERIT
5015,3023,2024-01-31,2025-05-07,USD,1013900,0.1144,PROMOTION
5016,3023,2025-05-08,,INR,1297394,0.1498,HIRE
5017,3024,2021-08-26,2022-05-22,INR,645457,0.0416,HIRE
5018,3024,2022-05-23,2022-12-20,USD,809571,0.1589,PROMOTION
5019,3024,2022-12-21,,INR,893531,0.15,HIRE
5020,3025,2023-01-05,,INR,409818,0.1635,HIRE
5021,3026,2025-03-22,,USD,2062102,0.0277,HIRE
5022,3027,2022-09-14,2023-03-22,INR,796131,0.0409,PROMOTION
5023,3027,2023-03-23,,INR,650921,0.1147,PROMOTION
5024,3028,2025-02-16,2025-08-12,INR,3024103,0.0449,PROMOTION
5025,3028,2025-08-13,,USD,2539255,0.142,PROMOTION
5026,3029,2020-05-11,2021-05-03,USD,538250,0.1534,PROMOTION
5027,3029,2021-05-04,,USD,426404,0.1182,HIRE
5028,3030,2019-02-28,,USD,855379,0.056,MERIT
5029,3031,2025-05-21,,USD,1645595,0.0601,ADJUSTMENT
5030,3032,2021-11-29,,INR,4886903,0.0407,MERIT
5031,3033,2025-05-11,2025-06-09,USD,2254770,0.1716,MERIT
5032,3033,2025-06-10,,INR,2847730,0.0236,HIRE
5033,3034,2024-11-16,,INR,1035337,0.0426,ADJUSTMENT
5034,3035,2017-05-11,2021-09-19,INR,4972734,0.0924,MERIT
5035,3035,2021-09-20,,USD,6995148,0.1299,ADJUSTMENT
5036,3036,2024-06-13,,USD,2750073,0.0969,HIRE
5037,3037,2017-07-06,2020-06-30,INR,2254230,0.1446,ADJUSTMENT
5038,3037,2020-07-01,2022-09-23,USD,3194838,0.1985,PROMOTION
5039,3037,2022-09-24,,INR,2870984,0.1615,ADJUSTMENT
5040,3038,2024-08-26,,INR,1692568,0.0088,HIRE
5041,3039,2024-09-16,,USD,1847320,0.0153,ADJUSTMENT
5042,3040,2021-03-19,2023-01-21,USD,4316585,0.0908,MERIT
5043,3040,2023-01-22,2024-08-28,INR,3697747,0.1328,ADJUSTMENT
5044,3040,2024-08-29,,USD,3255540,0.1489,PROMOTION
5045,3041,2024-10-13,,USD,2259652,0.1584,MERIT
5046,3042,2019-08-12,2024-06-21,INR,5227917,0.0665,ADJUSTMENT
5047,3042,2024-06-22,,USD,6503530,0.1121,HIRE
5048,3043,2023-04-26,,USD,1480656,0.0576,PROMOTION
5049,3044,2023-07-16,,INR,6656604,0.1615,ADJUSTMENT
5050,3045,2022-07-19,2023-05-24,INR,4483433,0.1332,MERIT
5051,3045,2023-05-25,,INR,4461014,0.088,PROMOTION
5052,3046,2024-09-21,2025-01-15,INR,811605,0.071,ADJUSTMENT
5053,3046,2025-01-16,,USD,655286,0.1989,PROMOTION
5054,3047,2024-03-22,,USD,2420293,0.0823,PROMOTION
5055,3048,2020-07-20,2021-11-26,USD,773569,0.1386,ADJUSTMENT
5056,3048,2021-11-27,2024-10-26,USD,762278,0.1561,PROMOTION
5057,3048,2024-10-27,,INR,728704,0.0971,PROMOTION
5058,3049,2025-08-23,,USD,1996057,0.167,PROMOTION
5059,3050,2019-07-07,2022-01-13,INR,2536575,0.1977,HIRE
5060,3050,2022-01-14,,USD,2341204,0.0809,PROMOTION
5061,3051,2021-09-20,,INR,772318,0.041,ADJUSTMENT
5062,3052,2021-11-22,2022-03-12,INR,737152,0.0348,HIRE
5063,3052,2022-03-13,,INR,668107,0.1712,HIRE
5064,3053,2017-02-01,2019-01-20,INR,4554797,0.0182,PROMOTION
5065,3053,2019-01-21,,USD,4578321,0.1647,ADJUSTMENT
5066,3054,2023-04-10,,USD,300031,0.1596,HIRE
5067,3055,2019-02-11,,INR,2503243,0.0322,MERIT
5068,3056,2024-09-29,2024-12-04,USD,720014,0.1173,HIRE
5069,3056,2024-12-05,,USD,793706,0.0124,MERIT
5070,3057,2016-07-19,2017-01-17,USD,3804943,0.1205,PROMOTION
5071,3057,2017-01-18,,USD,3460693,0.1804,PROMOTION
5072,3058,2021-05-27,,INR,2344979,0.0003,HIRE
5073,3059,2022-07-31,2023-11-16,INR,889345,0.1646,HIRE
5074,3059,2023-11-17,2024-02-15,INR,751595,0.1678,PROMOTION
5075,3059,2024-02-16,,USD,779962,0.1813,HIRE
5076,3060,2024-11-17,,USD,2717042,0.1046,MERIT
5077,3061,2020-03-05,2023-11-23,INR,2967558,0.0115,MERIT
5078,3061,2023-11-24,2025-07-22,USD,2363741,0.1613,HIRE
5079,3061,2025-07-23,,INR,2476459,0.086,PROMOTION
5080,3062,2024-01-08,,USD,868538,0.1971,HIRE
5081,3063,2025-06-24,,USD,326548,0.075,ADJUSTMENT
5082,3064,2019-03-19,,USD,5527879,0.0936,HIRE
5083,3065,2021-06-08,,USD,768143,0.1104,ADJUSTMENT
5084,3066,2018-02-09,2024-11-16,INR,1798242,0.1165,ADJUSTMENT
5085,3066,2024-11-17,,INR,2125405,0.0686,MERIT
5086,3067,2024-01-30,2024-05-03,USD,4032925,0.1078,MERIT
5087,3067,2024-05-04,,INR,3846638,0.143,PROMOTION
5088,3068,2024-02-13,2024-04-02,INR,982828,0.1265,ADJUSTMENT
5089,3068,2024-04-03,,INR,1226199,0.0491,ADJUSTMENT
5090,3069,2022-12-08,2023-12-14,USD,605833,0.0233,PROMOTION
5091,3069,2023-12-15,,INR,697930,0.0501,MERIT
5092,3070,2025-05-11,,USD,2098953,0.0514,HIRE
5093,3071,2020-10-06,2022-05-29,USD,2598014,0.1495,HIRE
5094,3071,2022-05-30,,USD,2519398,0.1133,ADJUSTMENT
5095,3072,2024-03-21,,INR,3199892,0.1612,MERIT
5096,3073,2020-08-14,,USD,6282883,0.1693,MERIT
5097,3074,2018-01-16,2020-03-30,INR,1136213,0.0668,ADJUSTMENT
5098,3074,2020-03-31,2025-01-15,INR,1097238,0.0132,PROMOTION
5099,3074,2025-01-16,,INR,1334954,0.1316,PROMOTION
5100,3075,2024-11-19,,USD,5054563,0.0002,ADJUSTMENT
5101,3076,2022-06-17,,INR,683617,0.0464,MERIT
5102,3077,2021-12-27,2022-01-09,USD,4541541,0.0801,PROMOTION
5103,3077,2022-01-10,2023-12-06,INR,5032558,0.1409,PROMOTION
5104,3077,2023-12-07,,USD,5970540,0.0304,PROMOTION
5105,3078,2019-04-04,,USD,1879983,0.1864,ADJUSTMENT
5106,3079,2025-05-18,2025-05-26,INR,1250899,0.1472,PROMOTION
5107,3079,2025-05-27,2025-07-17,INR,1365672,0.0308,MERIT
5108,3079,2025-07-18,,USD,1157058,0.0586,MERIT
5109,3080,2021-08-28,,INR,882715,0.1248,MERIT
5110,3081,2023-02-20,,USD,493445,0.0168,PROMOTION
5111,3082,2021-04-07,2024-03-10,USD,2952168,0.0105,HIRE
5112,3082,2024-03-11,,USD,2673915,0.0569,HIRE
5113,3083,2022-07-21,2022-11-22,INR,2061148,0.1966,HIRE
5114,3083,2022-11-23,,INR,2081012,0.1373,MERIT
5115,3084,2021-04-15,2022-06-23,USD,1085614,0.0782,HIRE
5116,3084,2022-06-24,,INR,1225905,0.1474,ADJUSTMENT
5117,3085,2025-06-05,,USD,2944924,0.1617,HIRE
5118,3086,2018-09-25,2019-07-13,INR,1326440,0.1861,PROMOTION
5119,3086,2019-07-14,2020-01-30,USD,933244,0.0322,ADJUSTMENT
5120,3086,2020-01-31,,USD,1357665,0.0726,PROMOTION
5121,3087,2024-07-11,,USD,1166930,0.0422,PROMOTION
5122,3088,2017-10-04,,USD,329536,0.0263,HIRE
5123,3089,2015-10-14,2022-05-10,USD,810052,0.0641,HIRE
5124,3089,2022-05-11,2024-10-18,USD,611542,0.1233,MERIT
5125,3089,2024-10-19,,INR,710199,0.1892,PROMOTION
5126,3090,2024-02-09,,INR,4350722,0.0517,PROMOTION
5127,3091,2024-04-05,,USD,4240293,0.1619,MERIT
5128,3092,2017-06-20,2022-02-18,INR,727603,0.1924,HIRE
5129,3092,2022-02-19,,INR,740918,0.1688,MERIT
5130,3093,2021-11-18,,USD,3753791,0.0329,PROMOTION
5131,3094,2025-06-07,,USD,370860,0.1629,PROMOTION
5132,3095,2023-09-07,2023-09-22,USD,5977103,0.1579,PROMOTION
5133,3095,2023-09-23,,INR,5935532,0.0189,HIRE
5134,3096,2020-07-27,2024-06-28,INR,727144,0.1769,ADJUSTMENT
5135,3096,2024-06-29,,INR,759502,0.0284,MERIT
5136,3097,2021-03-12,2024-10-08,USD,302019,0.0387,PROMOTION
5137,3097,2024-10-09,,INR,532292,0.0094,ADJUSTMENT
5138,3098,2023-02-11,,USD,3573037,0.0024,HIRE
5139,3099,2024-03-05,,INR,4981029,0.0819,MERIT
5140,3100,2018-08-30,,INR,1372205,0.1933,PROMOTION
5141,3101,2024-03-10,,USD,6837607,0.033,MERIT
5142,3102,2017-10-21,2021-05-24,USD,3381092,0.1964,ADJUSTMENT
5143,3102,2021-05-25,2025-04-13,INR,4476066,0.1244,ADJUSTMENT
5144,3102,2025-04-14,,USD,3885238,0.084,HIRE
5145,3103,2022-10-18,,USD,3240588,0.0967,MERIT
5146,3104,2016-06-09,,INR,598988,0.1912,MERIT
5147,3105,2023-09-14,2025-02-16,INR,573623,0.1303,ADJUSTMENT
5148,3105,2025-02-17,2025-07-19,USD,534160,0.1801,MERIT
5149,3105,2025-07-20,,USD,376395,0.1828,MERIT
5150,3106,2018-10-10,2019-04-03,INR,4225830,0.0158,ADJUSTMENT
5151,3106,2019-04-04,,INR,3378888,0.0124,PROMOTION
5152,3107,2024-01-11,2025-06-13,INR,1076471,0.0897,PROMOTION
5153,3107,2025-06-14,,USD,1247839,0.1661,PROMOTION
5154,3108,2018-03-21,2024-10-15,USD,3791891,0.0207,MERIT
5155,3108,2024-10-16,,USD,3318220,0.17,ADJUSTMENT
5156,3109,2023-12-07,,INR,5165990,0.0009,MERIT
5157,3110,2025-08-08,2025-08-08,INR,6092820,0.1679,MERIT
5158,3110,2025-08-09,,INR,6868175,0.1546,ADJUSTMENT
5159,3111,2021-08-01,,USD,4035505,0.0859,PROMOTION
5160,3112,2023-08-12,2024-02-01,INR,794092,0.0187,MERIT
5161,3112,2024-02-02,,USD,814885,0.1913,HIRE
5162,3113,2021-08-03,2022-10-24,USD,303417,0.1714,ADJUSTMENT
5163,3113,2022-10-25,2023-03-22,INR,474895,0.1261,HIRE
5164,3113,2023-03-23,,USD,555214,0.0153,PROMOTION
5165,3114,2021-06-01,,USD,492526,0.1459,MERIT
5166,3115,2024-04-25,,USD,927054,0.1676,ADJUSTMENT
5167,3116,2016-12-04,2019-10-02,USD,374552,0.1983,MERIT
5168,3116,2019-10-03,,USD,510477,0.1749,ADJUSTMENT
5169,3117,2023-05-18,,USD,2889638,0.1203,PROMOTION
5170,3118,2020-11-16,2022-08-28,INR,678407,0.0159,ADJUSTMENT
5171,3118,2022-08-29,,INR,743528,0.0431,ADJUSTMENT
5172,3119,2020-07-26,2022-01-02,INR,763324,0.0778,HIRE
5173,3119,2022-01-03,2023-10-30,USD,768780,0.01,ADJUSTMENT
5174,3119,2023-10-31,,INR,658414,0.0362,MERIT
5175,3120,2024-04-02,2024-05-31,USD,3144663,0.0836,ADJUSTMENT
5176,3120,2024-06-01,2025-05-31,INR,2522676,0.1484,HIRE
5177,3120,2025-06-01,,INR,2927164,0.1698,PROMOTION
5178,3121,2017-10-09,2023-01-24,INR,1187527,0.0786,MERIT
5179,3121,2023-01-25,,INR,918933,0.0077,ADJUSTMENT
5180,3122,2023-09-04,2024-05-29,INR,975907,0.0459,HIRE
5181,3122,2024-05-30,2024-12-11,INR,1188277,0.0539,MERIT
5182,3122,2024-12-12,,USD,1356237,0.0163,ADJUSTMENT
5183,3123,2021-05-16,2022-01-27,INR,6732081,0.1356,HIRE
5184,3123,2022-01-28,2023-02-22,USD,6321861,0.114,MERIT
5185,3123,2023-02-23,,INR,4928448,0.0054,HIRE
5186,3124,2018-11-28,2023-04-03,USD,665330,0.1941,MERIT
5187,3124,2023-04-04,,USD,701471,0.0943,PROMOTION
5188,3125,2022-07-09,,USD,4203215,0.036,PROMOTION
5189,3126,2019-04-07,2019-06-02,USD,4047912,0.0635,PROMOTION
5190,3126,2019-06-03,,USD,3748133,0.0642,ADJUSTMENT
5191,3127,2020-07-25,,USD,532182,0.1341,PROMOTION
5192,3128,2021-03-27,2023-03-18,USD,3880382,0.1943,PROMOTION
5193,3128,2023-03-19,2024-01-26,INR,4353271,0.058,ADJUSTMENT
5194,3128,2024-01-27,,USD,3223619,0.0363,ADJUSTMENT
5195,3129,2020-10-19,,USD,3215366,0.0082,MERIT
5196,3130,2025-01-24,2025-03-11,USD,1307686,0.1161,HIRE
5197,3130,2025-03-12,,INR,1199441,0.0131,PROMOTION
5198,3131,2023-02-10,2023-02-20,INR,2172545,0.1609,MERIT
5199,3131,2023-02-21,2023-07-14,INR,1568656,0.1877,HIRE
5200,3131,2023-07-15,,USD,1620168,0.1945,ADJUSTMENT
5201,3132,2023-01-07,,INR,680118,0.1326,HIRE
5202,3133,2024-06-19,,USD,1919463,0.1139,HIRE
5203,3134,2024-07-25,,USD,571704,0.038,PROMOTION
5204,3135,2019-08-23,2023-08-02,INR,390644,0.0789,ADJUSTMENT
5205,3135,2023-08-03,,USD,424852,0.059,MERIT
5206,3136,2018-11-04,,USD,2511028,0.1186,ADJUSTMENT
5207,3137,2024-10-09,,INR,567653,0.14,ADJUSTMENT
5208,3138,2024-04-29,2025-07-02,USD,755142,0.1126,HIRE
5209,3138,2025-07-03,,USD,730381,0.0714,MERIT
5210,3139,2024-08-28,,USD,3178165,0.0064,PROMOTION
5211,3140,2024-05-23,,USD,3017616,0.0899,HIRE
5212,3141,2021-06-06,,INR,1441583,0.0742,ADJUSTMENT
5213,3142,2022-11-02,,USD,4998322,0.0375,MERIT
5214,3143,2024-05-25,,USD,3293293,0.1437,MERIT
5215,3144,2025-06-01,2025-08-13,USD,681505,0.0623,PROMOTION
5216,3144,2025-08-14,,INR,794921,0.084,MERIT
5217,3145,2023-07-19,2024-04-06,INR,4133760,0.1023,ADJUSTMENT
5218,3145,2024-04-07,2025-04-30,USD,4462364,0.1851,ADJUSTMENT
5219,3145,2025-05-01,,USD,3458768,0.0747,PROMOTION
5220,3146,2025-04-26,2025-05-18,INR,892206,0.0348,PROMOTION
5221,3146,2025-05-19,,INR,705315,0.0617,ADJUSTMENT
5222,3147,2022-06-22,,USD,3093186,0.0682,ADJUSTMENT
5223,3148,2025-08-22,,USD,1061728,0.0309,HIRE
5224,3149,2018-02-14,2025-01-12,USD,1253891,0.1164,ADJUSTMENT
5225,3149,2025-01-13,,USD,1330350,0.1259,HIRE
5226,3150,2024-07-24,,INR,2112309,0.1268,ADJUSTMENT
5227,3151,2022-03-18,2023-03-05,USD,839170,0.1845,ADJUSTMENT
5228,3151,2023-03-06,2024-01-22,USD,794430,0.0766,HIRE
5229,3151,2024-01-23,,INR,838871,0.1501,HIRE
5230,3152,2019-01-29,,INR,671736,0.0276,ADJUSTMENT
5231,3153,2025-01-26,2025-02-19,USD,3606406,0.0681,MERIT
5232,3153,2025-02-20,,USD,4389336,0.0493,HIRE
5233,3154,2023-12-23,,INR,2320588,0.1224,HIRE
5234,3155,2023-05-21,,USD,2824713,0.175,ADJUSTMENT
5235,3156,2019-07-14,2019-10-08,USD,497943,0.0932,MERIT
5236,3156,2019-10-09,,INR,561644,0.0077,HIRE
5237,3157,2022-04-02,2023-07-23,INR,1088696,0.1511,MERIT
5238,3157,2023-07-24,,INR,1203877,0.0203,ADJUSTMENT
5239,3158,2024-12-29,2025-02-17,INR,2987924,0.1049,ADJUSTMENT
5240,3158,2025-02-18,,USD,2648043,0.0495,HIRE
5241,3159,2023-12-10,,INR,1347404,0.1921,HIRE
5242,3160,2024-02-20,2024-08-15,USD,1937781,0.0944,ADJUSTMENT
5243,3160,2024-08-16,,INR,1910336,0.0061,HIRE
5244,3161,2025-05-14,,INR,1869084,0.183,HIRE
5245,3162,2021-02-01,2023-10-31,USD,1474359,0.015,ADJUSTMENT
5246,3162,2023-11-01,2023-11-04,INR,1481917,0.1357,HIRE
5247,3162,2023-11-05,,INR,1418491,0.0888,PROMOTION
5248,3163,2022-05-08,,USD,1811324,0.0735,HIRE
5249,3164,2025-07-26,,INR,1085151,0.1318,MERIT
5250,3165,2022-12-01,2024-04-18,INR,392542,0.1229,ADJUSTMENT
5251,3165,2024-04-19,,USD,463679,0.1718,PROMOTION
5252,3166,2024-01-04,,USD,1196380,0.1364,HIRE
5253,3167,2023-06-18,2024-07-11,USD,1103615,0.068,ADJUSTMENT
5254,3167,2024-07-12,,USD,982705,0.1554,MERIT
5255,3168,2025-03-12,,INR,6231876,0.1023,HIRE
5256,3169,2021-12-05,2022-01-18,INR,618140,0.0971,ADJUSTMENT
5257,3169,2022-01-19,2023-09-19,USD,632869,0.0248,PROMOTION
5258,3169,2023-09-20,,USD,681040,0.0156,MERIT
5259,3170,2022-04-09,2023-03-24,USD,5835828,0.1928,ADJUSTMENT
5260,3170,2023-03-25,,INR,5891763,0.054,ADJUSTMENT
5261,3171,2025-01-12,,USD,1282726,0.0133,MERIT
5262,3172,2024-09-13,,USD,3477502,0.066,MERIT
5263,3173,2024-03-31,2025-03-15,USD,2807568,0.0002,MERIT
5264,3173,2025-03-16,,USD,2839823,0.148,MERIT
5265,3174,2022-09-28,2025-04-25,USD,2894979,0.1356,MERIT
5266,3174,2025-04-26,,USD,2540362,0.1358,PROMOTION
5267,3175,2023-05-11,2025-06-08,INR,2960540,0.1004,HIRE
5268,3175,2025-06-09,,USD,2821257,0.1656,HIRE
5269,3176,2024-09-24,2025-04-16,USD,482161,0.1021,MERIT
5270,3176,2025-04-17,,USD,588651,0.1483,PROMOTION
5271,3177,2025-01-29,,USD,1135141,0.0593,ADJUSTMENT
5272,3178,2017-10-24,2017-12-30,INR,1376215,0.1415,ADJUSTMENT
5273,3178,2017-12-31,2019-11-10,USD,1165587,0.0963,ADJUSTMENT
5274,3178,2019-11-11,,INR,1293707,0.0393,ADJUSTMENT
5275,3179,2020-08-09,,USD,2942082,0.1831,MERIT
5276,3180,2024-05-07,,USD,1020901,0.0934,HIRE
5277,3181,2024-07-13,2025-07-29,USD,995402,0.1645,ADJUSTMENT
5278,3181,2025-07-30,,INR,1290862,0.1271,HIRE
5279,3182,2019-09-11,2020-12-21,USD,4692741,0.0748,MERIT
5280,3182,2020-12-22,,USD,6920997,0.0089,ADJUSTMENT
5281,3183,2019-05-03,,INR,3867888,0.0212,MERIT
5282,3184,2025-07-19,,USD,754012,0.1136,ADJUSTMENT
5283,3185,2019-03-14,,USD,2432768,0.162,MERIT
5284,3186,2025-01-28,,USD,1906296,0.0336,ADJUSTMENT
5285,3187,2017-03-12,2020-03-10,INR,4829014,0.1949,HIRE
5286,3187,2020-03-11,2023-11-17,INR,6595451,0.1676,HIRE
5287,3187,2023-11-18,,INR,5774331,0.1296,MERIT
5288,3188,2022-10-12,,INR,476769,0.0898,ADJUSTMENT
5289,3189,2023-04-27,2024-01-13,INR,1788446,0.1949,ADJUSTMENT
5290,3189,2024-01-14,,USD,2139612,0.137,PROMOTION
5291,3190,2020-11-21,,INR,3834846,0.0805,ADJUSTMENT
5292,3191,2018-08-05,2021-04-28,INR,4592714,0.1978,ADJUSTMENT
5293,3191,2021-04-29,,USD,4756590,0.1266,ADJUSTMENT
5294,3192,2024-11-17,2024-11-24,USD,3077238,0.1663,MERIT
5295,3192,2024-11-25,,INR,2961191,0.0857,PROMOTION
5296,3193,2022-12-23,2024-04-10,USD,6253906,0.1087,ADJUSTMENT
5297,3193,2024-04-11,,INR,6080198,0.0723,HIRE
5298,3194,2022-02-07,,USD,1181629,0.1806,HIRE
5299,3195,2025-07-06,,INR,818483,0.0866,MERIT
5300,3196,2020-01-09,2022-11-21,USD,3976373,0.1175,ADJUSTMENT
5301,3196,2022-11-22,,INR,3339967,0.0685,PROMOTION
5302,3197,2024-02-19,,USD,644327,0.1733,PROMOTION
5303,3198,2017-04-18,2023-10-06,INR,4380062,0.1315,HIRE
5304,3198,2023-10-07,,INR,4285035,0.1002,PROMOTION
5305,3199,2024-01-06,,INR,778955,0.0931,HIRE
5306,3200,2022-07-08,,INR,1936340,0.0671,ADJUSTMENT
5307,3201,2024-04-05,2025-06-05,USD,2440406,0.1571,MERIT
5308,3201,2025-06-06,,USD,3191600,0.1152,PROMOTION
5309,3202,2025-06-08,,USD,6730801,0.0004,ADJUSTMENT
5310,3203,2025-05-19,,USD,1005932,0.1611,ADJUSTMENT
5311,3204,2025-04-06,,USD,6234025,0.0996,ADJUSTMENT
5312,3205,2022-09-20,,INR,1827401,0.0563,HIRE
5313,3206,2021-09-24,,INR,2281077,0.033,HIRE
5314,3207,2016-04-02,2017-03-09,USD,1854389,0.1306,MERIT
5315,3207,2017-03-10,2018-12-04,USD,1713996,0.0002,MERIT
5316,3207,2018-12-05,,INR,1667755,0.0027,MERIT
5317,3208,2025-07-14,,INR,1483237,0.1412,MERIT
5318,3209,2023-02-09,2023-11-12,INR,3117293,0.0259,HIRE
5319,3209,2023-11-13,,INR,2535259,0.0266,MERIT
5320,3210,2025-07-28,,INR,1833951,0.0674,ADJUSTMENT
5321,3211,2022-04-21,2023-04-12,USD,1968901,0.1459,MERIT
5322,3211,2023-04-13,,INR,2067634,0.0708,ADJUSTMENT
5323,3212,2020-02-16,,INR,3225036,0.1329,MERIT
5324,3213,2019-01-17,,USD,3067532,0.019,PROMOTION
5325,3214,2023-06-18,,USD,347629,0.1861,MERIT
5326,3215,2023-01-12,2024-06-12,INR,1259756,0.116,ADJUSTMENT
5327,3215,2024-06-13,,USD,923464,0.0274,HIRE
5328,3216,2025-06-25,,USD,880219,0.0196,MERIT
5329,3217,2018-05-28,,INR,1924549,0.1393,PROMOTION
5330,3218,2021-02-11,,INR,880391,0.1853,ADJUSTMENT
5331,3219,2024-02-21,2024-07-24,USD,340286,0.1197,PROMOTION
5332,3219,2024-07-25,,USD,571041,0.0826,HIRE
5333,3220,2022-03-14,2023-07-30,USD,5851806,0.1811,MERIT
5334,3220,2023-07-31,,INR,6328490,0.0471,MERIT
5335,3221,2017-03-29,,USD,421391,0.1361,MERIT
5336,3222,2024-10-25,2025-04-08,USD,1288147,0.1828,ADJUSTMENT
5337,3222,2025-04-09,2025-07-09,USD,952646,0.1526,HIRE
5338,3222,2025-07-10,,INR,1295245,0.0432,ADJUSTMENT
5339,3223,2019-10-31,2022-10-21,INR,379597,0.1669,HIRE
5340,3223,2022-10-22,2023-08-16,INR,349265,0.1928,MERIT
5341,3223,2023-08-17,,USD,524148,0.0929,ADJUSTMENT
5342,3224,2025-07-02,,INR,4052199,0.1681,HIRE
5343,3225,2025-07-17,,USD,4967239,0.1889,MERIT
5344,3226,2025-01-08,,INR,2281028,0.1085,MERIT
5345,3227,2022-03-16,,INR,3531678,0.1756,PROMOTION
5346,3228,2022-01-19,,INR,665959,0.0566,MERIT
5347,3229,2019-03-10,2019-07-17,INR,2274913,0.1234,PROMOTION
5348,3229,2019-07-18,,USD,2233038,0.1744,HIRE
5349,3230,2023-07-06,,INR,3096408,0.0764,HIRE
5350,3231,2016-01-30,2017-08-04,INR,2658107,0.0869,MERIT
5351,3231,2017-08-05,,USD,3096444,0.0748,ADJUSTMENT
5352,3232,2019-08-29,,INR,1921377,0.1269,HIRE
5353,3233,2023-06-06,,INR,1397686,0.0307,HIRE
5354,3234,2017-07-15,2024-06-18,USD,1017578,0.148,ADJUSTMENT
5355,3234,2024-06-19,,INR,1193630,0.1911,PROMOTION
5356,3235,2020-01-21,2023-03-02,USD,3586324,0.1934,PROMOTION
5357,3235,2023-03-03,,INR,3362846,0.0843,HIRE
5358,3236,2024-03-09,,INR,1288275,0.1754,MERIT
5359,3237,2021-10-11,,USD,5680567,0.173,ADJUSTMENT
5360,3238,2024-06-16,2025-02-19,INR,663064,0.1406,PROMOTION
5361,3238,2025-02-20,,USD,765172,0.0946,PROMOTION
5362,3239,2020-07-08,2024-10-13,USD,578765,0.0639,ADJUSTMENT
5363,3239,2024-10-14,,INR,414447,0.1013,ADJUSTMENT
5364,3240,2017-08-17,,USD,1225730,0.1109,PROMOTION
5365,3241,2019-02-17,2022-01-22,USD,4424764,0.0838,ADJUSTMENT
5366,3241,2022-01-23,2023-01-08,INR,3493981,0.1068,PROMOTION
5367,3241,2023-01-09,,INR,4200841,0.1958,HIRE
5368,3242,2021-09-14,2024-11-24,INR,6844014,0.0547,PROMOTION
5369,3242,2024-11-25,2025-07-01,USD,6166250,0.0106,PROMOTION
5370,3242,2025-07-02,,USD,6253624,0.1779,HIRE
5371,3243,2023-11-25,,USD,2680803,0.1104,ADJUSTMENT
5372,3244,2021-11-04,2023-08-19,INR,1933006,0.0691,PROMOTION
5373,3244,2023-08-20,,USD,1765266,0.091,HIRE
5374,3245,2020-02-08,2022-05-02,USD,3149421,0.0804,HIRE
5375,3245,2022-05-03,,INR,3196094,0.0368,PROMOTION
5376,3246,2018-01-01,2022-09-28,USD,4170691,0.0181,ADJUSTMENT
5377,3246,2022-09-29,,USD,3949237,0.0551,PROMOTION
5378,3247,2020-09-25,2023-06-12,USD,4609232,0.0531,MERIT
5379,3247,2023-06-13,,INR,5782953,0.1813,HIRE
5380,3248,2022-02-02,2023-08-03,USD,609539,0.0847,ADJUSTMENT
5381,3248,2023-08-04,,USD,674573,0.1318,PROMOTION
5382,3249,2024-02-20,,INR,4155439,0.1642,MERIT
5383,3250,2023-11-11,,INR,1531481,0.1773,MERIT
5384,3251,2023-05-30,2025-07-07,USD,882310,0.035,MERIT
5385,3251,2025-07-08,,INR,818172,0.1505,HIRE
5386,3252,2023-10-26,2024-06-30,USD,1326978,0.0324,ADJUSTMENT
5387,3252,2024-07-01,,USD,1136868,0.0713,HIRE
5388,3253,2017-05-15,2019-05-23,INR,2974721,0.126,ADJUSTMENT
5389,3253,2019-05-24,2023-09-23,INR,2507719,0.139,ADJUSTMENT
5390,3253,2023-09-24,,USD,2881761,0.1415,HIRE
5391,3254,2023-11-11,,USD,827866,0.1302,PROMOTION
5392,3255,2024-05-20,2024-06-18,INR,4637296,0.1262,PROMOTION
5393,3255,2024-06-19,2024-07-17,USD,5349761,0.0697,PROMOTION
5394,3255,2024-07-18,,USD,4840076,0.035,HIRE
5395,3256,2024-05-25,,USD,2891861,0.1351,HIRE
5396,3257,2023-12-22,,USD,3534482,0.1434,ADJUSTMENT
5397,3258,2025-05-31,,USD,907427,0.0289,ADJUSTMENT
5398,3259,2022-06-06,2025-06-28,INR,852288,0.191,PROMOTION
5399,3259,2025-06-29,,USD,867943,0.1363,ADJUSTMENT
5400,3260,2020-08-02,2023-02-11,USD,2287845,0.0285,PROMOTION
5401,3260,2023-02-12,,INR,3128745,0.0511,ADJUSTMENT
5402,3261,2024-10-08,,INR,664783,0.1111,ADJUSTMENT
5403,3262,2019-04-19,,USD,3109056,0.0565,ADJUSTMENT
5404,3263,2025-01-21,,USD,4731716,0.1491,ADJUSTMENT
5405,3264,2024-01-31,,INR,2874568,0.1993,MERIT
5406,3265,2023-12-04,,INR,2533606,0.0683,PROMOTION
5407,3266,2025-08-20,,INR,744607,0.0814,MERIT
5408,3267,2024-08-25,2025-06-09,INR,792105,0.063,PROMOTION
5409,3267,2025-06-10,,INR,744009,0.0491,PROMOTION
5410,3268,2019-06-07,2022-12-17,INR,5374554,0.1947,HIRE
5411,3268,2022-12-18,,USD,5972453,0.1354,PROMOTION
5412,3269,2025-07-19,,USD,1901997,0.0967,ADJUSTMENT
5413,3270,2023-11-18,,USD,1552462,0.1335,MERIT
5414,3271,2024-05-13,,INR,1579686,0.0719,MERIT
5415,3272,2022-03-03,,USD,2403540,0.1647,PROMOTION
5416,3273,2025-05-01,,USD,1156049,0.1746,MERIT
5417,3274,2023-02-04,,INR,1201647,0.1923,HIRE
5418,3275,2022-07-12,2023-07-31,USD,4551305,0.0514,MERIT
5419,3275,2023-08-01,2023-11-18,INR,5967962,0.037,PROMOTION
5420,3275,2023-11-19,,INR,5882922,0.1146,MERIT
5421,3276,2022-07-29,2022-11-12,USD,707415,0.1287,ADJUSTMENT
5422,3276,2022-11-13,2024-04-20,USD,664695,0.1146,HIRE
5423,3276,2024-04-21,,INR,641956,0.1146,HIRE
5424,3277,2023-12-23,2025-02-26,INR,2259756,0.0027,MERIT
5425,3277,2025-02-27,,USD,2309628,0.0274,HIRE
5426,3278,2022-10-20,2022-12-22,USD,2948216,0.0688,ADJUSTMENT
5427,3278,2022-12-23,,USD,2228635,0.1716,PROMOTION
5428,3279,2018-05-22,,INR,6830550,0.0251,ADJUSTMENT
5429,3280,2024-06-23,,INR,3720508,0.041,ADJUSTMENT
5430,3281,2018-09-12,2021-03-21,USD,1799310,0.0865,PROMOTION
5431,3281,2021-03-22,,USD,2011846,0.022,HIRE
5432,3282,2024-04-14,,USD,3118642,0.1142,MERIT
5433,3283,2021-10-22,2022-02-27,INR,507195,0.1218,ADJUSTMENT
5434,3283,2022-02-28,,INR,470224,0.0308,MERIT
5435,3284,2020-05-02,2021-11-12,INR,2390377,0.1428,PROMOTION
5436,3284,2021-11-13,,INR,3183820,0.091,PROMOTION
5437,3285,2024-10-19,,INR,757338,0.174,MERIT
5438,3286,2025-01-06,2025-05-02,INR,1361687,0.0245,MERIT
5439,3286,2025-05-03,,USD,1247085,0.1547,HIRE
5440,3287,2016-06-14,2022-11-04,INR,5813729,0.0664,PROMOTION
5441,3287,2022-11-05,,USD,6013659,0.0872,PROMOTION
5442,3288,2017-08-06,,INR,5681309,0.1298,MERIT
5443,3289,2024-01-07,2025-01-26,USD,396284,0.0103,MERIT
5444,3289,2025-01-27,,USD,513242,0.1309,PROMOTION
5445,3290,2024-01-25,,INR,2693300,0.1118,MERIT
5446,3291,2019-11-21,2023-09-06,INR,1646307,0.0761,MERIT
5447,3291,2023-09-07,,INR,1950251,0.0348,HIRE
5448,3292,2024-11-21,,INR,599580,0.1422,PROMOTION
5449,3293,2020-07-19,2023-04-22,USD,1857789,0.0356,PROMOTION
5450,3293,2023-04-23,,INR,1810945,0.1253,ADJUSTMENT
5451,3294,2025-07-11,2025-07-14,USD,768047,0.1775,MERIT
5452,3294,2025-07-15,,INR,755403,0.1174,ADJUSTMENT
5453,3295,2020-04-08,,USD,633647,0.1882,PROMOTION
5454,3296,2017-06-16,2024-07-25,USD,727083,0.1845,HIRE
5455,3296,2024-07-26,,INR,709188,0.0955,HIRE
5456,3297,2020-08-17,,INR,6104002,0.1835,MERIT
5457,3298,2020-04-28,2020-06-21,USD,351558,0.1419,HIRE
5458,3298,2020-06-22,,INR,327880,0.1011,MERIT
5459,3299,2020-11-06,2023-02-21,USD,922807,0.1727,ADJUSTMENT
5460,3299,2023-02-22,,USD,1102246,0.0673,PROMOTION
5461,3300,2018-08-31,2020-09-20,USD,4117546,0.0265,HIRE
5462,3300,2020-09-21,,USD,4001679,0.0028,ADJUSTMENT
5463,3301,2019-01-29,2019-03-18,USD,5858008,0.1727,HIRE
5464,3301,2019-03-19,2020-12-24,INR,6861751,0.0414,ADJUSTMENT
5465,3301,2020-12-25,,USD,5955089,0.1164,PROMOTION
5466,3302,2023-02-18,2025-01-07,USD,3100651,0.1663,PROMOTION
5467,3302,2025-01-08,2025-08-10,INR,2905293,0.0263,ADJUSTMENT
5468,3302,2025-08-11,,USD,3119506,0.13,MERIT
5469,3303,2024-12-21,,USD,3195348,0.1801,ADJUSTMENT
5470,3304,2022-05-29,,INR,369631,0.1287,MERIT
5471,3305,2018-05-31,2019-09-28,USD,4230711,0.0333,HIRE
5472,3305,2019-09-29,,USD,3280962,0.0364,MERIT
5473,3306,2025-03-11,,INR,1169774,0.0577,ADJUSTMENT
5474,3307,2020-08-06,2025-01-30,USD,1064960,0.0034,ADJUSTMENT
5475,3307,2025-01-31,,USD,1364897,0.085,PROMOTION
5476,3308,2025-02-26,,INR,5104775,0.1314,ADJUSTMENT
5477,3309,2016-07-14,2021-10-11,INR,2320501,0.1991,MERIT
5478,3309,2021-10-12,2024-01-28,INR,3062900,0.1302,MERIT
5479,3309,2024-01-29,,INR,2518628,0.0848,ADJUSTMENT
5480,3310,2023-11-01,,USD,5895931,0.0371,HIRE
5481,3311,2022-03-17,2024-09-24,USD,5204291,0.1603,ADJUSTMENT
5482,3311,2024-09-25,,USD,5312364,0.0104,HIRE
5483,3312,2020-04-25,,INR,1692344,0.154,MERIT
5484,3313,2018-04-19,2023-05-04,USD,3252560,0.1496,ADJUSTMENT
5485,3313,2023-05-05,2025-04-11,INR,3431998,0.1668,ADJUSTMENT
5486,3313,2025-04-12,,USD,4483168,0.1244,HIRE
5487,3314,2019-12-11,,USD,3255234,0.0284,MERIT
5488,3315,2019-09-28,2024-07-12,INR,1122474,0.1809,PROMOTION
5489,3315,2024-07-13,2025-06-18,USD,1067960,0.151,PROMOTION
5490,3315,2025-06-19,,INR,1204952,0.128,MERIT
5491,3316,2024-11-15,,INR,5015544,0.126,MERIT
5492,3317,2020-03-29,2023-06-16,INR,5877818,0.1876,PROMOTION
5493,3317,2023-06-17,2025-08-04,INR,6207766,0.0178,ADJUSTMENT
5494,3317,2025-08-05,,INR,6922632,0.148,ADJUSTMENT
5495,3318,2023-08-15,2023-09-04,USD,387141,0.0553,MERIT
5496,3318,2023-09-05,,INR,589608,0.0284,HIRE
5497,3319,2021-11-24,2022-03-06,USD,2375330,0.0609,PROMOTION
5498,3319,2022-03-07,,INR,3170397,0.0999,MERIT
5499,3320,2020-11-23,,INR,405115,0.1382,PROMOTION
5500,3321,2025-06-02,,INR,1189988,0.0266,HIRE
5501,3322,2023-04-16,,USD,855743,0.0228,HIRE
5502,3323,2024-09-24,2024-10-17,INR,2083383,0.0755,HIRE
5503,3323,2024-10-18,2025-01-03,USD,1961633,0.0381,PROMOTION
5504,3323,2025-01-04,,INR,1590688,0.1128,MERIT
5505,3324,2023-11-19,2025-03-29,INR,5530566,0.1201,HIRE
5506,3324,2025-03-30,,INR,6721343,0.0373,HIRE
5507,3325,2020-06-08,,INR,828828,0.0983,PROMOTION
5508,3326,2023-05-26,2025-08-14,INR,2956617,0.0923,PROMOTION
5509,3326,2025-08-15,,INR,3140631,0.1313,ADJUSTMENT
5510,3327,2020-08-26,2025-05-27,INR,689690,0.093,HIRE
5511,3327,2025-05-28,,INR,767907,0.0086,HIRE
5512,3328,2024-02-25,,INR,1797575,0.107,HIRE
5513,3329,2025-06-06,,USD,517129,0.1575,MERIT
5514,3330,2025-02-18,,INR,5549483,0.0664,PROMOTION
5515,3331,2023-06-20,,INR,402860,0.1669,MERIT
5516,3332,2021-06-07,,INR,708756,0.0679,MERIT
5517,3333,2025-06-25,2025-08-02,USD,1021142,0.055,PROMOTION
5518,3333,2025-08-03,,USD,1140343,0.1795,PROMOTION
5519,3334,2019-09-18,,INR,5702286,0.0134,MERIT
5520,3335,2018-09-28,,USD,2187714,0.1366,HIRE
5521,3336,2016-10-28,,USD,3673845,0.0917,PROMOTION
5522,3337,2021-06-28,2025-04-01,INR,1263774,0.1981,MERIT
5523,3337,2025-04-02,,USD,1264378,0.1224,HIRE
5524,3338,2018-12-23,,INR,6704026,0.1861,PROMOTION
5525,3339,2018-11-10,2022-01-17,USD,1423004,0.0586,MERIT
5526,3339,2022-01-18,,USD,2161523,0.1421,HIRE
5527,3340,2022-06-09,2024-02-15,USD,5923895,0.19,PROMOTION
5528,3340,2024-02-16,2024-08-05,INR,5755084,0.0472,HIRE
5529,3340,2024-08-06,,USD,5072119,0.048,ADJUSTMENT
5530,3341,2017-06-07,,USD,652121,0.0251,ADJUSTMENT
5531,3342,2019-01-31,2019-09-21,USD,1311980,0.1338,PROMOTION
5532,3342,2019-09-22,,USD,1133131,0.0618,PROMOTION
5533,3343,2019-12-23,2021-08-18,INR,4379589,0.036,PROMOTION
5534,3343,2021-08-19,,INR,3491839,0.1381,PROMOTION
5535,3344,2023-03-08,2023-08-11,INR,3849874,0.1313,MERIT
5536,3344,2023-08-12,2024-03-14,INR,3363465,0.0795,ADJUSTMENT
5537,3344,2024-03-15,,INR,4463389,0.0591,ADJUSTMENT
5538,3345,2021-11-01,,USD,595754,0.0932,PROMOTION
5539,3346,2022-07-14,,USD,3982215,0.1742,PROMOTION
5540,3347,2021-04-17,,INR,4672466,0.1786,HIRE
5541,3348,2023-10-14,2023-11-12,USD,655892,0.0115,HIRE
5542,3348,2023-11-13,,INR,816616,0.1551,ADJUSTMENT
5543,3349,2025-06-14,,INR,4168916,0.1719,PROMOTION
5544,3350,2022-05-08,,INR,3788962,0.1228,MERIT
5545,3351,2023-06-14,,INR,4021945,0.1657,ADJUSTMENT
5546,3352,2024-11-17,2025-03-07,USD,3990470,0.1447,ADJUSTMENT
5547,3352,2025-03-08,,INR,3222314,0.1774,PROMOTION
5548,3353,2025-06-23,,INR,639564,0.1834,ADJUSTMENT
5549,3354,2022-03-16,2022-11-09,INR,5110042,0.0806,PROMOTION
5550,3354,2022-11-10,2024-05-13,INR,4569945,0.0703,HIRE
5551,3354,2024-05-14,,INR,5875754,0.1026,HIRE
5552,3355,2018-06-02,,INR,704835,0.1991,PROMOTION
5553,3356,2016-12-13,2017-12-28,USD,2485701,0.1251,ADJUSTMENT
5554,3356,2017-12-29,2019-08-09,USD,3035849,0.1267,MERIT
5555,3356,2019-08-10,,USD,2896291,0.0791,PROMOTION
5556,3357,2021-07-12,2022-05-17,INR,5867234,0.1767,PROMOTION
5557,3357,2022-05-18,2023-09-12,USD,6552567,0.1044,MERIT
5558,3357,2023-09-13,,USD,5855476,0.0126,MERIT
5559,3358,2025-04-05,,INR,1096642,0.0051,HIRE
5560,3359,2023-12-19,2025-02-06,USD,545503,0.1729,MERIT
5561,3359,2025-02-07,2025-03-02,USD,424362,0.1209,HIRE
5562,3359,2025-03-03,,INR,378755,0.1634,ADJUSTMENT
5563,3360,2023-03-21,,INR,2941127,0.172,MERIT
5564,3361,2020-12-21,2022-08-30,USD,453590,0.176,PROMOTION
5565,3361,2022-08-31,2023-07-26,USD,369690,0.1367,MERIT
5566,3361,2023-07-27,,INR,464714,0.1183,PROMOTION
5567,3362,2020-03-29,2020-07-26,USD,1011349,0.1813,MERIT
5568,3362,2020-07-27,,USD,1290010,0.0899,MERIT
5569,3363,2020-05-05,,USD,1081595,0.1428,HIRE
5570,3364,2024-07-01,2025-07-23,INR,2586732,0.1264,MERIT
5571,3364,2025-07-24,,USD,2748153,0.1699,ADJUSTMENT
5572,3365,2022-01-08,,INR,1071444,0.1531,ADJUSTMENT
5573,3366,2025-03-09,,USD,5754003,0.187,HIRE
5574,3367,2021-12-27,2022-05-17,USD,368151,0.1657,ADJUSTMENT
5575,3367,2022-05-18,,INR,384310,0.0308,HIRE
5576,3368,2025-06-20,2025-06-23,USD,1216183,0.1317,PROMOTION
5577,3368,2025-06-24,,INR,1169085,0.0999,HIRE
5578,3369,2024-11-06,,USD,320682,0.1047,PROMOTION
5579,3370,2022-06-13,2023-11-07,INR,344319,0.092,MERIT
5580,3370,2023-11-08,,USD,419459,0.1935,PROMOTION
5581,3371,2024-05-19,2024-10-05,USD,2391486,0.1226,ADJUSTMENT
5582,3371,2024-10-06,,USD,3134831,0.1225,ADJUSTMENT
5583,3372,2022-05-02,,INR,489619,0.019,HIRE
5584,3373,2024-07-03,2025-04-09,INR,631148,0.022,HIRE
5585,3373,2025-04-10,,INR,670102,0.1852,HIRE
5586,3374,2024-11-12,,INR,1107819,0.068,MERIT
5587,3375,2023-12-28,2024-02-04,USD,5172170,0.0506,HIRE
5588,3375,2024-02-05,,INR,6733749,0.09,ADJUSTMENT
5589,3376,2025-02-10,,USD,2087136,0.0965,MERIT
5590,3377,2023-11-07,,USD,2447825,0.0131,ADJUSTMENT
5591,3378,2024-04-30,,USD,397832,0.1158,MERIT
5592,3379,2023-12-12,2024-10-26,USD,1406306,0.1778,PROMOTION
5593,3379,2024-10-27,,USD,1885824,0.1054,ADJUSTMENT
5594,3380,2018-07-01,2024-01-12,USD,631501,0.17,ADJUSTMENT
5595,3380,2024-01-13,,USD,822451,0.0147,ADJUSTMENT
5596,3381,2025-08-14,2025-08-20,USD,2101532,0.053,HIRE
5597,3381,2025-08-21,,INR,1812593,0.1496,ADJUSTMENT
5598,3382,2022-12-01,,USD,1227955,0.1146,PROMOTION
5599,3383,2018-02-05,2023-06-05,INR,2683000,0.016,HIRE
5600,3383,2023-06-06,,INR,2899874,0.0877,MERIT
5601,3384,2017-02-05,2017-09-12,USD,5719030,0.1461,PROMOTION
5602,3384,2017-09-13,2018-09-26,USD,4870173,0.1816,HIRE
5603,3384,2018-09-27,,INR,5140637,0.042,ADJUSTMENT
5604,3385,2025-08-03,,USD,422900,0.098,ADJUSTMENT
5605,3386,2025-05-25,,USD,4864634,0.1773,ADJUSTMENT
5606,3387,2025-03-19,,USD,6897733,0.0121,HIRE
5607,3388,2022-03-02,,INR,3598608,0.1442,MERIT
5608,3389,2018-03-23,,INR,476609,0.0075,HIRE
5609,3390,2023-09-05,,USD,5024214,0.1398,MERIT
5610,3391,2025-01-07,,USD,453782,0.0255,HIRE
5611,3392,2021-04-16,,INR,6230306,0.1937,HIRE
5612,3393,2019-02-02,2022-05-24,USD,1720664,0.138,ADJUSTMENT
5613,3393,2022-05-25,,INR,1548443,0.1352,ADJUSTMENT
5614,3394,2024-09-23,,INR,1836088,0.1574,MERIT
5615,3395,2025-07-10,2025-07-27,INR,2078257,0.0034,MERIT
5616,3395,2025-07-28,,INR,2080745,0.0018,ADJUSTMENT
5617,3396,2022-05-24,2025-05-02,USD,931405,0.1408,HIRE
5618,3396,2025-05-03,,USD,1084868,0.1969,MERIT
5619,3397,2025-04-27,,USD,725002,0.0667,HIRE
5620,3398,2021-03-23,,INR,2421880,0.0824,MERIT
5621,3399,2023-08-31,,USD,2441557,0.0366,PROMOTION
5622,3400,2022-01-10,2024-12-08,INR,3078138,0.1587,MERIT
5623,3400,2024-12-09,,USD,2733810,0.1094,ADJUSTMENT
5624,3401,2018-10-29,2018-12-02,INR,635687,0.163,MERIT
5625,3401,2018-12-03,,INR,811763,0.0116,ADJUSTMENT
5626,3402,2021-12-04,,INR,1880446,0.1681,PROMOTION
5627,3403,2020-12-17,,USD,3326689,0.0058,PROMOTION
5628,3404,2023-03-28,2024-10-12,USD,897780,0.1381,MERIT
5629,3404,2024-10-13,,INR,821940,0.108,HIRE
5630,3405,2020-02-18,2023-05-05,USD,2287577,0.1071,MERIT
5631,3405,2023-05-06,,INR,3154805,0.1056,HIRE
5632,3406,2024-10-07,,USD,1599712,0.1835,HIRE
5633,3407,2024-05-21,,USD,3911468,0.1847,PROMOTION
5634,3408,2022-06-23,,INR,1356343,0.0004,ADJUSTMENT
5635,3409,2021-10-04,2022-05-04,INR,5403404,0.1627,ADJUSTMENT
5636,3409,2022-05-05,2025-05-25,USD,6476249,0.1863,MERIT
5637,3409,2025-05-26,,USD,4641098,0.1886,MERIT
5638,3410,2020-10-02,2024-02-22,USD,1980899,0.1929,HIRE
5639,3410,2024-02-23,,INR,1791430,0.1847,PROMOTION
5640,3411,2025-04-09,,USD,5652466,0.1046,ADJUSTMENT
5641,3412,2021-04-13,2021-06-11,INR,3499956,0.1406,PROMOTION
5642,3412,2021-06-12,,USD,3835452,0.075,HIRE
5643,3413,2019-03-25,2022-11-27,INR,504105,0.0792,MERIT
5644,3413,2022-11-28,,USD,336856,0.1825,HIRE
5645,3414,2020-06-03,2025-08-20,INR,532630,0.0295,HIRE
5646,3414,2025-08-21,,USD,534695,0.157,MERIT
5647,3415,2025-03-07,,INR,697796,0.1912,MERIT
5648,3416,2024-09-25,2025-02-10,INR,850117,0.134,MERIT
5649,3416,2025-02-11,,USD,758669,0.0509,ADJUSTMENT
5650,3417,2020-07-31,2021-05-12,INR,1049282,0.1053,ADJUSTMENT
5651,3417,2021-05-13,,USD,1388488,0.1093,ADJUSTMENT
5652,3418,2025-02-07,2025-07-13,INR,751923,0.1688,PROMOTION
5653,3418,2025-07-14,,USD,710322,0.1796,ADJUSTMENT
5654,3419,2022-04-19,2024-11-22,INR,1036613,0.019,MERIT
5655,3419,2024-11-23,2025-08-12,USD,1104253,0.1929,MERIT
5656,3419,2025-08-13,,USD,1200404,0.0763,HIRE
5657,3420,2021-02-18,,INR,940364,0.0534,HIRE
5658,3421,2016-07-29,2017-11-01,INR,804804,0.1872,ADJUSTMENT
5659,3421,2017-11-02,2019-08-07,INR,876350,0.0322,HIRE
5660,3421,2019-08-08,,USD,846749,0.1297,ADJUSTMENT
5661,3422,2024-12-04,2025-02-27,USD,3071999,0.138,HIRE
5662,3422,2025-02-28,,INR,2964229,0.0266,ADJUSTMENT
5663,3423,2021-02-09,2022-07-02,INR,4805406,0.1856,PROMOTION
5664,3423,2022-07-03,,INR,6991778,0.0363,PROMOTION
5665,3424,2018-06-13,2022-05-22,INR,4316957,0.0285,MERIT
5666,3424,2022-05-23,2024-04-06,INR,4457506,0.1956,PROMOTION
5667,3424,2024-04-07,,INR,3774748,0.0667,HIRE
5668,3425,2025-02-18,,USD,619338,0.1553,PROMOTION
5669,3426,2025-05-30,,USD,470123,0.0103,MERIT
5670,3427,2025-03-04,,USD,724361,0.1194,HIRE
5671,3428,2023-12-20,,USD,4098169,0.1087,PROMOTION
5672,3429,2023-04-12,,INR,640644,0.0173,ADJUSTMENT
5673,3430,2017-11-06,2022-03-08,INR,722710,0.0794,MERIT
5674,3430,2022-03-09,,INR,607773,0.1635,ADJUSTMENT
5675,3431,2023-04-29,2023-08-26,USD,442807,0.0664,ADJUSTMENT
5676,3431,2023-08-27,,INR,564637,0.1703,PROMOTION
5677,3432,2025-08-06,,USD,4328639,0.0249,PROMOTION
5678,3433,2025-01-08,2025-05-24,USD,4499960,0.0081,HIRE
5679,3433,2025-05-25,,USD,3909097,0.0715,PROMOTION
5680,3434,2024-04-05,2024-08-27,USD,3724814,0.1476,HIRE
5681,3434,2024-08-28,2025-04-11,INR,3649504,0.0569,HIRE
5682,3434,2025-04-12,,USD,3899357,0.0423,MERIT
5683,3435,2024-07-15,,USD,3135236,0.1986,ADJUSTMENT
5684,3436,2019-08-11,2023-02-19,INR,1382216,0.1537,HIRE
5685,3436,2023-02-20,2024-04-29,USD,1351862,0.0103,HIRE
5686,3436,2024-04-30,,INR,925086,0.0801,HIRE
5687,3437,2023-07-11,2024-04-08,INR,2329575,0.1038,ADJUSTMENT
5688,3437,2024-04-09,,INR,2869565,0.1526,MERIT
5689,3438,2021-02-19,2023-12-28,USD,4014469,0.1513,HIRE
5690,3438,2023-12-29,,INR,3587901,0.0484,PROMOTION
5691,3439,2021-06-03,,INR,6222332,0.0532,HIRE
5692,3440,2024-03-03,,INR,2949764,0.1085,HIRE
5693,3441,2018-04-07,2019-07-25,USD,886951,0.1953,MERIT
5694,3441,2019-07-26,,USD,888823,0.1254,HIRE
5695,3442,2017-10-28,2018-09-22,USD,2163900,0.1758,PROMOTION
5696,3442,2018-09-23,2019-12-13,USD,1490450,0.0107,HIRE
5697,3442,2019-12-14,,INR,1450712,0.1301,HIRE
5698,3443,2021-10-06,2022-04-28,INR,3785488,0.0126,MERIT
5699,3443,2022-04-29,,USD,4075078,0.1895,MERIT
5700,3444,2021-06-17,,USD,1183359,0.1781,PROMOTION
5701,3445,2021-06-25,2021-11-09,INR,4441463,0.1328,ADJUSTMENT
5702,3445,2021-11-10,,USD,4021375,0.146,ADJUSTMENT
5703,3446,2024-06-05,,USD,1741281,0.0601,ADJUSTMENT
5704,3447,2020-02-19,2023-04-10,INR,1372433,0.0561,HIRE
5705,3447,2023-04-11,,USD,1386592,0.0414,ADJUSTMENT
5706,3448,2023-04-25,2023-12-01,USD,3152719,0.0277,HIRE
5707,3448,2023-12-02,2024-05-11,INR,2341688,0.1827,MERIT
5708,3448,2024-05-12,,USD,2750990,0.0126,ADJUSTMENT
5709,3449,2019-11-05,2024-05-13,INR,5233428,0.1722,ADJUSTMENT
5710,3449,2024-05-14,,USD,6614565,0.1255,HIRE
5711,3450,2022-01-05,2023-09-01,USD,4590792,0.1555,PROMOTION
5712,3450,2023-09-02,2025-06-15,USD,6769450,0.0519,PROMOTION
5713,3450,2025-06-16,,USD,6607351,0.1811,PROMOTION
5714,3451,2025-02-15,2025-03-11,USD,497071,0.1529,MERIT
5715,3451,2025-03-12,,INR,460075,0.194,ADJUSTMENT
5716,3452,2022-11-23,,INR,1758555,0.1894,ADJUSTMENT
5717,3453,2021-05-31,2023-01-09,USD,1325017,0.0851,HIRE
5718,3453,2023-01-10,,USD,1185926,0.104,ADJUSTMENT
5719,3454,2023-12-28,2024-03-31,INR,2024068,0.0764,HIRE
5720,3454,2024-04-01,,INR,1657517,0.1658,MERIT
5721,3455,2019-02-07,2019-03-30,USD,1612651,0.0127,ADJUSTMENT
5722,3455,2019-03-31,,INR,1615544,0.0529,MERIT
5723,3456,2024-04-09,,USD,4619511,0.183,ADJUSTMENT
5724,3457,2020-11-15,2023-03-31,USD,1416371,0.175,ADJUSTMENT
5725,3457,2023-04-01,,USD,1435929,0.0753,ADJUSTMENT
5726,3458,2024-01-13,,USD,5003215,0.0022,MERIT
5727,3459,2025-07-02,,USD,410170,0.1377,HIRE
5728,3460,2024-11-20,,USD,1120213,0.0704,MERIT
5729,3461,2024-06-13,2025-06-12,INR,4861032,0.0978,PROMOTION
5730,3461,2025-06-13,2025-06-19,USD,4880872,0.0855,PROMOTION
5731,3461,2025-06-20,,INR,5972454,0.101,ADJUSTMENT
5732,3462,2017-01-07,2018-07-24,USD,1061326,0.046,HIRE
5733,3462,2018-07-25,2025-02-06,USD,1033863,0.1316,HIRE
5734,3462,2025-02-07,,USD,1313035,0.132,PROMOTION
5735,3463,2024-08-13,2025-04-05,INR,4483034,0.0991,ADJUSTMENT
5736,3463,2025-04-06,2025-08-01,USD,3820204,0.1351,ADJUSTMENT
5737,3463,2025-08-02,,INR,3761580,0.0728,HIRE
5738,3464,2025-03-04,,USD,2185865,0.0713,MERIT
5739,3465,2023-10-15,2024-08-04,INR,315699,0.1832,ADJUSTMENT
5740,3465,2024-08-05,2024-08-10,INR,325627,0.0082,HIRE
5741,3465,2024-08-11,,USD,372945,0.1458,ADJUSTMENT
5742,3466,2023-09-29,,INR,1387480,0.0436,PROMOTION
5743,3467,2019-06-06,,INR,1815468,0.0022,HIRE
5744,3468,2025-08-18,2025-08-19,USD,999613,0.0249,MERIT
5745,3468,2025-08-20,,USD,1229720,0.1744,MERIT
5746,3469,2022-08-10,,INR,345606,0.1999,ADJUSTMENT
5747,3470,2022-12-14,,INR,695620,0.0675,MERIT
5748,3471,2025-02-05,2025-03-05,USD,6042779,0.088,HIRE
5749,3471,2025-03-06,2025-05-21,INR,6056129,0.1897,ADJUSTMENT
5750,3471,2025-05-22,,INR,4815291,0.1962,ADJUSTMENT
5751,3472,2019-07-23,2024-05-09,INR,3169242,0.1449,MERIT
5752,3472,2024-05-10,,USD,2922686,0.0999,PROMOTION
5753,3473,2023-11-30,,INR,643283,0.135,HIRE
5754,3474,2024-09-02,,INR,2722722,0.035,PROMOTION
5755,3475,2024-11-07,,INR,427205,0.0622,MERIT
5756,3476,2023-08-08,,INR,3231491,0.01,HIRE
5757,3477,2025-02-09,,INR,558358,0.0453,HIRE
5758,3478,2024-05-15,,USD,4374264,0.1826,ADJUSTMENT
5759,3479,2023-11-24,,USD,3806299,0.0789,MERIT
5760,3480,2025-03-07,,INR,421796,0.1874,HIRE
5761,3481,2019-04-13,2024-10-05,USD,1849249,0.0711,HIRE
5762,3481,2024-10-06,2025-02-19,USD,2098021,0.163,PROMOTION
5763,3481,2025-02-20,,USD,1594615,0.1608,PROMOTION
5764,3482,2023-01-24,,INR,817915,0.0257,HIRE
5765,3483,2019-03-31,2022-12-21,INR,514970,0.1868,PROMOTION
5766,3483,2022-12-22,,INR,452479,0.0507,MERIT
5767,3484,2021-09-10,,USD,2381824,0.0957,ADJUSTMENT
5768,3485,2024-02-19,2024-04-02,USD,4266740,0.1678,ADJUSTMENT
5769,3485,2024-04-03,2025-08-16,INR,4362284,0.1703,MERIT
5770,3485,2025-08-17,,USD,4231740,0.1406,MERIT
5771,3486,2025-04-12,,USD,861825,0.1718,ADJUSTMENT
5772,3487,2023-09-11,,INR,2141748,0.1539,ADJUSTMENT
5773,3488,2023-12-11,2024-07-15,USD,5166519,0.1152,HIRE
5774,3488,2024-07-16,2024-09-29,USD,6997973,0.0594,PROMOTION
5775,3488,2024-09-30,,INR,4956761,0.048,PROMOTION
5776,3489,2024-05-01,2024-08-18,USD,1459382,0.1727,PROMOTION
5777,3489,2024-08-19,,USD,2069362,0.1667,ADJUSTMENT
5778,3490,2022-05-17,2023-11-22,INR,6696262,0.0918,HIRE
5779,3490,2023-11-23,2025-04-24,INR,4724265,0.1229,MERIT
5780,3490,2025-04-25,,USD,5780943,0.0109,HIRE
5781,3491,2017-06-30,2023-07-16,USD,2587049,0.0046,MERIT
5782,3491,2023-07-17,,INR,2609047,0.0721,ADJUSTMENT
5783,3492,2024-11-19,,USD,545602,0.1046,PROMOTION
5784,3493,2019-11-12,,INR,6131262,0.1022,ADJUSTMENT
5785,3494,2023-04-23,,USD,389920,0.1981,MERIT
5786,3495,2024-07-03,2024-07-13,INR,883644,0.1889,HIRE
5787,3495,2024-07-14,,INR,763531,0.0314,ADJUSTMENT
5788,3496,2021-09-03,2021-12-17,INR,473551,0.1224,PROMOTION
5789,3496,2021-12-18,,INR,443823,0.0619,ADJUSTMENT
5790,3497,2022-07-10,2023-08-21,USD,4264983,0.0074,PROMOTION
5791,3497,2023-08-22,,INR,3832861,0.1711,ADJUSTMENT
5792,3498,2022-03-26,,USD,4849021,0.0143,ADJUSTMENT
5793,3499,2021-09-29,2024-02-17,USD,5376518,0.0983,PROMOTION
5794,3499,2024-02-18,,INR,5950688,0.1983,PROMOTION
5795,3500,2017-04-22,2018-08-29,INR,1631499,0.1463,MERIT
5796,3500,2018-08-30,,USD,2176028,0.1678,MERIT
5797,3501,2024-06-08,,INR,564643,0.1742,HIRE
5798,3502,2017-01-18,2020-09-28,USD,2949131,0.0975,HIRE
5799,3502,2020-09-29,2024-08-05,INR,2732105,0.1101,MERIT
5800,3502,2024-08-06,,INR,2571441,0.0681,PROMOTION
5801,3503,2021-05-30,,INR,1478331,0.1877,ADJUSTMENT
5802,3504,2021-11-06,2022-09-08,INR,1825173,0.024,PROMOTION
5803,3504,2022-09-09,2022-12-06,INR,1607318,0.0264,PROMOTION
5804,3504,2022-12-07,,INR,1517912,0.055,MERIT
5805,3505,2019-07-19,2022-09-12,USD,2178796,0.0851,PROMOTION
5806,3505,2022-09-13,,INR,1587027,0.0611,PROMOTION
5807,3506,2025-03-08,,USD,817335,0.1215,PROMOTION
5808,3507,2023-12-19,,INR,1066718,0.0892,MERIT
5809,3508,2020-02-29,2020-05-28,INR,2402111,0.1577,HIRE
5810,3508,2020-05-29,2021-07-26,USD,2322855,0.0197,PROMOTION
5811,3508,2021-07-27,,USD,3008160,0.1828,ADJUSTMENT
5812,3509,2021-01-15,2024-10-25,USD,5278733,0.1666,ADJUSTMENT
5813,3509,2024-10-26,,USD,4648229,0.124,ADJUSTMENT
5814,3510,2022-11-22,,INR,1058401,0.1538,MERIT
5815,3511,2025-03-06,2025-07-28,INR,461211,0.0471,HIRE
5816,3511,2025-07-29,,INR,336510,0.0668,MERIT
5817,3512,2022-02-06,2025-05-17,USD,2846051,0.1271,PROMOTION
5818,3512,2025-05-18,,INR,2609584,0.0718,PROMOTION
5819,3513,2025-07-03,,USD,881336,0.0564,ADJUSTMENT
5820,3514,2022-11-12,,USD,403344,0.1824,PROMOTION
5821,3515,2025-03-27,,INR,5465979,0.1603,MERIT
5822,3516,2025-06-05,,USD,749863,0.1126,ADJUSTMENT
5823,3517,2019-06-20,,INR,1859211,0.1765,ADJUSTMENT
5824,3518,2017-11-09,2021-01-12,USD,3030271,0.04,HIRE
5825,3518,2021-01-13,2023-01-25,USD,2470654,0.1719,ADJUSTMENT
5826,3518,2023-01-26,,INR,2412504,0.0507,MERIT
5827,3519,2019-01-06,2021-03-26,USD,3310079,0.1322,MERIT
5828,3519,2021-03-27,2022-07-24,USD,4024292,0.1764,MERIT
5829,3519,2022-07-25,,INR,3774472,0.0742,PROMOTION
5830,3520,2021-07-02,,INR,4214979,0.1278,PROMOTION
5831,3521,2025-08-02,2025-08-19,USD,3051901,0.099,PROMOTION
5832,3521,2025-08-20,,INR,2297602,0.1651,HIRE
5833,3522,2023-01-11,2024-02-29,USD,2008554,0.1706,HIRE
5834,3522,2024-03-01,,USD,1786247,0.1527,HIRE
5835,3523,2023-09-28,2024-10-16,INR,5503714,0.0505,ADJUSTMENT
5836,3523,2024-10-17,,USD,6680236,0.1094,PROMOTION
5837,3524,2021-07-11,2025-01-22,USD,4183826,0.0758,HIRE
5838,3524,2025-01-23,,INR,3868623,0.1687,ADJUSTMENT
5839,3525,2023-04-12,2024-02-13,USD,3081264,0.0334,PROMOTION
5840,3525,2024-02-14,2025-01-12,INR,2434072,0.1603,PROMOTION
5841,3525,2025-01-13,,INR,3102213,0.0025,ADJUSTMENT
5842,3526,2023-03-11,,USD,509640,0.0453,PROMOTION
5843,3527,2023-09-03,2024-09-10,INR,413552,0.0451,MERIT
5844,3527,2024-09-11,,USD,325932,0.0711,MERIT
5845,3528,2021-12-05,2024-08-07,INR,5657063,0.1213,ADJUSTMENT
5846,3528,2024-08-08,,INR,5010974,0.1402,PROMOTION
5847,3529,2024-01-03,,USD,635444,0.118,PROMOTION
5848,3530,2025-07-15,,INR,4083457,0.0797,ADJUSTMENT
5849,3531,2019-02-17,2021-06-09,USD,491157,0.1567,PROMOTION
5850,3531,2021-06-10,,INR,435155,0.0416,PROMOTION
5851,3532,2020-07-04,2022-05-29,INR,1944290,0.1632,ADJUSTMENT
5852,3532,2022-05-30,2025-04-02,INR,2182399,0.0561,ADJUSTMENT
5853,3532,2025-04-03,,USD,1761204,0.1273,MERIT
5854,3533,2016-09-10,2023-01-22,USD,1301105,0.1522,ADJUSTMENT
5855,3533,2023-01-23,2023-05-05,INR,1184924,0.0464,ADJUSTMENT
5856,3533,2023-05-06,,INR,1308940,0.1078,HIRE
5857,3534,2015-10-02,2025-08-12,INR,751652,0.1158,MERIT
5858,3534,2025-08-13,,USD,693806,0.1405,MERIT
5859,3535,2024-02-26,,USD,871884,0.1815,ADJUSTMENT
5860,3536,2017-11-10,,INR,320074,0.1779,PROMOTION
5861,3537,2021-02-22,2022-11-11,INR,1987943,0.1546,ADJUSTMENT
5862,3537,2022-11-12,,USD,1895846,0.1324,PROMOTION
5863,3538,2020-03-13,2025-04-08,INR,3819640,0.0178,HIRE
5864,3538,2025-04-09,,USD,4093300,0.052,MERIT
5865,3539,2022-04-15,,USD,2465491,0.148,ADJUSTMENT
5866,3540,2019-07-08,,USD,629161,0.1801,ADJUSTMENT
5867,3541,2023-05-27,,INR,3997700,0.0087,MERIT
5868,3542,2016-12-22,2017-12-21,USD,518805,0.1416,MERIT
5869,3542,2017-12-22,2023-03-19,USD,321755,0.1833,PROMOTION
5870,3542,2023-03-20,,USD,572113,0.0396,ADJUSTMENT
5871,3543,2022-05-26,2023-09-26,USD,933231,0.1908,MERIT
5872,3543,2023-09-27,,INR,1130226,0.1802,ADJUSTMENT
5873,3544,2024-11-16,,INR,361947,0.1553,MERIT
5874,3545,2019-10-02,2021-04-15,INR,2506094,0.0837,ADJUSTMENT
5875,3545,2021-04-16,,USD,3037245,0.1895,MERIT
5876,3546,2025-02-03,2025-03-04,INR,6468862,0.1331,PROMOTION
5877,3546,2025-03-05,,INR,5783151,0.0557,PROMOTION
5878,3547,2024-09-02,,INR,3473208,0.0263,HIRE
5879,3548,2025-01-01,,USD,5184794,0.1857,MERIT
5880,3549,2020-10-15,2022-03-04,INR,700199,0.0842,PROMOTION
5881,3549,2022-03-05,,USD,666736,0.1046,HIRE
5882,3550,2023-05-22,,USD,830911,0.1471,ADJUSTMENT
5883,3551,2025-04-05,,INR,6400904,0.0123,PROMOTION
5884,3552,2024-08-21,2024-11-17,INR,3572242,0.0869,MERIT
5885,3552,2024-11-18,2024-12-02,INR,4112921,0.0356,MERIT
5886,3552,2024-12-03,,USD,3740516,0.0078,ADJUSTMENT
5887,3553,2018-01-20,,USD,3406186,0.0972,ADJUSTMENT
5888,3554,2025-03-29,,USD,3762422,0.078,HIRE
5889,3555,2020-12-17,2021-09-08,INR,3933926,0.0546,ADJUSTMENT
5890,3555,2021-09-09,2022-03-21,USD,3906892,0.074,PROMOTION
5891,3555,2022-03-22,,INR,3265015,0.1873,ADJUSTMENT
5892,3556,2019-04-04,2025-05-04,USD,966715,0.0897,ADJUSTMENT
5893,3556,2025-05-05,,USD,960489,0.0752,MERIT
5894,3557,2025-08-10,2025-08-11,INR,1377617,0.1796,MERIT
5895,3557,2025-08-12,,INR,901595,0.0899,HIRE
5896,3558,2024-01-08,,INR,4351539,0.1924,ADJUSTMENT
5897,3559,2023-12-24,2024-10-13,USD,1840236,0.0314,ADJUSTMENT
5898,3559,2024-10-14,,INR,1623566,0.1746,PROMOTION
5899,3560,2021-03-06,2022-06-23,USD,5105802,0.135,ADJUSTMENT
5900,3560,2022-06-24,,USD,4951446,0.1645,HIRE
5901,3561,2025-05-02,,INR,707863,0.0952,PROMOTION
5902,3562,2023-04-04,2025-02-19,USD,3280615,0.0519,HIRE
5903,3562,2025-02-20,2025-06-23,USD,4328111,0.0719,HIRE
5904,3562,2025-06-24,,USD,3713264,0.1131,ADJUSTMENT
5905,3563,2019-07-30,2021-12-08,USD,808611,0.0872,PROMOTION
5906,3563,2021-12-09,2022-10-12,INR,698349,0.1877,PROMOTION
5907,3563,2022-10-13,,USD,604464,0.1507,HIRE
5908,3564,2022-08-10,2023-11-14,USD,1677394,0.0155,PROMOTION
5909,3564,2023-11-15,,INR,2138315,0.1105,HIRE
5910,3565,2022-09-16,2025-07-11,USD,4119510,0.1571,PROMOTION
5911,3565,2025-07-12,,USD,4214891,0.1346,PROMOTION
5912,3566,2020-10-23,2024-01-14,INR,975143,0.0315,HIRE
5913,3566,2024-01-15,,USD,1318626,0.1047,HIRE
5914,3567,2023-08-29,,USD,723465,0.169,ADJUSTMENT
5915,3568,2023-04-06,2024-02-19,USD,871536,0.1891,HIRE
5916,3568,2024-02-20,,INR,722755,0.0549,ADJUSTMENT
5917,3569,2017-11-22,2024-06-15,USD,678830,0.0389,MERIT
5918,3569,2024-06-16,,INR,740259,0.0251,PROMOTION
5919,3570,2019-11-19,2023-08-04,INR,3323623,0.0509,PROMOTION
5920,3570,2023-08-05,,USD,3877724,0.0852,ADJUSTMENT
5921,3571,2018-06-13,2021-11-21,INR,3898649,0.0357,ADJUSTMENT
5922,3571,2021-11-22,,USD,3763592,0.1581,MERIT
5923,3572,2025-04-15,2025-04-17,INR,2293942,0.1088,PROMOTION
5924,3572,2025-04-18,2025-07-07,USD,2903140,0.1622,ADJUSTMENT
5925,3572,2025-07-08,,USD,2362372,0.1012,HIRE
5926,3573,2024-05-26,2025-03-09,USD,1019292,0.0786,MERIT
5927,3573,2025-03-10,,INR,1186755,0.0818,ADJUSTMENT
5928,3574,2021-09-27,2024-02-11,INR,879818,0.1648,HIRE
5929,3574,2024-02-12,,USD,704975,0.1528,HIRE
5930,3575,2024-09-08,,USD,3325579,0.1021,ADJUSTMENT
5931,3576,2020-12-07,,INR,6964666,0.0905,HIRE
5932,3577,2023-11-26,2024-11-04,USD,319454,0.0038,MERIT
5933,3577,2024-11-05,,USD,525768,0.0284,PROMOTION
5934,3578,2024-10-31,,USD,2796892,0.0888,MERIT
5935,3579,2023-05-27,,USD,1974729,0.1652,HIRE
5936,3580,2019-09-10,2023-08-12,USD,663530,0.0023,ADJUSTMENT
5937,3580,2023-08-13,,INR,739571,0.1417,PROMOTION
5938,3581,2025-07-10,,INR,556138,0.1751,ADJUSTMENT
5939,3582,2022-10-25,,INR,410677,0.0021,MERIT
5940,3583,2024-12-04,,INR,6105022,0.0263,MERIT
5941,3584,2022-12-19,,INR,5837798,0.1725,ADJUSTMENT
5942,3585,2018-05-14,2022-10-08,USD,1293488,0.1558,PROMOTION
5943,3585,2022-10-09,,INR,1310062,0.1671,HIRE
5944,3586,2023-09-25,,INR,2907932,0.0543,MERIT
5945,3587,2023-08-08,,INR,6627674,0.1898,MERIT
5946,3588,2022-01-12,2025-07-31,INR,1670899,0.0415,ADJUSTMENT
5947,3588,2025-08-01,,USD,2170626,0.1221,ADJUSTMENT
5948,3589,2023-11-12,2024-02-29,USD,399363,0.1842,ADJUSTMENT
5949,3589,2024-03-01,2024-09-07,USD,509472,0.1697,ADJUSTMENT
5950,3589,2024-09-08,,USD,430793,0.1217,HIRE
5951,3590,2022-03-13,,USD,1179555,0.1157,HIRE
5952,3591,2022-07-05,,USD,2897864,0.1137,ADJUSTMENT
5953,3592,2023-07-20,2025-07-18,USD,2467750,0.1174,MERIT
5954,3592,2025-07-19,,INR,3121052,0.1774,MERIT
5955,3593,2022-02-01,,USD,394741,0.0468,ADJUSTMENT
5956,3594,2025-06-05,,USD,584224,0.0897,ADJUSTMENT
5957,3595,2025-06-07,2025-06-29,USD,808562,0.1071,MERIT
5958,3595,2025-06-30,,USD,808904,0.039,ADJUSTMENT
5959,3596,2023-10-09,,INR,1272101,0.0932,MERIT
5960,3597,2024-01-28,2025-01-23,INR,2041390,0.0539,ADJUSTMENT
5961,3597,2025-01-24,,USD,1774256,0.0781,MERIT
5962,3598,2024-07-13,2025-05-26,USD,354673,0.0098,PROMOTION
5963,3598,2025-05-27,,INR,487375,0.0703,MERIT
5964,3599,2017-08-21,2024-06-17,INR,368757,0.1483,HIRE
5965,3599,2024-06-18,,INR,346625,0.1291,PROMOTION
5966,3600,2023-10-26,,USD,2642549,0.1504,HIRE
5967,3601,2021-11-20,,USD,744906,0.0994,MERIT
5968,3602,2024-05-15,,USD,1652998,0.1714,HIRE
5969,3603,2022-04-21,2023-12-09,USD,1589634,0.0019,PROMOTION
5970,3603,2023-12-10,2024-08-29,INR,1921995,0.0604,PROMOTION
5971,3603,2024-08-30,,USD,1612178,0.072,MERIT
5972,3604,2022-12-25,,INR,587547,0.1813,MERIT
5973,3605,2020-01-31,2021-04-22,USD,1635461,0.0486,ADJUSTMENT
5974,3605,2021-04-23,,INR,2067761,0.085,MERIT
5975,3606,2024-10-07,,USD,6462760,0.1065,MERIT
5976,3607,2018-12-13,2021-06-16,INR,5239507,0.07,PROMOTION
5977,3607,2021-06-17,,USD,6637648,0.0987,HIRE
5978,3608,2016-02-24,2020-01-29,INR,4767971,0.1522,MERIT
5979,3608,2020-01-30,2020-02-09,INR,6397547,0.0635,PROMOTION
5980,3608,2020-02-10,,INR,6860792,0.1787,MERIT
5981,3609,2021-10-09,2025-01-23,USD,1846893,0.0594,PROMOTION
5982,3609,2025-01-24,2025-08-05,INR,1692871,0.1116,MERIT
5983,3609,2025-08-06,,USD,2152971,0.1885,ADJUSTMENT
5984,3610,2024-03-19,,INR,5916970,0.0751,PROMOTION
5985,3611,2024-09-19,,INR,1951811,0.0481,MERIT
5986,3612,2024-03-14,,INR,1951543,0.0183,MERIT
5987,3613,2020-07-13,,USD,6409496,0.075,MERIT
5988,3614,2019-09-12,2020-11-12,USD,3942006,0.0366,MERIT
5989,3614,2020-11-13,,USD,3581038,0.1799,HIRE
5990,3615,2024-07-18,2024-09-11,INR,770021,0.1709,HIRE
5991,3615,2024-09-12,,INR,720143,0.0403,PROMOTION
5992,3616,2024-11-04,2025-05-20,INR,922348,0.019,PROMOTION
5993,3616,2025-05-21,2025-07-10,USD,964533,0.1063,MERIT
5994,3616,2025-07-11,,USD,1392687,0.0889,PROMOTION
5995,3617,2019-10-18,2022-12-17,INR,1500353,0.0975,HIRE
5996,3617,2022-12-18,,USD,1909048,0.1487,HIRE
5997,3618,2024-10-24,2024-11-10,USD,701021,0.0724,PROMOTION
5998,3618,2024-11-11,,USD,644894,0.1716,HIRE
5999,3619,2024-02-18,,INR,508635,0.0323,ADJUSTMENT
6000,3620,2023-07-11,2024-09-03,INR,918596,0.1629,ADJUSTMENT
6001,3620,2024-09-04,,USD,1299866,0.0335,PROMOTION
6002,3621,2025-08-08,,INR,478767,0.0127,HIRE
6003,3622,2024-06-27,2025-07-21,USD,3023216,0.0533,MERIT
6004,3622,2025-07-22,,USD,2816419,0.023,HIRE
6005,3623,2020-09-20,2023-10-23,INR,362352,0.0508,ADJUSTMENT
6006,3623,2023-10-24,,USD,304860,0.1042,HIRE
6007,3624,2018-03-01,,USD,1484643,0.1951,HIRE
6008,3625,2024-05-21,2024-10-11,INR,841697,0.0449,PROMOTION
6009,3625,2024-10-12,,USD,781988,0.0213,HIRE
6010,3626,2020-03-01,,USD,2979643,0.0226,HIRE
6011,3627,2020-05-26,2023-06-04,USD,1368249,0.0942,PROMOTION
6012,3627,2023-06-05,,INR,1082393,0.1882,MERIT
6013,3628,2024-07-08,,INR,308845,0.0938,MERIT
6014,3629,2023-03-29,2024-07-24,USD,454249,0.1746,HIRE
6015,3629,2024-07-25,,INR,430927,0.1766,MERIT
6016,3630,2023-09-20,2025-05-16,USD,826654,0.0599,PROMOTION
6017,3630,2025-05-17,,USD,672085,0.0827,HIRE
6018,3631,2025-07-21,2025-08-22,INR,4006720,0.0414,HIRE
6019,3631,2025-08-23,,USD,3211852,0.1606,HIRE
6020,3632,2019-07-23,2022-01-13,USD,876042,0.0867,HIRE
6021,3632,2022-01-14,,USD,721332,0.0285,PROMOTION
6022,3633,2024-04-08,2024-11-10,INR,6204830,0.1232,PROMOTION
6023,3633,2024-11-11,2025-08-19,INR,5921266,0.1014,ADJUSTMENT
6024,3633,2025-08-20,,USD,5872547,0.0189,MERIT
6025,3634,2025-01-11,2025-05-16,USD,1659278,0.0506,PROMOTION
6026,3634,2025-05-17,2025-07-06,INR,1625992,0.0013,MERIT
6027,3634,2025-07-07,,INR,2013318,0.1885,PROMOTION
6028,3635,2025-06-22,,INR,745561,0.154,ADJUSTMENT
6029,3636,2021-09-01,2024-04-29,INR,4068207,0.0819,ADJUSTMENT
6030,3636,2024-04-30,,USD,4491195,0.0659,ADJUSTMENT
6031,3637,2016-12-30,2022-07-06,USD,5882567,0.123,ADJUSTMENT
6032,3637,2022-07-07,,USD,5033368,0.1212,MERIT
6033,3638,2024-12-20,2025-03-22,INR,2294655,0.0559,PROMOTION
6034,3638,2025-03-23,,INR,2603476,0.168,PROMOTION
6035,3639,2025-06-15,2025-06-20,USD,2431772,0.1906,ADJUSTMENT
6036,3639,2025-06-21,,INR,2826014,0.1822,MERIT
6037,3640,2022-07-07,,INR,1194262,0.193,HIRE
6038,3641,2023-09-05,2024-04-01,USD,4377782,0.0666,HIRE
6039,3641,2024-04-02,,USD,4478251,0.1009,PROMOTION
6040,3642,2022-05-11,2022-12-13,INR,2355508,0.0739,PROMOTION
6041,3642,2022-12-14,,USD,2540650,0.1023,HIRE
6042,3643,2021-10-16,2023-04-26,USD,5921528,0.1546,HIRE
6043,3643,2023-04-27,2024-08-09,INR,5142118,0.1452,HIRE
6044,3643,2024-08-10,,INR,5997648,0.1218,MERIT
6045,3644,2024-08-26,2025-02-23,USD,767934,0.179,HIRE
6046,3644,2025-02-24,,USD,605272,0.1545,MERIT
6047,3645,2018-07-14,2022-07-09,INR,1091553,0.1111,HIRE
6048,3645,2022-07-10,,INR,1167818,0.1868,MERIT
6049,3646,2023-12-22,2024-02-12,USD,721124,0.0736,ADJUSTMENT
6050,3646,2024-02-13,,INR,617869,0.1387,ADJUSTMENT
6051,3647,2025-08-17,,USD,1276269,0.0672,HIRE
6052,3648,2025-06-22,,USD,5876310,0.1197,HIRE
6053,3649,2025-06-12,,USD,1175770,0.14,HIRE
6054,3650,2023-05-11,2023-07-01,USD,3127919,0.196,MERIT
6055,3650,2023-07-02,2024-06-25,INR,2301601,0.0928,MERIT
6056,3650,2024-06-26,,INR,3074016,0.1423,ADJUSTMENT
6057,3651,2020-11-24,2025-01-01,USD,432616,0.0102,MERIT
6058,3651,2025-01-02,,USD,514359,0.183,HIRE
6059,3652,2023-01-18,2023-10-05,INR,371361,0.0834,PROMOTION
6060,3652,2023-10-06,,USD,483699,0.1396,ADJUSTMENT
6061,3653,2025-07-04,,INR,5281163,0.1962,ADJUSTMENT
6062,3654,2022-06-07,,INR,850595,0.1727,PROMOTION
6063,3655,2021-06-17,2021-11-29,USD,775167,0.0027,HIRE
6064,3655,2021-11-30,,INR,687904,0.1114,HIRE
6065,3656,2024-06-03,,INR,359266,0.1768,MERIT
6066,3657,2025-04-01,2025-06-11,USD,1945559,0.0647,PROMOTION
6067,3657,2025-06-12,,INR,1484502,0.0471,ADJUSTMENT
6068,3658,2021-10-27,2024-06-22,USD,3877458,0.1712,ADJUSTMENT
6069,3658,2024-06-23,,INR,4301834,0.1112,ADJUSTMENT
6070,3659,2018-08-25,2020-05-04,INR,1731882,0.0897,ADJUSTMENT
6071,3659,2020-05-05,2020-08-11,INR,1445396,0.0376,ADJUSTMENT
6072,3659,2020-08-12,,INR,2064686,0.0978,MERIT
6073,3660,2021-05-02,2025-07-22,INR,1133558,0.0097,MERIT
6074,3660,2025-07-23,2025-08-16,INR,948421,0.1487,ADJUSTMENT
6075,3660,2025-08-17,,INR,1033015,0.0255,HIRE
6076,3661,2022-07-12,,INR,4196601,0.0756,MERIT
6077,3662,2021-12-05,,USD,6355473,0.1882,PROMOTION
6078,3663,2025-03-20,,INR,1930582,0.0492,ADJUSTMENT
6079,3664,2017-11-27,2020-09-30,INR,3938351,0.0881,MERIT
6080,3664,2020-10-01,,INR,3854535,0.1942,HIRE
6081,3665,2020-10-24,2024-10-24,USD,3590465,0.1618,PROMOTION
6082,3665,2024-10-25,,INR,3879768,0.1453,ADJUSTMENT
6083,3666,2021-11-07,,USD,6402623,0.0923,MERIT
6084,3667,2022-09-08,2023-07-15,USD,4305815,0.0434,PROMOTION
6085,3667,2023-07-16,,INR,4036523,0.0437,MERIT
6086,3668,2024-08-19,,USD,482753,0.096,PROMOTION
6087,3669,2023-12-29,2025-08-06,USD,2052769,0.1202,HIRE
6088,3669,2025-08-07,,USD,1546833,0.1612,MERIT
6089,3670,2021-05-12,,INR,3422760,0.0441,ADJUSTMENT
6090,3671,2024-05-13,2025-08-03,USD,1424259,0.192,HIRE
6091,3671,2025-08-04,,USD,1858618,0.0968,PROMOTION
6092,3672,2019-03-28,2025-01-18,USD,1846438,0.0869,HIRE
6093,3672,2025-01-19,,USD,2145924,0.0156,ADJUSTMENT
6094,3673,2024-05-25,2025-07-19,INR,5410606,0.1295,PROMOTION
6095,3673,2025-07-20,,INR,4507746,0.0141,HIRE
6096,3674,2022-12-27,2025-01-08,INR,1688141,0.0369,PROMOTION
6097,3674,2025-01-09,,INR,1651844,0.0146,PROMOTION
6098,3675,2022-08-01,2022-11-11,INR,1904890,0.0733,PROMOTION
6099,3675,2022-11-12,,INR,2134891,0.0563,ADJUSTMENT
6100,3676,2020-03-14,,USD,6592276,0.1933,HIRE
6101,3677,2022-11-14,2023-06-24,USD,693263,0.1378,HIRE
6102,3677,2023-06-25,2024-01-09,USD,639040,0.0418,MERIT
6103,3677,2024-01-10,,INR,702721,0.1556,PROMOTION
6104,3678,2017-08-30,2022-08-18,INR,454267,0.1307,ADJUSTMENT
6105,3678,2022-08-19,,INR,342286,0.0675,PROMOTION
6106,3679,2021-01-06,,USD,1839123,0.0581,ADJUSTMENT
6107,3680,2020-09-21,2023-10-26,INR,3990579,0.0581,HIRE
6108,3680,2023-10-27,,USD,4100058,0.1814,HIRE
6109,3681,2023-06-02,,USD,6553842,0.088,HIRE
6110,3682,2023-03-23,2024-02-02,INR,3696783,0.1272,ADJUSTMENT
6111,3682,2024-02-03,2024-06-24,USD,3597472,0.0738,HIRE
6112,3682,2024-06-25,,USD,4205552,0.0073,HIRE
6113,3683,2025-07-17,,USD,1011454,0.1627,HIRE
6114,3684,2023-09-06,,USD,2403347,0.142,HIRE
6115,3685,2020-01-08,,INR,3563618,0.1106,PROMOTION
6116,3686,2022-04-21,,USD,5181138,0.1168,MERIT
6117,3687,2021-07-01,,INR,1632195,0.1179,PROMOTION
6118,3688,2021-02-15,,USD,1362748,0.1119,HIRE
6119,3689,2022-12-19,,INR,3345381,0.0359,ADJUSTMENT
6120,3690,2023-04-19,,USD,3424696,0.1106,MERIT
6121,3691,2018-09-18,2023-11-13,USD,968509,0.1456,HIRE
6122,3691,2023-11-14,,USD,1077665,0.1925,HIRE
6123,3692,2021-11-15,,INR,3550243,0.0062,MERIT
6124,3693,2022-03-18,2024-05-30,USD,432399,0.1151,HIRE
6125,3693,2024-05-31,2025-03-05,USD,401790,0.1874,HIRE
6126,3693,2025-03-06,,USD,306494,0.1515,PROMOTION
6127,3694,2020-09-29,,INR,2048504,0.1917,HIRE
6128,3695,2023-08-24,,INR,1685171,0.1527,ADJUSTMENT
6129,3696,2025-04-06,2025-07-15,USD,6933361,0.0988,MERIT
6130,3696,2025-07-16,,INR,4518347,0.1247,MERIT
6131,3697,2025-05-14,,INR,5970023,0.0877,MERIT
6132,3698,2018-07-08,2020-03-25,USD,926066,0.1259,PROMOTION
6133,3698,2020-03-26,,USD,1138499,0.0424,ADJUSTMENT
6134,3699,2019-05-21,,INR,1662194,0.14,MERIT
6135,3700,2022-05-15,2022-10-08,USD,801223,0.1123,MERIT
6136,3700,2022-10-09,,INR,884380,0.0145,ADJUSTMENT
6137,3701,2020-05-16,2024-11-11,INR,706024,0.0509,ADJUSTMENT
6138,3701,2024-11-12,,USD,732815,0.0546,ADJUSTMENT
6139,3702,2021-09-30,2023-09-27,USD,3333897,0.0127,PROMOTION
6140,3702,2023-09-28,,INR,3340674,0.163,MERIT
6141,3703,2022-08-03,,USD,370684,0.1858,ADJUSTMENT
6142,3704,2019-07-20,2021-03-23,USD,4358582,0.0361,MERIT
6143,3704,2021-03-24,,USD,3683001,0.1515,PROMOTION
6144,3705,2025-01-01,2025-07-04,INR,2713205,0.0927,PROMOTION
6145,3705,2025-07-05,,INR,2317317,0.0477,PROMOTION
6146,3706,2024-02-17,,USD,2890260,0.1937,PROMOTION
6147,3707,2023-01-08,,USD,6746029,0.1584,PROMOTION
6148,3708,2024-06-13,,USD,2135844,0.0545,MERIT
6149,3709,2016-09-25,2020-07-08,USD,1696022,0.0381,MERIT
6150,3709,2020-07-09,2024-01-15,USD,2173859,0.1914,ADJUSTMENT
6151,3709,2024-01-16,,USD,1458954,0.1644,MERIT
6152,3710,2025-07-23,,USD,407444,0.1836,PROMOTION
6153,3711,2018-05-14,,USD,3026085,0.1337,HIRE
6154,3712,2023-09-22,2023-10-03,INR,322021,0.0205,PROMOTION
6155,3712,2023-10-04,,INR,408600,0.1083,MERIT
6156,3713,2017-04-12,2025-08-19,INR,4752949,0.0875,HIRE
6157,3713,2025-08-20,,INR,5764991,0.0957,ADJUSTMENT
6158,3714,2023-10-25,2024-11-23,USD,2497203,0.0815,PROMOTION
6159,3714,2024-11-24,,USD,2831709,0.1692,ADJUSTMENT
6160,3715,2020-08-03,,INR,918345,0.042,HIRE
6161,3716,2019-06-25,,USD,4381411,0.0209,HIRE
6162,3717,2022-02-19,,USD,2980309,0.1332,HIRE
6163,3718,2020-01-30,,USD,2641572,0.0146,HIRE
6164,3719,2020-08-02,2021-01-14,INR,4922414,0.1413,HIRE
6165,3719,2021-01-15,,INR,4703391,0.1437,MERIT
6166,3720,2019-01-10,2019-06-06,INR,2414683,0.0572,MERIT
6167,3720,2019-06-07,2023-11-01,INR,2608893,0.0503,PROMOTION
6168,3720,2023-11-02,,INR,3013196,0.1514,HIRE
6169,3721,2025-07-20,2025-07-30,USD,4002231,0.0563,PROMOTION
6170,3721,2025-07-31,,USD,3510475,0.0401,MERIT
6171,3722,2024-12-31,2025-03-13,INR,733718,0.0324,HIRE
6172,3722,2025-03-14,2025-04-11,USD,838362,0.0038,MERIT
6173,3722,2025-04-12,,USD,889402,0.0625,PROMOTION
6174,3723,2023-10-18,,INR,1414187,0.0287,PROMOTION
6175,3724,2021-12-01,2022-04-27,USD,2137869,0.0963,ADJUSTMENT
6176,3724,2022-04-28,,INR,2196041,0.0241,PROMOTION
6177,3725,2017-08-19,2020-09-09,INR,1271304,0.1841,ADJUSTMENT
6178,3725,2020-09-10,,USD,1066160,0.1289,ADJUSTMENT
6179,3726,2020-04-29,2021-09-24,USD,649309,0.1084,MERIT
6180,3726,2021-09-25,2023-04-21,USD,827063,0.0711,ADJUSTMENT
6181,3726,2023-04-22,,INR,631944,0.1921,MERIT
6182,3727,2024-09-18,2024-11-27,INR,2031422,0.0499,ADJUSTMENT
6183,3727,2024-11-28,,INR,1759278,0.0315,ADJUSTMENT
6184,3728,2025-05-17,,INR,347721,0.1943,MERIT
6185,3729,2022-03-26,,USD,570653,0.13,MERIT
6186,3730,2025-07-15,2025-07-19,USD,423357,0.0205,ADJUSTMENT
6187,3730,2025-07-20,,USD,560857,0.0786,MERIT
6188,3731,2025-08-11,,USD,4485432,0.0628,PROMOTION
6189,3732,2022-08-12,2023-12-11,USD,2889704,0.0515,PROMOTION
6190,3732,2023-12-12,,USD,2306488,0.145,ADJUSTMENT
6191,3733,2023-07-03,,USD,6409664,0.0725,ADJUSTMENT
6192,3734,2025-03-31,,INR,4228396,0.1457,HIRE
6193,3735,2020-11-23,2021-01-04,INR,499352,0.1489,HIRE
6194,3735,2021-01-05,,INR,364573,0.1443,PROMOTION
6195,3736,2023-11-19,2025-01-01,USD,803585,0.0095,PROMOTION
6196,3736,2025-01-02,,USD,885934,0.0638,PROMOTION
6197,3737,2023-10-23,2024-10-19,USD,341457,0.1279,MERIT
6198,3737,2024-10-20,,INR,413575,0.0069,PROMOTION
6199,3738,2021-09-06,2023-04-08,USD,3381228,0.0895,ADJUSTMENT
6200,3738,2023-04-09,,USD,3795640,0.1469,HIRE
6201,3739,2025-02-28,2025-03-24,INR,3358232,0.1097,MERIT
6202,3739,2025-03-25,,USD,4226771,0.1858,PROMOTION
6203,3740,2023-07-05,2024-09-17,INR,807374,0.1686,ADJUSTMENT
6204,3740,2024-09-18,2025-02-22,USD,618938,0.0905,MERIT
6205,3740,2025-02-23,,INR,653919,0.1294,HIRE
6206,3741,2015-08-10,2018-10-16,USD,975321,0.0406,ADJUSTMENT
6207,3741,2018-10-17,2021-02-07,INR,1178879,0.1463,HIRE
6208,3741,2021-02-08,,USD,1222326,0.0755,PROMOTION
6209,3742,2022-01-02,,USD,1040726,0.1841,HIRE
6210,3743,2025-05-17,,INR,5697125,0.1571,ADJUSTMENT
6211,3744,2017-10-24,2018-02-28,INR,591018,0.0841,MERIT
6212,3744,2018-03-01,,USD,309777,0.0937,MERIT
6213,3745,2025-08-23,,USD,306189,0.1578,HIRE
6214,3746,2025-04-13,,INR,5385448,0.1475,ADJUSTMENT
6215,3747,2025-05-10,,INR,594036,0.1028,PROMOTION
6216,3748,2023-03-29,,INR,4557024,0.0791,PROMOTION
6217,3749,2024-05-27,,INR,494129,0.0598,MERIT
6218,3750,2020-02-02,,USD,381410,0.0407,HIRE
6219,3751,2018-11-01,,INR,1417540,0.0787,PROMOTION
6220,3752,2024-02-10,2025-03-05,USD,473190,0.1567,PROMOTION
6221,3752,2025-03-06,,INR,527428,0.0947,MERIT
6222,3753,2021-02-14,2021-08-17,INR,1460779,0.1946,ADJUSTMENT
6223,3753,2021-08-18,,USD,2122660,0.1074,MERIT
6224,3754,2019-09-21,2021-01-31,USD,1024588,0.1682,MERIT
6225,3754,2021-02-01,,USD,1368881,0.1972,MERIT
6226,3755,2023-04-15,,USD,2682542,0.1071,HIRE
6227,3756,2025-01-11,2025-03-13,USD,1028368,0.1182,ADJUSTMENT
6228,3756,2025-03-14,,USD,1123641,0.113,ADJUSTMENT
6229,3757,2021-01-30,2022-03-15,USD,4977022,0.0152,ADJUSTMENT
6230,3757,2022-03-16,2023-12-18,USD,4641157,0.1805,PROMOTION
6231,3757,2023-12-19,,USD,5848482,0.0801,HIRE
6232,3758,2025-01-17,2025-03-07,INR,2607392,0.0473,MERIT
6233,3758,2025-03-08,,USD,2710543,0.031,HIRE
6234,3759,2023-02-21,,INR,338522,0.0987,PROMOTION
6235,3760,2025-08-24,,INR,422480,0.0354,PROMOTION
6236,3761,2019-10-12,,INR,394972,0.1568,MERIT
6237,3762,2021-07-14,2023-01-15,INR,2295841,0.1199,PROMOTION
6238,3762,2023-01-16,,INR,3054986,0.0699,HIRE
6239,3763,2024-05-29,2024-10-23,USD,786959,0.0156,PROMOTION
6240,3763,2024-10-24,,USD,729901,0.179,HIRE
6241,3764,2025-02-01,,INR,634587,0.0424,ADJUSTMENT
6242,3765,2020-12-19,,USD,1572893,0.1974,MERIT
6243,3766,2021-11-30,2025-06-13,USD,721058,0.0638,PROMOTION
6244,3766,2025-06-14,,INR,627247,0.1733,HIRE
6245,3767,2025-07-17,,INR,316468,0.0957,PROMOTION
6246,3768,2025-03-29,2025-07-03,INR,3197903,0.0938,MERIT
6247,3768,2025-07-04,,INR,2414989,0.1282,ADJUSTMENT
6248,3769,2024-07-26,,INR,2787966,0.078,HIRE
6249,3770,2020-05-27,2024-09-10,USD,2384632,0.1502,ADJUSTMENT
6250,3770,2024-09-11,2025-01-28,INR,2426387,0.1227,ADJUSTMENT
6251,3770,2025-01-29,,INR,3157189,0.1172,ADJUSTMENT
6252,3771,2025-08-13,,INR,4211881,0.0917,HIRE
6253,3772,2022-03-01,2022-06-20,INR,460359,0.0167,ADJUSTMENT
6254,3772,2022-06-21,,USD,503445,0.0119,MERIT
6255,3773,2025-01-10,2025-06-27,USD,3113090,0.112,HIRE
6256,3773,2025-06-28,,INR,3042488,0.0599,ADJUSTMENT
6257,3774,2023-04-01,2023-04-14,USD,1367802,0.1815,MERIT
6258,3774,2023-04-15,,USD,1180591,0.0848,HIRE
6259,3775,2021-03-10,,USD,719428,0.1301,MERIT
6260,3776,2020-12-23,2023-07-12,USD,1999354,0.1143,ADJUSTMENT
6261,3776,2023-07-13,,INR,1626603,0.1034,ADJUSTMENT
6262,3777,2021-10-31,2022-05-25,USD,3638301,0.0542,HIRE
6263,3777,2022-05-26,2024-09-10,USD,3679309,0.1787,MERIT
6264,3777,2024-09-11,,USD,4403311,0.0551,MERIT
6265,3778,2020-09-11,,USD,697052,0.0621,PROMOTION
6266,3779,2024-10-19,,INR,5828809,0.1197,HIRE
6267,3780,2024-06-28,2025-03-16,INR,3385944,0.0181,PROMOTION
6268,3780,2025-03-17,,USD,3484498,0.0412,MERIT
6269,3781,2021-09-05,2022-11-03,USD,4282625,0.0694,HIRE
6270,3781,2022-11-04,,USD,4058309,0.0262,ADJUSTMENT
6271,3782,2019-07-16,2020-01-01,INR,4380138,0.0074,HIRE
6272,3782,2020-01-02,2023-12-28,INR,4201712,0.0905,HIRE
6273,3782,2023-12-29,,INR,3763578,0.1498,HIRE
6274,3783,2023-06-04,2023-07-30,INR,4684237,0.1053,ADJUSTMENT
6275,3783,2023-07-31,,INR,5985832,0.1604,PROMOTION
6276,3784,2022-02-14,2023-07-27,USD,714655,0.1559,MERIT
6277,3784,2023-07-28,,USD,899512,0.1242,PROMOTION
6278,3785,2021-12-05,,INR,4394604,0.0779,HIRE
6279,3786,2022-11-12,2023-02-06,USD,815579,0.0628,PROMOTION
6280,3786,2023-02-07,,USD,603639,0.1795,ADJUSTMENT
6281,3787,2021-05-13,2022-04-20,INR,1753623,0.1882,ADJUSTMENT
6282,3787,2022-04-21,,INR,1487468,0.0982,ADJUSTMENT
6283,3788,2020-11-17,,USD,5083207,0.0552,HIRE
6284,3789,2020-06-22,2020-10-05,INR,711149,0.0422,PROMOTION
6285,3789,2020-10-06,,INR,804143,0.0648,MERIT
6286,3790,2024-07-05,,INR,3440738,0.0995,PROMOTION
6287,3791,2025-02-13,2025-04-16,INR,584426,0.1475,HIRE
6288,3791,2025-04-17,,INR,339189,0.0538,HIRE
6289,3792,2024-06-16,2025-06-05,INR,3056502,0.0521,PROMOTION
6290,3792,2025-06-06,,USD,2924127,0.0974,PROMOTION
6291,3793,2024-11-19,,INR,459599,0.1671,ADJUSTMENT
6292,3794,2023-07-08,2025-04-29,USD,2463001,0.0475,MERIT
6293,3794,2025-04-30,,INR,2791722,0.1217,HIRE
6294,3795,2023-05-19,2025-07-13,INR,445119,0.1649,HIRE
6295,3795,2025-07-14,,INR,587062,0.0748,HIRE
6296,3796,2021-01-25,2024-10-20,USD,389479,0.0542,PROMOTION
6297,3796,2024-10-21,2024-12-13,USD,488339,0.1014,MERIT
6298,3796,2024-12-14,,INR,546001,0.1856,MERIT
6299,3797,2020-03-02,2023-12-31,USD,3672249,0.0019,ADJUSTMENT
6300,3797,2024-01-01,,USD,4033750,0.1369,MERIT
6301,3798,2024-07-20,,USD,426458,0.1837,MERIT
6302,3799,2024-08-16,2025-08-19,USD,972112,0.068,MERIT
6303,3799,2025-08-20,,USD,1387453,0.1389,HIRE
6304,3800,2025-07-03,,USD,759624,0.1422,PROMOTION
6305,3801,2017-10-17,,INR,1977126,0.1953,HIRE
6306,3802,2018-06-08,,INR,382589,0.0219,PROMOTION
6307,3803,2019-11-23,2020-06-17,INR,4485363,0.1038,PROMOTION
6308,3803,2020-06-18,,USD,4235337,0.0438,PROMOTION
6309,3804,2024-08-23,,USD,758808,0.0633,PROMOTION
6310,3805,2018-08-19,,USD,1292133,0.0311,PROMOTION
6311,3806,2025-06-30,2025-08-22,USD,3544295,0.0039,HIRE
6312,3806,2025-08-23,,USD,3944964,0.0513,HIRE
6313,3807,2025-07-20,,USD,1047211,0.133,MERIT
6314,3808,2022-01-29,2023-12-17,INR,6424846,0.1296,HIRE
6315,3808,2023-12-18,,USD,6671805,0.0731,HIRE
6316,3809,2022-07-18,2025-05-24,USD,446273,0.0657,ADJUSTMENT
6317,3809,2025-05-25,,INR,494655,0.0475,PROMOTION
6318,3810,2024-02-20,2024-12-16,USD,2582667,0.0787,HIRE
6319,3810,2024-12-17,,INR,2283912,0.1227,ADJUSTMENT
6320,3811,2018-04-27,,INR,2587960,0.1541,PROMOTION
6321,3812,2024-04-20,,INR,1429476,0.0905,HIRE
6322,3813,2023-09-22,2024-02-03,USD,2948487,0.1107,ADJUSTMENT
6323,3813,2024-02-04,,INR,3088516,0.0497,MERIT
6324,3814,2023-11-25,,USD,1185799,0.0673,ADJUSTMENT
6325,3815,2024-07-13,,INR,545923,0.1677,HIRE
6326,3816,2023-06-08,,INR,4346599,0.0111,HIRE
6327,3817,2024-07-30,2025-05-18,INR,1429082,0.1228,ADJUSTMENT
6328,3817,2025-05-19,,INR,1613724,0.0126,HIRE
6329,3818,2019-11-02,2025-06-15,USD,4134554,0.0022,MERIT
6330,3818,2025-06-16,,INR,4249748,0.0739,HIRE
6331,3819,2023-02-10,2025-08-21,INR,833884,0.1471,ADJUSTMENT
6332,3819,2025-08-22,,INR,602829,0.1839,ADJUSTMENT
6333,3820,2025-07-29,,INR,720571,0.0414,PROMOTION
6334,3821,2019-11-17,,INR,490130,0.0515,PROMOTION
6335,3822,2024-04-20,2024-10-21,INR,2175550,0.0749,PROMOTION
6336,3822,2024-10-22,2025-07-25,INR,1433410,0.165,PROMOTION
6337,3822,2025-07-26,,INR,1880886,0.0627,ADJUSTMENT
6338,3823,2022-07-02,,USD,4460207,0.1383,MERIT
6339,3824,2022-01-30,,INR,2839446,0.1542,ADJUSTMENT
6340,3825,2024-08-29,2025-04-13,INR,1284706,0.1253,HIRE
6341,3825,2025-04-14,2025-06-11,USD,986266,0.0321,PROMOTION
6342,3825,2025-06-12,,INR,986950,0.0623,MERIT
6343,3826,2015-03-26,,INR,5469874,0.0347,HIRE
6344,3827,2025-08-20,2025-08-20,INR,4426040,0.0979,PROMOTION
6345,3827,2025-08-21,2025-08-21,USD,3802166,0.1909,MERIT
6346,3827,2025-08-22,,USD,3751015,0.0633,ADJUSTMENT
6347,3828,2023-07-24,,USD,1209525,0.1105,MERIT
6348,3829,2020-07-28,2023-11-06,INR,1210952,0.025,ADJUSTMENT
6349,3829,2023-11-07,2023-12-10,INR,1133363,0.0862,HIRE
6350,3829,2023-12-11,,USD,982874,0.1193,ADJUSTMENT
6351,3830,2024-07-09,,USD,1124844,0.0563,HIRE
6352,3831,2022-07-19,2023-02-20,USD,2130975,0.1805,ADJUSTMENT
6353,3831,2023-02-21,,INR,2027616,0.1021,PROMOTION
6354,3832,2017-11-04,,USD,1470394,0.1785,PROMOTION
6355,3833,2023-06-06,2025-06-24,USD,1555625,0.0787,PROMOTION
6356,3833,2025-06-25,,USD,1705610,0.1033,HIRE
6357,3834,2023-04-26,2023-10-01,INR,4125770,0.1446,ADJUSTMENT
6358,3834,2023-10-02,,USD,3620887,0.0061,MERIT
6359,3835,2022-05-31,2022-11-11,INR,2729388,0.109,MERIT
6360,3835,2022-11-12,2025-03-17,USD,2578294,0.091,ADJUSTMENT
6361,3835,2025-03-18,,INR,2947406,0.0798,ADJUSTMENT
6362,3836,2021-09-04,2022-12-06,INR,6831425,0.1172,ADJUSTMENT
6363,3836,2022-12-07,,INR,4930926,0.019,MERIT
6364,3837,2021-05-24,2021-06-03,USD,5104268,0.0541,HIRE
6365,3837,2021-06-04,2022-01-21,USD,6704886,0.0542,PROMOTION
6366,3837,2022-01-22,,INR,6609859,0.1772,HIRE
6367,3838,2024-10-09,2024-11-18,USD,5966434,0.1785,ADJUSTMENT
6368,3838,2024-11-19,,USD,6650929,0.1555,PROMOTION
6369,3839,2019-06-16,,INR,2810486,0.1429,MERIT
6370,3840,2024-12-06,,INR,536240,0.1834,MERIT
6371,3841,2022-07-18,,USD,2151096,0.0728,ADJUSTMENT
6372,3842,2023-11-17,2024-01-12,USD,950886,0.0875,ADJUSTMENT
6373,3842,2024-01-13,,USD,956439,0.1545,MERIT
6374,3843,2025-08-08,,INR,602196,0.1604,ADJUSTMENT
6375,3844,2023-05-24,2024-06-18,INR,3865495,0.0136,MERIT
6376,3844,2024-06-19,,USD,3728997,0.0288,ADJUSTMENT
6377,3845,2024-01-30,,INR,3209130,0.0338,HIRE
6378,3846,2024-07-12,,USD,381883,0.0227,MERIT
6379,3847,2024-07-03,,INR,935227,0.0212,HIRE
6380,3848,2016-04-15,,INR,903016,0.1977,PROMOTION
6381,3849,2024-11-17,2025-06-05,INR,716677,0.0351,PROMOTION
6382,3849,2025-06-06,,USD,710226,0.0232,PROMOTION
6383,3850,2020-08-17,2020-12-02,INR,5553626,0.1978,PROMOTION
6384,3850,2020-12-03,2021-06-07,INR,6005118,0.1082,HIRE
6385,3850,2021-06-08,,USD,6086365,0.144,HIRE
6386,3851,2021-09-30,2022-10-23,USD,1199397,0.1462,PROMOTION
6387,3851,2022-10-24,,USD,1121158,0.1094,PROMOTION
6388,3852,2024-02-22,,INR,1076784,0.0351,HIRE
6389,3853,2024-05-19,,INR,1057916,0.0353,PROMOTION
6390,3854,2024-07-29,,USD,3764204,0.1013,PROMOTION
6391,3855,2025-07-30,2025-08-16,USD,679396,0.0457,MERIT
6392,3855,2025-08-17,,USD,753756,0.1899,HIRE
6393,3856,2025-06-07,,USD,1665965,0.0873,PROMOTION
6394,3857,2020-07-22,,USD,378590,0.0536,MERIT
6395,3858,2025-04-19,2025-08-09,USD,2625088,0.1873,MERIT
6396,3858,2025-08-10,,USD,2506075,0.0447,MERIT
6397,3859,2025-07-28,,USD,1428138,0.0955,HIRE
6398,3860,2020-04-21,2020-12-29,INR,4000667,0.0737,ADJUSTMENT
6399,3860,2020-12-30,2024-10-24,USD,3775083,0.1734,HIRE
6400,3860,2024-10-25,,USD,3586929,0.0752,PROMOTION
6401,3861,2022-05-03,2023-05-18,INR,673811,0.16,ADJUSTMENT
6402,3861,2023-05-19,,USD,756101,0.0399,MERIT
6403,3862,2024-07-06,2025-02-24,USD,818243,0.186,MERIT
6404,3862,2025-02-25,2025-08-04,USD,798612,0.008,HIRE
6405,3862,2025-08-05,,USD,811532,0.0144,ADJUSTMENT
6406,3863,2023-11-19,,INR,4865826,0.0386,HIRE
6407,3864,2019-03-23,,USD,1545752,0.1358,HIRE
6408,3865,2024-10-20,,INR,6218098,0.1444,MERIT
6409,3866,2024-12-07,,USD,1094912,0.1158,MERIT
6410,3867,2025-06-03,,USD,4816250,0.0444,ADJUSTMENT
6411,3868,2020-11-08,,INR,854796,0.0102,MERIT
6412,3869,2020-07-07,,USD,704398,0.1691,HIRE
6413,3870,2025-06-03,,INR,3297909,0.0197,HIRE
6414,3871,2017-05-04,2019-04-08,INR,5567325,0.0393,HIRE
6415,3871,2019-04-09,2021-12-29,INR,5675781,0.0222,ADJUSTMENT
6416,3871,2021-12-30,,USD,6244040,0.0554,ADJUSTMENT
6417,3872,2024-04-07,,INR,5805258,0.0139,HIRE
6418,3873,2022-03-14,2025-05-17,INR,6037308,0.1312,ADJUSTMENT
6419,3873,2025-05-18,,INR,5408774,0.0372,HIRE
6420,3874,2025-06-03,,USD,455084,0.0839,ADJUSTMENT
6421,3875,2023-03-10,2024-07-30,INR,1319505,0.0656,HIRE
6422,3875,2024-07-31,,USD,1392131,0.1614,ADJUSTMENT
6423,3876,2018-05-07,2018-11-03,INR,721741,0.0411,HIRE
6424,3876,2018-11-04,,INR,614384,0.1359,MERIT
6425,3877,2025-03-21,,INR,6770860,0.0774,HIRE
6426,3878,2020-01-10,,INR,654893,0.0838,ADJUSTMENT
6427,3879,2024-04-18,,INR,1434433,0.0254,PROMOTION
6428,3880,2018-04-16,2020-03-24,INR,554597,0.1303,MERIT
6429,3880,2020-03-25,,INR,574666,0.1654,HIRE
6430,3881,2022-05-11,2023-03-07,INR,2397254,0.0367,PROMOTION
6431,3881,2023-03-08,,INR,2999451,0.0731,MERIT
6432,3882,2024-06-28,,USD,1978956,0.0718,MERIT
6433,3883,2024-11-22,2025-02-02,USD,4910826,0.1723,PROMOTION
6434,3883,2025-02-03,2025-04-29,USD,5393222,0.0647,ADJUSTMENT
6435,3883,2025-04-30,,INR,5250445,0.1158,ADJUSTMENT
6436,3884,2024-12-22,2025-04-01,USD,1533462,0.1122,MERIT
6437,3884,2025-04-02,,INR,1756169,0.0325,ADJUSTMENT
6438,3885,2023-10-17,,USD,338490,0.1974,MERIT
6439,3886,2025-01-29,,INR,615672,0.046,PROMOTION
6440,3887,2018-12-04,2021-10-28,INR,1816591,0.0342,MERIT
6441,3887,2021-10-29,,USD,2039897,0.1669,HIRE
6442,3888,2020-06-01,2023-11-04,USD,487451,0.0515,PROMOTION
6443,3888,2023-11-05,,INR,554940,0.0669,MERIT
6444,3889,2024-02-01,2024-05-17,INR,3164022,0.1109,HIRE
6445,3889,2024-05-18,,USD,2365840,0.1835,PROMOTION
6446,3890,2025-01-31,2025-08-15,USD,1086502,0.1824,MERIT
6447,3890,2025-08-16,,USD,1282299,0.1145,ADJUSTMENT
6448,3891,2025-02-21,,INR,5805684,0.0928,MERIT
6449,3892,2022-06-07,,INR,3842034,0.0861,HIRE
6450,3893,2018-07-02,,INR,1259462,0.0772,HIRE
6451,3894,2023-09-07,2024-09-01,USD,2565894,0.1394,PROMOTION
6452,3894,2024-09-02,,USD,2257232,0.1786,ADJUSTMENT
6453,3895,2016-07-02,2020-08-18,INR,3215308,0.0873,ADJUSTMENT
6454,3895,2020-08-19,2024-09-03,USD,4325295,0.1335,PROMOTION
6455,3895,2024-09-04,,INR,3665458,0.0089,MERIT
6456,3896,2019-11-03,2024-12-25,USD,2406351,0.1786,PROMOTION
6457,3896,2024-12-26,2025-05-22,USD,2526972,0.1115,HIRE
6458,3896,2025-05-23,,INR,2550161,0.1633,MERIT
6459,3897,2022-02-17,2024-11-19,INR,380740,0.0663,MERIT
6460,3897,2024-11-20,,INR,387804,0.0048,MERIT
6461,3898,2018-05-11,,INR,313020,0.1001,PROMOTION
6462,3899,2025-06-05,2025-07-15,INR,3502987,0.1739,PROMOTION
6463,3899,2025-07-16,,INR,4186769,0.1874,ADJUSTMENT
6464,3900,2024-05-26,2025-07-11,USD,4022145,0.01,ADJUSTMENT
6465,3900,2025-07-12,,INR,4129179,0.153,PROMOTION
6466,3901,2021-12-15,,USD,2450574,0.1493,HIRE
6467,3902,2017-07-22,2022-09-24,USD,6689441,0.125,HIRE
6468,3902,2022-09-25,,INR,5556480,0.1632,MERIT
6469,3903,2025-02-06,,USD,331274,0.0789,HIRE
6470,3904,2022-10-23,2023-08-03,INR,1210779,0.1898,PROMOTION
6471,3904,2023-08-04,2024-01-25,INR,1020592,0.1439,PROMOTION
6472,3904,2024-01-26,,INR,1262949,0.0729,PROMOTION
6473,3905,2024-06-03,,USD,687920,0.1227,HIRE
6474,3906,2023-11-13,,USD,376317,0.1982,MERIT
6475,3907,2024-06-18,,INR,4138019,0.0634,HIRE
6476,3908,2025-06-19,,INR,3113951,0.1741,ADJUSTMENT
6477,3909,2021-01-09,2023-04-23,INR,768187,0.1439,ADJUSTMENT
6478,3909,2023-04-24,,USD,696538,0.1977,ADJUSTMENT
6479,3910,2023-03-18,2024-08-13,USD,6425222,0.0393,ADJUSTMENT
6480,3910,2024-08-14,2024-09-03,USD,4985304,0.0971,HIRE
6481,3910,2024-09-04,,INR,5691467,0.1796,ADJUSTMENT
6482,3911,2020-09-12,2022-05-14,INR,6407577,0.019,PROMOTION
6483,3911,2022-05-15,,INR,5621453,0.1804,PROMOTION
6484,3912,2025-08-19,,USD,2121738,0.1474,HIRE
6485,3913,2020-10-23,,INR,3828734,0.13,ADJUSTMENT
6486,3914,2023-07-17,,INR,474009,0.0141,MERIT
6487,3915,2024-08-24,,INR,6185141,0.0879,ADJUSTMENT
6488,3916,2022-11-23,,INR,791581,0.1529,MERIT
6489,3917,2025-08-05,,USD,1432507,0.1932,ADJUSTMENT
6490,3918,2025-08-01,,INR,369237,0.102,ADJUSTMENT
6491,3919,2024-07-01,,INR,4306158,0.1123,MERIT
6492,3920,2025-08-06,,USD,2082563,0.1641,ADJUSTMENT
6493,3921,2021-07-07,2023-11-09,INR,589995,0.1359,MERIT
6494,3921,2023-11-10,,USD,535298,0.1815,HIRE
6495,3922,2019-04-01,,INR,2328193,0.069,HIRE
6496,3923,2024-04-27,,USD,2536188,0.1496,PROMOTION
6497,3924,2018-05-12,,INR,1699158,0.1083,HIRE
6498,3925,2025-08-05,,INR,3359052,0.1801,MERIT
6499,3926,2023-07-29,,INR,4215535,0.0041,PROMOTION
6500,3927,2023-09-25,,USD,1053117,0.0113,PROMOTION
6501,3928,2019-12-11,,USD,6741674,0.177,PROMOTION
6502,3929,2017-02-14,2022-03-02,USD,1178369,0.1667,PROMOTION
6503,3929,2022-03-03,2022-09-01,USD,971904,0.0571,PROMOTION
6504,3929,2022-09-02,,INR,1137452,0.1515,MERIT
6505,3930,2025-05-27,,INR,6688722,0.0216,HIRE
6506,3931,2025-04-06,2025-05-31,USD,461412,0.0743,ADJUSTMENT
6507,3931,2025-06-01,,USD,366007,0.0132,PROMOTION
6508,3932,2025-04-22,2025-07-06,INR,457622,0.0101,MERIT
6509,3932,2025-07-07,,USD,338847,0.1877,MERIT
6510,3933,2024-07-04,,INR,477988,0.0487,HIRE
6511,3934,2024-04-21,,USD,783910,0.0776,PROMOTION
6512,3935,2024-06-11,,USD,814026,0.0072,HIRE
6513,3936,2025-07-26,2025-08-05,USD,935369,0.0181,HIRE
6514,3936,2025-08-06,,USD,978399,0.0482,HIRE
6515,3937,2023-08-07,2024-01-22,USD,720877,0.0874,HIRE
6516,3937,2024-01-23,2025-02-02,USD,753419,0.0378,PROMOTION
6517,3937,2025-02-03,,INR,682650,0.0186,ADJUSTMENT
6518,3938,2024-04-23,,INR,673632,0.0031,HIRE
6519,3939,2025-01-09,2025-05-15,INR,3400916,0.0129,HIRE
6520,3939,2025-05-16,,INR,4408809,0.1544,PROMOTION
6521,3940,2021-01-17,2024-05-11,USD,538933,0.0608,MERIT
6522,3940,2024-05-12,,USD,406276,0.0401,MERIT
6523,3941,2016-02-16,,USD,1337439,0.0255,MERIT
6524,3942,2023-09-30,2025-07-06,INR,2214280,0.0738,PROMOTION
6525,3942,2025-07-07,,INR,2567615,0.0589,PROMOTION
6526,3943,2018-02-19,2023-06-20,USD,4480054,0.1796,HIRE
6527,3943,2023-06-21,,INR,4492625,0.105,MERIT
6528,3944,2022-08-21,,USD,4375047,0.0535,HIRE
6529,3945,2021-04-14,2023-03-19,INR,5809944,0.1345,PROMOTION
6530,3945,2023-03-20,2023-10-17,INR,6031741,0.1357,ADJUSTMENT
6531,3945,2023-10-18,,INR,6975321,0.0949,ADJUSTMENT
6532,3946,2020-08-06,2024-09-04,USD,365238,0.0223,HIRE
6533,3946,2024-09-05,,INR,328646,0.0091,PROMOTION
6534,3947,2021-10-20,2022-08-02,INR,6167474,0.0824,PROMOTION
6535,3947,2022-08-03,,USD,5148750,0.1373,HIRE
6536,3948,2024-05-09,,INR,5843010,0.1532,HIRE
6537,3949,2024-05-31,,INR,6539312,0.0835,MERIT
6538,3950,2025-05-26,,INR,636769,0.0797,MERIT
6539,3951,2020-06-13,2020-08-16,INR,2970619,0.0388,HIRE
6540,3951,2020-08-17,2023-10-07,USD,3172009,0.1093,PROMOTION
6541,3951,2023-10-08,,INR,2571658,0.1809,PROMOTION
6542,3952,2021-11-27,2025-01-29,INR,3356975,0.0277,HIRE
6543,3952,2025-01-30,,USD,4321551,0.0748,HIRE
6544,3953,2022-08-21,2024-11-17,USD,1352235,0.1943,ADJUSTMENT
6545,3953,2024-11-18,,INR,1041756,0.1398,PROMOTION
6546,3954,2021-10-25,2022-05-02,USD,6752725,0.1179,MERIT
6547,3954,2022-05-03,,INR,5719594,0.1136,PROMOTION
6548,3955,2019-08-17,,USD,341815,0.1734,MERIT
6549,3956,2024-02-26,,USD,533112,0.0175,ADJUSTMENT
6550,3957,2025-05-29,,USD,698209,0.0216,MERIT
6551,3958,2024-12-05,,INR,788246,0.19,ADJUSTMENT
6552,3959,2021-01-14,2022-07-22,INR,3936131,0.1707,ADJUSTMENT
6553,3959,2022-07-23,,USD,4041942,0.0618,MERIT
6554,3960,2025-03-13,,INR,2281457,0.1224,ADJUSTMENT
6555,3961,2021-04-01,2022-03-15,USD,4001838,0.1741,PROMOTION
6556,3961,2022-03-16,,INR,3859379,0.1663,ADJUSTMENT
6557,3962,2023-05-19,,USD,2611714,0.1664,ADJUSTMENT
6558,3963,2017-06-18,,USD,381877,0.1232,ADJUSTMENT
6559,3964,2021-09-07,2023-03-15,USD,1364386,0.0913,HIRE
6560,3964,2023-03-16,,USD,1120552,0.0091,ADJUSTMENT
6561,3965,2025-01-14,2025-01-17,INR,4935327,0.1355,HIRE
6562,3965,2025-01-18,,INR,4858493,0.0392,HIRE
6563,3966,2015-06-06,2023-10-12,INR,2928192,0.073,MERIT
6564,3966,2023-10-13,2025-08-04,INR,2512466,0.08,PROMOTION
6565,3966,2025-08-05,,USD,2212230,0.1124,ADJUSTMENT
6566,3967,2024-01-19,,USD,3631098,0.1136,PROMOTION
6567,3968,2025-05-17,,INR,683571,0.134,ADJUSTMENT
6568,3969,2023-06-28,2024-02-24,USD,1296770,0.1944,PROMOTION
6569,3969,2024-02-25,,INR,1159171,0.194,MERIT
6570,3970,2021-07-27,,INR,3062899,0.1924,ADJUSTMENT
6571,3971,2025-05-25,,INR,2365298,0.0931,MERIT
6572,3972,2023-07-29,,USD,5954979,0.0894,ADJUSTMENT
6573,3973,2021-04-28,,INR,3007291,0.1405,PROMOTION
6574,3974,2023-10-05,,INR,773961,0.1646,PROMOTION
6575,3975,2020-05-24,2020-10-17,INR,1143177,0.1008,MERIT
6576,3975,2020-10-18,,INR,1233515,0.1827,PROMOTION
6577,3976,2019-10-05,2023-08-08,USD,4613145,0.1332,ADJUSTMENT
6578,3976,2023-08-09,,USD,4697866,0.1848,ADJUSTMENT
6579,3977,2025-07-16,,INR,4210745,0.1845,PROMOTION
6580,3978,2016-03-16,2018-06-12,INR,447887,0.0382,MERIT
6581,3978,2018-06-13,,INR,384432,0.0582,PROMOTION
6582,3979,2020-08-10,2023-06-12,INR,346220,0.0815,MERIT
6583,3979,2023-06-13,,INR,528334,0.0388,PROMOTION
6584,3980,2024-02-25,,USD,1348925,0.074,MERIT
6585,3981,2023-08-18,,USD,4349191,0.0343,ADJUSTMENT
6586,3982,2022-11-01,2023-06-23,USD,4409360,0.114,PROMOTION
6587,3982,2023-06-24,,USD,3471276,0.045,PROMOTION
6588,3983,2020-01-24,,USD,877579,0.0945,ADJUSTMENT
6589,3984,2021-05-29,2024-08-08,USD,3133935,0.0487,PROMOTION
6590,3984,2024-08-09,,USD,2411619,0.0848,PROMOTION
6591,3985,2017-07-03,2020-06-18,INR,523059,0.0002,ADJUSTMENT
6592,3985,2020-06-19,2025-01-25,USD,436183,0.1295,HIRE
6593,3985,2025-01-26,,USD,351050,0.1358,PROMOTION
6594,3986,2025-05-01,,USD,363234,0.0915,PROMOTION
6595,3987,2025-03-03,,INR,1807039,0.0858,HIRE
6596,3988,2024-09-27,,INR,3740110,0.1393,MERIT
6597,3989,2023-10-18,2025-06-07,USD,3713639,0.0159,ADJUSTMENT
6598,3989,2025-06-08,,USD,3590864,0.1149,HIRE
6599,3990,2024-04-18,,USD,1082615,0.1732,ADJUSTMENT
6600,3991,2024-06-16,2024-11-13,INR,1533960,0.0666,MERIT
6601,3991,2024-11-14,2025-01-16,INR,2058893,0.1677,MERIT
6602,3991,2025-01-17,,INR,2111912,0.1475,MERIT
6603,3992,2025-04-02,,INR,2858960,0.0674,HIRE
6604,3993,2020-10-09,,USD,643220,0.0417,PROMOTION
6605,3994,2019-05-19,2023-08-26,USD,1701695,0.1485,ADJUSTMENT
6606,3994,2023-08-27,,USD,2120585,0.123,HIRE
6607,3995,2021-07-27,,USD,848046,0.1663,MERIT
6608,3996,2025-07-19,,INR,2902170,0.0237,MERIT
6609,3997,2017-12-11,,INR,2452123,0.014,PROMOTION
6610,3998,2023-04-05,,USD,2951481,0.0204,HIRE
6611,3999,2022-08-04,2025-05-15,INR,4519684,0.1352,PROMOTION
6612,3999,2025-05-16,,INR,5190868,0.0122,HIRE
6613,4000,2025-07-03,2025-07-06,USD,457764,0.1861,HIRE
6614,4000,2025-07-07,,INR,390886,0.0913,PROMOTION
6615,4001,2020-04-17,2022-02-17,INR,1078653,0.091,ADJUSTMENT
6616,4001,2022-02-18,,INR,1107906,0.1986,HIRE
6617,4002,2021-04-20,2022-01-29,USD,3764630,0.1661,PROMOTION
6618,4002,2022-01-30,2022-02-16,INR,4160965,0.0973,MERIT
6619,4002,2022-02-17,,INR,3962440,0.1141,PROMOTION
6620,4003,2018-01-11,,INR,694273,0.1904,MERIT
6621,4004,2024-06-17,,USD,2830132,0.073,PROMOTION
6622,4005,2019-11-18,2021-12-19,INR,356657,0.1136,MERIT
6623,4005,2021-12-20,,USD,400679,0.1803,HIRE
6624,4006,2022-01-19,2023-08-18,INR,1377031,0.1065,MERIT
6625,4006,2023-08-19,2024-04-20,USD,966800,0.1016,ADJUSTMENT
6626,4006,2024-04-21,,USD,1288064,0.0762,ADJUSTMENT
6627,4007,2017-04-29,,USD,789290,0.1087,PROMOTION
6628,4008,2018-05-28,,USD,2038228,0.1228,ADJUSTMENT
6629,4009,2020-12-13,2022-12-27,INR,3805584,0.1423,HIRE
6630,4009,2022-12-28,2025-05-06,USD,4424319,0.0284,MERIT
6631,4009,2025-05-07,,USD,3242277,0.1015,ADJUSTMENT
6632,4010,2019-01-10,2022-06-22,USD,6852822,0.1055,PROMOTION
6633,4010,2022-06-23,,USD,5153962,0.0245,MERIT
6634,4011,2025-06-11,,INR,2103096,0.1313,HIRE
6635,4012,2023-01-15,,INR,943262,0.0312,HIRE
6636,4013,2023-09-21,,USD,1424319,0.0763,PROMOTION
6637,4014,2020-06-21,2020-08-06,INR,555789,0.1174,PROMOTION
6638,4014,2020-08-07,,INR,491052,0.0915,PROMOTION
6639,4015,2021-05-11,,INR,1463499,0.0985,HIRE
6640,4016,2015-11-08,2019-04-18,USD,1813626,0.0406,MERIT
6641,4016,2019-04-19,2022-08-09,USD,2090664,0.1025,MERIT
6642,4016,2022-08-10,,USD,2149462,0.0731,MERIT
6643,4017,2024-11-04,,USD,5699846,0.0624,ADJUSTMENT
6644,4018,2023-01-15,2023-06-17,USD,2945045,0.0016,ADJUSTMENT
6645,4018,2023-06-18,2025-04-06,INR,2444258,0.1121,PROMOTION
6646,4018,2025-04-07,,USD,2721145,0.0722,ADJUSTMENT
6647,4019,2020-09-24,,USD,2078916,0.0548,MERIT
6648,4020,2025-06-19,2025-08-22,INR,518453,0.1388,PROMOTION
6649,4020,2025-08-23,,USD,469471,0.1092,PROMOTION
6650,4021,2022-12-04,2023-01-18,INR,6370499,0.1021,ADJUSTMENT
6651,4021,2023-01-19,,USD,5048658,0.1187,ADJUSTMENT
6652,4022,2021-12-11,,USD,4138398,0.1311,HIRE
6653,4023,2022-04-02,,INR,665598,0.0326,ADJUSTMENT
6654,4024,2019-03-26,,USD,3151854,0.2,ADJUSTMENT
6655,4025,2024-08-27,,INR,801054,0.1725,HIRE
6656,4026,2018-08-07,2020-06-21,USD,4312462,0.0112,PROMOTION
6657,4026,2020-06-22,2023-05-05,USD,3399245,0.0086,MERIT
6658,4026,2023-05-06,,INR,3826482,0.0174,PROMOTION
6659,4027,2022-01-03,,USD,3869924,0.0934,ADJUSTMENT
6660,4028,2024-11-28,,INR,2380734,0.1863,PROMOTION
6661,4029,2025-07-26,,INR,1444982,0.1166,HIRE
6662,4030,2022-11-18,,USD,3584410,0.0099,PROMOTION
6663,4031,2021-08-06,2025-03-25,USD,627759,0.0863,PROMOTION
6664,4031,2025-03-26,,INR,695451,0.154,MERIT
6665,4032,2022-05-15,,INR,1417875,0.1788,MERIT
6666,4033,2024-01-27,,INR,2728365,0.1019,MERIT
6667,4034,2022-09-27,,USD,1368337,0.1282,PROMOTION
6668,4035,2017-09-04,2024-04-30,INR,1334496,0.1594,PROMOTION
6669,4035,2024-05-01,,USD,1156358,0.0326,PROMOTION
6670,4036,2025-04-19,,INR,1105543,0.194,ADJUSTMENT
6671,4037,2024-06-29,2025-02-12,INR,332479,0.1725,HIRE
6672,4037,2025-02-13,2025-08-07,INR,457093,0.1868,PROMOTION
6673,4037,2025-08-08,,USD,485877,0.1745,ADJUSTMENT
6674,4038,2025-08-21,,INR,387621,0.1659,HIRE
6675,4039,2021-09-16,,USD,1475245,0.0236,PROMOTION
6676,4040,2025-04-27,2025-06-28,USD,4049807,0.1157,ADJUSTMENT
6677,4040,2025-06-29,,INR,3979472,0.1437,ADJUSTMENT
6678,4041,2022-05-10,,INR,1444035,0.0042,HIRE
6679,4042,2025-08-21,,INR,2108156,0.0661,MERIT
6680,4043,2020-07-23,,INR,5956630,0.1365,HIRE
6681,4044,2017-04-17,2020-09-12,INR,1865351,0.0925,ADJUSTMENT
6682,4044,2020-09-13,2025-04-18,INR,1501113,0.005,HIRE
6683,4044,2025-04-19,,INR,1578946,0.0486,MERIT
6684,4045,2017-09-07,,INR,626171,0.1135,HIRE
6685,4046,2019-09-07,2024-05-09,USD,2067537,0.0408,PROMOTION
6686,4046,2024-05-10,2025-03-05,USD,2132485,0.1838,ADJUSTMENT
6687,4046,2025-03-06,,INR,1899815,0.059,PROMOTION
6688,4047,2020-03-19,2022-02-12,INR,818318,0.0002,HIRE
6689,4047,2022-02-13,2023-05-01,USD,865664,0.0052,ADJUSTMENT
6690,4047,2023-05-02,,USD,662441,0.0726,ADJUSTMENT
6691,4048,2022-07-10,,USD,2183485,0.0775,PROMOTION
6692,4049,2023-09-18,2025-02-21,USD,3847420,0.026,PROMOTION
6693,4049,2025-02-22,,USD,3573839,0.1515,ADJUSTMENT
6694,4050,2023-01-19,2023-08-31,INR,2998753,0.1119,PROMOTION
6695,4050,2023-09-01,,USD,2896748,0.1178,HIRE
6696,4051,2025-07-10,,USD,3006629,0.013,HIRE
6697,4052,2025-06-17,,INR,1603854,0.1332,PROMOTION
6698,4053,2023-11-27,2025-07-07,INR,334345,0.0724,ADJUSTMENT
6699,4053,2025-07-08,,USD,589274,0.1601,ADJUSTMENT
6700,4054,2020-06-11,2024-04-13,USD,716646,0.1567,ADJUSTMENT
6701,4054,2024-04-14,,INR,652261,0.0214,MERIT
6702,4055,2021-12-31,,USD,2553758,0.172,MERIT
6703,4056,2020-06-19,2020-06-30,USD,6201063,0.1017,ADJUSTMENT
6704,4056,2020-07-01,,USD,6565310,0.0522,HIRE
6705,4057,2023-01-10,,INR,893487,0.1346,PROMOTION
6706,4058,2023-05-02,2024-04-19,USD,692422,0.0197,HIRE
6707,4058,2024-04-20,,USD,785297,0.0659,PROMOTION
6708,4059,2022-03-03,,USD,4491236,0.0699,MERIT
6709,4060,2017-11-09,2024-04-11,USD,780867,0.0579,PROMOTION
6710,4060,2024-04-12,,INR,794903,0.0515,ADJUSTMENT
6711,4061,2020-07-11,2023-08-03,USD,1142251,0.0572,HIRE
6712,4061,2023-08-04,,INR,1278784,0.0397,PROMOTION
6713,4062,2023-02-12,,INR,566385,0.1914,HIRE
6714,4063,2016-09-07,2018-06-20,INR,1002167,0.1501,ADJUSTMENT
6715,4063,2018-06-21,2020-03-12,INR,913106,0.1219,ADJUSTMENT
6716,4063,2020-03-13,,INR,1073735,0.0059,PROMOTION
6717,4064,2024-02-11,,INR,334547,0.1137,PROMOTION
6718,4065,2018-07-12,2018-08-29,USD,798780,0.0852,ADJUSTMENT
6719,4065,2018-08-30,,USD,728766,0.0877,ADJUSTMENT
6720,4066,2025-07-15,,USD,4201059,0.0033,PROMOTION
6721,4067,2024-12-28,,INR,645674,0.175,MERIT
6722,4068,2024-12-10,2025-01-15,INR,1900370,0.1966,PROMOTION
6723,4068,2025-01-16,,INR,1701057,0.0573,ADJUSTMENT
6724,4069,2025-03-15,2025-07-26,USD,3236991,0.1116,ADJUSTMENT
6725,4069,2025-07-27,,USD,3876826,0.0229,MERIT
6726,4070,2023-07-22,,INR,3159918,0.1796,HIRE
6727,4071,2024-10-23,,INR,5157846,0.1738,PROMOTION
6728,4072,2025-07-22,2025-08-17,INR,3446963,0.0797,HIRE
6729,4072,2025-08-18,,USD,3797860,0.157,ADJUSTMENT
6730,4073,2023-05-16,2023-12-15,INR,2839438,0.0536,HIRE
6731,4073,2023-12-16,2025-01-20,INR,2681567,0.1699,MERIT
6732,4073,2025-01-21,,USD,2334337,0.1444,MERIT
6733,4074,2024-07-31,,USD,1594033,0.1553,ADJUSTMENT
6734,4075,2022-12-24,2024-10-04,USD,1226868,0.0626,HIRE
6735,4075,2024-10-05,,INR,1304636,0.0536,MERIT
6736,4076,2018-03-20,2018-08-28,INR,548767,0.1341,PROMOTION
6737,4076,2018-08-29,,USD,573793,0.1033,MERIT
6738,4077,2019-08-14,2021-09-05,USD,1330360,0.1975,MERIT
6739,4077,2021-09-06,2022-04-17,INR,1331991,0.0696,PROMOTION
6740,4077,2022-04-18,,USD,940679,0.0632,HIRE
6741,4078,2024-11-06,2025-07-20,USD,628405,0.0004,ADJUSTMENT
6742,4078,2025-07-21,,USD,754212,0.1036,MERIT
6743,4079,2022-05-26,,USD,6232794,0.0102,HIRE
6744,4080,2019-05-16,2019-05-25,INR,6413197,0.1009,HIRE
6745,4080,2019-05-26,,INR,6429191,0.0234,PROMOTION
6746,4081,2023-02-28,2023-07-27,USD,3264854,0.1255,PROMOTION
6747,4081,2023-07-28,,USD,3374859,0.1339,HIRE
6748,4082,2018-04-09,,USD,3058483,0.1129,HIRE
6749,4083,2020-09-21,2021-07-05,USD,1193705,0.0402,MERIT
6750,4083,2021-07-06,,INR,926947,0.0787,ADJUSTMENT
6751,4084,2021-11-20,,INR,2952454,0.0462,MERIT
6752,4085,2025-07-30,,INR,829537,0.0073,PROMOTION
6753,4086,2023-05-08,,INR,4876000,0.1116,PROMOTION
6754,4087,2025-07-29,,INR,4366912,0.1588,PROMOTION
6755,4088,2024-10-05,,USD,2068198,0.1177,ADJUSTMENT
6756,4089,2023-12-06,,USD,383167,0.1045,ADJUSTMENT
6757,4090,2024-10-31,2024-11-05,USD,470540,0.0398,MERIT
6758,4090,2024-11-06,,INR,456728,0.0965,HIRE
6759,4091,2024-03-09,2024-04-03,INR,4066941,0.1761,HIRE
6760,4091,2024-04-04,2025-04-20,INR,3941748,0.1293,MERIT
6761,4091,2025-04-21,,USD,3778537,0.0971,MERIT
6762,4092,2024-09-12,2025-02-01,INR,622257,0.1659,MERIT
6763,4092,2025-02-02,,INR,742545,0.19,ADJUSTMENT
6764,4093,2020-01-08,2023-12-01,INR,3355909,0.0653,MERIT
6765,4093,2023-12-02,2025-05-27,USD,3353174,0.1058,MERIT
6766,4093,2025-05-28,,INR,4336912,0.1891,MERIT
6767,4094,2023-08-02,2025-08-20,USD,400733,0.0153,PROMOTION
6768,4094,2025-08-21,,USD,520707,0.0506,MERIT
6769,4095,2025-08-13,,INR,4701405,0.0868,PROMOTION
6770,4096,2020-09-17,2023-06-30,USD,6183891,0.0374,HIRE
6771,4096,2023-07-01,,USD,5791943,0.1038,MERIT
6772,4097,2024-09-19,,USD,5388939,0.1609,ADJUSTMENT
6773,4098,2022-12-04,,USD,3135199,0.1211,MERIT
6774,4099,2025-04-16,2025-07-05,USD,1338397,0.1559,HIRE
6775,4099,2025-07-06,,INR,1326170,0.1309,HIRE
6776,4100,2024-07-13,,INR,4742043,0.1706,ADJUSTMENT
6777,4101,2022-10-16,2023-07-17,INR,3905341,0.0231,HIRE
6778,4101,2023-07-18,,INR,3906700,0.1998,ADJUSTMENT
6779,4102,2018-07-05,2019-10-15,USD,799868,0.0466,HIRE
6780,4102,2019-10-16,,USD,739500,0.1157,PROMOTION
6781,4103,2024-12-08,,INR,3205572,0.0991,PROMOTION
6782,4104,2025-02-08,2025-05-19,USD,499634,0.1615,ADJUSTMENT
6783,4104,2025-05-20,,USD,471981,0.1617,ADJUSTMENT
6784,4105,2024-10-19,2024-12-22,INR,1083360,0.1401,ADJUSTMENT
6785,4105,2024-12-23,2025-01-21,USD,1347667,0.1204,HIRE
6786,4105,2025-01-22,,USD,1360595,0.1267,HIRE
6787,4106,2018-09-01,,INR,4058595,0.1337,ADJUSTMENT
6788,4107,2024-01-05,,INR,5562989,0.0372,MERIT
6789,4108,2025-02-20,,INR,698745,0.0932,HIRE
6790,4109,2024-07-02,,INR,1077772,0.0793,ADJUSTMENT
6791,4110,2023-07-27,,INR,2561362,0.0054,PROMOTION
6792,4111,2025-05-09,,INR,3177483,0.1413,HIRE
6793,4112,2025-03-26,,INR,605665,0.0217,MERIT
6794,4113,2019-07-29,,INR,643544,0.1835,HIRE
6795,4114,2023-01-31,,USD,3700649,0.0334,PROMOTION
6796,4115,2019-10-23,2023-09-23,USD,3408193,0.0472,ADJUSTMENT
6797,4115,2023-09-24,,INR,4189084,0.0581,MERIT
6798,4116,2024-07-27,2025-02-15,INR,1099873,0.0474,ADJUSTMENT
6799,4116,2025-02-16,,USD,921849,0.0389,PROMOTION
6800,4117,2018-03-25,,USD,6035147,0.0034,PROMOTION
6801,4118,2024-11-07,2025-01-31,INR,1575692,0.0408,HIRE
6802,4118,2025-02-01,2025-06-01,USD,1593574,0.1911,ADJUSTMENT
6803,4118,2025-06-02,,USD,1584137,0.1393,PROMOTION
6804,4119,2020-05-14,2022-05-25,INR,5867295,0.0217,PROMOTION
6805,4119,2022-05-26,,INR,6450494,0.1944,ADJUSTMENT
6806,4120,2019-07-08,2020-09-18,USD,3447768,0.1144,MERIT
6807,4120,2020-09-19,,USD,3692369,0.0288,HIRE
6808,4121,2021-06-05,,USD,943851,0.103,PROMOTION
6809,4122,2022-06-12,2025-05-05,INR,2152037,0.0412,MERIT
6810,4122,2025-05-06,,INR,1695456,0.0669,HIRE
6811,4123,2020-04-15,2020-08-25,USD,2882469,0.0613,MERIT
6812,4123,2020-08-26,2020-09-28,USD,3169176,0.1723,ADJUSTMENT
6813,4123,2020-09-29,,USD,2708496,0.1823,ADJUSTMENT
6814,4124,2022-07-07,2023-02-09,INR,467339,0.1007,HIRE
6815,4124,2023-02-10,2024-10-03,USD,359227,0.1534,HIRE
6816,4124,2024-10-04,,INR,542070,0.0877,PROMOTION
6817,4125,2019-07-30,2024-03-11,INR,2457019,0.1935,MERIT
6818,4125,2024-03-12,,INR,2485457,0.1241,HIRE
6819,4126,2025-07-12,2025-07-17,USD,627661,0.0876,HIRE
6820,4126,2025-07-18,,INR,780599,0.1579,PROMOTION
6821,4127,2019-06-19,,INR,2018090,0.1578,HIRE
6822,4128,2019-05-24,,INR,2510492,0.1376,ADJUSTMENT
6823,4129,2018-08-23,,INR,6194059,0.1437,ADJUSTMENT
6824,4130,2023-05-12,2024-05-31,INR,608938,0.038,PROMOTION
6825,4130,2024-06-01,,USD,657548,0.1314,HIRE
6826,4131,2023-05-13,,USD,3313033,0.1971,PROMOTION
6827,4132,2021-09-10,2022-06-23,USD,847007,0.076,ADJUSTMENT
6828,4132,2022-06-24,2025-05-28,INR,658228,0.1959,HIRE
6829,4132,2025-05-29,,INR,616091,0.1927,PROMOTION
6830,4133,2024-12-04,,INR,488602,0.0859,PROMOTION
6831,4134,2021-11-03,,USD,4151404,0.1979,PROMOTION
6832,4135,2021-05-22,2022-10-10,INR,6557258,0.1027,HIRE
6833,4135,2022-10-11,2025-08-13,USD,5503317,0.0634,MERIT
6834,4135,2025-08-14,,INR,6876397,0.1754,ADJUSTMENT
6835,4136,2022-09-20,,USD,839702,0.0182,ADJUSTMENT
6836,4137,2023-04-07,2023-08-06,INR,1488715,0.0568,ADJUSTMENT
6837,4137,2023-08-07,,USD,1819330,0.056,ADJUSTMENT
6838,4138,2025-03-11,,INR,3578502,0.1792,ADJUSTMENT
6839,4139,2019-12-15,2025-07-20,INR,3293436,0.1846,PROMOTION
6840,4139,2025-07-21,,USD,3632584,0.138,HIRE
6841,4140,2024-08-06,2025-06-30,INR,2762032,0.0443,MERIT
6842,4140,2025-07-01,,USD,2472384,0.0241,HIRE
6843,4141,2021-06-30,2023-02-23,USD,5626211,0.1276,MERIT
6844,4141,2023-02-24,2025-01-04,INR,4524421,0.1729,ADJUSTMENT
6845,4141,2025-01-05,,INR,5781693,0.1345,PROMOTION
6846,4142,2022-08-21,,USD,654672,0.1802,MERIT
6847,4143,2017-05-18,2017-06-15,INR,3443466,0.1791,MERIT
6848,4143,2017-06-16,,USD,3381179,0.1902,ADJUSTMENT
6849,4144,2023-09-30,2024-04-07,USD,925570,0.1518,PROMOTION
6850,4144,2024-04-08,,USD,982800,0.1864,HIRE
6851,4145,2025-07-30,,USD,830389,0.1056,PROMOTION
6852,4146,2020-07-15,2021-06-18,USD,980945,0.0952,MERIT
6853,4146,2021-06-19,,INR,1073522,0.0221,MERIT
6854,4147,2017-03-16,2018-05-03,INR,3431451,0.1047,PROMOTION
6855,4147,2018-05-04,,USD,3796006,0.0863,ADJUSTMENT
6856,4148,2025-08-03,2025-08-19,USD,4211147,0.1137,ADJUSTMENT
6857,4148,2025-08-20,,USD,4439872,0.0682,HIRE
6858,4149,2023-07-07,2025-02-25,USD,558744,0.1001,MERIT
6859,4149,2025-02-26,,USD,538507,0.169,ADJUSTMENT
6860,4150,2024-11-16,,USD,2902566,0.1213,MERIT
6861,4151,2021-12-30,,USD,716203,0.1633,ADJUSTMENT
6862,4152,2021-11-30,2023-07-15,INR,2153229,0.1196,MERIT
6863,4152,2023-07-16,,USD,1805326,0.1924,PROMOTION
6864,4153,2024-10-25,,INR,1869963,0.0664,ADJUSTMENT
6865,4154,2022-01-07,2024-01-24,USD,6114921,0.0223,ADJUSTMENT
6866,4154,2024-01-25,,INR,6668141,0.0389,PROMOTION
6867,4155,2017-10-05,2020-03-03,USD,5116091,0.0608,HIRE
6868,4155,2020-03-04,,INR,5674471,0.0362,MERIT
6869,4156,2016-11-27,,USD,1839886,0.0101,MERIT
6870,4157,2023-12-11,2023-12-21,INR,2728219,0.057,ADJUSTMENT
6871,4157,2023-12-22,2024-08-23,USD,2880147,0.0091,ADJUSTMENT
6872,4157,2024-08-24,,INR,2910916,0.0141,PROMOTION
6873,4158,2025-01-29,2025-04-16,USD,405458,0.0262,HIRE
6874,4158,2025-04-17,,USD,541401,0.0297,PROMOTION
6875,4159,2025-08-24,,USD,485792,0.1763,HIRE
6876,4160,2024-12-18,,USD,2309450,0.0839,ADJUSTMENT
6877,4161,2024-12-24,,USD,6377842,0.0057,HIRE
6878,4162,2025-06-27,2025-07-30,USD,3095292,0.0487,PROMOTION
6879,4162,2025-07-31,,INR,2707042,0.072,HIRE
6880,4163,2019-08-20,,USD,3006854,0.0282,ADJUSTMENT
6881,4164,2017-10-19,,USD,525914,0.1629,ADJUSTMENT
6882,4165,2019-06-23,,USD,784873,0.0833,MERIT
6883,4166,2024-08-11,,USD,2258795,0.15,MERIT
6884,4167,2023-01-11,,INR,2256811,0.0024,PROMOTION
6885,4168,2024-09-08,,INR,1437611,0.169,HIRE
6886,4169,2022-03-02,2022-12-11,INR,975653,0.168,PROMOTION
6887,4169,2022-12-12,,INR,1266848,0.0087,MERIT
6888,4170,2023-11-17,2024-08-09,INR,701039,0.0831,HIRE
6889,4170,2024-08-10,,USD,863924,0.0164,MERIT
6890,4171,2023-07-30,2023-09-16,INR,3017915,0.021,MERIT
6891,4171,2023-09-17,,USD,2751767,0.0473,ADJUSTMENT
6892,4172,2019-10-03,2023-04-19,INR,646023,0.086,ADJUSTMENT
6893,4172,2023-04-20,,INR,732182,0.0536,PROMOTION
6894,4173,2019-05-12,2025-03-04,USD,2734942,0.0483,PROMOTION
6895,4173,2025-03-05,,USD,2881492,0.1065,HIRE
6896,4174,2023-05-19,,INR,3079168,0.1091,ADJUSTMENT
6897,4175,2023-03-31,2023-12-22,INR,2876999,0.0028,ADJUSTMENT
6898,4175,2023-12-23,,USD,2819617,0.0448,PROMOTION
6899,4176,2022-06-03,2024-09-12,USD,860745,0.0143,MERIT
6900,4176,2024-09-13,,USD,615341,0.0431,MERIT
6901,4177,2016-12-02,,USD,788879,0.1478,MERIT
6902,4178,2018-04-26,2020-11-03,USD,1953666,0.1586,MERIT
6903,4178,2020-11-04,2023-11-18,USD,1721839,0.1903,PROMOTION
6904,4178,2023-11-19,,USD,1468052,0.0588,ADJUSTMENT
6905,4179,2016-09-07,2020-06-10,INR,5833735,0.1918,PROMOTION
6906,4179,2020-06-11,2021-12-12,INR,4755491,0.0872,ADJUSTMENT
6907,4179,2021-12-13,,USD,6668605,0.0703,ADJUSTMENT
6908,4180,2025-02-12,2025-04-21,USD,3282684,0.1256,MERIT
6909,4180,2025-04-22,2025-05-01,USD,4473406,0.0935,PROMOTION
6910,4180,2025-05-02,,INR,4438133,0.004,MERIT
6911,4181,2025-03-14,2025-06-26,INR,694672,0.1502,ADJUSTMENT
6912,4181,2025-06-27,,USD,825937,0.021,MERIT
6913,4182,2020-06-14,2021-08-10,USD,3678930,0.1501,PROMOTION
6914,4182,2021-08-11,,USD,3720904,0.1391,MERIT
6915,4183,2023-08-25,2023-09-12,INR,3953210,0.0848,PROMOTION
6916,4183,2023-09-13,2024-05-10,USD,4265479,0.1704,ADJUSTMENT
6917,4183,2024-05-11,,INR,3980240,0.1977,HIRE
6918,4184,2023-08-28,,USD,4127942,0.0079,MERIT
6919,4185,2018-09-26,,USD,6157688,0.1425,ADJUSTMENT
6920,4186,2022-10-31,2024-04-03,INR,4671488,0.1647,PROMOTION
6921,4186,2024-04-04,,USD,4874476,0.1318,PROMOTION
6922,4187,2024-11-24,2024-12-24,USD,335686,0.0334,PROMOTION
6923,4187,2024-12-25,2025-06-29,INR,321760,0.138,HIRE
6924,4187,2025-06-30,,INR,309514,0.0465,ADJUSTMENT
6925,4188,2024-04-20,2025-02-16,INR,1117009,0.0737,ADJUSTMENT
6926,4188,2025-02-17,,INR,1017066,0.0777,PROMOTION
6927,4189,2020-11-13,,INR,427423,0.162,ADJUSTMENT
6928,4190,2022-04-15,2023-10-23,INR,4813608,0.0805,MERIT
6929,4190,2023-10-24,,USD,5366544,0.0633,ADJUSTMENT
6930,4191,2018-01-02,2020-01-06,INR,1316409,0.1771,PROMOTION
6931,4191,2020-01-07,2021-01-16,INR,1325872,0.0766,MERIT
6932,4191,2021-01-17,,USD,948566,0.1124,ADJUSTMENT
6933,4192,2022-01-24,2022-05-25,INR,1150898,0.0514,ADJUSTMENT
6934,4192,2022-05-26,,INR,1346244,0.0136,PROMOTION
6935,4193,2024-07-02,2025-07-22,USD,2507480,0.0959,MERIT
6936,4193,2025-07-23,,INR,3170508,0.0061,MERIT
6937,4194,2022-12-02,2024-10-24,INR,3536732,0.1468,ADJUSTMENT
6938,4194,2024-10-25,,USD,3723928,0.0553,PROMOTION
6939,4195,2025-02-27,2025-05-29,INR,3053511,0.0953,PROMOTION
6940,4195,2025-05-30,,INR,3124566,0.1929,HIRE
6941,4196,2020-09-22,,USD,391440,0.1268,PROMOTION
6942,4197,2022-03-11,,USD,822154,0.092,MERIT
6943,4198,2016-07-19,2021-10-20,INR,1129948,0.0144,ADJUSTMENT
6944,4198,2021-10-21,2022-07-09,INR,1348976,0.1691,PROMOTION
6945,4198,2022-07-10,,INR,1027363,0.1995,ADJUSTMENT
6946,4199,2021-07-14,,USD,650511,0.1589,HIRE
6947,4200,2022-04-08,,USD,2439789,0.0548,ADJUSTMENT
6948,4201,2025-03-23,,USD,1322070,0.191,HIRE
6949,4202,2016-11-06,2018-08-21,USD,5395277,0.0616,HIRE
6950,4202,2018-08-22,,USD,4939128,0.0953,MERIT
6951,4203,2018-11-07,,INR,685163,0.0507,MERIT
6952,4204,2025-05-30,,USD,3682226,0.1966,ADJUSTMENT
6953,4205,2020-02-21,2025-03-08,USD,2995275,0.1693,PROMOTION
6954,4205,2025-03-09,,INR,2601015,0.0049,ADJUSTMENT
6955,4206,2019-03-16,2022-06-03,USD,376048,0.1202,ADJUSTMENT
6956,4206,2022-06-04,,INR,564855,0.1572,MERIT
6957,4207,2023-06-21,2025-01-20,INR,1378364,0.168,ADJUSTMENT
6958,4207,2025-01-21,,USD,1168319,0.1347,HIRE
6959,4208,2025-05-23,2025-06-23,INR,2490046,0.1228,MERIT
6960,4208,2025-06-24,2025-07-01,USD,2680674,0.1918,HIRE
6961,4208,2025-07-02,,INR,2785063,0.1309,HIRE
6962,4209,2025-07-18,2025-07-21,INR,1653550,0.192,ADJUSTMENT
6963,4209,2025-07-22,2025-08-22,INR,1727321,0.1328,PROMOTION
6964,4209,2025-08-23,,INR,1855502,0.0655,PROMOTION
6965,4210,2024-10-29,2024-12-17,INR,473256,0.0185,ADJUSTMENT
6966,4210,2024-12-18,2025-08-07,INR,331406,0.0737,HIRE
6967,4210,2025-08-08,,INR,402409,0.1541,HIRE
6968,4211,2025-07-05,,INR,5167939,0.1521,MERIT
6969,4212,2023-12-15,2024-03-05,USD,4819122,0.0983,PROMOTION
6970,4212,2024-03-06,2024-06-28,INR,6964779,0.189,PROMOTION
6971,4212,2024-06-29,,INR,4901910,0.1938,HIRE
6972,4213,2023-12-19,2024-04-06,INR,5457019,0.0729,ADJUSTMENT
6973,4213,2024-04-07,,USD,5722258,0.0918,MERIT
6974,4214,2021-08-06,2024-07-21,INR,2228531,0.1357,PROMOTION
6975,4214,2024-07-22,,INR,2233625,0.0797,MERIT
6976,4215,2025-05-02,2025-07-27,USD,488636,0.0357,HIRE
6977,4215,2025-07-28,,USD,597960,0.1492,ADJUSTMENT
6978,4216,2025-05-31,,INR,2464928,0.1462,MERIT
6979,4217,2020-01-20,,INR,2068646,0.1598,ADJUSTMENT
6980,4218,2024-12-09,,USD,1321630,0.1233,ADJUSTMENT
6981,4219,2023-12-24,2025-01-08,INR,1678246,0.1338,ADJUSTMENT
6982,4219,2025-01-09,,INR,1595994,0.1685,ADJUSTMENT
6983,4220,2024-02-11,2025-07-27,USD,400096,0.0223,ADJUSTMENT
6984,4220,2025-07-28,,INR,374059,0.0037,HIRE
6985,4221,2023-01-08,2024-07-10,INR,3840891,0.1821,HIRE
6986,4221,2024-07-11,,INR,3392464,0.0934,ADJUSTMENT
6987,4222,2023-10-23,,USD,2703342,0.0495,ADJUSTMENT
6988,4223,2020-11-23,2023-01-07,INR,6228343,0.1419,ADJUSTMENT
6989,4223,2023-01-08,2023-02-15,USD,6163953,0.1621,ADJUSTMENT
6990,4223,2023-02-16,,INR,4904758,0.1261,ADJUSTMENT
6991,4224,2025-01-06,,USD,1901855,0.0093,ADJUSTMENT
6992,4225,2024-01-17,,INR,2449636,0.1202,ADJUSTMENT
6993,4226,2020-12-08,2021-11-29,INR,4392285,0.0514,HIRE
6994,4226,2021-11-30,2022-09-10,USD,4036808,0.1224,ADJUSTMENT
6995,4226,2022-09-11,,INR,3320647,0.0287,HIRE
6996,4227,2023-07-11,2024-11-10,USD,2354884,0.1834,MERIT
6997,4227,2024-11-11,,USD,2428643,0.0106,HIRE
6998,4228,2025-05-09,,USD,1223096,0.0303,MERIT
6999,4229,2019-11-25,2024-05-14,USD,1873375,0.1641,MERIT
7000,4229,2024-05-15,,USD,1836850,0.0567,ADJUSTMENT
7001,4230,2022-08-17,2023-10-24,INR,1273096,0.081,ADJUSTMENT
7002,4230,2023-10-25,2025-02-03,INR,1158924,0.1638,HIRE
7003,4230,2025-02-04,,USD,1328898,0.0271,PROMOTION
7004,4231,2024-09-11,,INR,1390579,0.1222,ADJUSTMENT
7005,4232,2025-03-23,,INR,465541,0.056,PROMOTION
7006,4233,2020-03-23,2024-06-01,USD,371775,0.1919,PROMOTION
7007,4233,2024-06-02,2025-06-25,USD,499139,0.0351,ADJUSTMENT
7008,4233,2025-06-26,,USD,473264,0.0424,PROMOTION
7009,4234,2022-09-19,2023-12-21,INR,2343836,0.0153,ADJUSTMENT
7010,4234,2023-12-22,,USD,2465016,0.0818,ADJUSTMENT
7011,4235,2023-01-16,2025-02-01,USD,3198699,0.0796,PROMOTION
7012,4235,2025-02-02,,USD,2589093,0.1638,ADJUSTMENT
7013,4236,2019-07-05,2019-11-10,INR,1076296,0.1063,HIRE
7014,4236,2019-11-11,,USD,924425,0.1698,ADJUSTMENT
7015,4237,2022-12-21,2023-02-01,INR,5656978,0.1362,PROMOTION
7016,4237,2023-02-02,,USD,5737998,0.0614,PROMOTION
7017,4238,2024-04-29,2025-03-03,USD,4061312,0.0219,ADJUSTMENT
7018,4238,2025-03-04,,USD,4049089,0.1492,PROMOTION
7019,4239,2024-03-06,,INR,3164908,0.0909,MERIT
7020,4240,2023-09-09,,USD,2061901,0.0547,ADJUSTMENT
7021,4241,2020-12-30,,INR,6373912,0.1755,HIRE
7022,4242,2022-04-11,2022-06-13,INR,1043109,0.1444,ADJUSTMENT
7023,4242,2022-06-14,2023-09-12,USD,941545,0.1586,MERIT
7024,4242,2023-09-13,,USD,1145959,0.0311,ADJUSTMENT
7025,4243,2022-01-16,2024-05-08,INR,722763,0.0865,PROMOTION
7026,4243,2024-05-09,2025-05-27,USD,779586,0.0449,MERIT
7027,4243,2025-05-28,,INR,718473,0.0244,PROMOTION
7028,4244,2022-08-11,2025-08-20,USD,4837622,0.1329,HIRE
7029,4244,2025-08-21,,INR,5841748,0.011,HIRE
7030,4245,2024-03-06,,INR,4435796,0.0967,HIRE
7031,4246,2022-03-13,2022-09-09,INR,1777705,0.1189,HIRE
7032,4246,2022-09-10,2024-12-17,INR,1749533,0.0782,PROMOTION
7033,4246,2024-12-18,,USD,1577429,0.1629,MERIT
7034,4247,2021-04-14,2022-01-12,USD,3664197,0.051,MERIT
7035,4247,2022-01-13,2024-02-23,USD,4493910,0.0289,ADJUSTMENT
7036,4247,2024-02-24,,USD,3467887,0.1355,MERIT
7037,4248,2019-06-01,2019-11-26,USD,1079888,0.1028,ADJUSTMENT
7038,4248,2019-11-27,2021-01-26,USD,1072597,0.0154,MERIT
7039,4248,2021-01-27,,INR,1221046,0.1508,PROMOTION
7040,4249,2025-04-26,2025-08-20,USD,4435475,0.0934,ADJUSTMENT
7041,4249,2025-08-21,,USD,3972880,0.0519,MERIT
7042,4250,2023-03-23,,INR,320019,0.0113,ADJUSTMENT
7043,4251,2025-06-12,2025-08-01,INR,511079,0.1344,ADJUSTMENT
7044,4251,2025-08-02,2025-08-20,USD,525921,0.1972,MERIT
7045,4251,2025-08-21,,INR,420583,0.1621,HIRE
7046,4252,2021-05-16,,USD,5974609,0.1121,ADJUSTMENT
7047,4253,2018-10-11,2020-03-13,USD,1667116,0.0926,MERIT
7048,4253,2020-03-14,2023-12-21,INR,1566451,0.0107,HIRE
7049,4253,2023-12-22,,USD,2150152,0.0447,ADJUSTMENT
7050,4254,2024-07-12,,USD,3759984,0.0115,HIRE
7051,4255,2025-07-09,,INR,840760,0.0487,HIRE
7052,4256,2022-10-08,,INR,3866103,0.0164,ADJUSTMENT
7053,4257,2021-10-03,2022-05-05,USD,393296,0.1265,HIRE
7054,4257,2022-05-06,2022-10-19,USD,571163,0.0389,MERIT
7055,4257,2022-10-20,,USD,404671,0.0783,MERIT
7056,4258,2021-01-22,,USD,6266889,0.1331,MERIT
7057,4259,2020-01-06,2024-10-09,USD,313167,0.0313,ADJUSTMENT
7058,4259,2024-10-10,,USD,423052,0.0974,PROMOTION
7059,4260,2017-06-09,,USD,302057,0.1936,MERIT
7060,4261,2024-08-22,,USD,564781,0.1505,HIRE
7061,4262,2024-09-04,2025-03-16,USD,2841409,0.0447,MERIT
7062,4262,2025-03-17,,USD,2799693,0.1789,PROMOTION
7063,4263,2020-09-17,,INR,792985,0.1042,ADJUSTMENT
7064,4264,2020-10-17,2024-02-16,INR,5878658,0.1795,MERIT
7065,4264,2024-02-17,,USD,4717727,0.1254,PROMOTION
7066,4265,2020-07-30,,USD,461349,0.14,ADJUSTMENT
7067,4266,2019-06-06,2023-01-02,INR,1094199,0.1862,ADJUSTMENT
7068,4266,2023-01-03,,INR,1088559,0.1455,PROMOTION
7069,4267,2020-11-18,,USD,6408349,0.176,HIRE
7070,4268,2024-10-24,,USD,5942116,0.0302,ADJUSTMENT
7071,4269,2025-06-07,,USD,405060,0.0278,MERIT
7072,4270,2023-02-20,2023-09-10,USD,352442,0.1379,PROMOTION
7073,4270,2023-09-11,,INR,580506,0.1361,ADJUSTMENT
7074,4271,2024-02-02,,INR,2151283,0.083,MERIT
7075,4272,2025-06-09,2025-07-09,INR,699340,0.1516,ADJUSTMENT
7076,4272,2025-07-10,2025-07-24,USD,722577,0.1251,PROMOTION
7077,4272,2025-07-25,,INR,764279,0.045,MERIT
7078,4273,2025-06-28,,INR,707029,0.0324,MERIT
7079,4274,2017-01-11,,INR,3027237,0.136,HIRE
7080,4275,2017-03-21,2019-09-19,USD,1639039,0.0059,ADJUSTMENT
7081,4275,2019-09-20,2020-08-09,INR,2159139,0.1304,HIRE
7082,4275,2020-08-10,,INR,2017969,0.0416,MERIT
7083,4276,2025-03-10,,INR,1508758,0.1858,ADJUSTMENT
7084,4277,2021-03-18,2021-12-06,INR,2841895,0.1815,ADJUSTMENT
7085,4277,2021-12-07,,INR,2511763,0.1437,MERIT
7086,4278,2017-08-10,2022-07-17,INR,4988801,0.1654,PROMOTION
7087,4278,2022-07-18,,INR,6065144,0.0907,HIRE
7088,4279,2017-03-31,2022-05-18,INR,739189,0.0301,MERIT
7089,4279,2022-05-19,,INR,758243,0.0409,ADJUSTMENT
7090,4280,2017-10-28,2018-02-05,INR,328155,0.1538,MERIT
7091,4280,2018-02-06,,INR,414465,0.1423,PROMOTION
7092,4281,2018-06-16,2023-06-28,INR,1846164,0.0157,PROMOTION
7093,4281,2023-06-29,2024-07-01,USD,1581575,0.0798,HIRE
7094,4281,2024-07-02,,USD,1486822,0.1708,HIRE
7095,4282,2022-07-22,,USD,390778,0.0369,ADJUSTMENT
7096,4283,2023-08-02,,USD,947456,0.1421,MERIT
7097,4284,2020-10-12,2021-05-08,INR,925000,0.0635,ADJUSTMENT
7098,4284,2021-05-09,,USD,1104793,0.0669,PROMOTION
7099,4285,2022-07-30,,USD,2642156,0.0217,PROMOTION
7100,4286,2021-10-14,2022-01-23,USD,1806993,0.0645,PROMOTION
7101,4286,2022-01-24,,INR,1421895,0.1542,ADJUSTMENT
7102,4287,2023-02-12,2023-04-01,USD,809583,0.1017,MERIT
7103,4287,2023-04-02,2023-10-27,INR,807078,0.0314,HIRE
7104,4287,2023-10-28,,INR,640689,0.0375,ADJUSTMENT
7105,4288,2021-11-06,,INR,1805046,0.0907,ADJUSTMENT
7106,4289,2024-01-24,2025-04-24,INR,891385,0.063,HIRE
7107,4289,2025-04-25,,INR,704298,0.0954,MERIT
7108,4290,2023-03-11,,USD,1341640,0.0054,MERIT
7109,4291,2023-12-04,2024-04-17,USD,1013246,0.1897,HIRE
7110,4291,2024-04-18,2025-08-16,USD,1045154,0.1189,ADJUSTMENT
7111,4291,2025-08-17,,USD,1019359,0.1712,MERIT
7112,4292,2021-03-31,,USD,2872242,0.0485,HIRE
7113,4293,2025-06-07,,USD,416210,0.1541,HIRE
7114,4294,2024-12-03,2025-04-13,USD,5890294,0.1279,ADJUSTMENT
7115,4294,2025-04-14,2025-08-02,INR,5157683,0.0096,MERIT
7116,4294,2025-08-03,,USD,6563210,0.0378,HIRE
7117,4295,2023-03-13,,INR,395010,0.1893,ADJUSTMENT
7118,4296,2022-09-19,,USD,3785198,0.0371,HIRE
7119,4297,2022-03-11,,INR,4924762,0.0206,HIRE
7120,4298,2018-01-23,,USD,365260,0.0029,MERIT
7121,4299,2020-11-15,2024-10-13,USD,1528674,0.1283,ADJUSTMENT
7122,4299,2024-10-14,2025-03-16,USD,1537201,0.0297,HIRE
7123,4299,2025-03-17,,INR,1911240,0.0357,ADJUSTMENT
7124,4300,2023-08-01,,USD,1577430,0.1083,ADJUSTMENT
7125,4301,2021-09-25,2024-05-15,USD,1236020,0.1999,MERIT
7126,4301,2024-05-16,,USD,1338730,0.0797,MERIT
7127,4302,2019-04-16,2022-10-02,INR,898628,0.1552,PROMOTION
7128,4302,2022-10-03,,USD,769819,0.0628,MERIT
7129,4303,2023-07-07,2025-02-10,INR,851972,0.0072,MERIT
7130,4303,2025-02-11,,USD,821679,0.0522,MERIT
7131,4304,2023-04-02,2025-04-17,USD,4217535,0.0236,PROMOTION
7132,4304,2025-04-18,,USD,4175941,0.1028,ADJUSTMENT
7133,4305,2025-08-22,,INR,845679,0.0587,HIRE
7134,4306,2025-03-31,2025-04-20,INR,3402319,0.0078,HIRE
7135,4306,2025-04-21,,INR,4310232,0.1966,HIRE
7136,4307,2024-01-17,,USD,1176544,0.1068,MERIT
7137,4308,2019-10-29,,INR,918003,0.1693,HIRE
7138,4309,2025-03-09,2025-04-28,INR,2695424,0.0499,MERIT
7139,4309,2025-04-29,2025-07-12,USD,2299401,0.1732,ADJUSTMENT
7140,4309,2025-07-13,,INR,2789792,0.0574,MERIT
7141,4310,2015-10-06,,INR,4901183,0.0729,PROMOTION
7142,4311,2025-03-20,,INR,1024941,0.1621,ADJUSTMENT
7143,4312,2022-10-16,2025-05-13,INR,3329043,0.0192,PROMOTION
7144,4312,2025-05-14,,INR,4289110,0.1754,ADJUSTMENT
7145,4313,2017-02-14,2021-07-21,INR,3229443,0.0946,HIRE
7146,4313,2021-07-22,,INR,3495705,0.0514,MERIT
7147,4314,2024-05-07,2025-01-25,INR,1817476,0.0572,ADJUSTMENT
7148,4314,2025-01-26,,INR,2138386,0.062,ADJUSTMENT
7149,4315,2025-06-05,2025-06-15,USD,5763964,0.1173,PROMOTION
7150,4315,2025-06-16,,INR,6599758,0.0972,ADJUSTMENT
7151,4316,2019-10-29,2023-10-16,INR,864877,0.1531,MERIT
7152,4316,2023-10-17,2025-07-31,USD,631284,0.1266,PROMOTION
7153,4316,2025-08-01,,USD,773795,0.1095,PROMOTION
7154,4317,2019-08-22,,USD,2854030,0.0843,MERIT
7155,4318,2025-06-09,,INR,1157862,0.1481,ADJUSTMENT
7156,4319,2019-03-24,,INR,395411,0.1363,HIRE
7157,4320,2020-02-16,,USD,576250,0.1479,HIRE
7158,4321,2020-08-25,2021-06-22,INR,6035601,0.164,MERIT
7159,4321,2021-06-23,,USD,5136610,0.0958,ADJUSTMENT
7160,4322,2019-08-25,,INR,303774,0.1592,PROMOTION
7161,4323,2025-03-26,,USD,3445049,0.1241,PROMOTION
7162,4324,2023-08-28,2024-01-10,INR,3543963,0.1257,ADJUSTMENT
7163,4324,2024-01-11,,INR,4398730,0.0134,HIRE
7164,4325,2019-01-05,2020-12-04,USD,1053269,0.0589,MERIT
7165,4325,2020-12-05,,USD,1031675,0.0424,ADJUSTMENT
7166,4326,2022-10-28,2022-12-05,INR,1643114,0.0867,PROMOTION
7167,4326,2022-12-06,2024-08-04,INR,2037106,0.1375,PROMOTION
7168,4326,2024-08-05,,INR,1402101,0.1786,PROMOTION
7169,4327,2024-07-09,2024-12-22,INR,2862200,0.0136,PROMOTION
7170,4327,2024-12-23,,INR,2421635,0.1277,HIRE
7171,4328,2019-08-14,,INR,429075,0.0952,MERIT
7172,4329,2017-08-21,,USD,393730,0.1597,HIRE
7173,4330,2021-05-05,,USD,1400005,0.081,ADJUSTMENT
7174,4331,2022-08-10,,USD,2386935,0.1281,MERIT
7175,4332,2025-06-06,,INR,526227,0.1538,PROMOTION
7176,4333,2024-07-31,,INR,1061443,0.0798,ADJUSTMENT
7177,4334,2023-07-03,,INR,421139,0.0655,PROMOTION
7178,4335,2025-05-21,,USD,478663,0.1894,PROMOTION
7179,4336,2017-10-29,2020-06-18,USD,931348,0.1029,ADJUSTMENT
7180,4336,2020-06-19,,INR,1318320,0.0917,HIRE
7181,4337,2022-01-13,2023-09-26,INR,1205988,0.1445,MERIT
7182,4337,2023-09-27,,USD,995880,0.1598,MERIT
7183,4338,2025-07-03,,INR,2938242,0.1494,PROMOTION
7184,4339,2022-10-14,2022-10-27,INR,655042,0.0022,ADJUSTMENT
7185,4339,2022-10-28,,INR,641132,0.0401,ADJUSTMENT
7186,4340,2021-06-08,2023-05-14,INR,1778875,0.0004,ADJUSTMENT
7187,4340,2023-05-15,,USD,2139766,0.146,HIRE
7188,4341,2022-05-06,2023-03-16,INR,450503,0.1891,HIRE
7189,4341,2023-03-17,,INR,544511,0.0156,ADJUSTMENT
7190,4342,2023-02-07,,INR,840558,0.0518,HIRE
7191,4343,2024-10-17,,INR,495528,0.1002,PROMOTION
7192,4344,2023-05-20,,INR,520394,0.1438,PROMOTION
7193,4345,2022-04-20,,USD,842260,0.1725,ADJUSTMENT
7194,4346,2024-02-12,,INR,583367,0.1106,MERIT
7195,4347,2019-04-06,2021-08-27,USD,3757099,0.01,HIRE
7196,4347,2021-08-28,,USD,4338973,0.069,PROMOTION
7197,4348,2025-05-26,,USD,1998069,0.04,MERIT
7198,4349,2021-07-06,,INR,426268,0.0634,MERIT
7199,4350,2022-10-19,,INR,6834386,0.1285,ADJUSTMENT
7200,4351,2019-07-02,,USD,1700825,0.0082,ADJUSTMENT
7201,4352,2018-11-19,2021-05-28,INR,4339221,0.1811,MERIT
7202,4352,2021-05-29,2022-12-24,USD,4037486,0.0958,MERIT
7203,4352,2022-12-25,,INR,4250782,0.0364,HIRE
7204,4353,2025-02-17,2025-06-30,USD,447947,0.1502,PROMOTION
7205,4353,2025-07-01,2025-08-22,USD,480629,0.0313,ADJUSTMENT
7206,4353,2025-08-23,,INR,463015,0.1624,MERIT
7207,4354,2025-06-19,,INR,5933323,0.0652,MERIT
7208,4355,2022-04-24,2023-02-16,INR,1027414,0.0541,ADJUSTMENT
7209,4355,2023-02-17,2024-11-15,INR,1081220,0.0364,PROMOTION
7210,4355,2024-11-16,,USD,1325378,0.0204,ADJUSTMENT
7211,4356,2024-10-07,,USD,5573744,0.0873,HIRE
7212,4357,2024-11-14,2025-07-06,INR,4214215,0.0037,HIRE
7213,4357,2025-07-07,,USD,4320082,0.0247,MERIT
7214,4358,2021-07-05,,USD,661205,0.0478,ADJUSTMENT
7215,4359,2021-05-02,2022-04-30,USD,811548,0.1618,HIRE
7216,4359,2022-05-01,,USD,683788,0.154,MERIT
7217,4360,2022-09-09,,USD,2566900,0.0115,MERIT
7218,4361,2023-06-24,2024-09-14,USD,568647,0.1019,HIRE
7219,4361,2024-09-15,2025-07-13,USD,313089,0.0526,MERIT
7220,4361,2025-07-14,,USD,366698,0.0574,PROMOTION
7221,4362,2025-06-23,,USD,6756032,0.1403,PROMOTION
7222,4363,2023-10-27,,USD,853729,0.1754,ADJUSTMENT
7223,4364,2022-09-11,,INR,976687,0.1026,ADJUSTMENT
7224,4365,2022-01-27,2023-07-11,INR,695459,0.0944,ADJUSTMENT
7225,4365,2023-07-12,,USD,780161,0.148,PROMOTION
7226,4366,2022-09-04,,USD,568059,0.138,HIRE
7227,4367,2020-10-28,2023-04-07,USD,1361829,0.1189,MERIT
7228,4367,2023-04-08,,USD,1205819,0.1991,ADJUSTMENT
7229,4368,2024-01-10,2025-01-24,USD,620160,0.0728,ADJUSTMENT
7230,4368,2025-01-25,,INR,666788,0.0113,HIRE
7231,4369,2024-10-29,2025-02-18,USD,3142767,0.0285,ADJUSTMENT
7232,4369,2025-02-19,,INR,2263489,0.0492,ADJUSTMENT
7233,4370,2025-07-28,2025-08-17,INR,1535061,0.0971,ADJUSTMENT
7234,4370,2025-08-18,,USD,1443993,0.1484,MERIT
7235,4371,2020-03-19,,INR,442669,0.1211,HIRE
7236,4372,2024-04-24,,INR,2870751,0.0872,HIRE
7237,4373,2025-06-06,2025-06-16,INR,3957136,0.1752,ADJUSTMENT
7238,4373,2025-06-17,2025-06-26,INR,3405788,0.1008,PROMOTION
7239,4373,2025-06-27,,INR,3280042,0.1512,PROMOTION
7240,4374,2025-07-31,,INR,2895358,0.0732,ADJUSTMENT
7241,4375,2019-07-01,2022-05-01,INR,493556,0.0272,PROMOTION
7242,4375,2022-05-02,,INR,509825,0.1078,PROMOTION
7243,4376,2020-04-15,,USD,1634529,0.0007,HIRE
7244,4377,2021-10-29,2022-09-28,USD,317979,0.1494,HIRE
7245,4377,2022-09-29,,USD,399589,0.1652,PROMOTION
7246,4378,2020-08-11,2022-12-21,USD,1091856,0.127,MERIT
7247,4378,2022-12-22,,INR,1397988,0.138,PROMOTION
7248,4379,2020-07-24,,INR,1714482,0.0741,HIRE
7249,4380,2025-01-01,,INR,2199535,0.0928,ADJUSTMENT
7250,4381,2024-11-25,,USD,621887,0.0003,HIRE
7251,4382,2021-08-19,2022-01-20,USD,1092601,0.0984,HIRE
7252,4382,2022-01-21,2024-05-17,USD,971895,0.0286,ADJUSTMENT
7253,4382,2024-05-18,,INR,931054,0.1125,MERIT
7254,4383,2022-06-23,2024-12-28,USD,6739124,0.0749,MERIT
7255,4383,2024-12-29,2025-06-05,INR,4891891,0.1461,MERIT
7256,4383,2025-06-06,,USD,5028380,0.1078,HIRE
7257,4384,2020-12-07,,INR,4122107,0.0809,HIRE
7258,4385,2022-04-18,,INR,1657669,0.1984,PROMOTION
7259,4386,2022-03-14,2023-11-18,INR,3025122,0.0142,MERIT
7260,4386,2023-11-19,2024-11-03,USD,2472739,0.0971,PROMOTION
7261,4386,2024-11-04,,USD,2231037,0.1787,PROMOTION
7262,4387,2022-02-17,2023-01-01,INR,6728972,0.0193,PROMOTION
7263,4387,2023-01-02,,USD,6783090,0.0899,MERIT
7264,4388,2025-04-06,,USD,690692,0.1295,HIRE
7265,4389,2025-07-31,,INR,522998,0.199,PROMOTION
7266,4390,2019-04-15,2023-03-15,USD,3321766,0.1054,ADJUSTMENT
7267,4390,2023-03-16,2023-04-25,USD,3908853,0.0762,MERIT
7268,4390,2023-04-26,,INR,3792116,0.013,HIRE
7269,4391,2025-02-08,,USD,3499090,0.1257,HIRE
7270,4392,2024-05-31,,USD,4376691,0.1316,ADJUSTMENT
7271,4393,2025-07-28,,INR,703795,0.1468,HIRE
7272,4394,2022-02-09,,INR,3530112,0.0696,ADJUSTMENT
7273,4395,2019-11-27,,USD,1833697,0.1413,MERIT
7274,4396,2021-01-01,2021-12-29,USD,1370143,0.0759,MERIT
7275,4396,2021-12-30,2022-03-04,INR,1348944,0.1818,HIRE
7276,4396,2022-03-05,,USD,1042559,0.1976,MERIT
7277,4397,2024-02-21,,USD,2650411,0.0228,HIRE
7278,4398,2025-03-23,,INR,741657,0.1594,PROMOTION
7279,4399,2022-12-31,2023-01-22,INR,1982955,0.0731,MERIT
7280,4399,2023-01-23,,USD,1918956,0.0543,HIRE
7281,4400,2022-07-23,,USD,6613184,0.1959,HIRE
7282,4401,2024-03-13,2024-05-19,INR,841688,0.1675,ADJUSTMENT
7283,4401,2024-05-20,,USD,702936,0.0128,PROMOTION
7284,4402,2025-02-27,,USD,515746,0.0983,ADJUSTMENT
7285,4403,2024-09-18,,INR,2328553,0.1367,HIRE
7286,4404,2023-04-09,2024-10-28,INR,488969,0.0966,MERIT
7287,4404,2024-10-29,,USD,363445,0.1791,ADJUSTMENT
7288,4405,2022-04-09,,INR,3012190,0.0206,HIRE
7289,4406,2023-04-04,2025-03-29,INR,5784012,0.1584,ADJUSTMENT
7290,4406,2025-03-30,,USD,6876660,0.068,HIRE
7291,4407,2024-01-01,2024-09-06,INR,4425047,0.0255,ADJUSTMENT
7292,4407,2024-09-07,,USD,3514391,0.125,ADJUSTMENT
7293,4408,2020-05-28,,INR,832912,0.0961,MERIT
7294,4409,2019-09-14,2022-08-03,USD,481437,0.14,HIRE
7295,4409,2022-08-04,,INR,519210,0.1597,ADJUSTMENT
7296,4410,2023-06-12,2024-02-08,INR,4010015,0.0387,HIRE
7297,4410,2024-02-09,,USD,3346856,0.1566,PROMOTION
7298,4411,2025-07-16,,USD,2889684,0.0102,ADJUSTMENT
7299,4412,2016-06-03,2020-03-11,USD,1371088,0.1965,MERIT
7300,4412,2020-03-12,,INR,1038979,0.1328,HIRE
7301,4413,2023-04-06,2023-08-13,INR,305492,0.0913,MERIT
7302,4413,2023-08-14,2023-09-11,INR,426403,0.1392,ADJUSTMENT
7303,4413,2023-09-12,,INR,384989,0.112,ADJUSTMENT
7304,4414,2022-02-22,2022-05-27,USD,2068932,0.0503,HIRE
7305,4414,2022-05-28,,USD,1522184,0.1457,HIRE
7306,4415,2024-10-31,,USD,329844,0.0296,HIRE
7307,4416,2017-07-06,2020-05-20,USD,2329308,0.0141,ADJUSTMENT
7308,4416,2020-05-21,2022-09-22,INR,2875305,0.1881,MERIT
7309,4416,2022-09-23,,INR,2767680,0.1546,PROMOTION
7310,4417,2025-02-27,2025-08-06,USD,4877531,0.0311,PROMOTION
7311,4417,2025-08-07,,INR,5309591,0.1325,HIRE
7312,4418,2020-01-11,2021-09-29,USD,3117743,0.1707,ADJUSTMENT
7313,4418,2021-09-30,2025-06-15,INR,2282785,0.1287,ADJUSTMENT
7314,4418,2025-06-16,,USD,2250705,0.0958,PROMOTION
7315,4419,2016-06-18,2017-04-02,USD,4279349,0.0396,HIRE
7316,4419,2017-04-03,,INR,3661204,0.1248,ADJUSTMENT
7317,4420,2021-05-29,,INR,6477045,0.1498,HIRE
7318,4421,2020-04-10,2020-11-02,INR,826241,0.1163,HIRE
7319,4421,2020-11-03,,USD,855656,0.1632,ADJUSTMENT
7320,4422,2023-09-03,2023-10-28,INR,819905,0.0865,HIRE
7321,4422,2023-10-29,2024-06-25,USD,789377,0.1611,MERIT
7322,4422,2024-06-26,,INR,835870,0.0013,PROMOTION
7323,4423,2023-10-24,,USD,1389477,0.1917,HIRE
7324,4424,2025-04-27,,USD,848562,0.0851,PROMOTION
7325,4425,2020-11-27,2021-01-05,USD,399715,0.0582,ADJUSTMENT
7326,4425,2021-01-06,,USD,492950,0.0006,ADJUSTMENT
7327,4426,2023-07-26,,INR,555224,0.0694,MERIT
7328,4427,2024-08-21,,INR,1254803,0.0265,PROMOTION
7329,4428,2024-10-18,,INR,1278895,0.132,ADJUSTMENT
7330,4429,2019-12-30,,USD,3209732,0.0976,PROMOTION
7331,4430,2023-08-21,,INR,6714113,0.178,PROMOTION
7332,4431,2022-06-06,,USD,635080,0.1638,HIRE
7333,4432,2016-11-20,2018-11-29,USD,1653286,0.0623,HIRE
7334,4432,2018-11-30,,USD,1803968,0.0255,MERIT
7335,4433,2020-03-24,,USD,1965369,0.1687,MERIT
7336,4434,2024-09-26,2025-05-15,USD,2907412,0.0234,PROMOTION
7337,4434,2025-05-16,,USD,2228124,0.1858,MERIT
7338,4435,2023-06-12,2024-08-24,USD,973577,0.0652,HIRE
7339,4435,2024-08-25,,INR,1273154,0.1854,ADJUSTMENT
7340,4436,2024-12-08,2025-06-19,INR,484957,0.1567,ADJUSTMENT
7341,4436,2025-06-20,2025-06-28,INR,382509,0.0738,PROMOTION
7342,4436,2025-06-29,,USD,343606,0.1824,MERIT
7343,4437,2024-12-21,,USD,5513015,0.0384,PROMOTION
7344,4438,2021-12-07,2024-08-23,USD,2523654,0.0873,PROMOTION
7345,4438,2024-08-24,,USD,3081980,0.0911,ADJUSTMENT
7346,4439,2024-01-16,,INR,1043998,0.1449,MERIT
7347,4440,2021-02-09,,USD,1300870,0.1918,ADJUSTMENT
7348,4441,2021-05-29,2021-09-30,INR,4257283,0.016,HIRE
7349,4441,2021-10-01,,INR,3449955,0.1842,MERIT
7350,4442,2022-10-26,2023-07-24,USD,6095223,0.0182,HIRE
7351,4442,2023-07-25,,USD,5313838,0.1046,HIRE
7352,4443,2025-02-23,,USD,2137588,0.1107,HIRE
7353,4444,2023-08-29,,USD,1728573,0.1878,HIRE
7354,4445,2024-04-09,,INR,4146623,0.1624,ADJUSTMENT
7355,4446,2022-05-06,,INR,1551740,0.0679,ADJUSTMENT
7356,4447,2022-06-26,,INR,1229766,0.1878,PROMOTION
7357,4448,2025-01-04,2025-06-04,INR,1959190,0.1826,HIRE
7358,4448,2025-06-05,,INR,1950741,0.01,PROMOTION
7359,4449,2021-12-19,,USD,953257,0.1765,MERIT
7360,4450,2022-03-28,,USD,1464737,0.1672,ADJUSTMENT
7361,4451,2019-02-14,2022-03-13,USD,1074081,0.0868,MERIT
7362,4451,2022-03-14,2022-07-01,INR,1153289,0.0948,HIRE
7363,4451,2022-07-02,,INR,1084468,0.043,PROMOTION
7364,4452,2024-02-13,,INR,3524106,0.16,HIRE
7365,4453,2018-09-15,2022-12-16,USD,1203327,0.087,ADJUSTMENT
7366,4453,2022-12-17,,USD,910724,0.1132,MERIT
7367,4454,2021-03-17,2022-07-13,INR,1479141,0.0393,HIRE
7368,4454,2022-07-14,,USD,1791187,0.1343,MERIT
7369,4455,2017-03-11,,INR,2829938,0.1848,MERIT
7370,4456,2018-08-17,2021-07-14,INR,625720,0.0133,HIRE
7371,4456,2021-07-15,2024-10-23,INR,783344,0.0924,ADJUSTMENT
7372,4456,2024-10-24,,INR,889085,0.1605,PROMOTION
7373,4457,2025-06-30,,USD,1367172,0.131,PROMOTION
7374,4458,2018-04-15,,INR,2898077,0.1611,MERIT
7375,4459,2022-05-08,2022-10-09,INR,2704667,0.0483,ADJUSTMENT
7376,4459,2022-10-10,2024-02-09,INR,2993042,0.1251,HIRE
7377,4459,2024-02-10,,USD,2949149,0.1936,MERIT
7378,4460,2021-08-04,,INR,3716384,0.0148,PROMOTION
7379,4461,2024-08-17,2025-07-07,INR,1915075,0.1794,HIRE
7380,4461,2025-07-08,,INR,1674754,0.0978,ADJUSTMENT
7381,4462,2023-06-08,2023-08-10,INR,2590544,0.0072,ADJUSTMENT
7382,4462,2023-08-11,,INR,2487591,0.0347,PROMOTION
7383,4463,2016-12-15,2020-03-11,USD,1068259,0.1692,MERIT
7384,4463,2020-03-12,,INR,931301,0.175,PROMOTION
7385,4464,2024-11-25,,INR,3498461,0.0043,ADJUSTMENT
7386,4465,2024-10-24,2025-02-21,USD,1799560,0.0931,ADJUSTMENT
7387,4465,2025-02-22,2025-05-08,USD,1409218,0.0386,HIRE
7388,4465,2025-05-09,,USD,2060720,0.0709,PROMOTION
7389,4466,2022-03-16,2022-04-26,INR,3601087,0.0291,MERIT
7390,4466,2022-04-27,,USD,4185850,0.1194,PROMOTION
7391,4467,2021-10-06,,INR,497471,0.0026,HIRE
7392,4468,2017-12-13,2019-06-30,USD,3844414,0.1185,HIRE
7393,4468,2019-07-01,2019-08-02,INR,3488489,0.1351,ADJUSTMENT
7394,4468,2019-08-03,,INR,4242983,0.002,MERIT
7395,4469,2022-11-21,,USD,1968785,0.0742,HIRE
7396,4470,2022-03-06,,USD,2179594,0.0016,ADJUSTMENT
7397,4471,2024-08-27,,USD,4714610,0.0403,HIRE
7398,4472,2023-08-16,,USD,1058368,0.1841,ADJUSTMENT
7399,4473,2024-05-25,2024-08-04,USD,4383600,0.0551,HIRE
7400,4473,2024-08-05,,USD,4455911,0.134,HIRE
7401,4474,2018-01-20,2018-10-11,USD,422384,0.0387,ADJUSTMENT
7402,4474,2018-10-12,2023-09-21,INR,436666,0.1824,PROMOTION
7403,4474,2023-09-22,,INR,317480,0.0108,ADJUSTMENT
7404,4475,2023-01-19,2025-05-16,USD,938312,0.0286,HIRE
7405,4475,2025-05-17,,USD,1206309,0.1332,ADJUSTMENT
7406,4476,2022-01-22,2023-07-06,INR,1135600,0.1302,PROMOTION
7407,4476,2023-07-07,,USD,917748,0.1633,ADJUSTMENT
7408,4477,2019-05-06,,USD,1653858,0.1237,HIRE
7409,4478,2021-03-23,2021-06-17,INR,1452554,0.0288,MERIT
7410,4478,2021-06-18,,USD,1431124,0.0698,ADJUSTMENT
7411,4479,2023-04-28,2023-10-16,INR,543569,0.0809,HIRE
7412,4479,2023-10-17,2025-06-18,USD,365651,0.101,PROMOTION
7413,4479,2025-06-19,,INR,317065,0.055,MERIT
7414,4480,2025-07-24,2025-07-30,USD,834714,0.0303,PROMOTION
7415,4480,2025-07-31,2025-08-13,INR,632908,0.0294,MERIT
7416,4480,2025-08-14,,INR,744890,0.1456,MERIT
7417,4481,2019-04-19,,USD,1308957,0.077,HIRE
7418,4482,2022-04-13,,INR,937313,0.0143,PROMOTION
7419,4483,2024-02-08,,INR,594259,0.1854,HIRE
7420,4484,2021-05-14,2023-10-24,INR,571945,0.1789,HIRE
7421,4484,2023-10-25,2024-07-03,USD,406358,0.077,PROMOTION
7422,4484,2024-07-04,,USD,561117,0.0071,ADJUSTMENT
7423,4485,2024-11-20,,USD,756335,0.0216,ADJUSTMENT
7424,4486,2021-06-30,,USD,862982,0.0137,ADJUSTMENT
7425,4487,2019-10-25,2023-10-08,USD,570670,0.1095,ADJUSTMENT
7426,4487,2023-10-09,,USD,550043,0.1773,PROMOTION
7427,4488,2019-05-13,2021-04-07,USD,497777,0.0811,HIRE
7428,4488,2021-04-08,2021-07-31,INR,443582,0.1242,MERIT
7429,4488,2021-08-01,,INR,320710,0.1194,MERIT
7430,4489,2025-03-04,2025-03-06,INR,1619214,0.1341,PROMOTION
7431,4489,2025-03-07,,USD,1531065,0.0423,HIRE
7432,4490,2025-02-08,2025-08-03,INR,2656507,0.179,HIRE
7433,4490,2025-08-04,,INR,2877268,0.1052,MERIT
7434,4491,2020-02-24,,INR,2191914,0.0588,MERIT
7435,4492,2021-03-16,2023-05-13,INR,2681569,0.1143,HIRE
7436,4492,2023-05-14,,USD,2332234,0.1149,HIRE
7437,4493,2023-08-26,2024-12-06,USD,3502165,0.1103,MERIT
7438,4493,2024-12-07,,INR,3570291,0.0751,MERIT
7439,4494,2024-07-04,,USD,381371,0.1074,MERIT
7440,4495,2020-01-22,,INR,2138948,0.1632,MERIT
7441,4496,2019-09-09,2019-09-21,USD,4431951,0.0326,PROMOTION
7442,4496,2019-09-22,2022-01-06,USD,4452654,0.0379,HIRE
7443,4496,2022-01-07,,USD,3989945,0.0392,PROMOTION
7444,4497,2022-07-27,,INR,5597679,0.0427,MERIT
7445,4498,2024-09-29,,INR,3492253,0.167,ADJUSTMENT
7446,4499,2025-08-14,,INR,530305,0.1005,MERIT
7447,4500,2023-01-26,,INR,618050,0.1125,PROMOTION
7448,4501,2019-04-01,,INR,711616,0.0281,MERIT
7449,4502,2022-10-05,2023-05-02,INR,908758,0.0707,HIRE
7450,4502,2023-05-03,,INR,1266323,0.1953,HIRE
7451,4503,2022-03-29,2023-01-24,USD,2668336,0.0593,HIRE
7452,4503,2023-01-25,,USD,2237522,0.0202,ADJUSTMENT
7453,4504,2018-07-11,2024-05-21,INR,2943923,0.131,ADJUSTMENT
7454,4504,2024-05-22,,INR,2353166,0.0468,PROMOTION
7455,4505,2025-03-24,,USD,1924838,0.0521,ADJUSTMENT
7456,4506,2017-07-29,,USD,2136320,0.056,ADJUSTMENT
7457,4507,2025-04-19,,USD,689526,0.0989,HIRE
7458,4508,2024-03-02,,USD,1638138,0.0234,ADJUSTMENT
7459,4509,2021-10-31,,INR,1394966,0.1563,PROMOTION
7460,4510,2020-08-05,2025-05-29,INR,344377,0.1772,MERIT
7461,4510,2025-05-30,,USD,505388,0.0865,MERIT
7462,4511,2024-08-19,2025-07-16,INR,2784502,0.0132,PROMOTION
7463,4511,2025-07-17,,USD,2963081,0.0285,MERIT
7464,4512,2018-03-12,2024-06-15,USD,822690,0.1341,HIRE
7465,4512,2024-06-16,,USD,820998,0.1482,ADJUSTMENT
7466,4513,2024-11-20,2025-01-05,INR,4913747,0.1702,ADJUSTMENT
7467,4513,2025-01-06,2025-03-03,USD,5740426,0.1356,HIRE
7468,4513,2025-03-04,,USD,5631289,0.1639,PROMOTION
7469,4514,2020-03-13,,USD,2100233,0.1522,PROMOTION
7470,4515,2024-04-30,,USD,377671,0.0449,ADJUSTMENT
7471,4516,2017-04-15,2018-12-05,INR,545871,0.1472,PROMOTION
7472,4516,2018-12-06,2025-07-17,USD,370220,0.0185,PROMOTION
7473,4516,2025-07-18,,USD,312805,0.12,PROMOTION
7474,4517,2021-12-12,2022-08-26,INR,2780722,0.1706,HIRE
7475,4517,2022-08-27,,INR,2930971,0.103,HIRE
7476,4518,2023-02-02,,INR,403851,0.191,MERIT
7477,4519,2018-11-25,2021-03-28,INR,2723191,0.0561,ADJUSTMENT
7478,4519,2021-03-29,2023-06-23,USD,3187371,0.1289,MERIT
7479,4519,2023-06-24,,INR,2931377,0.0191,PROMOTION
7480,4520,2024-04-08,2024-09-15,INR,1583503,0.0596,PROMOTION
7481,4520,2024-09-16,2025-04-06,INR,1499353,0.1253,MERIT
7482,4520,2025-04-07,,USD,2063939,0.0205,PROMOTION
7483,4521,2023-08-15,2024-11-06,USD,3235650,0.0285,PROMOTION
7484,4521,2024-11-07,2025-01-22,INR,3276933,0.1505,MERIT
7485,4521,2025-01-23,,INR,4157557,0.1037,MERIT
7486,4522,2022-09-27,2023-06-12,USD,3446894,0.07,ADJUSTMENT
7487,4522,2023-06-13,,INR,3353248,0.126,PROMOTION
7488,4523,2025-01-27,,INR,2924933,0.0234,ADJUSTMENT
7489,4524,2023-12-18,2025-01-12,USD,3034644,0.1153,PROMOTION
7490,4524,2025-01-13,2025-01-19,USD,2270350,0.0986,MERIT
7491,4524,2025-01-20,,INR,3175568,0.059,MERIT
7492,4525,2020-05-18,,USD,4793442,0.0638,PROMOTION
7493,4526,2018-01-19,,USD,1002084,0.1868,PROMOTION
7494,4527,2023-01-18,2023-07-22,USD,3124636,0.0204,PROMOTION
7495,4527,2023-07-23,2024-08-13,INR,2463405,0.1977,MERIT
7496,4527,2024-08-14,,INR,2970849,0.1048,PROMOTION
7497,4528,2025-06-08,,INR,3901612,0.0574,HIRE
7498,4529,2025-08-03,2025-08-09,USD,5719793,0.1111,PROMOTION
7499,4529,2025-08-10,,INR,4635153,0.1998,PROMOTION
7500,4530,2023-07-29,2025-01-24,INR,5314758,0.0656,MERIT
7501,4530,2025-01-25,,USD,5272085,0.0504,MERIT
7502,4531,2022-04-13,2024-06-25,USD,5869146,0.1274,HIRE
7503,4531,2024-06-26,,INR,5896655,0.0811,HIRE
7504,4532,2020-07-16,,INR,1330109,0.0334,ADJUSTMENT
7505,4533,2024-02-27,,USD,4127949,0.099,PROMOTION
7506,4534,2025-02-03,,USD,668208,0.0486,HIRE
7507,4535,2022-09-07,,INR,1308428,0.0851,PROMOTION
7508,4536,2019-05-31,2021-04-04,INR,724516,0.1348,ADJUSTMENT
7509,4536,2021-04-05,,INR,803205,0.0886,HIRE
7510,4537,2015-10-29,,USD,928483,0.1067,MERIT
7511,4538,2020-02-05,2023-04-19,USD,803512,0.1359,ADJUSTMENT
7512,4538,2023-04-20,,USD,828875,0.0783,HIRE
7513,4539,2020-06-14,2022-10-21,USD,5873447,0.1012,MERIT
7514,4539,2022-10-22,,USD,6684709,0.1749,MERIT
7515,4540,2020-12-30,,USD,707350,0.1904,ADJUSTMENT
7516,4541,2024-10-03,2025-04-09,USD,4796680,0.0619,PROMOTION
7517,4541,2025-04-10,,USD,4708325,0.0701,MERIT
7518,4542,2017-02-23,2017-06-23,INR,849101,0.1406,ADJUSTMENT
7519,4542,2017-06-24,,INR,839376,0.0412,HIRE
7520,4543,2016-05-27,2020-08-05,INR,3267206,0.1159,ADJUSTMENT
7521,4543,2020-08-06,2023-03-29,USD,3760759,0.1529,MERIT
7522,4543,2023-03-30,,INR,4169393,0.1939,PROMOTION
7523,4544,2025-02-10,2025-05-01,USD,332296,0.1403,PROMOTION
7524,4544,2025-05-02,,INR,388655,0.1441,ADJUSTMENT
7525,4545,2025-08-20,2025-08-20,USD,3221156,0.0014,PROMOTION
7526,4545,2025-08-21,,INR,3967847,0.0796,PROMOTION
7527,4546,2023-10-16,,INR,688620,0.1348,ADJUSTMENT
7528,4547,2020-02-28,,USD,2580607,0.1604,PROMOTION
7529,4548,2020-12-10,,INR,750246,0.1026,HIRE
7530,4549,2021-08-03,,INR,1167257,0.0347,PROMOTION
7531,4550,2024-12-22,,INR,5509290,0.1659,MERIT
7532,4551,2024-10-09,,INR,472418,0.0792,PROMOTION
7533,4552,2025-07-19,2025-08-19,INR,349729,0.0188,HIRE
7534,4552,2025-08-20,,INR,576434,0.1498,HIRE
7535,4553,2019-11-11,,INR,442561,0.0035,ADJUSTMENT
7536,4554,2018-03-22,2018-06-07,INR,4652725,0.0359,MERIT
7537,4554,2018-06-08,,USD,5915112,0.0427,ADJUSTMENT
7538,4555,2018-05-11,,USD,325500,0.1005,HIRE
7539,4556,2020-01-13,2021-10-19,USD,3105479,0.1893,HIRE
7540,4556,2021-10-20,2025-04-22,USD,2337800,0.0716,MERIT
7541,4556,2025-04-23,,INR,2915584,0.1668,MERIT
7542,4557,2024-01-05,,USD,1335914,0.0413,ADJUSTMENT
7543,4558,2021-08-21,2024-10-01,USD,481998,0.0219,HIRE
7544,4558,2024-10-02,,INR,439444,0.0501,HIRE
7545,4559,2021-10-14,2025-03-16,INR,2682870,0.1547,ADJUSTMENT
7546,4559,2025-03-17,,USD,2555433,0.119,PROMOTION
7547,4560,2023-12-27,,USD,344194,0.1633,PROMOTION
7548,4561,2021-05-24,,USD,788105,0.0981,MERIT
7549,4562,2017-05-28,,INR,350653,0.0049,HIRE
7550,4563,2022-07-30,2024-09-28,USD,2331558,0.1781,PROMOTION
7551,4563,2024-09-29,2025-03-28,USD,2271507,0.0235,ADJUSTMENT
7552,4563,2025-03-29,,INR,2771215,0.1068,ADJUSTMENT
7553,4564,2025-08-09,,INR,1100053,0.1989,PROMOTION
7554,4565,2023-03-15,2025-01-25,INR,757019,0.1759,ADJUSTMENT
7555,4565,2025-01-26,,INR,625752,0.1272,PROMOTION
7556,4566,2023-01-19,2024-09-16,INR,1271533,0.0899,ADJUSTMENT
7557,4566,2024-09-17,2025-03-15,USD,936467,0.0963,MERIT
7558,4566,2025-03-16,,INR,984078,0.0574,MERIT
7559,4567,2019-04-19,2019-09-09,INR,475757,0.1273,HIRE
7560,4567,2019-09-10,2020-05-11,INR,512407,0.0772,MERIT
7561,4567,2020-05-12,,INR,370510,0.0535,MERIT
7562,4568,2024-04-30,,USD,815849,0.0297,MERIT
7563,4569,2025-06-30,,INR,3828262,0.0036,ADJUSTMENT
7564,4570,2022-09-02,,INR,1287402,0.0964,MERIT
7565,4571,2022-12-12,2023-02-23,INR,572357,0.1457,MERIT
7566,4571,2023-02-24,2024-03-26,INR,442395,0.1602,MERIT
7567,4571,2024-03-27,,INR,432112,0.0684,ADJUSTMENT
7568,4572,2022-06-16,,USD,5342598,0.1349,MERIT
7569,4573,2025-05-05,,USD,1442712,0.025,PROMOTION
7570,4574,2025-06-14,2025-07-31,USD,5574248,0.072,PROMOTION
7571,4574,2025-08-01,,USD,5852887,0.0484,ADJUSTMENT
7572,4575,2018-12-18,2024-11-14,INR,3907922,0.1446,PROMOTION
7573,4575,2024-11-15,,USD,3338770,0.0304,HIRE
7574,4576,2024-07-21,2024-11-06,INR,1216089,0.1081,ADJUSTMENT
7575,4576,2024-11-07,2024-11-10,USD,1240809,0.095,HIRE
7576,4576,2024-11-11,,INR,1290381,0.0469,PROMOTION
7577,4577,2023-08-30,,USD,792869,0.0864,MERIT
7578,4578,2025-08-07,,USD,2717489,0.1116,ADJUSTMENT
7579,4579,2023-10-09,2024-04-18,USD,1808147,0.1968,HIRE
7580,4579,2024-04-19,2025-08-19,USD,1843843,0.0253,MERIT
7581,4579,2025-08-20,,INR,1838461,0.0191,ADJUSTMENT
7582,4580,2025-02-07,,USD,1862439,0.046,HIRE
7583,4581,2024-04-11,,USD,1319358,0.0101,HIRE
7584,4582,2020-01-04,2021-05-05,INR,687418,0.044,PROMOTION
7585,4582,2021-05-06,2023-02-06,USD,872346,0.1245,PROMOTION
7586,4582,2023-02-07,,USD,708826,0.0447,PROMOTION
7587,4583,2024-12-01,,USD,951075,0.0481,HIRE
7588,4584,2024-05-23,2024-09-09,INR,1028980,0.0551,MERIT
7589,4584,2024-09-10,,INR,1178746,0.1001,PROMOTION
7590,4585,2022-04-30,2022-11-22,USD,1051892,0.1589,PROMOTION
7591,4585,2022-11-23,,INR,1368517,0.19,HIRE
7592,4586,2023-10-15,2025-08-09,USD,493728,0.1579,HIRE
7593,4586,2025-08-10,,USD,451532,0.0104,ADJUSTMENT
7594,4587,2023-11-05,,USD,1308060,0.1898,MERIT
7595,4588,2020-01-20,2022-12-20,INR,6854367,0.0257,HIRE
7596,4588,2022-12-21,2023-11-09,INR,4518030,0.1764,HIRE
7597,4588,2023-11-10,,USD,6845304,0.109,PROMOTION
7598,4589,2023-05-22,2024-12-16,USD,1296722,0.1238,MERIT
7599,4589,2024-12-17,,USD,1147046,0.0534,ADJUSTMENT
7600,4590,2022-01-22,2024-03-14,USD,454697,0.0841,ADJUSTMENT
7601,4590,2024-03-15,,INR,388720,0.184,MERIT
7602,4591,2022-12-06,,INR,2777569,0.1371,ADJUSTMENT
7603,4592,2023-10-20,,INR,732097,0.1973,MERIT
7604,4593,2020-01-19,2023-02-15,INR,1656628,0.0459,MERIT
7605,4593,2023-02-16,,INR,1897268,0.098,PROMOTION
7606,4594,2021-05-15,,USD,4051927,0.1222,MERIT
7607,4595,2024-12-06,2025-01-13,USD,772474,0.0093,HIRE
7608,4595,2025-01-14,,USD,707993,0.1494,ADJUSTMENT
7609,4596,2022-06-23,,INR,2396748,0.0778,ADJUSTMENT
7610,4597,2023-10-10,,INR,6548400,0.13,ADJUSTMENT
7611,4598,2021-09-22,2023-07-15,INR,3288838,0.0874,PROMOTION
7612,4598,2023-07-16,2024-03-15,INR,4466448,0.1487,MERIT
7613,4598,2024-03-16,,USD,3384414,0.1825,HIRE
7614,4599,2022-06-03,,USD,1968323,0.0454,ADJUSTMENT
7615,4600,2025-05-05,2025-06-10,USD,470449,0.0514,HIRE
7616,4600,2025-06-11,,INR,390356,0.0216,ADJUSTMENT
7617,4601,2020-12-03,2025-05-27,USD,843796,0.0277,HIRE
7618,4601,2025-05-28,,INR,670082,0.1155,PROMOTION
7619,4602,2022-11-24,2023-02-02,INR,782322,0.032,PROMOTION
7620,4602,2023-02-03,2023-12-14,USD,615095,0.1266,HIRE
7621,4602,2023-12-15,,INR,893376,0.1079,ADJUSTMENT
7622,4603,2020-05-14,,INR,908825,0.1382,PROMOTION
7623,4604,2024-10-11,,USD,563644,0.0883,PROMOTION
7624,4605,2025-07-30,2025-08-08,USD,1115891,0.0625,HIRE
7625,4605,2025-08-09,,INR,1311114,0.0294,ADJUSTMENT
7626,4606,2022-09-15,,INR,596489,0.1745,MERIT
7627,4607,2023-11-27,2025-07-25,INR,452742,0.153,PROMOTION
7628,4607,2025-07-26,,INR,422036,0.1249,ADJUSTMENT
7629,4608,2021-07-20,2023-01-07,INR,751540,0.0464,PROMOTION
7630,4608,2023-01-08,2024-02-28,USD,822076,0.0659,PROMOTION
7631,4608,2024-02-29,,INR,637039,0.1168,PROMOTION
7632,4609,2019-06-20,,USD,538923,0.196,HIRE
7633,4610,2025-04-04,2025-08-14,USD,3426048,0.1815,MERIT
7634,4610,2025-08-15,,INR,3591927,0.1995,ADJUSTMENT
7635,4611,2024-10-03,2025-07-23,USD,3471543,0.1255,MERIT
7636,4611,2025-07-24,,INR,4208250,0.0596,ADJUSTMENT
7637,4612,2023-07-17,,USD,897548,0.0019,MERIT
7638,4613,2025-05-27,,USD,6459071,0.1929,ADJUSTMENT
7639,4614,2024-11-09,,USD,557654,0.1815,MERIT
7640,4615,2021-08-16,2022-08-10,INR,690548,0.1994,MERIT
7641,4615,2022-08-11,,INR,770380,0.1905,PROMOTION
7642,4616,2019-08-10,,USD,828610,0.1808,HIRE
7643,4617,2024-09-22,,INR,568122,0.0694,ADJUSTMENT
7644,4618,2020-07-28,2022-11-06,INR,6620009,0.0122,HIRE
7645,4618,2022-11-07,,USD,6239073,0.0563,HIRE
7646,4619,2019-12-08,,USD,1938988,0.1231,PROMOTION
7647,4620,2021-03-03,,USD,508195,0.0115,ADJUSTMENT
7648,4621,2021-05-12,2025-06-27,USD,3240263,0.0611,PROMOTION
7649,4621,2025-06-28,,INR,4279782,0.1837,ADJUSTMENT
7650,4622,2025-02-03,,INR,5508465,0.1209,ADJUSTMENT
7651,4623,2019-07-28,2024-04-11,INR,3584477,0.0748,HIRE
7652,4623,2024-04-12,,USD,4133584,0.0822,HIRE
7653,4624,2024-08-03,2024-11-23,USD,696382,0.1312,ADJUSTMENT
7654,4624,2024-11-24,,USD,797910,0.1809,PROMOTION
7655,4625,2023-10-27,2024-01-23,INR,5070137,0.0465,HIRE
7656,4625,2024-01-24,,INR,5697534,0.0871,ADJUSTMENT
7657,4626,2017-10-23,2018-05-18,USD,859266,0.0833,MERIT
7658,4626,2018-05-19,,USD,750230,0.0953,ADJUSTMENT
7659,4627,2021-03-19,,USD,322162,0.1217,ADJUSTMENT
7660,4628,2023-08-31,2024-05-06,INR,3836049,0.0884,HIRE
7661,4628,2024-05-07,2024-12-05,USD,3307548,0.0229,ADJUSTMENT
7662,4628,2024-12-06,,INR,4375391,0.1724,PROMOTION
7663,4629,2022-03-10,,USD,878996,0.0626,MERIT
7664,4630,2024-07-03,,INR,3158365,0.1887,HIRE
7665,4631,2022-07-04,2024-04-14,USD,4718542,0.0679,ADJUSTMENT
7666,4631,2024-04-15,,USD,5504878,0.069,HIRE
7667,4632,2024-09-11,,USD,891127,0.1924,HIRE
7668,4633,2022-07-22,2023-03-01,INR,2198850,0.1696,HIRE
7669,4633,2023-03-02,,INR,1699494,0.0471,MERIT
7670,4634,2025-03-21,,INR,6761965,0.0505,HIRE
7671,4635,2024-05-16,,USD,1276544,0.0209,PROMOTION
7672,4636,2017-09-01,2018-11-17,USD,850004,0.0313,MERIT
7673,4636,2018-11-18,,INR,809730,0.146,MERIT
7674,4637,2024-12-28,2025-05-19,INR,2887305,0.1369,PROMOTION
7675,4637,2025-05-20,,USD,3093268,0.1656,ADJUSTMENT
7676,4638,2019-05-19,2020-08-05,USD,560373,0.0359,PROMOTION
7677,4638,2020-08-06,,USD,319221,0.1321,PROMOTION
7678,4639,2020-06-11,2020-08-01,INR,539737,0.1815,ADJUSTMENT
7679,4639,2020-08-02,,USD,514611,0.038,ADJUSTMENT
7680,4640,2024-07-03,,INR,4167000,0.1852,HIRE
7681,4641,2025-06-25,,USD,1557756,0.0789,PROMOTION
7682,4642,2025-07-09,,USD,3310268,0.149,ADJUSTMENT
7683,4643,2018-11-09,2020-05-01,INR,6868723,0.0091,HIRE
7684,4643,2020-05-02,2021-04-25,USD,5905949,0.0554,HIRE
7685,4643,2021-04-26,,INR,5530388,0.1507,PROMOTION
7686,4644,2024-07-24,,USD,3646548,0.0819,ADJUSTMENT
7687,4645,2024-02-10,,INR,981925,0.0664,MERIT
7688,4646,2018-07-26,,USD,734593,0.122,ADJUSTMENT
7689,4647,2018-12-02,,USD,2927415,0.0525,ADJUSTMENT
7690,4648,2022-12-21,,INR,4387232,0.1427,HIRE
7691,4649,2023-09-23,,INR,6398918,0.0106,ADJUSTMENT
7692,4650,2024-12-03,2024-12-19,USD,6005316,0.0806,ADJUSTMENT
7693,4650,2024-12-20,,USD,6769107,0.1143,ADJUSTMENT
7694,4651,2024-04-07,,INR,3336165,0.0416,HIRE
7695,4652,2023-06-22,2023-12-24,USD,1212930,0.079,MERIT
7696,4652,2023-12-25,,USD,1185890,0.119,PROMOTION
7697,4653,2024-06-19,,INR,722885,0.1145,MERIT
7698,4654,2021-07-16,2022-03-29,USD,404297,0.1704,ADJUSTMENT
7699,4654,2022-03-30,2024-01-15,INR,511505,0.0226,MERIT
7700,4654,2024-01-16,,USD,566778,0.1281,HIRE
7701,4655,2023-12-23,2025-03-20,USD,442930,0.1507,HIRE
7702,4655,2025-03-21,2025-08-20,USD,320332,0.1925,PROMOTION
7703,4655,2025-08-21,,INR,566119,0.1355,PROMOTION
7704,4656,2022-04-19,,USD,5094478,0.0826,HIRE
7705,4657,2024-04-21,,USD,4534527,0.0788,PROMOTION
7706,4658,2025-06-06,,INR,1384928,0.0442,PROMOTION
7707,4659,2025-03-04,2025-04-10,INR,1223021,0.0933,MERIT
7708,4659,2025-04-11,2025-08-09,USD,961442,0.1287,MERIT
7709,4659,2025-08-10,,USD,1031404,0.012,HIRE
7710,4660,2025-06-10,,INR,4055322,0.1864,ADJUSTMENT
7711,4661,2025-01-10,,INR,3626997,0.0119,ADJUSTMENT
7712,4662,2021-09-09,2024-03-04,INR,905839,0.0896,MERIT
7713,4662,2024-03-05,,INR,949391,0.0392,ADJUSTMENT
7714,4663,2025-03-17,2025-07-13,USD,1420425,0.0467,ADJUSTMENT
7715,4663,2025-07-14,2025-07-23,INR,1974786,0.0665,MERIT
7716,4663,2025-07-24,,USD,1801462,0.1959,HIRE
7717,4664,2020-11-04,2023-02-27,INR,1183750,0.182,ADJUSTMENT
7718,4664,2023-02-28,2025-01-25,INR,1005319,0.0575,PROMOTION
7719,4664,2025-01-26,,USD,970751,0.1504,PROMOTION
7720,4665,2022-10-13,2023-09-13,INR,3082634,0.0082,ADJUSTMENT
7721,4665,2023-09-14,,USD,2477855,0.0195,MERIT
7722,4666,2022-05-20,2022-10-28,INR,863053,0.1165,HIRE
7723,4666,2022-10-29,2024-05-16,USD,738689,0.0506,ADJUSTMENT
7724,4666,2024-05-17,,INR,798302,0.1843,PROMOTION
7725,4667,2021-08-25,,INR,1873208,0.0956,HIRE
7726,4668,2020-09-26,2023-03-24,INR,573436,0.0674,ADJUSTMENT
7727,4668,2023-03-25,,INR,386031,0.1032,HIRE
7728,4669,2022-12-25,2023-08-04,USD,655864,0.1677,HIRE
7729,4669,2023-08-05,2025-02-01,USD,718442,0.1528,MERIT
7730,4669,2025-02-02,,USD,860870,0.1242,ADJUSTMENT
7731,4670,2022-12-27,,USD,439658,0.0244,HIRE
7732,4671,2022-07-28,,INR,4900992,0.0353,MERIT
7733,4672,2021-02-12,2021-07-18,USD,427682,0.1359,HIRE
7734,4672,2021-07-19,2022-01-04,USD,575813,0.1019,PROMOTION
7735,4672,2022-01-05,,USD,559483,0.182,HIRE
7736,4673,2023-07-31,,INR,361937,0.0787,PROMOTION
7737,4674,2025-01-04,,USD,336643,0.1856,MERIT
7738,4675,2024-02-28,2024-03-15,INR,3360160,0.1062,ADJUSTMENT
7739,4675,2024-03-16,,INR,3297780,0.1664,MERIT
7740,4676,2023-02-08,2024-10-21,INR,2274575,0.1853,MERIT
7741,4676,2024-10-22,,USD,2281719,0.172,ADJUSTMENT
7742,4677,2018-10-31,,INR,504400,0.1983,HIRE
7743,4678,2023-12-09,,USD,801597,0.0325,ADJUSTMENT
7744,4679,2017-06-22,2020-04-14,USD,1311829,0.0111,PROMOTION
7745,4679,2020-04-15,,INR,905575,0.0095,MERIT
7746,4680,2022-01-01,,USD,635333,0.1133,MERIT
7747,4681,2021-04-27,2022-11-16,USD,770397,0.1514,MERIT
7748,4681,2022-11-17,,USD,690653,0.1169,HIRE
7749,4682,2025-01-08,2025-05-22,INR,3194549,0.1428,HIRE
7750,4682,2025-05-23,,USD,2454071,0.1544,MERIT
7751,4683,2025-03-29,,INR,868096,0.0947,MERIT
7752,4684,2023-03-04,,USD,5413425,0.0688,MERIT
7753,4685,2021-09-17,,INR,356464,0.0167,PROMOTION
7754,4686,2019-04-09,,USD,768694,0.1251,MERIT
7755,4687,2019-05-30,,INR,4249585,0.0073,ADJUSTMENT
7756,4688,2024-03-05,,INR,5628395,0.1845,HIRE
7757,4689,2024-09-10,2025-05-05,USD,832851,0.0183,PROMOTION
7758,4689,2025-05-06,,USD,819296,0.0187,ADJUSTMENT
7759,4690,2025-02-23,2025-03-07,USD,1755299,0.0975,PROMOTION
7760,4690,2025-03-08,,INR,1459925,0.0625,MERIT
7761,4691,2020-08-26,2023-12-22,INR,2308771,0.0784,MERIT
7762,4691,2023-12-23,2025-08-05,USD,3079202,0.0897,ADJUSTMENT
7763,4691,2025-08-06,,INR,2746128,0.1842,ADJUSTMENT
7764,4692,2024-12-15,2025-02-14,USD,3006973,0.0191,MERIT
7765,4692,2025-02-15,,INR,2919687,0.0565,PROMOTION
7766,4693,2021-09-30,2021-11-15,INR,817295,0.1401,MERIT
7767,4693,2021-11-16,2023-06-04,USD,721256,0.0905,PROMOTION
7768,4693,2023-06-05,,USD,809089,0.0872,HIRE
7769,4694,2022-12-22,2025-04-17,INR,5466862,0.0804,HIRE
7770,4694,2025-04-18,,USD,5625789,0.1384,PROMOTION
7771,4695,2021-10-27,,USD,869355,0.1523,HIRE
7772,4696,2024-10-28,,INR,1090058,0.0396,HIRE
7773,4697,2023-04-15,,INR,3020807,0.043,HIRE
7774,4698,2023-05-06,2024-07-11,USD,3750470,0.0662,MERIT
7775,4698,2024-07-12,,INR,3227086,0.1413,MERIT
7776,4699,2024-09-23,2025-01-24,INR,4092783,0.0567,MERIT
7777,4699,2025-01-25,,USD,3570695,0.085,HIRE
7778,4700,2024-02-10,2024-05-25,USD,1285889,0.038,HIRE
7779,4700,2024-05-26,,INR,1191670,0.0981,ADJUSTMENT
7780,4701,2021-04-30,2024-06-20,USD,735632,0.1733,PROMOTION
7781,4701,2024-06-21,,USD,850233,0.029,HIRE
7782,4702,2020-09-09,2022-08-21,INR,539883,0.1208,HIRE
7783,4702,2022-08-22,,INR,422225,0.0631,ADJUSTMENT
7784,4703,2025-01-16,,USD,1109576,0.0346,PROMOTION
7785,4704,2018-07-18,2023-04-23,INR,819194,0.1418,MERIT
7786,4704,2023-04-24,2023-06-22,USD,747167,0.1857,ADJUSTMENT
7787,4704,2023-06-23,,INR,874681,0.1078,PROMOTION
7788,4705,2021-07-10,2022-04-29,USD,1186698,0.1175,HIRE
7789,4705,2022-04-30,2025-05-03,INR,1117154,0.0187,MERIT
7790,4705,2025-05-04,,INR,1162247,0.0297,HIRE
7791,4706,2024-09-07,,INR,5220421,0.0778,ADJUSTMENT
7792,4707,2024-12-18,,USD,327022,0.0373,ADJUSTMENT
7793,4708,2022-12-28,,INR,875901,0.0735,PROMOTION
7794,4709,2022-05-02,,USD,3189399,0.1991,ADJUSTMENT
7795,4710,2023-11-22,,INR,1675883,0.0874,PROMOTION
7796,4711,2021-02-08,2021-10-25,USD,6097809,0.1913,PROMOTION
7797,4711,2021-10-26,,INR,4503655,0.0254,HIRE
7798,4712,2023-12-10,,USD,624187,0.0599,ADJUSTMENT
7799,4713,2023-12-30,,INR,3349471,0.1814,MERIT
7800,4714,2022-03-04,2022-03-08,USD,560180,0.1102,PROMOTION
7801,4714,2022-03-09,,INR,478380,0.1907,MERIT
7802,4715,2017-01-17,2017-08-31,INR,3297865,0.0244,ADJUSTMENT
7803,4715,2017-09-01,2023-08-01,USD,3826992,0.1897,MERIT
7804,4715,2023-08-02,,INR,4207775,0.072,MERIT
7805,4716,2022-11-30,,USD,1681579,0.0278,PROMOTION
7806,4717,2024-08-31,,USD,1435276,0.1008,ADJUSTMENT
7807,4718,2022-07-08,2022-12-01,USD,1450231,0.0599,PROMOTION
7808,4718,2022-12-02,,INR,1936757,0.1604,PROMOTION
7809,4719,2024-03-23,,USD,4244021,0.0502,ADJUSTMENT
7810,4720,2025-08-06,,USD,372158,0.1875,ADJUSTMENT
7811,4721,2019-11-05,2020-05-06,USD,4049587,0.0685,ADJUSTMENT
7812,4721,2020-05-07,,USD,3393127,0.0456,PROMOTION
7813,4722,2017-06-13,,INR,438973,0.0275,PROMOTION
7814,4723,2021-10-26,2025-02-19,USD,3372138,0.1004,ADJUSTMENT
7815,4723,2025-02-20,,INR,3477622,0.0817,PROMOTION
7816,4724,2021-07-02,2024-01-14,USD,1058335,0.1689,PROMOTION
7817,4724,2024-01-15,,INR,941310,0.1465,ADJUSTMENT
7818,4725,2024-09-28,,USD,4262753,0.1442,MERIT
7819,4726,2021-01-27,,USD,570554,0.0074,ADJUSTMENT
7820,4727,2023-02-18,,USD,679449,0.0281,MERIT
7821,4728,2025-06-17,2025-08-22,USD,3954123,0.1121,PROMOTION
7822,4728,2025-08-23,,INR,3246977,0.1768,HIRE
7823,4729,2020-07-14,,USD,574991,0.1263,ADJUSTMENT
7824,4730,2022-05-18,,USD,571681,0.0623,MERIT
7825,4731,2022-10-07,,INR,862621,0.1361,MERIT
7826,4732,2019-03-18,,USD,4646816,0.1322,HIRE
7827,4733,2025-08-07,,INR,4695306,0.0237,ADJUSTMENT
7828,4734,2018-08-13,2022-01-02,USD,2831224,0.0563,PROMOTION
7829,4734,2022-01-03,,INR,3118063,0.1973,PROMOTION
7830,4735,2015-08-28,2023-12-14,USD,1091454,0.0166,PROMOTION
7831,4735,2023-12-15,2024-08-12,USD,1205414,0.0455,MERIT
7832,4735,2024-08-13,,USD,960851,0.1611,HIRE
7833,4736,2023-03-31,,USD,2750780,0.0199,PROMOTION
7834,4737,2024-06-03,,INR,6577773,0.1722,HIRE
7835,4738,2022-07-03,,INR,373351,0.1904,PROMOTION
7836,4739,2018-07-22,,USD,3020124,0.1786,ADJUSTMENT
7837,4740,2024-10-31,,INR,2490982,0.0896,ADJUSTMENT
7838,4741,2023-10-26,,INR,814279,0.0956,MERIT
7839,4742,2023-09-17,2024-11-16,USD,5757664,0.0946,HIRE
7840,4742,2024-11-17,2025-05-21,USD,5701795,0.1797,ADJUSTMENT
7841,4742,2025-05-22,,USD,6292528,0.0115,PROMOTION
7842,4743,2022-09-16,2024-05-19,USD,2818313,0.1165,PROMOTION
7843,4743,2024-05-20,2025-05-01,INR,2934248,0.0582,HIRE
7844,4743,2025-05-02,,INR,2667226,0.0564,MERIT
7845,4744,2025-05-22,,INR,4499710,0.1102,PROMOTION
7846,4745,2020-11-07,,USD,1487978,0.1111,PROMOTION
7847,4746,2019-01-27,,USD,1869897,0.0854,PROMOTION
7848,4747,2023-12-05,2025-03-01,USD,2018346,0.1637,MERIT
7849,4747,2025-03-02,2025-05-07,USD,2045990,0.1247,PROMOTION
7850,4747,2025-05-08,,USD,2039913,0.0331,PROMOTION
7851,4748,2017-06-10,2022-12-31,INR,3740470,0.0482,PROMOTION
7852,4748,2023-01-01,,INR,4194636,0.1855,MERIT
7853,4749,2024-03-30,,INR,2862514,0.0062,MERIT
7854,4750,2024-02-08,2024-02-29,INR,804447,0.1933,MERIT
7855,4750,2024-03-01,,INR,631635,0.1555,PROMOTION
7856,4751,2018-07-04,2018-11-03,USD,4531751,0.0662,PROMOTION
7857,4751,2018-11-04,,INR,5034474,0.191,HIRE
7858,4752,2020-01-18,2022-02-26,USD,4107540,0.0995,MERIT
7859,4752,2022-02-27,,INR,4073156,0.0685,HIRE
7860,4753,2023-11-23,2025-08-10,USD,2016714,0.1764,ADJUSTMENT
7861,4753,2025-08-11,,INR,2088522,0.1452,HIRE
7862,4754,2020-12-03,,INR,1631606,0.0506,HIRE
7863,4755,2022-12-29,,INR,1729883,0.1561,ADJUSTMENT
7864,4756,2017-01-13,,INR,2486058,0.1385,HIRE
7865,4757,2024-06-16,2025-05-17,USD,1571407,0.18,HIRE
7866,4757,2025-05-18,,INR,1916078,0.116,PROMOTION
7867,4758,2017-05-22,2021-03-17,INR,423486,0.0653,MERIT
7868,4758,2021-03-18,2023-12-19,INR,344810,0.1893,MERIT
7869,4758,2023-12-20,,USD,479911,0.1062,MERIT
7870,4759,2021-11-10,,INR,1985153,0.1923,ADJUSTMENT
7871,4760,2023-01-06,,INR,3003756,0.0571,HIRE
7872,4761,2018-02-18,,INR,850190,0.0511,HIRE
7873,4762,2019-08-31,2025-01-07,USD,2706755,0.0865,PROMOTION
7874,4762,2025-01-08,,USD,2870226,0.017,MERIT
7875,4763,2023-04-08,,INR,6715474,0.1751,HIRE
7876,4764,2019-12-27,,INR,705696,0.0715,MERIT
7877,4765,2023-04-03,2024-03-10,INR,1322185,0.0706,HIRE
7878,4765,2024-03-11,2025-05-11,USD,1259622,0.1157,MERIT
7879,4765,2025-05-12,,INR,937034,0.0518,ADJUSTMENT
7880,4766,2020-05-19,,USD,506275,0.0837,HIRE
7881,4767,2024-01-02,,INR,2156123,0.0195,HIRE
7882,4768,2023-02-16,2024-02-26,USD,2738948,0.1867,ADJUSTMENT
7883,4768,2024-02-27,,INR,2753539,0.0621,MERIT
7884,4769,2020-05-27,,USD,2035959,0.0595,MERIT
7885,4770,2015-02-18,2021-11-12,INR,5720826,0.1951,MERIT
7886,4770,2021-11-13,2023-09-23,USD,6713905,0.1159,HIRE
7887,4770,2023-09-24,,INR,6493527,0.1377,PROMOTION
7888,4771,2018-07-15,,USD,706616,0.0715,PROMOTION
7889,4772,2021-01-09,2023-06-01,USD,683039,0.0027,ADJUSTMENT
7890,4772,2023-06-02,,INR,658872,0.1275,PROMOTION
7891,4773,2024-11-28,2024-12-05,INR,884831,0.0107,MERIT
7892,4773,2024-12-06,,USD,625420,0.0594,PROMOTION
7893,4774,2025-04-21,2025-05-17,INR,3753008,0.0905,HIRE
7894,4774,2025-05-18,,USD,4280101,0.1336,MERIT
7895,4775,2025-02-09,,USD,3867720,0.0547,MERIT
7896,4776,2023-11-12,,USD,6569601,0.0895,HIRE
7897,4777,2024-10-16,,INR,781462,0.0588,ADJUSTMENT
7898,4778,2019-12-18,,INR,623899,0.0254,MERIT
7899,4779,2023-09-26,,INR,4672218,0.1056,PROMOTION
7900,4780,2022-07-14,,INR,704772,0.1364,MERIT
7901,4781,2024-05-03,2025-04-21,USD,1669113,0.1127,PROMOTION
7902,4781,2025-04-22,,USD,1759468,0.0197,ADJUSTMENT
7903,4782,2024-06-30,,INR,3055552,0.1729,MERIT
7904,4783,2023-10-06,,INR,6693563,0.0981,MERIT
7905,4784,2020-05-26,,INR,6289996,0.0913,PROMOTION
7906,4785,2025-06-28,,INR,6462364,0.0309,ADJUSTMENT
7907,4786,2020-07-02,2023-06-23,USD,2053450,0.0978,PROMOTION
7908,4786,2023-06-24,,INR,1870845,0.0595,HIRE
7909,4787,2015-11-04,,INR,2322247,0.0643,MERIT
7910,4788,2017-06-18,,USD,3513279,0.1986,HIRE
7911,4789,2016-01-30,2018-01-15,INR,1565848,0.1942,ADJUSTMENT
7912,4789,2018-01-16,,USD,1643890,0.1574,MERIT
7913,4790,2022-02-28,2022-11-08,INR,2922614,0.1439,MERIT
7914,4790,2022-11-09,,INR,2872269,0.1999,HIRE
7915,4791,2016-11-05,,INR,409351,0.103,ADJUSTMENT
7916,4792,2025-03-02,,INR,336501,0.0794,PROMOTION
7917,4793,2021-09-15,,INR,4687652,0.1357,HIRE
7918,4794,2024-12-17,2025-01-15,USD,775731,0.0531,MERIT
7919,4794,2025-01-16,2025-05-07,INR,806617,0.173,HIRE
7920,4794,2025-05-08,,USD,673580,0.1542,HIRE
7921,4795,2020-03-07,,INR,868467,0.0259,HIRE
7922,4796,2024-07-03,,INR,3862285,0.0943,HIRE
7923,4797,2019-03-16,2022-07-13,USD,1711626,0.0629,ADJUSTMENT
7924,4797,2022-07-14,2023-08-31,INR,1692099,0.0975,MERIT
7925,4797,2023-09-01,,INR,2061332,0.183,MERIT
7926,4798,2021-09-21,2024-06-23,USD,794813,0.0669,ADJUSTMENT
7927,4798,2024-06-24,2025-03-11,USD,685309,0.1499,PROMOTION
7928,4798,2025-03-12,,USD,781553,0.056,ADJUSTMENT
7929,4799,2023-04-22,2023-08-31,USD,3147031,0.1879,HIRE
7930,4799,2023-09-01,2024-07-20,INR,2697505,0.1703,MERIT
7931,4799,2024-07-21,,USD,3152492,0.045,MERIT
7932,4800,2015-12-18,,USD,3895517,0.0003,MERIT
7933,4801,2024-09-09,2025-06-28,INR,632325,0.0294,MERIT
7934,4801,2025-06-29,,USD,767327,0.0629,MERIT
7935,4802,2018-10-16,2020-05-27,USD,2621710,0.0604,MERIT
7936,4802,2020-05-28,,INR,2383968,0.1408,ADJUSTMENT
7937,4803,2020-07-24,2025-04-24,INR,3799394,0.0393,ADJUSTMENT
7938,4803,2025-04-25,2025-04-30,INR,4350548,0.1386,MERIT
7939,4803,2025-05-01,,USD,4282737,0.0034,ADJUSTMENT
7940,4804,2021-10-25,,USD,2379297,0.0216,MERIT
7941,4805,2017-03-30,,USD,349202,0.0129,PROMOTION
7942,4806,2025-01-31,2025-05-18,USD,401487,0.1935,MERIT
7943,4806,2025-05-19,,USD,361563,0.1773,MERIT
7944,4807,2024-09-03,2024-10-09,INR,838414,0.0349,PROMOTION
7945,4807,2024-10-10,2025-07-05,USD,715548,0.1771,MERIT
7946,4807,2025-07-06,,USD,871561,0.1562,MERIT
7947,4808,2021-11-05,2022-04-24,USD,1389407,0.138,ADJUSTMENT
7948,4808,2022-04-25,2022-09-22,USD,1076867,0.1944,HIRE
7949,4808,2022-09-23,,INR,1259147,0.1054,HIRE
7950,4809,2022-07-17,,INR,691449,0.1922,ADJUSTMENT
7951,4810,2023-02-03,,USD,1196752,0.1379,PROMOTION
7952,4811,2024-09-14,,INR,928481,0.0493,HIRE
7953,4812,2024-12-30,2025-01-07,USD,6806034,0.0728,ADJUSTMENT
7954,4812,2025-01-08,2025-01-31,USD,5226167,0.1676,PROMOTION
7955,4812,2025-02-01,,USD,6176037,0.0299,HIRE
7956,4813,2016-10-09,2022-10-04,INR,888533,0.1031,PROMOTION
7957,4813,2022-10-05,,USD,760764,0.0718,MERIT
7958,4814,2022-12-18,2023-02-03,INR,3622956,0.1182,MERIT
7959,4814,2023-02-04,,INR,3386961,0.1732,PROMOTION
7960,4815,2020-04-15,2023-05-08,USD,1717836,0.083,HIRE
7961,4815,2023-05-09,,INR,2085521,0.0937,PROMOTION
7962,4816,2017-01-04,2022-09-15,USD,1607170,0.1247,HIRE
7963,4816,2022-09-16,,USD,2122257,0.123,PROMOTION
7964,4817,2019-10-18,,USD,2110888,0.0941,HIRE
7965,4818,2023-08-07,2023-11-29,USD,6925817,0.0011,MERIT
7966,4818,2023-11-30,,USD,6230495,0.1326,ADJUSTMENT
7967,4819,2025-01-05,2025-01-31,INR,757188,0.0655,HIRE
7968,4819,2025-02-01,,USD,660280,0.0405,MERIT
7969,4820,2024-06-01,,INR,742268,0.1012,HIRE
7970,4821,2022-10-11,2024-03-19,USD,3265381,0.0094,HIRE
7971,4821,2024-03-20,2025-05-30,USD,3780819,0.0708,MERIT
7972,4821,2025-05-31,,INR,4032835,0.1497,ADJUSTMENT
7973,4822,2025-03-07,,USD,5605314,0.0283,HIRE
7974,4823,2025-04-30,2025-08-05,USD,3936980,0.0665,MERIT
7975,4823,2025-08-06,,INR,3938660,0.0175,MERIT
7976,4824,2024-11-06,,INR,460117,0.0986,HIRE
7977,4825,2024-01-30,,USD,3167468,0.1448,ADJUSTMENT
7978,4826,2021-03-07,2023-12-07,INR,1071077,0.1093,PROMOTION
7979,4826,2023-12-08,,USD,1239493,0.0519,ADJUSTMENT
7980,4827,2025-08-07,,USD,3956043,0.1551,HIRE
7981,4828,2021-11-03,2021-11-20,INR,4196173,0.1336,PROMOTION
7982,4828,2021-11-21,2025-01-12,INR,4430584,0.035,ADJUSTMENT
7983,4828,2025-01-13,,USD,4151379,0.1191,PROMOTION
7984,4829,2021-02-23,,USD,1124287,0.1554,MERIT
7985,4830,2020-06-06,,INR,4003989,0.1578,ADJUSTMENT
7986,4831,2023-05-14,2024-09-05,USD,891385,0.0349,MERIT
7987,4831,2024-09-06,,USD,667848,0.0278,MERIT
7988,4832,2025-01-26,,INR,2666736,0.1948,HIRE
7989,4833,2024-02-24,2024-08-17,INR,3374527,0.0846,ADJUSTMENT
7990,4833,2024-08-18,,INR,3813616,0.17,HIRE
7991,4834,2021-02-26,2024-09-22,INR,348260,0.1471,HIRE
7992,4834,2024-09-23,2025-04-03,USD,307549,0.1716,HIRE
7993,4834,2025-04-04,,INR,537815,0.1297,MERIT
7994,4835,2021-01-15,2023-06-15,INR,1015232,0.1249,HIRE
7995,4835,2023-06-16,2024-02-24,USD,1089927,0.1769,PROMOTION
7996,4835,2024-02-25,,INR,1039414,0.0901,HIRE
7997,4836,2022-03-14,,INR,776954,0.1733,MERIT
7998,4837,2020-03-26,2022-05-01,INR,426784,0.0009,ADJUSTMENT
7999,4837,2022-05-02,,INR,433258,0.0186,ADJUSTMENT
8000,4838,2021-02-16,2023-03-23,USD,3986583,0.1994,PROMOTION
8001,4838,2023-03-24,,USD,3356294,0.0286,PROMOTION
8002,4839,2020-03-11,,USD,772040,0.0983,MERIT
8003,4840,2021-12-28,,INR,6999417,0.0913,MERIT
8004,4841,2020-07-25,2020-09-30,USD,1910734,0.0862,PROMOTION
8005,4841,2020-10-01,2021-10-21,INR,1794836,0.0693,PROMOTION
8006,4841,2021-10-22,,INR,1759565,0.0879,MERIT
8007,4842,2022-04-01,,USD,6870032,0.1885,PROMOTION
8008,4843,2019-10-06,,INR,1114313,0.0169,ADJUSTMENT
8009,4844,2020-06-19,2022-05-14,USD,4997487,0.1165,PROMOTION
8010,4844,2022-05-15,,USD,6845850,0.0121,PROMOTION
8011,4845,2022-09-28,2024-03-08,USD,511636,0.0547,HIRE
8012,4845,2024-03-09,,USD,373459,0.0626,ADJUSTMENT
8013,4846,2024-09-21,,USD,649544,0.0434,MERIT
8014,4847,2023-01-19,2025-03-04,USD,2634966,0.1221,PROMOTION
8015,4847,2025-03-05,,INR,2340691,0.0805,ADJUSTMENT
8016,4848,2016-01-12,,USD,5971515,0.1304,PROMOTION
8017,4849,2019-03-04,2024-11-14,USD,5129197,0.1427,PROMOTION
8018,4849,2024-11-15,,USD,4931215,0.152,PROMOTION
8019,4850,2017-08-19,2020-05-27,USD,1008760,0.0283,PROMOTION
8020,4850,2020-05-28,,USD,1119353,0.1001,MERIT
8021,4851,2017-01-08,,USD,719056,0.0998,MERIT
8022,4852,2023-08-17,2024-09-03,INR,838819,0.1025,ADJUSTMENT
8023,4852,2024-09-04,,USD,735378,0.1206,ADJUSTMENT
8024,4853,2020-05-19,2021-11-08,INR,669575,0.1545,MERIT
8025,4853,2021-11-09,2021-12-02,USD,746562,0.0947,MERIT
8026,4853,2021-12-03,,INR,744041,0.0804,ADJUSTMENT
8027,4854,2022-09-13,,INR,854713,0.1697,HIRE
8028,4855,2025-08-04,,INR,766679,0.1125,HIRE
8029,4856,2023-04-15,2024-07-20,USD,2482127,0.0531,ADJUSTMENT
8030,4856,2024-07-21,,USD,2300770,0.1247,HIRE
8031,4857,2022-09-16,,INR,3231816,0.1292,MERIT
8032,4858,2023-08-07,2023-12-13,USD,4316304,0.0714,HIRE
8033,4858,2023-12-14,,USD,4008871,0.1064,HIRE
8034,4859,2021-02-13,2022-11-14,INR,418105,0.1784,MERIT
8035,4859,2022-11-15,,INR,349372,0.174,HIRE
8036,4860,2021-08-20,,USD,327712,0.0874,PROMOTION
8037,4861,2024-08-01,,INR,3434566,0.068,ADJUSTMENT
8038,4862,2020-01-27,2023-03-16,INR,3012074,0.1744,PROMOTION
8039,4862,2023-03-17,,INR,2598362,0.0014,MERIT
8040,4863,2023-02-27,2023-12-09,USD,5313429,0.1641,HIRE
8041,4863,2023-12-10,,INR,6819355,0.0841,PROMOTION
8042,4864,2018-05-15,2023-11-09,USD,412312,0.1614,ADJUSTMENT
8043,4864,2023-11-10,2024-10-05,USD,417593,0.1744,PROMOTION
8044,4864,2024-10-06,,USD,410446,0.1831,HIRE
8045,4865,2019-02-28,2019-03-17,USD,4674661,0.0537,HIRE
8046,4865,2019-03-18,2022-05-24,INR,6771778,0.1571,PROMOTION
8047,4865,2022-05-25,,INR,5933235,0.0045,HIRE
8048,4866,2020-04-28,,USD,1608353,0.1742,HIRE
8049,4867,2020-10-01,2021-01-28,INR,703034,0.1109,MERIT
8050,4867,2021-01-29,,USD,878538,0.0063,ADJUSTMENT
8051,4868,2024-11-16,,INR,2410853,0.1468,MERIT
8052,4869,2023-07-31,2024-02-09,USD,3460517,0.0052,ADJUSTMENT
8053,4869,2024-02-10,2025-07-28,USD,4011750,0.0995,HIRE
8054,4869,2025-07-29,,INR,3687582,0.0479,PROMOTION
8055,4870,2022-10-29,,INR,1874544,0.0852,HIRE
8056,4871,2024-08-22,,INR,4354841,0.1082,ADJUSTMENT
8057,4872,2020-05-01,,USD,1718554,0.0398,MERIT
8058,4873,2022-08-10,2023-09-05,USD,3724195,0.1703,HIRE
8059,4873,2023-09-06,2024-12-28,USD,4217149,0.0627,PROMOTION
8060,4873,2024-12-29,,USD,3385318,0.1311,PROMOTION
8061,4874,2024-12-03,,INR,2991972,0.166,PROMOTION
8062,4875,2022-07-08,2022-09-03,USD,720342,0.127,ADJUSTMENT
8063,4875,2022-09-04,2025-04-14,USD,766712,0.0516,MERIT
8064,4875,2025-04-15,,USD,629133,0.1023,PROMOTION
8065,4876,2023-08-22,2025-04-25,USD,1721366,0.0663,PROMOTION
8066,4876,2025-04-26,,INR,1752798,0.1024,HIRE
8067,4877,2020-01-22,2022-12-13,USD,2942719,0.085,ADJUSTMENT
8068,4877,2022-12-14,2024-10-05,USD,2489400,0.054,HIRE
8069,4877,2024-10-06,,USD,2676757,0.1674,PROMOTION
8070,4878,2023-12-22,2024-08-29,USD,3400490,0.1516,PROMOTION
8071,4878,2024-08-30,,INR,3569144,0.0826,ADJUSTMENT
8072,4879,2024-07-14,,INR,5997580,0.0201,MERIT
8073,4880,2021-02-21,,USD,1436568,0.1554,MERIT
8074,4881,2020-01-30,,USD,349902,0.1047,PROMOTION
8075,4882,2023-09-22,2025-07-07,USD,2704272,0.1966,HIRE
8076,4882,2025-07-08,,INR,2818578,0.1461,PROMOTION
8077,4883,2025-06-11,2025-08-21,USD,840203,0.1407,PROMOTION
8078,4883,2025-08-22,,USD,671115,0.1107,ADJUSTMENT
8079,4884,2022-09-18,2023-08-25,INR,6536090,0.1208,MERIT
8080,4884,2023-08-26,,USD,6801056,0.1303,PROMOTION
8081,4885,2025-08-18,2025-08-22,INR,741833,0.1567,ADJUSTMENT
8082,4885,2025-08-23,,INR,659554,0.1834,HIRE
8083,4886,2021-01-23,2022-06-03,INR,1055875,0.0005,MERIT
8084,4886,2022-06-04,2022-09-12,USD,1208310,0.1806,MERIT
8085,4886,2022-09-13,,USD,1329611,0.1947,PROMOTION
8086,4887,2016-10-18,2020-08-12,INR,863753,0.1786,ADJUSTMENT
8087,4887,2020-08-13,2025-02-14,INR,789535,0.0388,MERIT
8088,4887,2025-02-15,,USD,774202,0.123,HIRE
8089,4888,2024-06-18,2025-02-24,USD,3621266,0.1394,MERIT
8090,4888,2025-02-25,,USD,3440117,0.1061,PROMOTION
8091,4889,2021-11-06,,USD,1273198,0.145,PROMOTION
8092,4890,2017-05-09,,INR,2814198,0.0377,PROMOTION
8093,4891,2022-10-21,2023-12-27,USD,6272071,0.1448,PROMOTION
8094,4891,2023-12-28,,INR,5400521,0.1429,ADJUSTMENT
8095,4892,2022-04-02,,USD,6676492,0.0718,MERIT
8096,4893,2016-07-21,2018-01-14,USD,1140712,0.1982,HIRE
8097,4893,2018-01-15,,USD,1343584,0.082,ADJUSTMENT
8098,4894,2022-07-03,2025-08-01,INR,2284978,0.0418,PROMOTION
8099,4894,2025-08-02,,USD,2257664,0.138,HIRE
8100,4895,2020-10-06,,USD,1891486,0.0375,PROMOTION
8101,4896,2018-07-13,,USD,2267265,0.1051,ADJUSTMENT
8102,4897,2017-07-25,2019-01-24,INR,1270581,0.0448,ADJUSTMENT
8103,4897,2019-01-25,2021-06-19,USD,1189801,0.0488,HIRE
8104,4897,2021-06-20,,USD,1108959,0.0163,ADJUSTMENT
8105,4898,2022-09-12,2025-02-16,INR,4773738,0.1495,MERIT
8106,4898,2025-02-17,,USD,5935724,0.1447,MERIT
8107,4899,2024-08-16,2025-08-12,INR,2529624,0.1959,PROMOTION
8108,4899,2025-08-13,,USD,2507373,0.1258,MERIT
8109,4900,2019-02-24,,USD,5126251,0.0121,MERIT
8110,4901,2024-10-04,,USD,1176587,0.1681,ADJUSTMENT
8111,4902,2022-08-15,2023-11-28,INR,2436968,0.0197,PROMOTION
8112,4902,2023-11-29,2025-02-09,USD,2499525,0.023,HIRE
8113,4902,2025-02-10,,USD,3134537,0.1758,ADJUSTMENT
8114,4903,2018-10-15,2022-03-28,INR,2657104,0.0793,HIRE
8115,4903,2022-03-29,,USD,2454662,0.1827,HIRE
8116,4904,2023-07-15,,INR,1127068,0.1245,HIRE
8117,4905,2018-10-02,,INR,5334597,0.1564,HIRE
8118,4906,2021-06-14,,INR,769270,0.0174,PROMOTION
8119,4907,2021-08-30,2023-02-12,USD,2006098,0.0598,PROMOTION
8120,4907,2023-02-13,2024-10-04,USD,2193954,0.1763,PROMOTION
8121,4907,2024-10-05,,USD,1984632,0.1665,HIRE
8122,4908,2021-12-14,2022-10-02,INR,6100530,0.1506,ADJUSTMENT
8123,4908,2022-10-03,,INR,6276103,0.1694,PROMOTION
8124,4909,2021-02-16,,INR,1764186,0.1556,MERIT
8125,4910,2024-09-03,,USD,5567857,0.1679,HIRE
8126,4911,2021-06-05,,INR,1353898,0.038,HIRE
8127,4912,2025-08-23,,INR,1079533,0.1353,MERIT
8128,4913,2025-08-22,,USD,5709219,0.1369,PROMOTION
8129,4914,2024-11-23,2025-03-09,USD,6916040,0.1482,ADJUSTMENT
8130,4914,2025-03-10,2025-04-05,INR,4520643,0.0389,MERIT
8131,4914,2025-04-06,,INR,5438672,0.1789,HIRE
8132,4915,2025-04-20,2025-07-10,USD,4242261,0.0933,HIRE
8133,4915,2025-07-11,,INR,4223279,0.1931,HIRE
8134,4916,2025-07-15,,INR,2479760,0.1771,ADJUSTMENT
8135,4917,2025-06-01,,INR,2001256,0.1612,MERIT
8136,4918,2022-05-04,2025-01-31,USD,2392516,0.0572,ADJUSTMENT
8137,4918,2025-02-01,,USD,2597524,0.165,MERIT
8138,4919,2025-02-10,,INR,794340,0.0894,MERIT
8139,4920,2024-09-15,,USD,6096086,0.04,MERIT
8140,4921,2019-07-07,,USD,4420820,0.1017,HIRE
8141,4922,2025-03-30,2025-04-14,INR,5941546,0.0411,ADJUSTMENT
8142,4922,2025-04-15,,USD,6187838,0.1301,PROMOTION
8143,4923,2021-10-04,,INR,898573,0.1401,HIRE
8144,4924,2025-01-30,2025-03-26,INR,791085,0.1848,PROMOTION
8145,4924,2025-03-27,,INR,684250,0.0014,PROMOTION
8146,4925,2023-01-20,2023-02-09,USD,4639465,0.0527,PROMOTION
8147,4925,2023-02-10,,INR,4641201,0.1595,MERIT
8148,4926,2016-07-29,2016-12-11,INR,1318770,0.1184,HIRE
8149,4926,2016-12-12,2019-01-13,USD,1120425,0.0959,ADJUSTMENT
8150,4926,2019-01-14,,USD,1086616,0.0072,PROMOTION
8151,4927,2025-01-18,2025-04-08,INR,4364767,0.0025,MERIT
8152,4927,2025-04-09,2025-08-17,USD,3982912,0.1883,PROMOTION
8153,4927,2025-08-18,,USD,4131668,0.0491,HIRE
8154,4928,2018-01-24,2024-12-17,INR,1976623,0.1722,MERIT
8155,4928,2024-12-18,2025-05-15,INR,1504217,0.1717,MERIT
8156,4928,2025-05-16,,INR,1583447,0.1369,PROMOTION
8157,4929,2025-02-17,2025-02-26,USD,4412178,0.0279,MERIT
8158,4929,2025-02-27,,USD,3944123,0.137,HIRE
8159,4930,2022-05-11,2024-04-02,USD,882235,0.0707,ADJUSTMENT
8160,4930,2024-04-03,2025-05-07,USD,628836,0.1434,HIRE
8161,4930,2025-05-08,,USD,754082,0.1499,PROMOTION
8162,4931,2021-01-28,,INR,1243071,0.0894,MERIT
8163,4932,2015-12-30,2023-02-09,INR,6746338,0.0918,HIRE
8164,4932,2023-02-10,2025-02-27,INR,6542847,0.1016,PROMOTION
8165,4932,2025-02-28,,INR,5354365,0.1549,PROMOTION
8166,4933,2018-04-15,,USD,5261836,0.1146,MERIT
8167,4934,2018-04-20,2019-08-15,INR,1032265,0.1924,MERIT
8168,4934,2019-08-16,2021-02-18,USD,1078736,0.1172,PROMOTION
8169,4934,2021-02-19,,INR,1180988,0.1234,MERIT
8170,4935,2025-01-25,,USD,340463,0.176,MERIT
8171,4936,2025-05-14,,USD,776732,0.1966,ADJUSTMENT
8172,4937,2024-06-13,,USD,5282652,0.114,MERIT
8173,4938,2025-06-23,,USD,1841225,0.1593,ADJUSTMENT
8174,4939,2025-08-01,,INR,860580,0.0813,ADJUSTMENT
8175,4940,2025-05-30,,USD,3531389,0.126,MERIT
8176,4941,2025-01-16,,USD,525207,0.1434,HIRE
8177,4942,2025-06-04,,INR,4542526,0.0396,HIRE
8178,4943,2020-05-08,2022-01-14,INR,6973363,0.1544,PROMOTION
8179,4943,2022-01-15,,USD,6807410,0.0071,ADJUSTMENT
8180,4944,2021-05-31,2024-11-16,INR,2525298,0.1551,ADJUSTMENT
8181,4944,2024-11-17,,USD,2851854,0.0542,ADJUSTMENT
8182,4945,2017-11-07,2019-10-12,USD,6281369,0.1584,HIRE
8183,4945,2019-10-13,2025-07-12,USD,5201652,0.1527,HIRE
8184,4945,2025-07-13,,USD,5798113,0.0656,HIRE
8185,4946,2022-08-27,2024-10-03,USD,3507293,0.06,PROMOTION
8186,4946,2024-10-04,2025-04-14,USD,3974658,0.1033,MERIT
8187,4946,2025-04-15,,INR,3395264,0.0596,HIRE
8188,4947,2020-10-28,,USD,3363450,0.1649,ADJUSTMENT
8189,4948,2020-04-17,,INR,2657943,0.1183,PROMOTION
8190,4949,2021-12-10,2022-12-24,USD,3451353,0.1093,HIRE
8191,4949,2022-12-25,,USD,3760889,0.0792,MERIT
8192,4950,2020-08-30,2023-01-01,USD,336676,0.0368,HIRE
8193,4950,2023-01-02,,USD,361340,0.1791,PROMOTION
8194,4951,2025-06-10,2025-07-29,USD,6912175,0.1149,HIRE
8195,4951,2025-07-30,,INR,6044103,0.1229,ADJUSTMENT
8196,4952,2025-03-09,,INR,5407664,0.0331,PROMOTION
8197,4953,2020-12-29,2022-04-11,INR,1205975,0.0301,HIRE
8198,4953,2022-04-12,2024-01-09,USD,998103,0.0534,ADJUSTMENT
8199,4953,2024-01-10,,INR,1206980,0.1188,ADJUSTMENT
8200,4954,2025-02-19,2025-08-15,INR,3137083,0.0892,PROMOTION
8201,4954,2025-08-16,,USD,2379128,0.0347,HIRE
8202,4955,2023-07-17,,USD,1325545,0.0402,PROMOTION
8203,4956,2021-09-15,2023-04-17,INR,928324,0.1999,HIRE
8204,4956,2023-04-18,,INR,1306819,0.1512,HIRE
8205,4957,2016-02-18,2018-10-27,USD,2875467,0.1315,ADJUSTMENT
8206,4957,2018-10-28,2022-10-12,INR,2917777,0.0358,MERIT
8207,4957,2022-10-13,,INR,2331026,0.1158,MERIT
8208,4958,2025-05-06,2025-06-23,INR,3423573,0.0049,HIRE
8209,4958,2025-06-24,,USD,3466235,0.1854,ADJUSTMENT
8210,4959,2023-09-12,,USD,1098423,0.1029,ADJUSTMENT
8211,4960,2023-09-19,2024-03-18,USD,6805619,0.0763,MERIT
8212,4960,2024-03-19,,USD,5487103,0.1469,ADJUSTMENT
8213,4961,2019-02-15,,USD,889302,0.1817,MERIT
8214,4962,2018-12-26,2021-02-02,INR,1821010,0.0133,HIRE
8215,4962,2021-02-03,,INR,2163581,0.1373,ADJUSTMENT
8216,4963,2025-04-01,2025-05-29,USD,6799450,0.0659,PROMOTION
8217,4963,2025-05-30,,USD,6491376,0.0632,HIRE
8218,4964,2023-05-15,2023-09-25,INR,562309,0.0119,ADJUSTMENT
8219,4964,2023-09-26,,USD,446137,0.1041,ADJUSTMENT
8220,4965,2025-06-03,2025-08-07,USD,2528736,0.1837,PROMOTION
8221,4965,2025-08-08,,USD,2976120,0.1269,MERIT
8222,4966,2025-06-09,,USD,4245343,0.0364,MERIT
8223,4967,2021-04-08,,USD,3059240,0.1545,ADJUSTMENT
8224,4968,2024-10-10,,INR,5811934,0.024,HIRE
8225,4969,2025-08-09,,USD,971559,0.0837,PROMOTION
8226,4970,2019-04-01,,INR,1151591,0.1088,HIRE
8227,4971,2023-05-29,2024-10-01,USD,1283214,0.0097,HIRE
8228,4971,2024-10-02,,INR,1202403,0.0003,ADJUSTMENT
8229,4972,2024-02-19,2024-10-20,USD,347489,0.16,PROMOTION
8230,4972,2024-10-21,,USD,580799,0.1369,HIRE
8231,4973,2016-01-31,,INR,2190236,0.0496,HIRE
8232,4974,2022-06-18,,USD,1104809,0.0997,MERIT
8233,4975,2021-05-13,2023-09-29,USD,1142582,0.1588,HIRE
8234,4975,2023-09-30,,USD,1042531,0.1406,MERIT
8235,4976,2024-09-23,,INR,4914020,0.024,MERIT
8236,4977,2023-10-09,2024-04-18,INR,5946536,0.1418,HIRE
8237,4977,2024-04-19,,USD,5919419,0.0928,MERIT
8238,4978,2024-08-10,2024-08-24,INR,4269053,0.1588,ADJUSTMENT
8239,4978,2024-08-25,2025-05-31,INR,3315518,0.1165,PROMOTION
8240,4978,2025-06-01,,INR,3616877,0.087,HIRE
8241,4979,2025-01-20,2025-05-14,USD,672208,0.1525,MERIT
8242,4979,2025-05-15,,USD,702458,0.0782,PROMOTION
8243,4980,2023-01-10,2025-03-23,INR,648408,0.0103,PROMOTION
8244,4980,2025-03-24,,INR,762369,0.0224,MERIT
8245,4981,2021-06-17,,USD,1484366,0.081,PROMOTION
8246,4982,2025-05-21,,USD,6239564,0.0341,MERIT
8247,4983,2023-05-06,2024-03-06,INR,1071128,0.0211,MERIT
8248,4983,2024-03-07,,INR,1001138,0.1607,ADJUSTMENT
8249,4984,2023-08-25,,USD,354172,0.1972,ADJUSTMENT
8250,4985,2019-03-16,,USD,2586202,0.0756,ADJUSTMENT
8251,4986,2023-09-19,2025-08-04,INR,715851,0.0921,PROMOTION
8252,4986,2025-08-05,,USD,839933,0.1025,MERIT
8253,4987,2018-07-01,2024-06-13,USD,3259966,0.1672,MERIT
8254,4987,2024-06-14,,INR,3241638,0.182,MERIT
8255,4988,2023-07-31,,INR,975234,0.084,ADJUSTMENT
8256,4989,2025-05-03,2025-08-06,INR,2565248,0.0339,PROMOTION
8257,4989,2025-08-07,,INR,3144829,0.1279,HIRE
8258,4990,2024-09-28,2024-12-07,INR,820697,0.0418,PROMOTION
8259,4990,2024-12-08,,INR,897287,0.1842,ADJUSTMENT
8260,4991,2019-06-30,2021-12-11,INR,2185405,0.0805,PROMOTION
8261,4991,2021-12-12,2022-11-27,USD,1461179,0.1658,PROMOTION
8262,4991,2022-11-28,,INR,1673233,0.1637,HIRE
8263,4992,2023-05-20,,INR,1240029,0.1592,MERIT
8264,4993,2023-02-16,,USD,1684350,0.1899,HIRE
8265,4994,2025-05-09,,USD,4893059,0.0976,HIRE
8266,4995,2024-09-06,2024-10-12,INR,4379466,0.1297,PROMOTION
8267,4995,2024-10-13,,INR,4115156,0.1564,HIRE
8268,4996,2021-08-27,,INR,6657183,0.0238,ADJUSTMENT
8269,4997,2024-11-20,,USD,710930,0.0581,HIRE
8270,4998,2021-06-27,2023-09-30,USD,664425,0.186,PROMOTION
8271,4998,2023-10-01,,INR,793588,0.0749,MERIT
8272,4999,2023-11-06,2025-04-15,INR,499494,0.0242,PROMOTION
8273,4999,2025-04-16,2025-07-21,INR,374489,0.073,MERIT
8274,4999,2025-07-22,,INR,496741,0.011,HIRE
8275,5000,2016-12-16,2018-08-25,INR,1126079,0.137,HIRE
8276,5000,2018-08-26,2020-08-08,INR,951094,0.1827,PROMOTION
8277,5000,2020-08-09,,USD,1222756,0.0957,MERIT
